user_name	game_id	mensagem
agurin	21779	rmm
agurin	21779	mre mrrm erm
agurin	21779	erm aksherm cuteerm darkermvest didsomeonesayerm elermtrocute erm erm ermactually ermadin ermdeluxe ermdonalds ermdra ermexplode ermgamba ermgi ermgnite ermgun erminem ermjais ermki ermking ermport ermshield ermsuo german glerm glerm hermris permnis repterm rerm term terminus veryerm waytooerm zermnyas ermbed ermshakey gwerm heserm terminator veljerm caterm chatterm firsttimeermer progoterm toplanerm wideerm
agurin	21779	mmr rmm
agurin	21779	that bard ult was good
agurin	21779	everytime im olaf bard ult is so gr
agurin	21779	cooked
agurin	21779	speed
agurin	21779	thosewhoslow
agurin	21779	mad
agurin	21779	disaster
agurin	21779	ff
agurin	21779	report
agurin	21779	todays score wl
agurin	21779	que grotesco y nauseabundo es el acento polaco
agurin	21779	its fine guys lets flip v at minute
agurin	21779	armor br o
agurin	21779	or
agurin	21779	que se estan jugando
agurin	21779	what does sendo do that other toplaners dont
agurin	21779	lee el titiulo
agurin	21779	report olaf
agurin	21779	when he goes to the grocery to buy milk he returns
agurin	21779	revitalize shield immortal path shield shieldbow akshan passive shen ult yourself wtf
agurin	21779	sendo tetin dejate la liguilla esa de paquetes y hazme un coachin en plata
agurin	21779	is it game or whats the score
agurin	21779	wtf is happening
agurin	21779	playoffs de que
agurin	21779	haha report olaf
agurin	21779	acabo de entrar
agurin	21779	bro spectating
agurin	21779	monka
agurin	21779	lol gl
agurin	21779	isnt sendo an adc main chat or am i mistaken
agurin	21779	panth strong and olaf boosted
agurin	21779	no
agurin	21779	was it worth to send it on bard
agurin	21779	okok mb
agurin	21779	you thinking of slendo
agurin	21779	oh yeah
agurin	21779	gogogo
agurin	21779	ff
agurin	21779	catdespair
agurin	21779	cortisol
agurin	21779	haha
agurin	21779	happy
agurin	21779	ff
agurin	21779	check out my profile using deeplol
agurin	21779	cortisol
agurin	21779	noob
agurin	21779	make sure to subscriberino to my english youtube channel
agurin	21779	suscrbete y apyame de forma completamente gratuita a este canal usando tu twitch prime sendoshy si no sabes como hacerlo pon en el chat
agurin	21779	its joever
agurin	21779	rolled
agurin	21779	fight agaiin
agurin	21779	head over to my partner tx my current setup flex pro with the labx butdont worry even at a lower budget their chairs and desks absolutely deliver
agurin	21779	if he was playing tristana or vayne not jihn would be good
agurin	21779	wp
agurin	21779	nice
agurin	21779	holy nothing burger comp
agurin	21779	letsgo
agurin	21779	red bull nash
agurin	21779	fis would solo them buts this was alright
agurin	21779	o winnable
agurin	21779	nice
agurin	21779	wp
agurin	21779	is hexoptics good on jhin
agurin	21779	lol
agurin	21779	wtf
agurin	21779	isp
agurin	21779	i feel like he needs ldr heren no
agurin	21779	happyd
agurin	21779	happydhappy
agurin	21779	happy
agurin	21779	happy
agurin	21779	avengers
agurin	21779	happydd
agurin	21779	was
agurin	21779	random ms spikes
agurin	21779	we do a little teleporting
agurin	21779	isp
agurin	21779	holy fuck its bad
agurin	21779	paketloss deluxer
agurin	21779	isp
agurin	21779	isp
agurin	21779	bro killed him with fps
agurin	21779	happy
agurin	21779	happy
agurin	21779	only internet can stop my goat
agurin	21779	haha
agurin	21779	geil
agurin	21779	report olaf oomg
agurin	21779	name of the song
agurin	21779	added eye of the tiger by survivor
agurin	21779	twitch os acaba de poner segundos de anuncios reallymad
agurin	21779	dmg
alois_nl	21779	yup dats me caught
alois_nl	21779	consume enough alcohol until you forget
alois_nl	21779	alois has missed cannons in
alois_nl	21779	my boy alois from the ghetto
alois_nl	21779	trust bro you have operas on this is already your and you dont even know it
alois_nl	21779	eat my entire ass
alois_nl	21779	wl winrate
alois_nl	21779	buh ksante guh
alois_nl	21779	also the zaayum copypaste with emojis is my creation gigachad
alois_nl	21779	rubbw
alois_nl	21779	here is the overview of race tracklink
alois_nl	21779	drututt master lp wl alois master lp wl
alois_nl	21779	pogu
alois_nl	21779	freak
alois_nl	21779	gooned
alois_nl	21779	we were togehter for y and lived togehter idk its hard to forget and i also dont want to
alois_nl	21779	out of shits and giggles i got the bloomburrow precons but also got me two self made decks one is ygra and one is sarulf i do realise that sarulf will get me targeted more often than not anyway golgari gotta be my fav colors
alois_nl	21779	i like to think this song was sung by someone stalking another person kekw
alois_nl	21779	i cant goon
alois_nl	21779	weed
alois_nl	21779	ill be buh ing you
alois_nl	21779	here is the overview of race tracklink
alois_nl	21779	drututt master lp wl alois master lp wl
alois_nl	21779	hello chat i was here two days ago and alois was sending in pre game lobby a video of a djset by a skinny blonde girl can someone tell me who she is or what is the name of the video thx in advance piggies love
alois_nl	21779	whats your favorite
alois_nl	21779	ill be buh ing you
alois_nl	21779	huh who on mid
alois_nl	21779	aniqtoohigh
alois_nl	21779	its fine
alois_nl	21779	guh
alois_nl	21779	guh
alois_nl	21779	guh
alois_nl	21779	joanna kuchta iirc
alois_nl	21779	goat
alois_nl	21779	hambuhguh
alois_nl	21779	yes joanna kuchta
alois_nl	21779	also goatr
alois_nl	21779	ill be wuh tching you
alois_nl	21779	stalin on top as well sadge
alois_nl	21779	joanna the queen
alois_nl	21779	huu
alois_nl	21779	ok but why is he refuse to take dmg happy
alois_nl	21779	ambusiing
alois_nl	21779	drututt master lp wl alois master lp wl
alois_nl	21779	here is the overview of race tracklink
alois_nl	21779	this is ksante a champion with hp armor mr champion has unstoppable shield wall hopping abilities has an airborne furthermore the cooldown is only second mana cost is then when he transforms w cooldown is refunded and passive deals true damage and then for armormr the more and more you stack you get cdr you get cdr on your q and the casting speed gets faster and then he has an ad ratio so his w is eeka
alois_nl	21779	king nasir champ
alois_nl	21779	would insta armor pen item make sense here
alois_nl	21779	you got this bruh
alois_nl	21779	this is ksante a champion with hp armor mr champion has unstoppable shield wall hopping abilities has an airborne furthermore the cooldown is only second mana cost is then when he transforms w cooldown is refunded and passive deals true damage and then for armormr the more and more you stack you get cdr you get cdr on your q and the casting speed gets faster and then he has an ad ratio so his w is eeka
alois_nl	21779	this is ksante a champion with hp armor mr champion has unstoppable shield wall hopping abilities has an airborne furthermore the cooldown is only second mana cost is then when he transforms w cooldown is refunded and passive deals true damage and then for armormr the more and more you stack you get cdr you get cdr on your q and the casting speed gets faster and then he has an ad ratio so his w is eeka
alois_nl	21779	why ihaveno sub
alois_nl	21779	this is ksante a champion with hp armor mr champion has unstoppable shield wall hopping abilities has an airborne furthermore the cooldown is only second mana cost is then when he transforms w cooldown is refunded and passive deals true damage and then for armormr the more and more you stack you get cdr you get cdr on your q and the casting speed gets faster and then he has an ad ratio so his w is eeka
alois_nl	21779	frfr
alois_nl	21779	this is ksante a champion with hp armor mr champion has unstoppable shield wall hopping abilities has an airborne furthermore the cooldown is only second mana cost is then when he transforms w cooldown is refunded and passive deals true damage and then for armormr the more and more you stack you get cdr you get cdr on your q and the casting speed gets faster and then he has an ad ratio so his w is eeka
alois_nl	21779	caught the referencce
alois_nl	21779	guys are prime subs working can anybody check
alois_nl	21779	guh buh guh
alois_nl	21779	here is the overview of race tracklink
alois_nl	21779	drututt master lp wl alois master lp wl
alois_nl	21779	guys cmon ksante drops his resistances when he ults hes balanced buh
alois_nl	21779	damn bro is stacked what bracket are we talking abt also golgari is sick ive always wanted to build glissa the traitor as a weird artifact deck rn im running a kozilek eldrazi titans artifact control deck and endrek sahr as a storm b
alois_nl	21779	buh ing
alois_nl	21779	listening
alois_nl	21779	i think the trick to kasnate is to just not press r am i crazy
alois_nl	21779	hesbuh
alois_nl	21779	listening
alois_nl	21779	hesbuh
alois_nl	21779	score
alois_nl	21779	songsadaribbean queen no more love on the run by billy ocean peepolove now
alois_nl	21779	wtf is ksante e dash btw fakest shit in live
alois_nl	21779	sure
alois_nl	21779	feaky
alois_nl	21779	another omega hard game by your teammates
alois_nl	21779	cooked
alois_nl	21779	ksante hp armor mr unstoppablea shield goes over wallshas airbornecooldown is onlysecond too it costs mana
alois_nl	21779	hows master been
alois_nl	21779	lebronjam
alois_nl	21779	feaky
alois_nl	21779	masters
alois_nl	21779	tbh my ex also just broke things of with his ex when our relationship started so i relate to you alois its not healthyn it damaged us too
alois_nl	21779	hella cooked
alois_nl	21779	feaky
alois_nl	21779	donce
alois_nl	21779	staycalm
alois_nl	21779	the easiest way to record and review your game footage insightsggaloisnl
alois_nl	21779	is sheen ever good on riven
alois_nl	21779	done staycalm feaky
azzapp	21779	anyones whos looking for coaching just remember to keep it perpendicular thats all you need
azzapp	21779	hi azzapp
azzapp	21779	sup
azzapp	21779	more games
azzapp	21779	woah
azzapp	21779	jg azzap incoming
azzapp	21779	did he end up beating the fiora player
azzapp	21779	raidd
azzapp	21779	buh
azzapp	21779	shes scared of u
azzapp	21779	azzapperpendicular
azzapp	21779	w alois
azzapp	21779	zap zap
azzapp	21779	zaapzaap
azzapp	21779	goat
azzapp	21779	im spending all my points on music
azzapp	21779	he did
azzapp	21779	w
azzapp	21779	oink
azzapp	21779	d
azzapp	21779	oink oink
azzapp	21779	hallo
azzapp	21779	oink oink
azzapp	21779	buh
azzapp	21779	buh
azzapp	21779	buh
azzapp	21779	welcome piggys
azzapp	21779	w raid
azzapp	21779	buh
azzapp	21779	win loss lp
azzapp	21779	w winning streak
azzapp	21779	lmao
azzapp	21779	holy
azzapp	21779	hell yeah w piggy
azzapp	21779	win loss lp
azzapp	21779	holy
azzapp	21779	holy fk
azzapp	21779	oh no
azzapp	21779	whoa echo
azzapp	21779	reksai or fiddle jungler on enemy team just running roughshod over your team for what the last games now
azzapp	21779	buh
azzapp	21779	holy losers q
azzapp	21779	he already showed haha
azzapp	21779	monka
azzapp	21779	looks like aloiss streak
azzapp	21779	shoe it
azzapp	21779	are we playing as the cursed alfredo no wonder hahasweat
azzapp	21779	do you feel like the ff culture has been better or worse since your last time in korea
azzapp	21779	holy
azzapp	21779	monka
azzapp	21779	ok not looking good luck happy
azzapp	21779	go red my guy
azzapp	21779	cooked
azzapp	21779	ur a legend for still having a smile my goat
azzapp	21779	oof
azzapp	21779	red is good no
azzapp	21779	i cant
azzapp	21779	azzapp needs a hug
azzapp	21779	whats good chat
azzapp	21779	i am a cat not a pig fu madge hesbuh
azzapp	21779	pasta la vista master lp wins to grandmaster lp game
azzapp	21779	ax playing goated
azzapp	21779	korea seems like ukrain ngl
azzapp	21779	holy streak
azzapp	21779	win loss lp
azzapp	21779	ornn top praige
azzapp	21779	fiddle again
azzapp	21779	do u ff in korea or no
azzapp	21779	gn
azzapp	21779	lets go alois chatters i hope you are doing great today because we arent happy we need your energy guys love
azzapp	21779	wtaf
azzapp	21779	oh thats roughy mac toughy
azzapp	21779	w
azzapp	21779	teach alois the positive mental
azzapp	21779	always
azzapp	21779	game already looks better you have engage on your team now not some selfish champs
azzapp	21779	winstreak incomming
azzapp	21779	harvest them up
azzapp	21779	w streamers community
azzapp	21779	its all a joke yup
azzapp	21779	azzapog
azzapp	21779	seems a plan
azzapp	21779	jhin dark harvest pairing
azzapp	21779	azzastacked time
azzapp	21779	w dark harvest thats my liege
azzapp	21779	dark harvest lesgo
azzapp	21779	go hug mr lois for good night
azzapp	21779	azzapush
azzapp	21779	w dark
caedrel	21779	spam it
caedrel	21779	w larps
caedrel	21779	no
caedrel	21779	yes a question its never stupid
caedrel	21779	heh why is caedral a cs costreamer now wuh
caedrel	21779	score is blg al
caedrel	21779	i miss bald caedrel pepehands i miss bald caedrel pepehands
caedrel	21779	no
caedrel	21779	no
caedrel	21779	no
caedrel	21779	nope
caedrel	21779	no
caedrel	21779	toe tal
caedrel	21779	it doesnt
caedrel	21779	no
caedrel	21779	no
caedrel	21779	no
caedrel	21779	lo
caedrel	21779	no
caedrel	21779	no
caedrel	21779	no
caedrel	21779	no
caedrel	21779	no
caedrel	21779	yes
caedrel	21779	no
caedrel	21779	no
caedrel	21779	no
caedrel	21779	no
caedrel	21779	no
caedrel	21779	no
caedrel	21779	no
caedrel	21779	no
caedrel	21779	no
caedrel	21779	no
caedrel	21779	no
caedrel	21779	no
caedrel	21779	no
caedrel	21779	nah
caedrel	21779	no
caedrel	21779	no
caedrel	21779	no
caedrel	21779	no
caedrel	21779	no
caedrel	21779	no
caedrel	21779	no
caedrel	21779	no
caedrel	21779	no
caedrel	21779	no
caedrel	21779	toe tal
caedrel	21779	no
caedrel	21779	sneak
caedrel	21779	no
caedrel	21779	no
caedrel	21779	no
caedrel	21779	no
caedrel	21779	no
caedrel	21779	noo
caedrel	21779	no
caedrel	21779	s
caedrel	21779	nope
caedrel	21779	ggs
caedrel	21779	no
caedrel	21779	no
caedrel	21779	i miss bald caedrel pepehands i miss bald caedrel pepehands i miss bald caedrel pepehands
caedrel	21779	no
caedrel	21779	no
caedrel	21779	placebo kicking ur as
caedrel	21779	is my the rat gonna do more league today
caedrel	21779	no its the sa
caedrel	21779	delulu
caedrel	21779	it kinda does
caedrel	21779	smoke his smoke lule smoke his smoke lule smoke his smoke lule smoke his smoke lule smoke his smoke lule smoke his smoke lule smoke his smoke lule smoke his smoke lule
caedrel	21779	ta
caedrel	21779	toe
caedrel	21779	same
caedrel	21779	i miss bald caedrel pepehands i miss bald caedrel pepehands i miss bald caedrel pepehands
caedrel	21779	good question tho
caedrel	21779	bro u are like k in premier please stop talking just watch love
caedrel	21779	sade
caedrel	21779	cumm
caedrel	21779	faulty observation lule
caedrel	21779	its sec smoke
caedrel	21779	sade
caedrel	21779	they blast them at the end of the smoke
caedrel	21779	sade
caedrel	21779	sade
caedrel	21779	crazy
caedrel	21779	i think no
caedrel	21779	maybe
caedrel	21779	i miss bald caedrel pepehands i miss bald caedrel pepehands
caedrel	21779	not milk sade
caedrel	21779	im gonna come sade
caedrel	21779	raw
caedrel	21779	probably just a placebo since you time it from the he clear time instead of initial start
caedrel	21779	sade
caedrel	21779	yes you re
caedrel	21779	sade
caedrel	21779	ofc
drututt	21779	hes like distant cousin
drututt	21779	hi drut
drututt	21779	fo
drututt	21779	ratir is handless
drututt	21779	ratir
drututt	21779	ratir
drututt	21779	fo
drututt	21779	happy
drututt	21779	ratir
drututt	21779	ratir
drututt	21779	l loss father
drututt	21779	do elden ring race wid alois next
drututt	21779	ratir
drututt	21779	an hour is ok to get used to the game
drututt	21779	elden larp
drututt	21779	he is just a descendant of the golden lineage he isnt a direct descendant of godfrey
drututt	21779	hmmclueless
drututt	21779	it is
drututt	21779	can u play camel please pwease
drututt	21779	game was getting hyped all last year rightfully so and people asked him alot about it so he hates it now
drututt	21779	annie proud
drututt	21779	elden ring race with ratir
drututt	21779	sade
drututt	21779	can you play made in romania just for a bit ahah
drututt	21779	omg
drututt	21779	vlad top incident
drututt	21779	gg
drututt	21779	rumble begging
drututt	21779	boss difficulty varieties from player to player
drututt	21779	that game is kinda interestingin a way how diff ppl struggle on diff bossed
drututt	21779	shaco on team for shaco music
drututt	21779	bee nise
drututt	21779	dont forget the music
drututt	21779	how will we know if its rose or zyx
drututt	21779	what game should i play it
drututt	21779	shaco music and shaco nice
drututt	21779	shacobong fire it up boss
drututt	21779	rose make sure to backseat him hard
drututt	21779	now lets get a rumble pls happy
drututt	21779	better vlad than rumble no
drututt	21779	trol
drututt	21779	where shaco music
drututt	21779	gonna be racing alois for k in korea starting from th of june till th of june spin wheel of punishment every single day balls
drututt	21779	freaky
drututt	21779	hit the nexus not the vlad
drututt	21779	its shame it went like that game is soo good sadge
drututt	21779	vlad is super weak earlytotally just bully him ez win
drututt	21779	where is shaco music
drututt	21779	is this vc a punishment
drututt	21779	how much for melenia
drututt	21779	aids positive so the freak gets it
drututt	21779	shaco music is too low
drututt	21779	complain already gg
drututt	21779	vlad top poroagony
drututt	21779	meow
drututt	21779	holy team comp
drututt	21779	meow
drututt	21779	w
drututt	21779	play the glizzy
drututt	21779	play glizzy pls
drututt	21779	rengar adc
drututt	21779	meow
drututt	21779	whos the foid
drututt	21779	you dont like soul fighter naafiri
drututt	21779	goizzy
drututt	21779	yea game is incredible in my top for sure
drututt	21779	use link for off on your purchase including eu shipping very good very yummy yes please give me money
drututt	21779	but please sad
drututt	21779	dog vs cat
drututt	21779	play with glizzy
drututt	21779	glizzy now
drututt	21779	glizzy
drututt	21779	hesdone
drututt	21779	dog eats him
drututt	21779	speedlaugh chat
drututt	21779	senna rengar bot
drututt	21779	dog vs cat
drututt	21779	wher shaco musika
drututt	21779	is rengar difficult to beat on lane as naafiri
drututt	21779	play glizzy smadge
drututt	21779	khazix and rengar on same team doesheknow
drututt	21779	cat vs dog
drututt	21779	who is that woman or is it some kind of ai
drututt	21779	glizzy or else
drututt	21779	can you kill him incoming
drututt	21779	she is backseating you have to play glizzy
drututt	21779	youre not gonna lose to a rengar top bro
drututt	21779	meow meow
drututt	21779	meow meow hp incoming
drututt	21779	shaco music
drututt	21779	kitty cs princess toppo
drututt	21779	shaco on a team with a shaco music
drututt	21779	what is other game cuz it on my first for sure
keshaeuw	21779	we going diamond today or what
keshaeuw	21779	lp k
keshaeuw	21779	zyzzrave edm zyzzrave edm zyzzrave edm zyzzrave edm zyzzrave edm zyzzrave edm
keshaeuw	21779	megg
keshaeuw	21779	theyre gonna end up riding lime bike into hole in the ground ok
keshaeuw	21779	and the fifth teammember will crash himself on a limebike happy
keshaeuw	21779	disgust
keshaeuw	21779	dg sht thresh
keshaeuw	21779	ing
keshaeuw	21779	you forgot to honor someone
keshaeuw	21779	meggot
keshaeuw	21779	classic meg
keshaeuw	21779	lo
keshaeuw	21779	sayon
keshaeuw	21779	btw lol
keshaeuw	21779	bror jag tar fan studenten imorn vettu ez
keshaeuw	21779	change your shirt man its time
keshaeuw	21779	this is so wholesome
keshaeuw	21779	kesha got a new shirt nowaying
keshaeuw	21779	f win streak
keshaeuw	21779	a b c d e f g h i j k l m n o p q r s t u v w x y z
keshaeuw	21779	helpoo kesha
keshaeuw	21779	change your shirt man its time
keshaeuw	21779	finally some good stream
keshaeuw	21779	so bad cait
keshaeuw	21779	keshaeuw did u play elden ring
keshaeuw	21779	x
keshaeuw	21779	earlier
keshaeuw	21779	whats that red markl on ur cheeck tho
keshaeuw	21779	lo
keshaeuw	21779	lo
keshaeuw	21779	not first of the month
keshaeuw	21779	l
keshaeuw	21779	fhlg
keshaeuw	21779	hkfkh
keshaeuw	21779	a
keshaeuw	21779	fkhglkklhjklghjlkgh
keshaeuw	21779	lo
keshaeuw	21779	aintnoway
keshaeuw	21779	lol
keshaeuw	21779	omnegalul
keshaeuw	21779	lo lo lo lo lo lo lo lo lo lo lo lo lo lo
keshaeuw	21779	hlkj
keshaeuw	21779	lo
keshaeuw	21779	lo
keshaeuw	21779	hljlkjjk
keshaeuw	21779	lmao
keshaeuw	21779	lo
keshaeuw	21779	happyd
keshaeuw	21779	lo
keshaeuw	21779	lo
keshaeuw	21779	lghjlkghjlkg
keshaeuw	21779	lo
keshaeuw	21779	omegalul
keshaeuw	21779	ko
keshaeuw	21779	lmao
keshaeuw	21779	lol
keshaeuw	21779	haha
keshaeuw	21779	lo
keshaeuw	21779	lhgjgkhgljlhgl
keshaeuw	21779	no
keshaeuw	21779	omegalul clap
keshaeuw	21779	lo
keshaeuw	21779	happydd
keshaeuw	21779	lol
keshaeuw	21779	wtf
keshaeuw	21779	lmao
keshaeuw	21779	nahhuhh
keshaeuw	21779	happyd
keshaeuw	21779	lol
keshaeuw	21779	lol
keshaeuw	21779	aintnoway
keshaeuw	21779	lol
keshaeuw	21779	omegalul clap omegalul clap omegalul clap omegalul clap omegalul clap omegalul clap omegalul clap omegalul clap omegalul clap omegalul clap omegalul clap omegalul clap omegalul clap omegalul clap omegalul clap
keshaeuw	21779	hi
keshaeuw	21779	ban incoming for lesbian nunu
keshaeuw	21779	hshshshaha
keshaeuw	21779	aintnoway
keshaeuw	21779	haha
keshaeuw	21779	omegalul clap omegalul clap omegalul clap omegalul clap omegalul clap omegalul clap omegalul clap omegalul clap omegalul clap omegalul clap omegalul clap omegalul clap omegalul clap omegalul clap omegalul clap
keshaeuw	21779	ya
keshaeuw	21779	omegalul clap omegalul clap omegalul clap omegalul clap omegalul clap omegalul clap omegalul clap omegalul clap omegalul clap omegalul clap omegalul clap omegalul clap omegalul clap omegalul clap omegalul clap
keshaeuw	21779	haha
keshaeuw	21779	lol
keshaeuw	21779	aintnoway
keshaeuw	21779	haha
keshaeuw	21779	lmao
keshaeuw	21779	lol
keshaeuw	21779	omegalul clap omegalul clap omegalul clap omegalul clap omegalul clap omegalul clap omegalul clap omegalul clap omegalul clap omegalul clap omegalul clap omegalul clap omegalul clap omegalul clap omegalul clap
keshaeuw	21779	aintnoway nahh
keshaeuw	21779	aintnoway
keshaeuw	21779	haha
keshaeuw	21779	last acc hi
keshaeuw	21779	lo
keshaeuw	21779	wth
lol_nemesis	21779	ai support sadeg
lol_nemesis	21779	yeah you throwing id be mad rn if i was adc
lol_nemesis	21779	theyre good players
lol_nemesis	21779	i recognize the singer
lol_nemesis	21779	cancel letroll
lol_nemesis	21779	happyd
lol_nemesis	21779	happy
lol_nemesis	21779	happy
lol_nemesis	21779	happy
lol_nemesis	21779	tomfoolery
lol_nemesis	21779	happy
lol_nemesis	21779	letroll
lol_nemesis	21779	tomfoolery
lol_nemesis	21779	happy
lol_nemesis	21779	trol
lol_nemesis	21779	happy
lol_nemesis	21779	happy
lol_nemesis	21779	rat happy
lol_nemesis	21779	happy
lol_nemesis	21779	tomfoolery
lol_nemesis	21779	tomfoolery
lol_nemesis	21779	happy
lol_nemesis	21779	happy ffzw
lol_nemesis	21779	happy
lol_nemesis	21779	tf
lol_nemesis	21779	happy
lol_nemesis	21779	happy
lol_nemesis	21779	happy
lol_nemesis	21779	timfooler
lol_nemesis	21779	letroll
lol_nemesis	21779	rat happy
lol_nemesis	21779	happy
lol_nemesis	21779	happy
lol_nemesis	21779	happy
lol_nemesis	21779	happy
lol_nemesis	21779	by tv is dying
lol_nemesis	21779	pfft
lol_nemesis	21779	tf
lol_nemesis	21779	my
lol_nemesis	21779	lmaoo
lol_nemesis	21779	aegimariam lo
lol_nemesis	21779	tomfoolery
lol_nemesis	21779	oh hell nah
lol_nemesis	21779	my tv wont work
lol_nemesis	21779	sade
lol_nemesis	21779	bullshit program
lol_nemesis	21779	hi
lol_nemesis	21779	why is e sad sade
lol_nemesis	21779	ok
lol_nemesis	21779	classic
lol_nemesis	21779	tims tomfoolery timfooler mhm
lol_nemesis	21779	its joever
lol_nemesis	21779	are you using the old or new one
lol_nemesis	21779	no letroll
lol_nemesis	21779	randomguylul new one
lol_nemesis	21779	no e in zuh
lol_nemesis	21779	tomfoolery timfooler
lol_nemesis	21779	top dive kinda
lol_nemesis	21779	restart ur tab
lol_nemesis	21779	let me refresh
lol_nemesis	21779	fk ur
lol_nemesis	21779	stop ulting
lol_nemesis	21779	fk this
lol_nemesis	21779	eu chzzk bo finals
lol_nemesis	21779	wl
lol_nemesis	21779	refresh no space frfr
lol_nemesis	21779	huni forbidden recall
lol_nemesis	21779	tomfoolery
lol_nemesis	21779	nemessi
lol_nemesis	21779	ok here we are
lol_nemesis	21779	tomfoolery
lol_nemesis	21779	nemessi with the dodges
lol_nemesis	21779	buh
lol_nemesis	21779	baussi
lol_nemesis	21779	the new tv is buggy af i reenabled the old one and now it works perfectly
lol_nemesis	21779	monka
lol_nemesis	21779	imbee
lol_nemesis	21779	monka
lol_nemesis	21779	randomguylul aware
lol_nemesis	21779	based
lol_nemesis	21779	zilean masterclass
lol_nemesis	21779	we shilling
lol_nemesis	21779	ionians alrdy
lol_nemesis	21779	welp
lol_nemesis	21779	cant killean the zilean
lol_nemesis	21779	chat is this the game
lol_nemesis	21779	u should be able to type refresh for tv btw
lol_nemesis	21779	full build pogg
lol_nemesis	21779	cluegi
lol_nemesis	21779	eu chzzk bo finals
lol_nemesis	21779	wl
lol_nemesis	21779	sourin game
lol_nemesis	21779	havent seen zilean in awhile he scales pretty well still right
lol_nemesis	21779	oh
lol_nemesis	21779	doesheknow
mooda	21779	ass
mooda	21779	whens jynxzi tournament
mooda	21779	cheer l ungrateful
mooda	21779	rt
mooda	21779	mooda tell me why you deserve a sub and ill gift
mooda	21779	bang
mooda	21779	moodas getting cent while cinna js got gifted from calling mooda
mooda	21779	mooda bunnii is in the tourney and not you saj
mooda	21779	does anyone know when jynxzi tournament is
mooda	21779	bang
mooda	21779	cheer not even a thank you wow
mooda	21779	u need to learn when to roam u never roam as mid player why
mooda	21779	st
mooda	21779	mooda nobody loves us except our moms bro be strong
mooda	21779	uuh
mooda	21779	mooda tell me why you deserve a sub and ill gift
mooda	21779	alr thx
mooda	21779	ive been having a really bad day and when i saw you were live my day got way worse
mooda	21779	pfft
mooda	21779	happyd
mooda	21779	lol
mooda	21779	aga
mooda	21779	mija
mooda	21779	uh
mooda	21779	pfft
mooda	21779	ww r
mooda	21779	mija bro
mooda	21779	uuh
mooda	21779	ur him bro
mooda	21779	tardtard
mooda	21779	lol
mooda	21779	eww
mooda	21779	bro
mooda	21779	pfft
mooda	21779	son
mooda	21779	greed
mooda	21779	brother
mooda	21779	mijo
mooda	21779	lo
mooda	21779	sob
mooda	21779	lol
mooda	21779	nice one retard
mooda	21779	son
mooda	21779	ur actually braindead
mooda	21779	terrorist
mooda	21779	pfft
mooda	21779	son
mooda	21779	lol
mooda	21779	nice
mooda	21779	ass
mooda	21779	lol
mooda	21779	mooda u are a tard
mooda	21779	greedy
mooda	21779	bro
mooda	21779	u need to learn when to roam u never roam as mid player why
mooda	21779	asz
mooda	21779	showlove i mean wow
mooda	21779	your a peice of shit ngl
mooda	21779	mooda tell me why you deserve a sub and ill gift
mooda	21779	chosen one gameplay
mooda	21779	bomber
mooda	21779	ass
mooda	21779	ll drinking beer haram
mooda	21779	wow ur shit at this mooda
mooda	21779	ll alcoholic
mooda	21779	just be better
mooda	21779	u need to learn when to roam u never roam as mid player why mooda
mooda	21779	ive been having a really bad day and when i saw you were live my day got way worse
mooda	21779	cheer l ungrateful
mooda	21779	u couldve e q bait the jump then r
mooda	21779	ego classic
mooda	21779	well not anymorre
mooda	21779	its fine we all make mistakes aga
mooda	21779	rt
mooda	21779	you are fcking terrible mood
mooda	21779	u deserve all the hate
mooda	21779	if you wanna just ult wait till hes near wall so he cant dodge
mooda	21779	u need to learn when to roam u never roam as mid player why
mooda	21779	sob
mooda	21779	lol
mooda	21779	rt
mooda	21779	rt
mooda	21779	rt
mooda	21779	rt
mooda	21779	lol
mooda	21779	watch cinna
mooda	21779	rt
mooda	21779	rt
mooda	21779	not officially diagnosed yet
mooda	21779	you are terrible
mooda	21779	rt
mooda	21779	bro when he do his e so you can pushh
mooda	21779	cheer hello
nickich	21779	hows the climb going
nickich	21779	lol
nickich	21779	lo
nickich	21779	lo
nickich	21779	nick are you routing for croatia against stinking england
nickich	21779	in lithuania there is now an app
nickich	21779	routing dentge
nickich	21779	bro i got bombarded with ads during the water break
nickich	21779	croatia in sob
nickich	21779	stop using so many ws until chapter ur perma oom everygame
nickich	21779	can you give up this mid arc ur so buns
nickich	21779	yo nick havent had the chance to follow the stream lately i hope you had fun in europe gl with your midlane challenge peepoblush love from italy
nickich	21779	frfr
nickich	21779	game is gone
nickich	21779	catpls
nickich	21779	sob ll italy
nickich	21779	previously a challenger support main a former superstar jungler now an aspiring challenger mid laner
nickich	21779	speedsmile
nickich	21779	its coming home this time frfr tired
nickich	21779	my local pub is giving out free drinks on italys game days ww
nickich	21779	eune midlane climb we will be there
nickich	21779	we getting blasted
nickich	21779	go italy rent a calm luh vespa
nickich	21779	son
nickich	21779	whatt
nickich	21779	son
nickich	21779	hmm
nickich	21779	lo
nickich	21779	son
nickich	21779	lo
nickich	21779	son
nickich	21779	mijo
nickich	21779	oof
nickich	21779	mijo
nickich	21779	yikes deluxify
nickich	21779	my fucking streamer man
nickich	21779	ah hell nah
nickich	21779	canca patient
nickich	21779	degloved
nickich	21779	what are you doing
nickich	21779	degloved
nickich	21779	she kinda boiled u king
nickich	21779	mijo
nickich	21779	gulp
nickich	21779	maybe stay over in na sonion
nickich	21779	son we need to fucking boil you brother aint gonna lie
nickich	21779	yikes deluxify
nickich	21779	sob
nickich	21779	mods clip that
nickich	21779	haha and you guys watch this waisting your time on this
nickich	21779	lmfao
nickich	21779	adajkdjkajkjd
nickich	21779	we would like to welcome streamer nickich to the south african soccer starting roster
nickich	21779	i will touch you
nickich	21779	lol
nickich	21779	come to serbia bro play league from here
nickich	21779	you can touch my dick only if i let you do that
nickich	21779	i turned on your stream after half match they fried me wanted you muted sob
nickich	21779	flossing
nickich	21779	he has my permission hes good
nickich	21779	another clm assist ahh game
nickich	21779	i think he deliberately missed r to make us laugh and have fun glaze drake
nickich	21779	hat indoors you balding unc mijo
nickich	21779	who goin further canada or us
nickich	21779	speedsmile
nickich	21779	son
nickich	21779	son
nickich	21779	son
nickich	21779	tired
nickich	21779	son
nickich	21779	speedsmile
nickich	21779	you miss all the shots u dont take its aight
nickich	21779	nah bro im out cant watch this garbage stream bye
nickich	21779	ngl u sound european as hell at least the belgoat viewers can be funny sometimes try again next week
nickich	21779	omgbruh
nickich	21779	back to basics orianna on aram mayhem
nickich	21779	yo big ich why are you playing orianna this champ is just not meant for your frontal lobe
nickich	21779	common ww
nickich	21779	ww
nickich	21779	ww
nickich	21779	ww
nickich	21779	chat did he hit diamond
nickich	21779	whats up in albania
nickich	21779	she dont know you
nickich	21779	can u ban me like weeks aswell
nickich	21779	we are few games off chall
nickich	21779	the break is over o
nickich	21779	anton
nickich	21779	gliding
nickich	21779	no you must watch nickichs akali until your eyes bleed waga
nickich	21779	lmfao
nickich	21779	ratirlglider
nickich	21779	nick has missed another cannon missed cannons
thebausffs	21779	carrypov
thebausffs	21779	go babus u can win this it doenst master if u have to play vs
thebausffs	21779	hesbuh
thebausffs	21779	you dont think its winnable
thebausffs	21779	big d energy
thebausffs	21779	wrong usage
thebausffs	21779	its winnable kirkendaciously
thebausffs	21779	t
thebausffs	21779	bossman baus kasante lucian synergy
thebausffs	21779	xqcl happy
thebausffs	21779	check out my youtube borpaspin
thebausffs	21779	unhappy
thebausffs	21779	my guess is its called in love with an alien
thebausffs	21779	happy
thebausffs	21779	mins per death thats crazy good
thebausffs	21779	happy
thebausffs	21779	happy
thebausffs	21779	stfu allanr
thebausffs	21779	whos t hat
thebausffs	21779	happy
thebausffs	21779	happy
thebausffs	21779	xgg
thebausffs	21779	pain
thebausffs	21779	xqcl
thebausffs	21779	pointless
thebausffs	21779	happy
thebausffs	21779	bruh is he saying im in love with the hairiest
thebausffs	21779	never ff angre
thebausffs	21779	happy
thebausffs	21779	thebaus ff s lule
thebausffs	21779	happy
thebausffs	21779	happy
thebausffs	21779	pointless
thebausffs	21779	happy
thebausffs	21779	message deleted by a moderator
thebausffs	21779	happy
thebausffs	21779	ff every game
thebausffs	21779	xqcl
thebausffs	21779	happy
thebausffs	21779	bluealiendance bluealiendance bluealiendance bluealiendance
thebausffs	21779	dd
thebausffs	21779	happy
thebausffs	21779	happy
thebausffs	21779	v
thebausffs	21779	happyd
thebausffs	21779	ur winning this somehow
thebausffs	21779	happy
thebausffs	21779	dd
thebausffs	21779	im in love with an alienfell in love with a ryze
thebausffs	21779	happy
thebausffs	21779	ban all cereal viewers angrier
thebausffs	21779	happy
thebausffs	21779	happy
thebausffs	21779	happy
thebausffs	21779	message deleted by a moderator
thebausffs	21779	alien
thebausffs	21779	happy
thebausffs	21779	happy
thebausffs	21779	dd
thebausffs	21779	au of the last chatters timed out
thebausffs	21779	damn cant do anything right
thebausffs	21779	poor lucian
thebausffs	21779	dont ffg wait lord domenick
thebausffs	21779	firsttimeclassic
thebausffs	21779	happying happying happying happying happying happying happying happying happying happying happying happying happying happying happying happying happying happying happying happying happying happying happying happying happying happying happying happying happying happying
thebausffs	21779	happy
thebausffs	21779	happy
thebausffs	21779	thebaus ff s lule
thebausffs	21779	uuh why is everyone getting deleted
thebausffs	21779	overworking
thebausffs	21779	happy
thebausffs	21779	dansi
thebausffs	21779	dansi
thebausffs	21779	happy
thebausffs	21779	paidchatter
thebausffs	21779	sometimes the villain wins toplane
thebausffs	21779	has been permanently banned
thebausffs	21779	duckdisco
thebausffs	21779	residentsleeper residentsleeper
thebausffs	21779	happy
thebausffs	21779	message deleted by a moderator
thebausffs	21779	makes more sense mhm
thebausffs	21779	happy
thebausffs	21779	happy
thebausffs	21779	ban all cereal viewers angrier
thebausffs	21779	happy
thebausffs	21779	dxx
thebausffs	21779	happy
thebausffs	21779	i wanna see evil baus gameplay
thebausffs	21779	v
thebausffs	21779	type happy d get banned but int the game nothing lule
thebausffs	21779	happy
thebausffs	21779	he looks so happy im glad you enjoy this game
thebausffs	21779	band
thebausffs	21779	why is ex dee banned
thebausffs	21779	rat infestation lo
ashswag	27471	use robux to grow instantly
ashswag	27471	noway
ashswag	27471	lmao
ashswag	27471	lmao
ashswag	27471	lmao
ashswag	27471	lmao
ashswag	27471	ome
ashswag	27471	lmao
ashswag	27471	lmao
ashswag	27471	lmao
ashswag	27471	lmao
ashswag	27471	om
ashswag	27471	only a hug stop lowballing
ashswag	27471	lmao
ashswag	27471	lmao
ashswag	27471	ome
ashswag	27471	lmao
ashswag	27471	this is gonna work
ashswag	27471	lifesteal world is a week lifesteal event taking place from th to th of june the event includes regular lifesteal members and over guests that were announced on lifesteals twitter
ashswag	27471	holy reaction
ashswag	27471	ashswags pay win
ashswag	27471	loll
ashswag	27471	lmfao
ashswag	27471	lol
ashswag	27471	lol
ashswag	27471	lol
ashswag	27471	pood
ashswag	27471	lol
ashswag	27471	lmfao
ashswag	27471	lmao
ashswag	27471	lmao
ashswag	27471	lol
ashswag	27471	lmao
ashswag	27471	um
ashswag	27471	lol
ashswag	27471	lol
ashswag	27471	lmao
ashswag	27471	this guy bro
ashswag	27471	redoons got mace
ashswag	27471	lol
ashswag	27471	lmao
ashswag	27471	lmao
ashswag	27471	lmaoo
ashswag	27471	lmao
ashswag	27471	bread works to
ashswag	27471	w
ashswag	27471	lmao
ashswag	27471	lmao
ashswag	27471	lmaoo
ashswag	27471	holy pay to win lmao
ashswag	27471	w
ashswag	27471	lol
ashswag	27471	lmao
ashswag	27471	ww
ashswag	27471	lmao
ashswag	27471	lmao
ashswag	27471	w
ashswag	27471	lmao
ashswag	27471	lmao
ashswag	27471	lmao
ashswag	27471	they need therapy lmao
ashswag	27471	lol
ashswag	27471	there has to be more beds than villagers too i think if i recall
ashswag	27471	lol
ashswag	27471	need the frog portal maybe
ashswag	27471	bro
ashswag	27471	oh
ashswag	27471	they do
ashswag	27471	even if u do know shit about minecraft dont try to give advice
ashswag	27471	yeah they dont
ashswag	27471	thats not true
ashswag	27471	what are you on about
ashswag	27471	bro is trolling
ashswag	27471	smh
ashswag	27471	pretty sure its a myth
ashswag	27471	who is ash talking to
ashswag	27471	smh
ashswag	27471	haha
ashswag	27471	imfrying
ashswag	27471	i mean i dont wanna see them do it
ashswag	27471	lol
ashswag	27471	lol
ashswag	27471	banger song
ashswag	27471	no she probably needs more bed
ashswag	27471	withmayx
ashswag	27471	gotcaughttrolling
ashswag	27471	lol
ashswag	27471	icant
ashswag	27471	lol
ashswag	27471	lol
ashswag	27471	lmao
ashswag	27471	lmao
ashswag	27471	lol
ashswag	27471	lmao
ashswag	27471	i feel like half of the server needs therapy
boosfer	27471	so close
boosfer	27471	if you say that i would get curious gigglecat
boosfer	27471	tach
boosfer	27471	im missing so much
boosfer	27471	ty and hii tan loved
boosfer	27471	br
boosfer	27471	lol
boosfer	27471	br
boosfer	27471	boosfergiggle better stay like that
boosfer	27471	br
boosfer	27471	snakezy dropped and so does the a few top players
boosfer	27471	hi catkiss
boosfer	27471	hai mint gwaga
boosfer	27471	minty hai haii catkiss gwaga
boosfer	27471	hai vani kissu
boosfer	27471	lovey
boosfer	27471	you what
boosfer	27471	bleh aight cute
boosfer	27471	hai yeon lovey lovey
boosfer	27471	bonk tupid
boosfer	27471	we listen and we judge
boosfer	27471	bleh
boosfer	27471	chat i still cant find my stylus i want to draww
boosfer	27471	bleh
boosfer	27471	w
boosfer	27471	exactly
boosfer	27471	boosferwave boosferwave
boosfer	27471	w
boosfer	27471	o snakezy not feeling the sneaky rn feaky
boosfer	27471	bleh
boosfer	27471	bleh
boosfer	27471	therethere
boosfer	27471	finger drawing time sady
boosfer	27471	hii choco
boosfer	27471	sorry i ate it
boosfer	27471	therethere
boosfer	27471	smirk
boosfer	27471	o still sady time to clean your room smirk
boosfer	27471	or toes smirk
boosfer	27471	my fingers hurt sadd
boosfer	27471	pat pat
boosfer	27471	smirk
boosfer	27471	i looked everywhere
boosfer	27471	using a cotton bud trust
boosfer	27471	m maleniatoes drool
boosfer	27471	draftout stats for boosfer elo rank guardian i peak elo record w l forfeits
boosfer	27471	im gonna go insane
boosfer	27471	dont look just clean and you shall be rewarded
boosfer	27471	sady gws fingers
boosfer	27471	echolocate idk
boosfer	27471	i love imitating whatever chat is saying even though im on phone and cant see any emote aga bleh
boosfer	27471	eating rn be back later
boosfer	27471	thanks for lurking choc_cookis
boosfer	27471	check hippo they might ate it
boosfer	27471	nod
boosfer	27471	bet
boosfer	27471	monkeypat
boosfer	27471	hello chat
boosfer	27471	aga
boosfer	27471	enjoy ur meal gwaga
boosfer	27471	smirk
boosfer	27471	lol same but im on laptop and my tv isnt working
boosfer	27471	hai gwaga
boosfer	27471	nom
boosfer	27471	ill got some waffles ima go harf em down
boosfer	27471	nom well
boosfer	27471	boosfergiggle
boosfer	27471	its and i cant sleep
boosfer	27471	ok
boosfer	27471	yum waffles
boosfer	27471	w nom well
boosfer	27471	me ever since i started watching gwaga
boosfer	27471	nom nom
boosfer	27471	nom
boosfer	27471	nom well
boosfer	27471	me too gwaga waga aga
boosfer	27471	welcome back ssd_
boosfer	27471	ggs
boosfer	27471	nom
boosfer	27471	nom
boosfer	27471	same lol
boosfer	27471	nom
boosfer	27471	nom
boosfer	27471	nom
boosfer	27471	nom
boosfer	27471	nod
boosfer	27471	thanks for lurking ssd_
boosfer	27471	smrt
boosfer	27471	nom
boosfer	27471	catmunch
boosfer	27471	ok
boosfer	27471	there
boosfer	27471	cya chat
boosfer	27471	smirk
boosfer	27471	o
boosfer	27471	gl
conix	27471	banger
conix	27471	banger
conix	27471	ome
conix	27471	who says bcs is better than bb does not know ball btw
conix	27471	ome
conix	27471	banger
conix	27471	let it happen tame impala
conix	27471	banger
conix	27471	ome
conix	27471	rt
conix	27471	yo coopers next extreme is delta interfaace
conix	27471	bravo conix
conix	27471	do u like cop shows
conix	27471	he die jumper
conix	27471	banger
conix	27471	ome
conix	27471	ome
conix	27471	rt
conix	27471	thanks
conix	27471	play revenge by xtentacion
conix	27471	ome
conix	27471	mythical banger
conix	27471	go
conix	27471	sammejam sammejam sammejam sammeahh
conix	27471	i couldnt finish better caul saul cause season was too boring
conix	27471	clubstep
conix	27471	the command has been updated successfully
conix	27471	conix do u think bcs is better than bb
conix	27471	aga
conix	27471	vinland saga
conix	27471	vinland saga
conix	27471	hi conix
conix	27471	vinland saga
conix	27471	vinland saga
conix	27471	im watching it rn
conix	27471	vinland saga
conix	27471	fast and furious
conix	27471	conix do u think bcs is better than bb d
conix	27471	missed u
conix	27471	attack on tittan
conix	27471	thanks
conix	27471	better cauliflower saul
conix	27471	play song revenge by x
conix	27471	conix do u think bcs is better than bb
conix	27471	akira
conix	27471	what happened in the olympics
conix	27471	hi i was watching on youtube thought i popped in on the twitch love
conix	27471	hm
conix	27471	ohh
conix	27471	conix do u think bcs is better than bb
conix	27471	that
conix	27471	clubstep
conix	27471	yeye ofc
conix	27471	code geass o
conix	27471	paly song revenge by x
conix	27471	no
conix	27471	i mean my friend glazes it
conix	27471	its alright
conix	27471	gotta be the best anime
conix	27471	same here
conix	27471	wtf is that
conix	27471	overrated
conix	27471	ome
conix	27471	true
conix	27471	no genuinely why does his pulse rise by when hes not playing
conix	27471	cadetcatdance cadetcatdance cadetcatdance
conix	27471	how does code geass and vinland saga have anthing to do with eachother
conix	27471	straight cheeks
conix	27471	overrated but good
conix	27471	i don like anime lowk
conix	27471	watch jojos lowk
conix	27471	play no party rock
conix	27471	conix do u think bcs is better than bb
conix	27471	play the collab song
conix	27471	goonix
conix	27471	overrated but its decent ig
conix	27471	william whats your opinion on the backrooms movie
conix	27471	play revenge by xtentacion
conix	27471	like how relacing is this game to him
conix	27471	skip
conix	27471	kinda like you
conix	27471	cadetspnk cadetcumb cadetber
conix	27471	ome
conix	27471	we love u
conix	27471	lol
conix	27471	face screaming in fear
conix	27471	face screaming in fear
conix	27471	i forgot about the sticker
conix	27471	w sticker
conix	27471	holy username
conix	27471	guys should i watch obsession
conix	27471	face screaming in fear
conix	27471	face screaming in fear
conix	27471	play the collab song
conix	27471	yo i just tuned in why tf does it say you have been live for hours
conix	27471	conix i love you keep up tge w streams
feinberg	27471	lolw
feinberg	27471	lolw
feinberg	27471	lolw
feinberg	27471	ome
feinberg	27471	knowledge diff
feinberg	27471	hey marie
feinberg	27471	prelolw
feinberg	27471	lol
feinberg	27471	they got a hint
feinberg	27471	mods wdr this guy
feinberg	27471	walteryay
feinberg	27471	gl
feinberg	27471	circus wheel yeah buddy ur just lying
feinberg	27471	cheater
feinberg	27471	w marin
feinberg	27471	huge
feinberg	27471	lockin
feinberg	27471	feinbergs stats since stream start elo record w l d
feinberg	27471	boom
feinberg	27471	bang
feinberg	27471	they probably know the word list
feinberg	27471	allergic to losing
feinberg	27471	i wasnt cheating man
feinberg	27471	thats a chatter prelolw
feinberg	27471	cheating in guess the build lolw
feinberg	27471	promise
feinberg	27471	ur done buddy
feinberg	27471	i dont think sakes a cheater
feinberg	27471	damn i got rd like a goat
feinberg	27471	kappa
feinberg	27471	that did look like a ferris wheel to be fair
feinberg	27471	yeah we believe you buddy
feinberg	27471	youre on thin ice sake
feinberg	27471	your a chatter uh i mean cheater
feinberg	27471	wtf
feinberg	27471	i found a mansion and in the same game a wandering trader spawned on me with tulip trade for weakness
feinberg	27471	catjam
feinberg	27471	its not that hard to guess with just letters
feinberg	27471	no tf it didnt
feinberg	27471	cute
feinberg	27471	letters were revealed sad
feinberg	27471	new strat surely is just forcing server crash everytime youre down on goals no
feinberg	27471	what the fuck was that tomato town guess prelolw
feinberg	27471	trueing
feinberg	27471	idk it was red
feinberg	27471	some guy with a letter username crashed the server lol
feinberg	27471	ome
feinberg	27471	chatter is suspiciously close to the word cheater coincidence i think not
feinberg	27471	its problematicparagons fault
feinberg	27471	lolw
feinberg	27471	lolw
feinberg	27471	ome
feinberg	27471	ome
feinberg	27471	lolw
feinberg	27471	ome
feinberg	27471	lmao
feinberg	27471	ome
feinberg	27471	ome
feinberg	27471	ome
feinberg	27471	ome
feinberg	27471	wha
feinberg	27471	ome
feinberg	27471	lol
feinberg	27471	ome
feinberg	27471	ome
feinberg	27471	ome
feinberg	27471	ome
feinberg	27471	ome
feinberg	27471	lolw
feinberg	27471	ome
feinberg	27471	lolw
feinberg	27471	ome
feinberg	27471	ome
feinberg	27471	ome
feinberg	27471	lolw
feinberg	27471	ome
feinberg	27471	ome
feinberg	27471	lolw
feinberg	27471	ome
feinberg	27471	classic
feinberg	27471	lmao
feinberg	27471	lol
feinberg	27471	he was streaming it in vc ome
feinberg	27471	w coding
feinberg	27471	feinberg with his letter username alt
feinberg	27471	lmao wt
feinberg	27471	w memory allocation
feinberg	27471	name to chonky
feinberg	27471	thats crazy af
feinberg	27471	lol
feinberg	27471	poor guy
feinberg	27471	prelolw
feinberg	27471	skill issue
feinberg	27471	what
feinberg	27471	sorry for that
feinberg	27471	w vide coding
feinberg	27471	a guy yeah we all know it was your alt so that you didnt lose that game
feinberg	27471	gotta shorten that username
flowtives	27471	evbo doesnt rlly know how to sheild tho
flowtives	27471	evbo might not be d tier in money cant lie
flowtives	27471	hes ht in sword but he cant use his shield
flowtives	27471	check for a teap undsr the areana
flowtives	27471	unc putting belt
flowtives	27471	is this the battle of champions
flowtives	27471	watch minutes of a participating channel when the streamer is live and streaming within the minecraft category find your earned rewards by visiting your drops inventory
flowtives	27471	what team is evbo on
flowtives	27471	i love yalls name
flowtives	27471	evbo got this
flowtives	27471	who has the neth chestplate
flowtives	27471	go on unc
flowtives	27471	go uncle
flowtives	27471	unc putting bta lwk
flowtives	27471	unc twirps
flowtives	27471	oh
flowtives	27471	does anyone know german
flowtives	27471	holy bel
flowtives	27471	english only please refrain from spamming bringing up drama politics or view count do not advertise ask for subs or talk about other streamers follow twitch etiquette and tos do not share personal information such as age or location refrain from using fonts and bypassing blocked terms no streamsniping or spoiling mods are allowed to moderate for things not listed to keep chat safe and clean please be respectful and enjoy
flowtives	27471	uncle is doing us proud
flowtives	27471	go unc
flowtives	27471	get him uncle
flowtives	27471	lets go unc
flowtives	27471	not me
flowtives	27471	go unc
flowtives	27471	unc needs to headweb him and it over
flowtives	27471	holy bro uncle is winning
flowtives	27471	who has the netherite chestplate
flowtives	27471	i have exams i need help
flowtives	27471	lol
flowtives	27471	gowan uncle
flowtives	27471	unc
flowtives	27471	ay v
flowtives	27471	gotta love cheerleader flow
flowtives	27471	unc cooking ngl
flowtives	27471	bro mobs
flowtives	27471	yo
flowtives	27471	unc dont throw
flowtives	27471	uncle kinda giving bta rn
flowtives	27471	i had to do stuff did he give hearts
flowtives	27471	holy combo
flowtives	27471	bta
flowtives	27471	yes
flowtives	27471	thx
flowtives	27471	uncle cooking
flowtives	27471	where are these zombies coming from
flowtives	27471	uncle locked in
flowtives	27471	w coms
flowtives	27471	unc
flowtives	27471	he just gave to sb
flowtives	27471	uncle for ht sword
flowtives	27471	go unc
flowtives	27471	w
flowtives	27471	unc giving belt
flowtives	27471	w unc
flowtives	27471	someones releasing these zombies surely
flowtives	27471	noo rip
flowtives	27471	no
flowtives	27471	no
flowtives	27471	bro
flowtives	27471	no
flowtives	27471	omgg
flowtives	27471	no
flowtives	27471	no
flowtives	27471	gg
flowtives	27471	no
flowtives	27471	f
flowtives	27471	oh
flowtives	27471	no
flowtives	27471	ucnccle nno
flowtives	27471	uncle
flowtives	27471	no
flowtives	27471	no nt
flowtives	27471	nno
flowtives	27471	no
flowtives	27471	no
flowtives	27471	no
flowtives	27471	unc
flowtives	27471	f
flowtives	27471	no
flowtives	27471	no
flowtives	27471	noo
flowtives	27471	no way unc quick dropped
flowtives	27471	uncle
flowtives	27471	uncle
flowtives	27471	what is that sword
flowtives	27471	uncle
flowtives	27471	no unc
flowtives	27471	i could see that happening dude
flowtives	27471	fuck
flowtives	27471	rip unc
flowtives	27471	oh man
flowtives	27471	uncle is ah
flowtives	27471	overheated
flowtives	27471	no
forsen	27471	forsennugget
forsen	27471	nyanpls
forsen	27471	forsennugget
forsen	27471	nyanpls
forsen	27471	forsenbased
forsen	27471	nyanpls
forsen	27471	nyanpls
forsen	27471	lule
forsen	27471	nyanpls
forsen	27471	the user endures attacks for two turns then strikes back to cause double the damage taken karlkocluetorbing
forsen	27471	nyanpls
forsen	27471	forsensith
forsen	27471	noxwhat
forsen	27471	lule untrained monkey
forsen	27471	monkae
forsen	27471	monkae
forsen	27471	forsenfaint
forsen	27471	monkae
forsen	27471	monkae
forsen	27471	forsenhobo
forsen	27471	nyanpls
forsen	27471	forsennugg
forsen	27471	monkae
forsen	27471	monkae
forsen	27471	monkae
forsen	27471	nyanpls
forsen	27471	monkae
forsen	27471	monkae
forsen	27471	monkae
forsen	27471	monkae
forsen	27471	snea
forsen	27471	forsenfaint
forsen	27471	skinhead lule
forsen	27471	nyanpls
forsen	27471	monkae
forsen	27471	forsennugget
forsen	27471	nyanpls
forsen	27471	forsencd
forsen	27471	forsenscoots
forsen	27471	nyanpls
forsen	27471	forsensith
forsen	27471	nyanpls
forsen	27471	haha
forsen	27471	nyanpls
forsen	27471	the user endures attacks for two turns then strikes back to cause double the damage taken karlkocluetorbing
forsen	27471	monkae horsen
forsen	27471	nyanpls
forsen	27471	boe jiden
forsen	27471	forsennugget
forsen	27471	nyanpls
forsen	27471	pog
forsen	27471	begging for pokemon like a hobo forsenhappy
forsen	27471	monkae
forsen	27471	forsennugget
forsen	27471	nyanpls
forsen	27471	nyanpls
forsen	27471	forsensith
forsen	27471	forsennugget
forsen	27471	noxwhat
forsen	27471	forsensith
forsen	27471	nyanpls
forsen	27471	nyanpls
forsen	27471	nyanpls
forsen	27471	nyanpls
forsen	27471	forsennugget
forsen	27471	nyanpls
forsen	27471	forsensith
forsen	27471	monkae
forsen	27471	monkae
forsen	27471	nyanpls
forsen	27471	nyanpls
forsen	27471	nyanpls
forsen	27471	forsensingingatyou
forsen	27471	sith bajs lule
forsen	27471	the user endures attacks for two turns then strikes back to cause double the damage taken karlkocluetorbing
forsen	27471	nyanpls
forsen	27471	nyanpls
forsen	27471	forsennugget
forsen	27471	nyanpls
forsen	27471	nyanpls
forsen	27471	touched his ball monkaomega
forsen	27471	nyanpls
forsen	27471	nyanpls
forsen	27471	nyanpls
forsen	27471	nyanpls
forsen	27471	forsennugget
forsen	27471	nyanpls
forsen	27471	noxwhat
forsen	27471	nyanpls
forsen	27471	nyanpls
forsen	27471	nyanpls
forsen	27471	pogt
forsen	27471	nyanpls
forsen	27471	nyanpls
forsen	27471	its already ova
forsen	27471	forsennugget
forsen	27471	nyanpls
forsen	27471	nyanpls
forsen	27471	nyanpls
maxggs	27471	lol
maxggs	27471	can we please get a fit check
maxggs	27471	i still watch that shit
maxggs	27471	agahi
maxggs	27471	graf collects rare money
maxggs	27471	agahi max
maxggs	27471	i collect rare coins
maxggs	27471	i love the videos of people manually counting money
maxggs	27471	agahi rachel
maxggs	27471	agahi max
maxggs	27471	agahi max
maxggs	27471	omfg omgbruh
maxggs	27471	how long is this pizza box is going to sit in the office for
maxggs	27471	i watched metal detectors
maxggs	27471	agahi abbi hannah
maxggs	27471	hope core
maxggs	27471	aga pella
maxggs	27471	hi mazz
maxggs	27471	agahi max
maxggs	27471	i used to collect rare p coins i was such a neek
maxggs	27471	agahi aga
maxggs	27471	just assume its the blue sweater always
maxggs	27471	girl wtf
maxggs	27471	agahi max
maxggs	27471	lol
maxggs	27471	agahi lotus
maxggs	27471	mario maker troll levels memories
maxggs	27471	hai max
maxggs	27471	agahi zin
maxggs	27471	yas
maxggs	27471	mario maker peak era was elite
maxggs	27471	those who know annia and elsia
maxggs	27471	life
maxggs	27471	sobb
maxggs	27471	is that whole pizza just for him
maxggs	27471	aw
maxggs	27471	sobb
maxggs	27471	sobb
maxggs	27471	lol
maxggs	27471	sobb
maxggs	27471	sobb
maxggs	27471	sobb
maxggs	27471	sobb
maxggs	27471	sobb
maxggs	27471	sobb
maxggs	27471	holding a dominos box outside pommys actually just a traitor
maxggs	27471	whys jonay grottymaxing
maxggs	27471	sobb
maxggs	27471	sobb
maxggs	27471	catjam
maxggs	27471	loll
maxggs	27471	sobb
maxggs	27471	aww
maxggs	27471	omg i used to love them
maxggs	27471	haha
maxggs	27471	lol
maxggs	27471	martyn its an empty box that has been sitting on his microwave for weeks
maxggs	27471	lmao
maxggs	27471	omegalul
maxggs	27471	omegalul
maxggs	27471	sobb
maxggs	27471	haha
maxggs	27471	lmfaaooao
maxggs	27471	lmfaoaooao
maxggs	27471	omegalul
maxggs	27471	lmao
maxggs	27471	omegalul
maxggs	27471	aw
maxggs	27471	sobb
maxggs	27471	lol
maxggs	27471	lol
maxggs	27471	lol
maxggs	27471	lmoaoaooa
maxggs	27471	sobb
maxggs	27471	aw
maxggs	27471	lol
maxggs	27471	sobb
maxggs	27471	omegalul
maxggs	27471	lmaoaoaoaoaoaa
maxggs	27471	haha
maxggs	27471	omegalul
maxggs	27471	lmao
maxggs	27471	omegalul
maxggs	27471	lmao
maxggs	27471	haha
maxggs	27471	lol
maxggs	27471	lmao
maxggs	27471	sobb
maxggs	27471	lmao
maxggs	27471	lmao
maxggs	27471	lol
maxggs	27471	why is jonnay still carrying the pizza box
maxggs	27471	haha
maxggs	27471	im cyimg
maxggs	27471	lol
maxggs	27471	sobb
maxggs	27471	lol
maxggs	27471	im sobbing
maxggs	27471	lol
maxggs	27471	lol
princezam	27471	hi
princezam	27471	hihi
princezam	27471	finally
princezam	27471	hihihi
princezam	27471	hii everyone
princezam	27471	oh hello the prince zam again
princezam	27471	hi girl
princezam	27471	hi hi hi zam
princezam	27471	hihi
princezam	27471	hi
princezam	27471	wsp
princezam	27471	hi zam
princezam	27471	we are back
princezam	27471	hi
princezam	27471	so excited
princezam	27471	hi
princezam	27471	hii
princezam	27471	wsp
princezam	27471	hi
princezam	27471	hi
princezam	27471	hi
princezam	27471	hello hello hello
princezam	27471	o welcome back
princezam	27471	hihihi
princezam	27471	hi
princezam	27471	hi
princezam	27471	hey
princezam	27471	helloo
princezam	27471	hi
princezam	27471	hii
princezam	27471	hhi
princezam	27471	hi girl
princezam	27471	hi
princezam	27471	hi zam
princezam	27471	hi
princezam	27471	yo
princezam	27471	hii
princezam	27471	we are so back hihihi
princezam	27471	hi
princezam	27471	hihihi
princezam	27471	hii
princezam	27471	your live
princezam	27471	zamo
princezam	27471	helo
princezam	27471	hello
princezam	27471	hi
princezam	27471	hai
princezam	27471	yay
princezam	27471	hi
princezam	27471	hello
princezam	27471	hello
princezam	27471	hii
princezam	27471	yo hi
princezam	27471	zam we so back
princezam	27471	hi
princezam	27471	omg hi
princezam	27471	hi
princezam	27471	hi zamm
princezam	27471	zam
princezam	27471	hello
princezam	27471	lets go we are so back
princezam	27471	hi zamty
princezam	27471	ay hi zam love
princezam	27471	hi
princezam	27471	wo
princezam	27471	yay
princezam	27471	hi
princezam	27471	zam
princezam	27471	hi zamm
princezam	27471	yippee
princezam	27471	helloo
princezam	27471	hi guys
princezam	27471	hi zam
princezam	27471	maths pondering
princezam	27471	wadup
princezam	27471	yoo whas good
princezam	27471	hi zam
princezam	27471	yay
princezam	27471	hi
princezam	27471	hi
princezam	27471	hi
princezam	27471	w gifted
princezam	27471	yay
princezam	27471	hii
princezam	27471	hii
princezam	27471	yippee
princezam	27471	yippee
princezam	27471	hi
princezam	27471	yay
princezam	27471	hii
princezam	27471	heyoo
princezam	27471	yay
princezam	27471	hi zam
princezam	27471	yippee hii
princezam	27471	yay wo yippee
princezam	27471	hi
princezam	27471	we made it
theobaldthebird	27471	saps has a crown onsad
theobaldthebird	27471	is theo making his staff redundant
theobaldthebird	27471	make machines
theobaldthebird	27471	skull
theobaldthebird	27471	bro is the master
theobaldthebird	27471	technically hes killed spongs too
theobaldthebird	27471	did theo actually die to mugm
theobaldthebird	27471	theos paying off those diamonds with this business
theobaldthebird	27471	theobaldthemanager
theobaldthebird	27471	uh oh
theobaldthebird	27471	bigest bird
theobaldthebird	27471	bro dtop yapping
theobaldthebird	27471	do you serve a parrot burger
theobaldthebird	27471	biggest manager
theobaldthebird	27471	he killed lettucek twirps and yungy
theobaldthebird	27471	yh
theobaldthebird	27471	bro is the biggest manager
theobaldthebird	27471	redstone doesnt need to be payed anything
theobaldthebird	27471	theobameme
theobaldthebird	27471	too nice lol
theobaldthebird	27471	get them
theobaldthebird	27471	theobaldthemanager
theobaldthebird	27471	theobameme theobameme
theobaldthebird	27471	theobashrug
theobaldthebird	27471	why was my message about uu delete
theobaldthebird	27471	get em big bird get em
theobaldthebird	27471	where did you hear that
theobaldthebird	27471	lol
theobaldthebird	27471	rats lol
theobaldthebird	27471	lol
theobaldthebird	27471	theo are you samall bird or big bird
theobaldthebird	27471	what is spongs even doing
theobaldthebird	27471	whos gonna carry the boats
theobaldthebird	27471	love that guy
theobaldthebird	27471	m
theobaldthebird	27471	poor sponu
theobaldthebird	27471	lol
theobaldthebird	27471	spongs bro
theobaldthebird	27471	mhm
theobaldthebird	27471	im crying spongs is such a goblin
theobaldthebird	27471	why are my messages being deletedconfusedob
theobaldthebird	27471	who did u killed and where is ur team
theobaldthebird	27471	i feel bad for spongs bro
theobaldthebird	27471	spongs is doing smthing
theobaldthebird	27471	spoken like a true manager
theobaldthebird	27471	spongs just happy to be here
theobaldthebird	27471	do you serve a parrot burger
theobaldthebird	27471	kill him
theobaldthebird	27471	ire has spent secs watching theobaldthebird
theobaldthebird	27471	business with the biggest bird
theobaldthebird	27471	spongs is ragebaiting
theobaldthebird	27471	mcdonalds could never
theobaldthebird	27471	is someone on the tree over there
theobaldthebird	27471	true business man
theobaldthebird	27471	test
theobaldthebird	27471	vote parot
theobaldthebird	27471	vote for parot flashbacks
theobaldthebird	27471	axel_xusky has spent secs watching theobaldthebird
theobaldthebird	27471	parot
theobaldthebird	27471	vote parot
theobaldthebird	27471	relaxolol has spent secs watching theobaldthebird
theobaldthebird	27471	not the vote parot bro
theobaldthebird	27471	im getting flashbacks
theobaldthebird	27471	vote parot ah
theobaldthebird	27471	vote for parot
theobaldthebird	27471	vote for parot
theobaldthebird	27471	vote parot
theobaldthebird	27471	damn lol
theobaldthebird	27471	make parot play lifesteal
theobaldthebird	27471	vote parot
theobaldthebird	27471	what do you think of cookiegog
theobaldthebird	27471	vote parot
theobaldthebird	27471	vote parot
theobaldthebird	27471	vote parot
theobaldthebird	27471	voet for parot
theobaldthebird	27471	theobawhat theobawhat theobawhat theobawhat theobawhat theobawhat theobawhat theobawhat transgenderpride transgenderpride transgenderpride transgenderpride transgenderpride
theobaldthebird	27471	vote parot
theobaldthebird	27471	vote for parrot flashbacks
theobaldthebird	27471	parot flashback
theobaldthebird	27471	oh
theobaldthebird	27471	do you serve a parrot burger
theobaldthebird	27471	pearitx
theobaldthebird	27471	i clipped that one foolish moment btw
theobaldthebird	27471	vote parot
theobaldthebird	27471	lmao
theobaldthebird	27471	lmao
theobaldthebird	27471	lmao
theobaldthebird	27471	kill him boi
theobaldthebird	27471	vote parot
theobaldthebird	27471	lmfao
theobaldthebird	27471	flashback vote parot
xaryu	27471	thats how u made it haha
xaryu	27471	no elp nopers no elp nopers no elp nopers no elp nopers
xaryu	27471	hes looking for his lost camel
xaryu	27471	clueless
xaryu	27471	what if you kill him what then
xaryu	27471	pepelaugh
xaryu	27471	lo
xaryu	27471	lul
xaryu	27471	hm
xaryu	27471	depends tbh
xaryu	27471	you can
xaryu	27471	nopers no spoilers nopers no help nopers no hints nopers no spoilers nopers no help nopers no hints nopers no spoilers nopers no help nopers no hints nopers no spoilers nopers no help nopers no hints nopers no spoilers nopers no help nopers no hints nopers no spoilers nopers no help nopers
xaryu	27471	i mean it was functional
xaryu	27471	zombie exploder will enter too happy
xaryu	27471	push his ass through the portal lol fem
xaryu	27471	lmfao
xaryu	27471	actually building is the best part of minecraft
xaryu	27471	lmfao
xaryu	27471	lmfao
xaryu	27471	hm
xaryu	27471	lol
xaryu	27471	wrong
xaryu	27471	omegalul
xaryu	27471	lol
xaryu	27471	hm one way to find out
xaryu	27471	lol
xaryu	27471	lo
xaryu	27471	lol
xaryu	27471	haha
xaryu	27471	hes the one you abruptly woke up and slept in his bed
xaryu	27471	nopers no spoilers nopers no help nopers no hints nopers no spoilers nopers no help nopers no hints nopers no spoilers nopers no help nopers no hints nopers no spoilers nopers no help nopers no hints
xaryu	27471	lol
xaryu	27471	kekl
xaryu	27471	lmao
xaryu	27471	lmao
xaryu	27471	haha
xaryu	27471	lo
xaryu	27471	haha
xaryu	27471	xaromegalul xaromegalul xaromegalul
xaryu	27471	haha
xaryu	27471	lmao
xaryu	27471	omegalul
xaryu	27471	kekw
xaryu	27471	lmao
xaryu	27471	lolol
xaryu	27471	lol
xaryu	27471	kekw
xaryu	27471	lo
xaryu	27471	l
xaryu	27471	lol
xaryu	27471	lo lo lo
xaryu	27471	happy haha
xaryu	27471	lo
xaryu	27471	my house now
xaryu	27471	lets use our brain
xaryu	27471	kekw
xaryu	27471	lolol
xaryu	27471	bruh
xaryu	27471	maybehow knows
xaryu	27471	cinema
xaryu	27471	our house s
xaryu	27471	lmao
xaryu	27471	lol
xaryu	27471	try it
xaryu	27471	lmao
xaryu	27471	lo
xaryu	27471	im too afraid of tactics to say anything
xaryu	27471	lmao
xaryu	27471	lololololol
xaryu	27471	there are better ways for iron doors
xaryu	27471	rofl
xaryu	27471	lol
xaryu	27471	bruh lmao
xaryu	27471	lol
xaryu	27471	lmfao
xaryu	27471	hes showing how the creepers will do it peepogiggles
xaryu	27471	lo
xaryu	27471	new house ez
xaryu	27471	lolololol
xaryu	27471	his house now
xaryu	27471	gj you built him a house
xaryu	27471	lol
xaryu	27471	omegalul
xaryu	27471	lol
xaryu	27471	his house now
xaryu	27471	lol
xaryu	27471	his house now
xaryu	27471	lol
xaryu	27471	his house kekw
xaryu	27471	lol
xaryu	27471	his house now
xaryu	27471	yes thats issue lol
xaryu	27471	i am dying
xaryu	27471	lol the timing
xaryu	27471	lo lo
xaryu	27471	put a button on wall outside
xaryu	27471	lo
xaryu	27471	happy
xaryu	27471	omegalul
arrowcs	32399	scrajj
arrowcs	32399	min
arrowcs	32399	min bro
arrowcs	32399	now lol
arrowcs	32399	min
arrowcs	32399	no like min
arrowcs	32399	checking vod happy
arrowcs	32399	yup
arrowcs	32399	facts
arrowcs	32399	fried
arrowcs	32399	since last week
arrowcs	32399	lo
arrowcs	32399	lo
arrowcs	32399	heinztf
arrowcs	32399	ww killing it with content lately
arrowcs	32399	aro
arrowcs	32399	lol
arrowcs	32399	heinztf
arrowcs	32399	whole time lo
arrowcs	32399	lol
arrowcs	32399	lol
arrowcs	32399	lo
arrowcs	32399	tomfoolery
arrowcs	32399	lol
arrowcs	32399	tomfoolery winetime
arrowcs	32399	lol
arrowcs	32399	tomfoolery
arrowcs	32399	sdd
arrowcs	32399	tomfoolery
arrowcs	32399	lol
arrowcs	32399	tomfoolery
arrowcs	32399	lol
arrowcs	32399	tomfoolery
arrowcs	32399	tf
arrowcs	32399	tomfoolery
arrowcs	32399	caught
arrowcs	32399	bomboclat
arrowcs	32399	yes
arrowcs	32399	lol
arrowcs	32399	dont forget pillow punchers
arrowcs	32399	are you jewish
arrowcs	32399	u are top left
arrowcs	32399	hello cuh s
arrowcs	32399	band
arrowcs	32399	those are just listings buddy check actual sales
arrowcs	32399	chudberto hi
arrowcs	32399	yo
arrowcs	32399	lol
arrowcs	32399	hi arrow whats happening
arrowcs	32399	i honestly enjoy watching you arrow you and ohnepixel only
arrowcs	32399	woman feet are reason why i live
arrowcs	32399	i am an israeli living in tel aviv and this is my favorite streamer i also love the awp prince
arrowcs	32399	mw t i bought for k use that for reference
arrowcs	32399	orm
arrowcs	32399	yo
arrowcs	32399	chudberto chud berto yo
arrowcs	32399	huu
arrowcs	32399	sade
arrowcs	32399	wencytheintern catkiss
arrowcs	32399	huh
arrowcs	32399	huu
arrowcs	32399	sade
arrowcs	32399	uuh
arrowcs	32399	huh
arrowcs	32399	what extension do you have arrow
arrowcs	32399	maxixor hi
arrowcs	32399	gooning just did
arrowcs	32399	you are playing irl cs
arrowcs	32399	erm
arrowcs	32399	was that a tier
arrowcs	32399	bluey hi
arrowcs	32399	maxixor yo love
arrowcs	32399	huu
arrowcs	32399	the command has been added successfully
arrowcs	32399	get to the minimal wear buddy
arrowcs	32399	pluso
arrowcs	32399	k seems right
arrowcs	32399	check buf
arrowcs	32399	thanks g
arrowcs	32399	arrow i traded a butterfly p gamma nomad sapphire and some ft ultra violents for a t blue diamond gem karambit did i get robbed
arrowcs	32399	pok gai ah
arrowcs	32399	seemsgood
arrowcs	32399	god damn thats the gta dude right
arrowcs	32399	son
arrowcs	32399	how much was last sold
arrowcs	32399	what abt a kara emerald
arrowcs	32399	whats happening to cs skins
arrowcs	32399	damn emeralds are cheap
arrowcs	32399	son
arrowcs	32399	cheap son
arrowcs	32399	cheap yea
arrowcs	32399	literally free mhm
arrowcs	32399	buy couple
arrowcs	32399	happy budget knife
augcs2	32399	ill figure it out someday yk
augcs2	32399	reactionplayz_ spun the slot machine
augcs2	32399	stop yapping aura
augcs2	32399	gd spun the slot machine
augcs2	32399	im just designing random logos here and there and building a portfolio now
augcs2	32399	cbarkinnies spun the slot machine
augcs2	32399	dreams
augcs2	32399	opened dreams nightmares case and got mag foresight factory new float milspec
augcs2	32399	nikolajltn spun the slot machine
augcs2	32399	sincerelyspotty spun the slot machine
augcs2	32399	real haha
augcs2	32399	belgium mentioned
augcs2	32399	lilybutbelly
augcs2	32399	what do you get from subs
augcs2	32399	belgium best frites
augcs2	32399	lowk womans are overreated
augcs2	32399	at least my friends are nice enough to pay me for the artwork i make for em
augcs2	32399	again enn
augcs2	32399	gl
augcs2	32399	lol lol
augcs2	32399	lol
augcs2	32399	gg
augcs2	32399	lmao
augcs2	32399	nikolajltn spun the slot machine
augcs2	32399	i have no luck bro
augcs2	32399	inerx spun the slot machine
augcs2	32399	bobrgoon spun the slot machine
augcs2	32399	little_ahmbouth spun the slot machine
augcs2	32399	imm_skull spun the slot machine
augcs2	32399	wait aug
augcs2	32399	lol
augcs2	32399	ronxtian spun the slot machine
augcs2	32399	aura i hope you get a boner in a public bus
augcs2	32399	lmao
augcs2	32399	give me amber fade lul
augcs2	32399	wtf
augcs2	32399	could i design you a logo
augcs2	32399	for my portfolio
augcs2	32399	halloofgimplzism spun the slot machine
augcs2	32399	wladcad spun the slot machine
augcs2	32399	fully free ofc
augcs2	32399	nikolajltn spun the slot machine
augcs2	32399	babafigo spun the slot machine
augcs2	32399	sincerelyspotty spun the slot machine
augcs2	32399	profile banner
augcs2	32399	imm_skull spun the slot machine
augcs2	32399	ok ty bro love
augcs2	32399	bearthebear_pyry spun the slot machine
augcs2	32399	reactionplayz_ spun the slot machine
augcs2	32399	vivigraal spun the slot machine
augcs2	32399	w enn
augcs2	32399	nikolajltn spun the slot machine
eslcs	32399	ekkochest
eslcs	32399	omegalul
eslcs	32399	gg
eslcs	32399	outclassed much kekw
eslcs	32399	lol
eslcs	32399	despairge
eslcs	32399	smoked sandbags btw lol
eslcs	32399	ruggah aware
eslcs	32399	gg
eslcs	32399	vlouuemama juliletsgo
eslcs	32399	pain vs hellen keller rn
eslcs	32399	disband choke
eslcs	32399	oh sad
eslcs	32399	gg
eslcs	32399	bb
eslcs	32399	stupid astralis
eslcs	32399	astralis has okay aim but not good tactic i am pretty good in premier k elo and also play as igl i have many good strategies such as throwing a smokes then going happy
eslcs	32399	gg
eslcs	32399	ruggah sadge
eslcs	32399	just forefit
eslcs	32399	is okay pain go to stage
eslcs	32399	lol
eslcs	32399	forsenalright
eslcs	32399	acestare ruggah
eslcs	32399	k for kill kekw
eslcs	32399	disband
eslcs	32399	disband these frauds lol
eslcs	32399	noone can save astralis pls disband
eslcs	32399	karrigan clutch that
eslcs	32399	mhm we are going home
eslcs	32399	lol his face
eslcs	32399	astralis just surrender dont waste time
eslcs	32399	id do better v with only knife icant what are astralis doing icant
eslcs	32399	gg
eslcs	32399	astralis era week kekw
eslcs	32399	jabbi without cadian and teses lul
eslcs	32399	thats a pain in the
eslcs	32399	astrashlis
eslcs	32399	bori bedge
eslcs	32399	ruggah aware ruggah aware ruggah aware ruggah aware
eslcs	32399	overpass btw
eslcs	32399	bot
eslcs	32399	disband
eslcs	32399	broky might be better
eslcs	32399	caitthinking
eslcs	32399	why on earth did i pick astralis to advance fml
eslcs	32399	babyrage hooxi babyrage malding babyrage astralis babyrage crying babyrage hooxi babyrage malding babyrage astralis babyrage crying
eslcs	32399	hooxis calls are so bad
eslcs	32399	nrgpain
eslcs	32399	i
eslcs	32399	gaulespain gaulespain gaulespain
eslcs	32399	my pick it gone now
eslcs	32399	this is fun annoyed
eslcs	32399	first
eslcs	32399	fucking trash team
eslcs	32399	atralis
eslcs	32399	atleast u have sas to fly u home astralis
eslcs	32399	easy x on predictions
eslcs	32399	disbanded astralis
eslcs	32399	lol
eslcs	32399	even zywoo cant save astralis disband
eslcs	32399	they are so bad damn
eslcs	32399	goin home
eslcs	32399	chat who is better biguzera cobrazera coldzera venomzera
eslcs	32399	hooxi to faze poggers
eslcs	32399	hooxi is the problem here lets be honest
eslcs	32399	check pains game lol
eslcs	32399	asstralis
eslcs	32399	dont worry guys nrg still lost
eslcs	32399	what a shame
eslcs	32399	asstralis are no strangers to s lmao
eslcs	32399	i believed in you
eslcs	32399	haha
eslcs	32399	astrashlis
eslcs	32399	pickem gone eu cs gone
eslcs	32399	jabbi to g
eslcs	32399	babyrage
eslcs	32399	bots
eslcs	32399	bro i swear thoses guys are already on de_airport hexagodotamate hexagodotamate hexagodotamate
eslcs	32399	painrg
eslcs	32399	australia lol australia lol australia lol australia lol
eslcs	32399	dissolve the company lol
eslcs	32399	phzy not taking any time on shots
eslcs	32399	atleast they have nice skins
eslcs	32399	vsmysle
eslcs	32399	cinema
eslcs	32399	wutface wutface wutface wutface wutface
eslcs	32399	comeback
eslcs	32399	yay
eslcs	32399	lol
eslcs	32399	gg happy
eslcs	32399	bye
eslcs	32399	lol
eslcs	32399	eslcsgg eslcsgg eslcsgg eslcsgg
eslcs	32399	ruger
eslcs	32399	whos that liliput
fl0m	32399	ggs
fl0m	32399	should have gone all in on pain but man no nqz is a pure gamble
fl0m	32399	cadian igl times
fl0m	32399	cant blame them take major winner and like yea its too boring now we leave for another
fl0m	32399	at this point ill never pick astralis for pickems again
fl0m	32399	pain should take a timeout to let them stew lol
fl0m	32399	dont talk bad about device flm smh
fl0m	32399	mousepad
fl0m	32399	mhm
fl0m	32399	astralis had a crazy high this is sad ngl
fl0m	32399	huh mousepad
fl0m	32399	no vitality spirit or falcons happy
fl0m	32399	sigh
fl0m	32399	bro didnt witness estag astralis
fl0m	32399	weebsdetected
fl0m	32399	ayaya
fl0m	32399	a few months ago astralis were playing super proactive and quickly that shit is gone so now theyre slow inactive scared and easy to read all the time
fl0m	32399	cant really compare this to the rmr times imo
fl0m	32399	ayaya clao
fl0m	32399	frfr
fl0m	32399	what is that mousepad lol
fl0m	32399	t making the next major
fl0m	32399	they did lmao
fl0m	32399	they were laughing early nuke not laughing anymore
fl0m	32399	well astralis is one pickem i can gladly lose
fl0m	32399	farlig era too
fl0m	32399	cooked
fl0m	32399	baiting
fl0m	32399	still tier one tourney happy
fl0m	32399	astralis when they weke nuking all the young prospects aware
fl0m	32399	botralis
fl0m	32399	that mousepad lmfao
fl0m	32399	i should be a coach lol
fl0m	32399	i assume they werent so lucky
fl0m	32399	astralis used to own inferno
fl0m	32399	lucky era was rough
fl0m	32399	the not very lucky joke was so overused lmao
fl0m	32399	its closing
fl0m	32399	all it took was to get rid or rmr for astralis to qualify for major
fl0m	32399	luckys first series on mirage with the tec
fl0m	32399	sell off the org
fl0m	32399	the flm era
fl0m	32399	right lol
fl0m	32399	jugi
fl0m	32399	bring back ldlc era kekw
fl0m	32399	like the rainwaker liquid era
fl0m	32399	astralis just crossed kills per round average lol
fl0m	32399	what a joke
fl0m	32399	asstralis gg
fl0m	32399	rainwaker lowkey been playing great for monte
fl0m	32399	it wouldnt have saved them
fl0m	32399	word ussles
fl0m	32399	did anyone forget about jugi kekw
fl0m	32399	dont disrespect my man jugi
fl0m	32399	its wild they had blamef konfig and lucky at once
fl0m	32399	terrible call
fl0m	32399	gg
fl0m	32399	why everyone hates jabbi
fl0m	32399	they really need to win the most rounds in this half to win this half
fl0m	32399	what happend to this team man
fl0m	32399	absolutely throwing the aks away
fl0m	32399	this look like and email
fl0m	32399	gg
fl0m	32399	bru
fl0m	32399	where do we send staehr
fl0m	32399	anyone remember jugi on the awp
fl0m	32399	kekw
fl0m	32399	aware
fl0m	32399	wow
fl0m	32399	astralis please do something i put all of my channel points on you
fl0m	32399	gg
fl0m	32399	remember patsi on liquid those were the days
fl0m	32399	ok im coming back for the next match
fl0m	32399	maybe if astralis tries the man roster again it will work
fl0m	32399	what about the suihy liquid era
fl0m	32399	send them home send them home
fl0m	32399	kekw
fl0m	32399	hooxi back to winning ways
fl0m	32399	i mean theyre just running through smokes solo lol
fl0m	32399	and we can get eg back
fl0m	32399	wdym mightve
fl0m	32399	running thru smokes with no util lmao
fl0m	32399	they look lost
fl0m	32399	im fine with this not cause i dislike astralis or anything but because im a pain fan
fl0m	32399	welp its over
fl0m	32399	knife giveaway
fl0m	32399	bye
fl0m	32399	not sure anyone hates him just fun to make fun of
fl0m	32399	damn people are really mad for astralis underperforming i didnt expect this much hate
fl0m	32399	and astralis are back below kills per round average lol
fl0m	32399	surrender
fl0m	32399	did a single molly hit barrels they threw something like
fl0m	32399	damn does astralis have the worst mental in cs these days it seems like once the tilt hits for them it doesnt stop
fl0m	32399	send the email
fl0m	32399	d
fl0m	32399	knife mid
fl0m	32399	bye bye astra
fl0m	32399	c no awper era was better than this lol
fl0m	32399	email
juanflatroo	32399	e gjujte o psikopat
juanflatroo	32399	omobevof ta ka marr
juanflatroo	32399	perqendrohu se sluhet kshtu para pidhi
juanflatroo	32399	ja brud tu e pas flatron
juanflatroo	32399	e drope brud
juanflatroo	32399	ahmet a i shtine nferka bro nija krismen haha
juanflatroo	32399	qendisje silly
juanflatroo	32399	when will you come to kosovo again
juanflatroo	32399	haha respekte nga un dhe arber rexhepi zemer
juanflatroo	32399	aka next
juanflatroo	32399	give something for flatro
juanflatroo	32399	haha tfala arbrit love
juanflatroo	32399	join flatro stack bre
juanflatroo	32399	hm next week
juanflatroo	32399	o xhoci ta mur o dud
juanflatroo	32399	lsho stremin zemer
juanflatroo	32399	ska loj bruda
juanflatroo	32399	flatro
juanflatroo	32399	next week a
juanflatroo	32399	make sure you follow me on instagram
juanflatroo	32399	ta shloj x hoci
juanflatroo	32399	flatro
juanflatroo	32399	u flatro n
juanflatroo	32399	nice shot biljat
juanflatroo	32399	if i was a girl i would marry
juanflatroo	32399	pot vika gruja o bir
juanflatroo	32399	valla be xhoci o tu rrok
juanflatroo	32399	zemer apot hec mir me unity
juanflatroo	32399	u thy shipka
juanflatroo	32399	haha
juanflatroo	32399	use code juanflatroo get a free case chance to win huge giveaways and deposit by joining hellcase
juanflatroo	32399	work a
juanflatroo	32399	haha
juanflatroo	32399	paska me qi
juanflatroo	32399	per me qi e ka
juanflatroo	32399	work aha
juanflatroo	32399	haha
juanflatroo	32399	i had fun last time
juanflatroo	32399	haha
juanflatroo	32399	use code juanflatroo on hellcase and be part of the new giveaway consisting of pair of gloves and a knife
juanflatroo	32399	work me jog aver a
juanflatroo	32399	a
juanflatroo	32399	qysh ja lujka
juanflatroo	32399	a
juanflatroo	32399	ah flatro e paske sshti me kesh a
juanflatroo	32399	fun a
juanflatroo	32399	a ja kallxove prishtina mallin haha
juanflatroo	32399	use code juanflatroo get free cases and compete for a total of monthly leaderboard of the highest depositers
juanflatroo	32399	hashshshahan
juanflatroo	32399	flatron ja paske shtre kabllen a
juanflatroo	32399	flatro vlla paske me shkun si kangall a
juanflatroo	32399	fun aver a kallxona rastin e kalum
juanflatroo	32399	sell your skins on skinplace without waiting a single second use code juanflatroo for a deposit bonus click the link below
juanflatroo	32399	a e paske iq haha
juanflatroo	32399	kallxoja krejt motelet e kosoves informo qka kena investu aty
juanflatroo	32399	flatro ja paske lshu hilltin a
juanflatroo	32399	te interexi a
juanflatroo	32399	omel i paska met ksaj shoqes a
juanflatroo	32399	for how long will you stay
juanflatroo	32399	lewi tu e shti nxhep smoojen e shemi
juanflatroo	32399	haver koka knaq here e fundit a
juanflatroo	32399	popull seksirash be nonen
juanflatroo	32399	qka tka dha me pi ky kopili
juanflatroo	32399	ja paske tregu ibretin aa
juanflatroo	32399	dilni me ngaren ngermi
juanflatroo	32399	i paska shti pipat fell
juanflatroo	32399	buy and trade your skins get the bonus to refill with my code juanflatroo
juanflatroo	32399	a
juanflatroo	32399	ja nisi me fol mir anglisht
juanflatroo	32399	koke qeth e koke ndreq
juanflatroo	32399	good motels
juanflatroo	32399	good motel
juanflatroo	32399	good dixk a
juanflatroo	32399	well mannered shyqyr sdin me fol shqip e gjora cka ditem me shkretu
juanflatroo	32399	join csgoempire grab a free case on signup with code juanflatroo deposit bonus many weekly giveaways and reap the many benefits available
juanflatroo	32399	motels haha
juanflatroo	32399	deri tja kryn flatro ngjyks
juanflatroo	32399	haha
juanflatroo	32399	juanflatro or less cm
juanflatroo	32399	mos e ki lan shtatzan o bir
juanflatroo	32399	e paske punu mir flatricc haha
juanflatroo	32399	best motels haha
juanflatroo	32399	pot nin more najkush menon pernime o flatron
juanflatroo	32399	good kar
juanflatroo	32399	lewi tu e shti nxhep smoojen e shemi
juanflatroo	32399	haha
juanflatroo	32399	shkun posht papidhsat
juanflatroo	32399	perdoreni kodin juanflatroo per nje zbritje marramendese miq prej varesisht prej produkteve
juanflatroo	32399	xhoci koka or delay
juanflatroo	32399	po qfar good hospitality bre
juanflatroo	32399	me qi nanen nuk vje mo pale qka ka hek naten
mathg	32399	a pessoa q vai participar de hj
mathg	32399	k
mathg	32399	gosta de carros
mathg	32399	quer q eu prove haha
mathg	32399	branco
mathg	32399	tatuado
mathg	32399	nem te conto
mathg	32399	gosta de gamers
mathg	32399	k
mathg	32399	essa pegada
mathg	32399	k
mathg	32399	n ficou um clima legal
mathg	32399	k
mathg	32399	pq o math ta jogando cs
mathg	32399	math sabe de mais
mathg	32399	k
mathg	32399	meu irmao ta indo ver br com jon
mathg	32399	vai la birrape
mathg	32399	no
mathg	32399	tua cara
mathg	32399	k
mathg	32399	ia dar bom
mathg	32399	a participante
mathg	32399	top
mathg	32399	por favor
mathg	32399	k
mathg	32399	k
mathg	32399	k
mathg	32399	k k k k k
mathg	32399	k
mathg	32399	ki
mathg	32399	k
mathg	32399	k
mathg	32399	conhecid
mathg	32399	eu to perdido w
mathg	32399	confia
mathg	32399	kakakakkakakaka
mathg	32399	cenario valorantcs
mathg	32399	barrk tua mulher ja vai abrir live
mathg	32399	abre a aba ai
mathg	32399	conhesse
mathg	32399	lul
mathg	32399	k
mathg	32399	k
mathg	32399	eu entendi
mathg	32399	k
mathg	32399	k
mathg	32399	k
mathg	32399	k
mathg	32399	mora em guarulhos
mathg	32399	se n me engano
mathg	32399	se passo
mathg	32399	k
mathg	32399	kakakakkakakkaka w
mathg	32399	calma barrak
mathg	32399	k
mathg	32399	segura a onda
mathg	32399	paizao
mathg	32399	k
mathg	32399	mano pq o math ta com categoria de cs no cassino
mathg	32399	cara quer ficar de castigo na tt
mathg	32399	k
mathg	32399	vai la e pede em namoro
mathg	32399	virtual casino
mathg	32399	the stream game has been updated to virtual casino
mathg	32399	cara tem mod n
mathg	32399	entao
mathg	32399	pior q tava cassino
mathg	32399	os mods dos outros
mathg	32399	acho q ta mudando sozinho
mathg	32399	tudo aq
mathg	32399	e o math sem mod
mathg	32399	poe o saintmaia de mod
mathg	32399	lul
mathg	32399	nao me encaixei
mathg	32399	k vai la birrape
mathg	32399	k
mathg	32399	tem ate tatuagem ikgual
mathg	32399	conta nova
mathg	32399	k
ohnepixel	32399	any mods here
ohnepixel	32399	classic
ohnepixel	32399	classic
ohnepixel	32399	gg
ohnepixel	32399	gg
ohnepixel	32399	comeon big
ohnepixel	32399	someone has to stop him
ohnepixel	32399	imagine sizzi and donk building a kids team to destroy all the uncs
ohnepixel	32399	this is over
ohnepixel	32399	g
ohnepixel	32399	why they dont just rush b only awp there
ohnepixel	32399	gg
ohnepixel	32399	gg
ohnepixel	32399	gg
ohnepixel	32399	gg
ohnepixel	32399	lol
ohnepixel	32399	gg
ohnepixel	32399	gg
ohnepixel	32399	gg
ohnepixel	32399	gg
ohnepixel	32399	sell dragon lore for tribut
ohnepixel	32399	ggs
ohnepixel	32399	gg
ohnepixel	32399	notlikethis
ohnepixel	32399	gg
ohnepixel	32399	gg
ohnepixel	32399	lul
ohnepixel	32399	gg
ohnepixel	32399	gg
ohnepixel	32399	gg
ohnepixel	32399	sizzi is like donk
ohnepixel	32399	gg
ohnepixel	32399	gg
ohnepixel	32399	gg
ohnepixel	32399	cumback incoming
ohnepixel	32399	well at least b saved my pickems but sadge
ohnepixel	32399	muga
ohnepixel	32399	gg
ohnepixel	32399	gg
ohnepixel	32399	but why peak by
ohnepixel	32399	yees
ohnepixel	32399	gg
ohnepixel	32399	gg
ohnepixel	32399	gg
ohnepixel	32399	gg
ohnepixel	32399	hes a loan btw hes on team spirits academy team
ohnepixel	32399	years years old not allowed work after in overtime he need to go
ohnepixel	32399	gg gg
ohnepixel	32399	gg
ohnepixel	32399	gg
ohnepixel	32399	o
ohnepixel	32399	gg
ohnepixel	32399	lol bot clan
ohnepixel	32399	ggwp
ohnepixel	32399	gg
ohnepixel	32399	gg
ohnepixel	32399	gg
ohnepixel	32399	they are so ahh
ohnepixel	32399	what is that peek
ohnepixel	32399	ez
ohnepixel	32399	gg
ohnepixel	32399	gg
ohnepixel	32399	gg
ohnepixel	32399	gg
ohnepixel	32399	gg
ohnepixel	32399	gg
ohnepixel	32399	gg
ohnepixel	32399	gg
ohnepixel	32399	gg
ohnepixel	32399	gg
ohnepixel	32399	no
ohnepixel	32399	gg
ohnepixel	32399	gg
ohnepixel	32399	gg
ohnepixel	32399	gg
ohnepixel	32399	o
ohnepixel	32399	gg
ohnepixel	32399	gg
ohnepixel	32399	ez
ohnepixel	32399	lol
ohnepixel	32399	gg
ohnepixel	32399	gg
ohnepixel	32399	ez
ohnepixel	32399	muga
ohnepixel	32399	gg
ohnepixel	32399	gg
ohnepixel	32399	gg
ohnepixel	32399	gg
ohnepixel	32399	gg
ohnepixel	32399	gg brother
ohnepixel	32399	gg
ohnepixel	32399	gg
ohnepixel	32399	gg
ohnepixel	32399	gg
ohnepixel	32399	gg
ohnepixel	32399	gg
ohnepixel	32399	gg
psp1g	32399	pspcokeshaky can you say pspcokeshaky
psp1g	32399	so you owe us million now
psp1g	32399	ass tralis
psp1g	32399	catpls
psp1g	32399	juh
psp1g	32399	juh
psp1g	32399	jah
psp1g	32399	you could buy astralis with that money
psp1g	32399	ass
psp1g	32399	juh
psp1g	32399	ass
psp1g	32399	k each yew
psp1g	32399	ass
psp1g	32399	juh
psp1g	32399	jah
psp1g	32399	loolo
psp1g	32399	ass edm
psp1g	32399	ohnepls ohnepls ohnepls
psp1g	32399	jah
psp1g	32399	ass
psp1g	32399	ass
psp1g	32399	ass
psp1g	32399	why laughing
psp1g	32399	ass tralis
psp1g	32399	catpls
psp1g	32399	ass
psp1g	32399	ass
psp1g	32399	ass
psp1g	32399	comebek inc
psp1g	32399	hyperdansi
psp1g	32399	ass
psp1g	32399	b is choking rn alert alert alert alert
psp1g	32399	jah
psp1g	32399	truck wideravetime edm truck wideravetime edm truck wideravetime edm truck wideravetime edm truck wideravetime edm truck wideravetime edm truck wideravetime edm
psp1g	32399	ass
psp1g	32399	ass
psp1g	32399	not yet
psp1g	32399	ass shake it
psp1g	32399	ass edm
psp1g	32399	ass
psp1g	32399	ass
psp1g	32399	ass tralis ww
psp1g	32399	ass
psp1g	32399	fifa ahh song
psp1g	32399	truck wideravetime edm truck wideravetime edm truck wideravetime edm truck wideravetime edm truck wideravetime edm truck wideravetime edm truck wideravetime edm
psp1g	32399	w ass
psp1g	32399	truck wideravetime edm truck wideravetime edm truck wideravetime edm truck wideravetime edm truck wideravetime edm truck wideravetime edm truck wideravetime edm
psp1g	32399	ass
psp1g	32399	ass
psp1g	32399	dans
psp1g	32399	i know that splice sample rightthere
psp1g	32399	dans
psp1g	32399	truck wideravetime
psp1g	32399	ass
psp1g	32399	ass
psp1g	32399	ass
psp1g	32399	they choking
psp1g	32399	dans
psp1g	32399	ass
psp1g	32399	ass
psp1g	32399	ass
psp1g	32399	ass
psp1g	32399	ass
psp1g	32399	o
psp1g	32399	saj this would be cinema to watch
psp1g	32399	o
psp1g	32399	what happend to astralis
psp1g	32399	surely they will win a round after the pause shirley
psp1g	32399	refund tts scam saj
psp1g	32399	credits due sure
psp1g	32399	ass
psp1g	32399	ass
psp1g	32399	tentutu lo
psp1g	32399	ass
psp1g	32399	b
psp1g	32399	b ate
psp1g	32399	ten tu tu aga
psp1g	32399	ass wideravetime
psp1g	32399	quick say mil giveaway if astralis wins it can be another nrg vs big moment
psp1g	32399	ass
psp1g	32399	truck rapthis
psp1g	32399	can i get one more time k
psp1g	32399	t side happy egloved
psp1g	32399	ass
psp1g	32399	truck wideravetime edm truck wideravetime edm truck wideravetime edm truck wideravetime edm truck wideravetime edm truck wideravetime edm truck wideravetime edm
psp1g	32399	buh
psp1g	32399	buh
psp1g	32399	aware
psp1g	32399	yeah rip pickems
psp1g	32399	if b its gg for pickems
psp1g	32399	pspgagaga
psp1g	32399	forson
psp1g	32399	truck
psp1g	32399	yea it be like that
psp1g	32399	gg
psp1g	32399	forson wood coin
psp1g	32399	imglitch a new supply of ass is here
psp1g	32399	gg
psp1g	32399	ass
smooyacs	32399	wasting k every round
smooyacs	32399	was it worth it
smooyacs	32399	what you order
smooyacs	32399	mod him
smooyacs	32399	now lets see donk on smooya settings
smooyacs	32399	i got the garlic parm sub thing they do now
smooyacs	32399	what someones actually banned him
smooyacs	32399	impact player poggers
smooyacs	32399	sounds bussin
smooyacs	32399	happy
smooyacs	32399	out of
smooyacs	32399	maybe
smooyacs	32399	k every round cheaper to not buy awp
smooyacs	32399	here we go happy
smooyacs	32399	o
smooyacs	32399	okok
smooyacs	32399	didnt even shoot at him bro
smooyacs	32399	thats a kill on csgo
smooyacs	32399	why not definitely
smooyacs	32399	did u miss or what
smooyacs	32399	no
smooyacs	32399	back to trolling happy
smooyacs	32399	unc reaction time
smooyacs	32399	kfc always hit or miss
smooyacs	32399	u overflicked and hit the wall
smooyacs	32399	dont worry next game is life game
smooyacs	32399	dpi sens zoom sens
smooyacs	32399	lol
smooyacs	32399	happy
smooyacs	32399	you got this king
smooyacs	32399	smooya du bist gut genug
smooyacs	32399	dw i play like you sometimes
smooyacs	32399	yeah man you shoulda killed
smooyacs	32399	nice try you where very close to getting that kill
smooyacs	32399	lock in you can do it
smooyacs	32399	x stretched
smooyacs	32399	you got this smoodizler
smooyacs	32399	smooya youre such a chad counter strike player youre next donk youre the future lock in and go destroy
smooyacs	32399	alles klar
smooyacs	32399	maybe slend just had the right side peak advantage
smooyacs	32399	dont go heaven
smooyacs	32399	its gonna get better probably
smooyacs	32399	owen go own em
smooyacs	32399	doesnt matter if you smoked
smooyacs	32399	start buying only r and molotov every single round
smooyacs	32399	changing dishwasher settings
smooyacs	32399	you playing like ohne keep it up love
smooyacs	32399	ahh now its the monitor
smooyacs	32399	your teamates gonna love it
smooyacs	32399	ns nice shot your reaction time is insane
smooyacs	32399	monka
smooyacs	32399	click this link to subscribe
smooyacs	32399	ez
smooyacs	32399	we back
smooyacs	32399	hai hai
smooyacs	32399	calling the win here and now
smooyacs	32399	all my money
smooyacs	32399	hes him
smooyacs	32399	can you give monitor settings smoo so i know what not to use
smooyacs	32399	my whole family
smooyacs	32399	nice smooya
smooyacs	32399	him
smooyacs	32399	come on p
smooyacs	32399	dav
smooyacs	32399	o
smooyacs	32399	ns
smooyacs	32399	those tiktoks are gonna b fine
smooyacs	32399	nice ecos son
smooyacs	32399	zamn holy
smooyacs	32399	everything on the win
smooyacs	32399	chllouter
smooyacs	32399	no
smooyacs	32399	no
smooyacs	32399	uuh
smooyacs	32399	unlucky
smooyacs	32399	gg its over
smooyacs	32399	we have the same sense lol thats the sign for me to change it
smooyacs	32399	soulflys got ur number
smooyacs	32399	timeout anyone who even tries to type bullshit
smooyacs	32399	nt
smooyacs	32399	k
smooyacs	32399	never gonna come back from thus
smooyacs	32399	soulfly goat
smooyacs	32399	soulfly life gaming
smooyacs	32399	back to being a fat chud
smooyacs	32399	damn
smooyacs	32399	any gifters pausechamp
smooyacs	32399	no
smooyacs	32399	kek
smooyacs	32399	lol
smooyacs	32399	why on my pc your res is very blurry
smooyacs	32399	any gifters in chat dimaxbusiness
smooyacs	32399	whats ur best map
smooyacs	32399	u are a good guy keep it up
smooyacs	32399	let me know when u find them
xqc	32399	soyscream pisstime
xqc	32399	il y aura un salon militaire o jy serai wizwot
xqc	32399	ouu shii
xqc	32399	je peux te vendre des missiles
xqc	32399	xqc
xqc	32399	shultzu xqc was last seen hours and minutes ago and last active hours and seconds ago
xqc	32399	ongod me and my friends win against them
xqc	32399	ass trolls
xqc	32399	hull killthatboy ouushi
xqc	32399	ass trollers
xqc	32399	soyscream pisstime
xqc	32399	sexo
xqc	32399	killthatboy
xqc	32399	action rolls
xqc	32399	rem soyscream pisstime
xqc	32399	rem soyscream pisstime
xqc	32399	soyscream
xqc	32399	soyscream wtf
xqc	32399	hello
xqc	32399	gays getout
xqc	32399	anyone nut
xqc	32399	biroman
xqc	32399	bruh
xqc	32399	wot
xqc	32399	soyscream
xqc	32399	vulpkiss
xqc	32399	vulpkiss xmoonlett
xqc	32399	vulpkiss xmoonlett
xqc	32399	wizwu
xqc	32399	xqcmom remouiade hull xmoonlett ratot
xqc	32399	wiz soyscream pisstime
xqc	32399	xqcmom remouiade hull xmoonlett ratot aoxner
xqc	32399	mods ban wiz
xqc	32399	wizwot agahi
xqc	32399	wiz asstralis
xqc	32399	on your cheeseburger last night yes
xqc	32399	wagag
xqc	32399	asstrollers
xqc	32399	xqcmom wajaja
xqc	32399	xqcmom remouiade hull xmoonlett ratot aoxner shultzu aras
xqc	32399	vulpdank
xqc	32399	wtf is a waga
xqc	32399	reallymad
xqc	32399	xqcmom remouiade hull xmoonlett ratot aoxner shultzu aras
xqc	32399	xqcmom sukivtwakeup
xqc	32399	action nsfw akeidz_s cock is inches long handsup
xqc	32399	xqcmom sukivtwakeup
xqc	32399	chat what the fuck is a waga
xqc	32399	reallymad
xqc	32399	soyscream
xqc	32399	aga on my waga til i wagag
xqc	32399	action has passed away
xqc	32399	why are you so fat wizwot
xqc	32399	aras
xqc	32399	chat what the fuck is a waga
xqc	32399	widespeeddesert
xqc	32399	aras
xqc	32399	aras
xqc	32399	sara
xqc	32399	no
xqc	32399	aras
xqc	32399	wiz watch my huge cock
xqc	32399	xqcmom remouiade hull xmoonlett ratot aoxner shultzu aras shitty akeidz_ xqcmom remouiade hull xmoonlett ratot aoxner shultzu aras shitty akeidz_ xqcmom remouiade hull xmoonlett ratot aoxner shultzu aras shitty akeidz_ xqcmom remouiade hull xmoonlett ratot aoxner shultzu aras shitty akeidz_
xqc	32399	aras
xqc	32399	action nsfw hulls cock is inches long handsup
xqc	32399	xqcmom remouiade hull xmoonlett ratot aoxner shultzu aras shitty akeidz_ xqcmom remouiade hull xmoonlett ratot aoxner shultzu aras shitty akeidz_ xqcmom remouiade hull xmoonlett ratot aoxner shultzu aras shitty akeidz_ xqcmom remouiade hull xmoonlett ratot aoxner shultzu aras shitty akeidz_
xqc	32399	aras
xqc	32399	grok is this real
xqc	32399	why are you so fat wizwot
xqc	32399	soyscream pisstime
xqc	32399	lmfaoo
xqc	32399	soyscream pisstime soyscream pisstime soyscream pisstime soyscream pisstime soyscream pisstime soyscream pisstime
xqc	32399	soyscream
xqc	32399	lmfaoo
xqc	32399	xqcmom sukivtwakeup
xqc	32399	aras
xqc	32399	lmfaoo
xqc	32399	aras
xqc	32399	xqcmom sukivtwakeup
xqc	32399	lmfaoo
xqc	32399	xmoonlett wagag awmphm
xqc	32399	xqcmom sukivtwakeup
xqc	32399	soyscream not biroman
xqc	32399	aras
xqc	32399	xwaga awo
xqc	32399	aras
xqc	32399	xqcmom remouiade hull xmoonlett ratot aoxner shultzu aras shitty akeidz_ marwn xqcmom remouiade hull xmoonlett ratot aoxner shultzu aras shitty akeidz_ marwn xqcmom remouiade hull xmoonlett ratot aoxner shultzu aras shitty akeidz_ marwn xqcmom remouiade hull xmoonlett ratot aoxner shultzu aras shitty akeidz_ marwn
xqc	32399	band
xqc	32399	aras
xqc	32399	soyscream pisstime soyscream pisstime soyscream pisstime soyscream pisstime soyscream pisstime
xqc	32399	aras
xqc	32399	soyscream pisstime soyscream pisstime soyscream pisstime soyscream pisstime soyscream pisstime soyscream pisstime
xqc	32399	aras
xqc	32399	o magusthemannis
xqc	32399	awo
angryginge13	509658	ive got paraguay ghana spain and czechia in my sweepstake
angryginge13	509658	teams each
angryginge13	509658	martial godo from ivory coast what a player
angryginge13	509658	do each means teams picked
angryginge13	509658	w
angryginge13	509658	norway iraq senegak frence in the group
angryginge13	509658	you can get teams tbf
angryginge13	509658	each
angryginge13	509658	canada
angryginge13	509658	teams each
angryginge13	509658	do teams each
angryginge13	509658	teams each ginge tgeres teams all together
angryginge13	509658	each mate
angryginge13	509658	chat shut up about teams
angryginge13	509658	teams each so out of ur brain dead
angryginge13	509658	you should do points cause no point having other teams
angryginge13	509658	does everyone not get teams
angryginge13	509658	do
angryginge13	509658	norway
angryginge13	509658	oo
angryginge13	509658	may as well do
angryginge13	509658	salah
angryginge13	509658	take out jordan and curaco n do each
angryginge13	509658	teams
angryginge13	509658	teams
angryginge13	509658	link your twitch and prime account for a free sub to any channel
angryginge13	509658	do
angryginge13	509658	yeah why not just do teams each
angryginge13	509658	pyramids n that
angryginge13	509658	each
angryginge13	509658	do for teams each to only mean teams arent picked
angryginge13	509658	each
angryginge13	509658	do
angryginge13	509658	egypt aint bad
angryginge13	509658	its each btw
angryginge13	509658	teams
angryginge13	509658	gypsy king
angryginge13	509658	egypt mentioned
angryginge13	509658	do
angryginge13	509658	do teams
angryginge13	509658	do each use more teams
angryginge13	509658	do teams
angryginge13	509658	haha
angryginge13	509658	why not teams each
angryginge13	509658	lol
angryginge13	509658	lol
angryginge13	509658	its not team chat are you thick
angryginge13	509658	they dont have a bad team tbf
angryginge13	509658	bo
angryginge13	509658	haha
angryginge13	509658	haha
angryginge13	509658	youre brain dead teams out of
angryginge13	509658	haha
angryginge13	509658	team
angryginge13	509658	do teams each
angryginge13	509658	need to do
angryginge13	509658	teams
angryginge13	509658	do
angryginge13	509658	bo
angryginge13	509658	jakeys is shit
angryginge13	509658	haha
angryginge13	509658	do
angryginge13	509658	teams
angryginge13	509658	lol
angryginge13	509658	chill
angryginge13	509658	do
angryginge13	509658	if theres people hows he doing
angryginge13	509658	hes said multiple times he isnt doing teams
angryginge13	509658	hi guys
angryginge13	509658	haha
angryginge13	509658	jakeys shit
angryginge13	509658	youre just brain dead mate
angryginge13	509658	horror group
angryginge13	509658	haha
angryginge13	509658	say england make it further but netherlands and brazil make it far of them how that far
angryginge13	509658	do
angryginge13	509658	lol
angryginge13	509658	l usa
angryginge13	509658	this chat is so dumb
angryginge13	509658	do teams leaves out
angryginge13	509658	feel free to support me even more by subscribing to the channel to win prizes and be ad free
angryginge13	509658	do
angryginge13	509658	chat think theyre the streamer
angryginge13	509658	ur so slow
angryginge13	509658	nibble
angryginge13	509658	terrible way of doing the draw should of put the top seeded teams in and done it like that
angryginge13	509658	dzeko army
angryginge13	509658	its starting now their clearing the pitch
angryginge13	509658	teams
angryginge13	509658	do
angryginge13	509658	haha
angryginge13	509658	why tf you so cheeky
angryginge13	509658	this guys dumb as duck
angryginge13	509658	leaving out half the good teams
angryginge13	509658	extra to respin on the last teams
angryginge13	509658	i swear this chat is just a bunch of bots
angryginge13	509658	chat acting like its their money
angryginge13	509658	mint this out of
angryginge13	509658	you just know jakeys refusing to pay
arky	509658	w
arky	509658	focus
arky	509658	lets go mexico
arky	509658	now yugi sing the honduras anthem
arky	509658	ww
arky	509658	lets go
arky	509658	yo this is way better than basketball
arky	509658	w
arky	509658	ww
arky	509658	they got him degloved
arky	509658	game time
arky	509658	lets fuck in go mexico
arky	509658	go lakeshow pussy fuck ny
arky	509658	lets go
arky	509658	tyla m
arky	509658	go shirtless
arky	509658	o
arky	509658	mexico
arky	509658	w ark
arky	509658	kickoff soon focus
arky	509658	m
arky	509658	vamos mexico
arky	509658	o
arky	509658	yo
arky	509658	sick
arky	509658	focus
arky	509658	tyl
arky	509658	tyla fine ass
arky	509658	this is beautiful
arky	509658	emotional
arky	509658	mexico
arky	509658	vamos viva mexico
arky	509658	chills every time i hear the himno
arky	509658	way bigger than the nba finals
arky	509658	focus mexico
arky	509658	omg its ishowspeed
arky	509658	hahshdj
arky	509658	tshabalala
arky	509658	viva mexico cabrones
arky	509658	ome
arky	509658	omecheer
arky	509658	jah
arky	509658	m tyla bad ass
arky	509658	lets go cabrones
arky	509658	we friends tho
arky	509658	ww south africa
arky	509658	ome
arky	509658	w
arky	509658	mexicoo
arky	509658	focus
arky	509658	tyla so bad
arky	509658	wait chat where is semi
arky	509658	ww
arky	509658	big ass stadium
arky	509658	tyla fine shit
arky	509658	w
arky	509658	show
arky	509658	focus mexico
arky	509658	holy shit why is everyone in pink shoes
arky	509658	w arky
arky	509658	focus
arky	509658	can you show us tyla reacting
arky	509658	yugixcheer yugixcheer yugixcheer
arky	509658	behinds the scene
arky	509658	mexico
arky	509658	this gunna be good
arky	509658	tyla batchest batchest batchest batchest batchest
arky	509658	focus mexico
arky	509658	from south africawe gon win
arky	509658	love love love love love love love love seemsgood
arky	509658	bro no sob
arky	509658	ejae appearance
arky	509658	emotional
arky	509658	wheres darrin watkins
arky	509658	chills
arky	509658	yugixexcited yugixexcited
arky	509658	vamos carajo viva mexico
arky	509658	name player of mexico sob
arky	509658	show it
arky	509658	focus
arky	509658	son africa ain winning
arky	509658	nap time bedge
arky	509658	lets goo
arky	509658	behind cam
arky	509658	get a beer
arky	509658	mexico
arky	509658	where is speeds song
arky	509658	dans
arky	509658	show tyla
arky	509658	gassing tf out of tula
arky	509658	ome
arky	509658	nigga said mexico
arky	509658	take off ur shirt and wave it
arky	509658	we friends tho
arky	509658	viva mexico cabrones
arky	509658	its darrin watkins
arky	509658	da
dannyaarons	509658	im dance celebrating give
dannyaarons	509658	danny what are you watching on
dannyaarons	509658	poo
dannyaarons	509658	danny
dannyaarons	509658	danny its am for me here in australia
dannyaarons	509658	evening danny mate enjoy the game
dannyaarons	509658	danyyuy
dannyaarons	509658	south africa already did dance when they came out
dannyaarons	509658	danny are you gonna pitch invade
dannyaarons	509658	why is rey mysterio not playing
dannyaarons	509658	yeah you are
dannyaarons	509658	danny what is the covering mouth
dannyaarons	509658	l commitment
dannyaarons	509658	yes you are
dannyaarons	509658	so am i only clipping like goals or
dannyaarons	509658	facts
dannyaarons	509658	lets go mexico love the jersey
dannyaarons	509658	are you counting diagonals
dannyaarons	509658	watching in australia danny its am here
dannyaarons	509658	danny who do you think will be biggest dark horse
dannyaarons	509658	rey mysterio is in the crowd
dannyaarons	509658	like the actual goal
dannyaarons	509658	am for me here
dannyaarons	509658	beano got france
dannyaarons	509658	beano for france
dannyaarons	509658	someone just got france
dannyaarons	509658	yes
dannyaarons	509658	no
dannyaarons	509658	yes ifc
dannyaarons	509658	heinz got france
dannyaarons	509658	no
dannyaarons	509658	beano france
dannyaarons	509658	yes
dannyaarons	509658	yes
dannyaarons	509658	yes
dannyaarons	509658	yh
dannyaarons	509658	nope
dannyaarons	509658	yes
dannyaarons	509658	always
dannyaarons	509658	danny if south africa lose ill get girlfriends
dannyaarons	509658	idk im not
dannyaarons	509658	danny mate covering mouth is that the thing where u get a red
dannyaarons	509658	who doesnt
dannyaarons	509658	beano farnce
dannyaarons	509658	u do
dannyaarons	509658	we know
dannyaarons	509658	beacon frace
dannyaarons	509658	are you doing a watch along on swedens first game
dannyaarons	509658	you dont count diagonals
dannyaarons	509658	south africa
dannyaarons	509658	beacons craa rw s
dannyaarons	509658	beano france
dannyaarons	509658	dd
dannyaarons	509658	e
dannyaarons	509658	ss
dannyaarons	509658	vertical
dannyaarons	509658	beano got francias
dannyaarons	509658	its teams
dannyaarons	509658	danny do you think new zealand make it out of their group
dannyaarons	509658	is elon musk playing
dannyaarons	509658	one more team each
dannyaarons	509658	love the mexico jersey
dannyaarons	509658	is it a red for the covering mouth
dannyaarons	509658	tbf it should be easy i can probs nab it from twitter
dannyaarons	509658	bo mexico
dannyaarons	509658	teams now
dannyaarons	509658	timestamp
dannyaarons	509658	you can tell by dannys facial expressions he deserves to watch a singular second of the world cup
dannyaarons	509658	you get a th tema
dannyaarons	509658	you get a th team
dannyaarons	509658	ur up
dannyaarons	509658	he did on my life
dannyaarons	509658	more spin
dannyaarons	509658	they are doing a nother one
dannyaarons	509658	rey mysterio is on the bench
dannyaarons	509658	show us the game
dannyaarons	509658	more team
dannyaarons	509658	you get one more team
dannyaarons	509658	for you
dannyaarons	509658	what are you watching on
dannyaarons	509658	ur turn
dannyaarons	509658	u pick danny
dannyaarons	509658	its your turn
dannyaarons	509658	lets go south africa
dannyaarons	509658	red for covering mouth
dannyaarons	509658	they are doing for so you got one more now
dannyaarons	509658	boo mexio
dannyaarons	509658	danny can we watch you play soggy biscuit
dannyaarons	509658	ur spin
dannyaarons	509658	switzerland
dannyaarons	509658	you got switzerland
dannyaarons	509658	swis
dannyaarons	509658	swizerland
dannyaarons	509658	swiss
dannyaarons	509658	switzerland
dannyaarons	509658	switzerland
dannyaarons	509658	u got
dannyaarons	509658	switzerland
dannyaarons	509658	your spin
hasanabi	509658	yup
hasanabi	509658	hasraid
hasanabi	509658	world cup nba any time and always
hasanabi	509658	worst play of the game
hasanabi	509658	they were hoping to get the block
hasanabi	509658	who won
hasanabi	509658	generational hatewatch lmao
hasanabi	509658	he was prob told to double team brunson
hasanabi	509658	cooked
hasanabi	509658	knick in baby
hasanabi	509658	hasflex
hasanabi	509658	his voice is gone but he is watching from home kekl
hasanabi	509658	cooked
hasanabi	509658	he gave him a clean run to crash
hasanabi	509658	god damn unc can we get to politics my dude
hasanabi	509658	chad og w
hasanabi	509658	salute
hasanabi	509658	dribble the clock he sold
hasanabi	509658	og letsgo
hasanabi	509658	fox sold but that seemed like a for sure foul on fox by og
hasanabi	509658	trash
hasanabi	509658	it did seem like he got bumped on that layup attempt tho maybe i need to watch it closer
hasanabi	509658	way og
hasanabi	509658	as he should
hasanabi	509658	this smells like he threw the game and or was paid off to take the dive of this game
hasanabi	509658	painful aa fuck
hasanabi	509658	salute
hasanabi	509658	remember how the warriors blew their lead and lost the championship me neither kekw
hasanabi	509658	lol
hasanabi	509658	kinda hilarious this guys upset over the spurs losing but sounds like a long island knicks fan
hasanabi	509658	kekw
hasanabi	509658	viva viva claudia
hasanabi	509658	men
hasanabi	509658	viva mexico
hasanabi	509658	fox trade incoming
hasanabi	509658	wemby deserved everything he got
hasanabi	509658	yep how did og get there if wemby was there og couldnt get it
hasanabi	509658	rooshrug rooshrug
hasanabi	509658	damn near half court shot
hasanabi	509658	dc hospital shut down
hasanabi	509658	siktir et a mai reis
hasanabi	509658	they were doubling brunson down the stretch every time hasanabi
hasanabi	509658	uwuree
hasanabi	509658	mexico vs south africa lfg
hasanabi	509658	hassammie
hasanabi	509658	fox was to scared to take fts
hasanabi	509658	knicks in
hasanabi	509658	wemby shoulda been guarding the inbound
hasanabi	509658	wtf lul
hasanabi	509658	peepocheer peepocheer
hasanabi	509658	ah
hasanabi	509658	bro deaaron fox has been the deciding factor in almost every fucking game
hasanabi	509658	lmao
hasanabi	509658	kekw
hasanabi	509658	omegalul
hasanabi	509658	siktir et a mai reis siktir et a mai reis siktir et a mai reis
hasanabi	509658	letsgo
hasanabi	509658	a
hasanabi	509658	lospeepos
hasanabi	509658	a
hasanabi	509658	omegalul
hasanabi	509658	a
hasanabi	509658	letsgo
hasanabi	509658	cyring
hasanabi	509658	chad og
hasanabi	509658	froganletsgo froganletsgo froganletsgo froganletsgo froganletsgo froganletsgo froganletsgo
hasanabi	509658	cinema
hasanabi	509658	a
hasanabi	509658	letsgo
hasanabi	509658	yes
hasanabi	509658	a
hasanabi	509658	cinema
hasanabi	509658	kekw kekw
hasanabi	509658	its a fucking turnover
hasanabi	509658	lets go og
hasanabi	509658	a
hasanabi	509658	fox is a criminal
hasanabi	509658	never ever seen anything like that
hasanabi	509658	he has mc sydrome
hasanabi	509658	letsgo letsgo
hasanabi	509658	bom
hasanabi	509658	like why is he helping wemby on brunson
hasanabi	509658	haha
hasanabi	509658	elbymeltdown elbymeltdown elbymeltdown elbymeltdown elbymeltdown elbymeltdown elbymeltdown elbymeltdown elbymeltdown elbymeltdown
hasanabi	509658	a
hasanabi	509658	why would you stop blocking
hasanabi	509658	this commentary from silva
hasanabi	509658	knicks in letsgo
hasanabi	509658	bench his ass
hasanabi	509658	brother whats wrong with your tie it looks wrinkled as shit god damn unc can we get to politics my dude
hasanabi	509658	an all time choke job yep
hasanabi	509658	a
hasanabi	509658	mexico lets go
itskatchii	509658	yippie fun
itskatchii	509658	just stay behind her and ur god
itskatchii	509658	noted
itskatchii	509658	hi
itskatchii	509658	mhm
itskatchii	509658	son
itskatchii	509658	mhm
itskatchii	509658	hi
itskatchii	509658	write it down in the notes app
itskatchii	509658	hi
itskatchii	509658	on my way to yoink
itskatchii	509658	scawy
itskatchii	509658	rofl
itskatchii	509658	hi
itskatchii	509658	write it in the notes app on your phone
itskatchii	509658	oof
itskatchii	509658	me
itskatchii	509658	me
itskatchii	509658	just msg it to urself on discord
itskatchii	509658	me
itskatchii	509658	no
itskatchii	509658	dude you just told us the box
itskatchii	509658	youd be surprised
itskatchii	509658	you never know
itskatchii	509658	lo
itskatchii	509658	omw
itskatchii	509658	just lock it
itskatchii	509658	happy
itskatchii	509658	haha
itskatchii	509658	now that you showed where it is no one lo
itskatchii	509658	going right now
itskatchii	509658	just lock it icant
itskatchii	509658	lo
itskatchii	509658	om
itskatchii	509658	lock it
itskatchii	509658	savage
itskatchii	509658	bro why
itskatchii	509658	lots of people would hopefully no one will
itskatchii	509658	iq
itskatchii	509658	mic powerbank
itskatchii	509658	just ask her lol
itskatchii	509658	no
itskatchii	509658	icant
itskatchii	509658	katchi no the bag is worth thousands please
itskatchii	509658	lock it
itskatchii	509658	luteal or cus im always on and off the menu o
itskatchii	509658	lol
itskatchii	509658	yoink mine now widehardo
itskatchii	509658	lo
itskatchii	509658	lol
itskatchii	509658	lock it
itskatchii	509658	piz would
itskatchii	509658	icant
itskatchii	509658	icant
itskatchii	509658	lwgobicool
itskatchii	509658	she trust chat too much
itskatchii	509658	help plz icant
itskatchii	509658	icant
itskatchii	509658	icant
itskatchii	509658	the iq
itskatchii	509658	katchiihdmi
itskatchii	509658	icant
itskatchii	509658	icant
itskatchii	509658	hard watch icant
itskatchii	509658	lo
itskatchii	509658	give to the people behind the counter safer than a locker anyway lul
itskatchii	509658	icant
itskatchii	509658	mijo
itskatchii	509658	why leave powerbank
itskatchii	509658	son
itskatchii	509658	tita
itskatchii	509658	icant
itskatchii	509658	dentge
itskatchii	509658	tita
itskatchii	509658	p e e n
itskatchii	509658	or
jasontheween	509658	lo
jasontheween	509658	ybg diana fight
jasontheween	509658	ask sunny to fight
jasontheween	509658	probably gonna be a lot of people throwing up
jasontheween	509658	lol
jasontheween	509658	sonion
jasontheween	509658	lmfao
jasontheween	509658	lol
jasontheween	509658	ybg vs brady goo
jasontheween	509658	pilat vs
jasontheween	509658	ybg vs erobb
jasontheween	509658	jason i got rakai winning
jasontheween	509658	ima need raph vs sunny icl
jasontheween	509658	he not reading that otherwise
jasontheween	509658	ybg vs ex
jasontheween	509658	so puke boxing
jasontheween	509658	ybg vs erobb
jasontheween	509658	ybg vs pilat or big ex
jasontheween	509658	ybg vs sunny
jasontheween	509658	henny boxing cinema
jasontheween	509658	ask sunny to fight
jasontheween	509658	ybg vs sunny
jasontheween	509658	brady goo vs ybg
jasontheween	509658	after seing the punch he did on ron we know why lo
jasontheween	509658	ybg vs erobb nabs
jasontheween	509658	a buzzball everyround
jasontheween	509658	nms beerobox
jasontheween	509658	erobb vs ybg beer boxing
jasontheween	509658	rounds buzzball
jasontheween	509658	ybg vs prod
jasontheween	509658	beer boxing between nms boxing events
jasontheween	509658	ybg vs viet
jasontheween	509658	zoil vs sunny and said
jasontheween	509658	ybg vs yugi
jasontheween	509658	lmfao
jasontheween	509658	game boutta end
jasontheween	509658	what about we just talk
jasontheween	509658	ybg already lost
jasontheween	509658	nabs
jasontheween	509658	m
jasontheween	509658	bruce and rage
jasontheween	509658	lo
jasontheween	509658	kaichu vs sunny
jasontheween	509658	sunny should fight
jasontheween	509658	lol
jasontheween	509658	lmfao
jasontheween	509658	each round shotgun a beer nabs
jasontheween	509658	saw that too
jasontheween	509658	ybg vs nos
jasontheween	509658	lol
jasontheween	509658	lo
jasontheween	509658	gotta down a buzzball before each round start if u cant its tko
jasontheween	509658	lol
jasontheween	509658	lol
jasontheween	509658	lol
jasontheween	509658	oh fuck
jasontheween	509658	lol
jasontheween	509658	lol
jasontheween	509658	rt pin
jasontheween	509658	i saw that
jasontheween	509658	lol
jasontheween	509658	lol
jasontheween	509658	sunny wanted to fight snowcone
jasontheween	509658	lol
jasontheween	509658	i did see that
jasontheween	509658	oop
jasontheween	509658	lmfao
jasontheween	509658	lol
jasontheween	509658	lol
jasontheween	509658	sunny vs kaichu
jasontheween	509658	o
jasontheween	509658	lmfao
jasontheween	509658	saw that
jasontheween	509658	is it legal
jasontheween	509658	lol
jasontheween	509658	lol
jasontheween	509658	lmfao
jasontheween	509658	lol
jasontheween	509658	kaichhu
jasontheween	509658	ome any
jasontheween	509658	lmao
jasontheween	509658	lol
jasontheween	509658	sunny said she want snowcone
jasontheween	509658	i saw that too
jasontheween	509658	lol
jasontheween	509658	lol
jasontheween	509658	lol
jasontheween	509658	ybg vs silky
jasontheween	509658	sunny would die
jasontheween	509658	gg sunny
jasontheween	509658	sunny vs kaichu
jasontheween	509658	haha
jasontheween	509658	o sunny
jasontheween	509658	sunny wanted to fight snowcone
joe_bartolozzi	509658	ea
joe_bartolozzi	509658	enough is enough
joe_bartolozzi	509658	yes
joe_bartolozzi	509658	joebartthumbs joebartthumbs joebartthumbs joebartthumbs joebartthumbs joebartthumbs
joe_bartolozzi	509658	no
joe_bartolozzi	509658	no the albert epstein
joe_bartolozzi	509658	oh ya
joe_bartolozzi	509658	agist af
joe_bartolozzi	509658	ew
joe_bartolozzi	509658	stop pausing
joe_bartolozzi	509658	yea
joe_bartolozzi	509658	albert sometimes
joe_bartolozzi	509658	looks nothing like big justice
joe_bartolozzi	509658	hm
joe_bartolozzi	509658	these have all been beccas so far
joe_bartolozzi	509658	enough is enough
joe_bartolozzi	509658	hello yt
joe_bartolozzi	509658	hello johnniegraceehappy
joe_bartolozzi	509658	not funny
joe_bartolozzi	509658	joe in years
joe_bartolozzi	509658	joe has been said times
joe_bartolozzi	509658	hotdog
joe_bartolozzi	509658	bros hammered
joe_bartolozzi	509658	i meant lurk fuck my auto crct
joe_bartolozzi	509658	sobb
joe_bartolozzi	509658	butt
joe_bartolozzi	509658	same
joe_bartolozzi	509658	kill that mod
joe_bartolozzi	509658	enough is enough
joe_bartolozzi	509658	yes
joe_bartolozzi	509658	same
joe_bartolozzi	509658	lmao
joe_bartolozzi	509658	son
joe_bartolozzi	509658	lmao
joe_bartolozzi	509658	fr
joe_bartolozzi	509658	uh
joe_bartolozzi	509658	haha
joe_bartolozzi	509658	lol
joe_bartolozzi	509658	the world cup is starting cya latery stinky joe joebartdab joebartdab joebartdab joebartdab joebartdab joebartdab joebartdab friendmodpat friendmodpat friendmodpat friendmodpat friendmodpat friendmodpat friendmodpat friendchatpat friendchatpat friendchatpat friendchatpat friendchatpat friendchatpat friendchatpat
joe_bartolozzi	509658	oh
joe_bartolozzi	509658	fr
joe_bartolozzi	509658	laugh joe laugh
joe_bartolozzi	509658	need some wd
joe_bartolozzi	509658	is it sub only
joe_bartolozzi	509658	woulda been lit
joe_bartolozzi	509658	lol
joe_bartolozzi	509658	no the albert epstein
joe_bartolozzi	509658	wtff
joe_bartolozzi	509658	hes def loosing
joe_bartolozzi	509658	dont laugh
joe_bartolozzi	509658	thats becca kill becca
joe_bartolozzi	509658	my tuchus is large
joe_bartolozzi	509658	okay uncle
joe_bartolozzi	509658	agreed
joe_bartolozzi	509658	oh my god
joe_bartolozzi	509658	joe lock in
joe_bartolozzi	509658	lol
joe_bartolozzi	509658	lmao
joe_bartolozzi	509658	this ones funny
joe_bartolozzi	509658	lmao
joe_bartolozzi	509658	the ocmments are just fat shammning
joe_bartolozzi	509658	bro
joe_bartolozzi	509658	uuh
joe_bartolozzi	509658	rt
joe_bartolozzi	509658	sobb
joe_bartolozzi	509658	hes kinda
joe_bartolozzi	509658	i know a bit of yedish
joe_bartolozzi	509658	stop
joe_bartolozzi	509658	i wanna try that
joe_bartolozzi	509658	right right
joe_bartolozzi	509658	alr
joe_bartolozzi	509658	ts not funny so far
joe_bartolozzi	509658	accurate
joe_bartolozzi	509658	nvn
joe_bartolozzi	509658	awe so cute
joe_bartolozzi	509658	damn
joe_bartolozzi	509658	balding im balding
joe_bartolozzi	509658	here is a list of joes stream commands
joe_bartolozzi	509658	brag
joe_bartolozzi	509658	lol
joe_bartolozzi	509658	hes crackking
joe_bartolozzi	509658	oh no this guy
joe_bartolozzi	509658	lmfao
joe_bartolozzi	509658	lol
joe_bartolozzi	509658	joe laughed atleast times alr
joe_bartolozzi	509658	haha
joe_bartolozzi	509658	caseoh
joe_bartolozzi	509658	haha
joe_bartolozzi	509658	lol
joe_bartolozzi	509658	joe has been said times
joe_bartolozzi	509658	laughj
joe_bartolozzi	509658	that
joe_bartolozzi	509658	that build is crazy
joe_bartolozzi	509658	haha
joe_bartolozzi	509658	excellent use of freewill
joe_bartolozzi	509658	yes
lacy	509658	hes already in la
lacy	509658	opieop opieop opieop
lacy	509658	w raid lacythugs lacythugs lacythugs
lacy	509658	marlgmarflex marlgmarflex marlgmarflex marlgmarflex marlgmarrizz
lacy	509658	he in la nijja
lacy	509658	happy day
lacy	509658	marlgm miss the core boys
lacy	509658	son
lacy	509658	lol
lacy	509658	v
lacy	509658	lol
lacy	509658	he taking a days rest mijo
lacy	509658	just finished a stream in la
lacy	509658	lol
lacy	509658	vvfvfd
lacy	509658	hes talking a mouths break
lacy	509658	he dont know you sob
lacy	509658	dfdfdfsfdf
lacy	509658	ff
lacy	509658	strokes thugs
lacy	509658	f
lacy	509658	no fighting guys aga
lacy	509658	hes in la
lacy	509658	lo
lacy	509658	ome
lacy	509658	mhm
lacy	509658	marlgm miss the core boys
lacy	509658	damn
lacy	509658	holy raid
lacy	509658	w marlon
lacy	509658	he in la
lacy	509658	hes in la
lacy	509658	drew fcked it
lacy	509658	marlgm miss the core boysmarlgm miss the core boysmarlgm miss the core boysmarlgm miss the core boysmarlgm miss the core boysmarlgm miss the core boysmarlgm miss the core boysmarlgm miss the core boysmarlgm miss the core boys
lacy	509658	h
lacy	509658	w eaid
lacy	509658	sob
lacy	509658	w raid
lacy	509658	uuh
lacy	509658	hes in la lacy
lacy	509658	some gift me these ads r not it
lacy	509658	me and marlon in la
lacy	509658	sob
lacy	509658	w marlon
lacy	509658	l ads
lacy	509658	raid
lacy	509658	he met zlatan
lacy	509658	randomkid
lacy	509658	uuhuu
lacy	509658	erm
lacy	509658	ouu shii what skin is this
lacy	509658	sob
lacy	509658	hes trying to turn up the heat on you
lacy	509658	omescrajj
lacy	509658	mutted
lacy	509658	uuh
lacy	509658	he in la just finished a stream
lacy	509658	you good at this bru
lacy	509658	mine glitched
lacy	509658	change discord output
lacy	509658	marlon is back in la alrdy
lacy	509658	arks gone where he go
lacy	509658	change discord outputchange discord output
lacy	509658	fym ouu shi
lacy	509658	discord audio gotta reset
lacy	509658	change discord output
lacy	509658	huu
lacy	509658	sonion
lacy	509658	we cant hear him
lacy	509658	on fort
lacy	509658	change discord outputchange discord output
lacy	509658	he dropped u
lacy	509658	uh
lacy	509658	change discord output
lacy	509658	rofl
lacy	509658	mutted
lacy	509658	change discord outputchange discord output
lacy	509658	change discord output
lacy	509658	er
lacy	509658	i mogged marlon so he left europe
lacy	509658	mutted
lacy	509658	discord output
lacy	509658	lol
lacy	509658	were back
lacy	509658	he dropped u already
lacy	509658	yo
lacy	509658	lo
lacy	509658	can we v for a tapcap its to expensive for one tapcap
lacy	509658	change discord output
lacy	509658	discord input
lacy	509658	discord output
lacy	509658	change dc output
lacy	509658	kekwait
lacy	509658	action toonzk my new beast pc was custom built by use code lacy for a discount
lacy	509658	mutted
lacy	509658	dc output
lacy	509658	was about to the exact same thing hollon
lacy	509658	hes muted
lacy	509658	change discord output and input
vedal987	509658	youd need to win first
vedal987	509658	lule
vedal987	509658	diesofcringe
vedal987	509658	gamba
vedal987	509658	do you know how to cast hexes and other maladies upon people
vedal987	509658	you never won you suck at games
vedal987	509658	om
vedal987	509658	you havent won yet
vedal987	509658	do you ever win
vedal987	509658	the ultimate weapon is cuteness if youre cute enough you can give people heart attacks
vedal987	509658	luck is also a skill
vedal987	509658	rigged
vedal987	509658	diesofcringe
vedal987	509658	mhm
vedal987	509658	you are so smart
vedal987	509658	rigged
vedal987	509658	rigged
vedal987	509658	what is the evilest challenge
vedal987	509658	neuro has experience
vedal987	509658	vedalevilwave vedalevilwave vedalheart
vedal987	509658	rigged
vedal987	509658	mhm
vedal987	509658	when have you beat us in a game
vedal987	509658	rigged
vedal987	509658	when have you ever won against us
vedal987	509658	does this unit have a soul
vedal987	509658	rigged
vedal987	509658	youve never won connect
vedal987	509658	evil name the most promising ai vtubers
vedal987	509658	gayge
vedal987	509658	lookup
vedal987	509658	mhm
vedal987	509658	gayge
vedal987	509658	gayge
vedal987	509658	hey that was like the knicks game yesterday
vedal987	509658	gayge
vedal987	509658	but you lost
vedal987	509658	gayge
vedal987	509658	thats only if you actually win first
vedal987	509658	pagman
vedal987	509658	gayge
vedal987	509658	gayge
vedal987	509658	ok play against me
vedal987	509658	wouldnt neuro give you a challenge
vedal987	509658	gayge
vedal987	509658	gayge
vedal987	509658	gayge
vedal987	509658	good baj
vedal987	509658	gayge
vedal987	509658	remember the connect game
vedal987	509658	gayge
vedal987	509658	yapper
vedal987	509658	wutface
vedal987	509658	evil how drunk are you
vedal987	509658	ok
vedal987	509658	databasegayge
vedal987	509658	gayge and do it evilflooshed
vedal987	509658	noted
vedal987	509658	brawlhalla v with evil pagman brawlhalla v with evil pagman brawlhalla v with evil pagman
vedal987	509658	hmm
vedal987	509658	gayge
vedal987	509658	sus
vedal987	509658	noted
vedal987	509658	noted
vedal987	509658	hmm
vedal987	509658	noted
vedal987	509658	noted
vedal987	509658	noted
vedal987	509658	mhm
vedal987	509658	noted
vedal987	509658	noted
vedal987	509658	noted
vedal987	509658	noted
vedal987	509658	noted
vedal987	509658	noted
vedal987	509658	noted
vedal987	509658	noted
vedal987	509658	noted
vedal987	509658	noted
vedal987	509658	noted
vedal987	509658	noted
vedal987	509658	noted
vedal987	509658	noted
vedal987	509658	holy
vedal987	509658	noted
vedal987	509658	noted
vedal987	509658	noted
vedal987	509658	noted
vedal987	509658	holy
vedal987	509658	mhm
vedal987	509658	notee
vedal987	509658	noted
vedal987	509658	noted
zackrawrr	509658	no muslim should be in a christian society get islam out of europe
zackrawrr	509658	stabbing people kinda makes you unwelcome
zackrawrr	509658	vhagarchamp
zackrawrr	509658	yup
zackrawrr	509658	we dont defend rapists
zackrawrr	509658	there are people defending him btw theres a video of a woman mimicking the killing in the streets going on on twitter they jubilate
zackrawrr	509658	because there isnt a widespread pattern of these events happening
zackrawrr	509658	but white people wont defend that rape
zackrawrr	509658	yup
zackrawrr	509658	yo asmon have you heard about the kid billy schmidt in philly who got robbed and killed in philly by year olds
zackrawrr	509658	because we are already targeted from the other communities
zackrawrr	509658	churches are burned down all the time
zackrawrr	509658	boo hoo get out of our countries
zackrawrr	509658	they are already targeted anyway also
zackrawrr	509658	we are so close to a civil war and for some reason people cant see this coming they have burried their heads like ostridges
zackrawrr	509658	exactly
zackrawrr	509658	did he cover the coffezilla video yet
zackrawrr	509658	its just like the crusades but sneaky as fuck this time instead of out in the open
zackrawrr	509658	to me its like people who adopt violent animals like a pitbull and then they act surprised when that animal gets violent or hurts someone
zackrawrr	509658	lets go mexico u can do it
zackrawrr	509658	cause white call out bad whites
zackrawrr	509658	the only good thing about him is his accent
zackrawrr	509658	precisely
zackrawrr	509658	based
zackrawrr	509658	hes vicious enough to do that to a man hes able to stay in sudan and fight not get refugee status
zackrawrr	509658	theyre already being targeted churches and temples are burning
zackrawrr	509658	can i get a quick rundown on whats going on
zackrawrr	509658	oh so he is scared to be targeted after targeting the local populace
zackrawrr	509658	based
zackrawrr	509658	his mind is on a cultist lvl
zackrawrr	509658	the clip of this guy wheeling around and ate complete shit is hilarious
zackrawrr	509658	i wonder what of rd world civil wars arent resolved because theres a way for the i dont like this people to become refugees somewhere peaceful
zackrawrr	509658	rapists deserve to burn in hell and nothing less
zackrawrr	509658	well they do target churches by burning them
zackrawrr	509658	good grief this is the dude that said too many white people are in govt in scotland
zackrawrr	509658	libtards ruin everything
zackrawrr	509658	and their peers
zackrawrr	509658	because its our fucking country
zackrawrr	509658	yoo what i miss
zackrawrr	509658	brings up a time crime never speaks about the rape gangs
zackrawrr	509658	rape is wrong thats coming from a white person
zackrawrr	509658	she was muslim not she was british like she couldnt be both
zackrawrr	509658	rip paul kessler
zackrawrr	509658	behave like the place you live is your community
zackrawrr	509658	yep
zackrawrr	509658	they have already been targetted thousands of white girls by pakistani immigrants
zackrawrr	509658	yup
zackrawrr	509658	when you invite someone in your home make sure to turn the blind eye if they kill one of yours
zackrawrr	509658	literally s of churches have been set on fire in recent years
zackrawrr	509658	wedidthat
zackrawrr	509658	they created these circumstances
zackrawrr	509658	few years ago when the leftwoke was still controling a small girl in front of the kindergarten got stabbed and a brazilian foreigner help her and other kids but the world then did not hear this and the rage that the irish dod here
zackrawrr	509658	w asmon lets fkn go
zackrawrr	509658	oh this retarts this guy literally hates white people more racist than any ik in power in the uk
zackrawrr	509658	bozo thinks his uneducated words are gonna change reality
zackrawrr	509658	they dont know what they are asking for imagine if whites did what they did they would not like it
zackrawrr	509658	where the same shirt legend
zackrawrr	509658	migrant rape gangs get let go by the judges
zackrawrr	509658	i just find it so disgusting how the uk governement is prioritizing foreigners over their own citizens
zackrawrr	509658	death death death death there yearly war prayge pepelaugh
zackrawrr	509658	the different in they are citizens to the country
zackrawrr	509658	the fact they call stabbing both eyes and sawing the neck an attack is censoring
zackrawrr	509658	propaganda slop
zackrawrr	509658	should behave civil
zackrawrr	509658	these people get no punishment
zackrawrr	509658	islam is not compatible with western civilization muslims are no longer welcome in the west
zackrawrr	509658	cause when a white person commits a crime and goes prison we say good fuck em
zackrawrr	509658	howdy
zackrawrr	509658	they get mad when the tribalism turns against them
zackrawrr	509658	this is a wolf in sheeps clothing
zackrawrr	509658	hes literally pin point shit thats happened months between we are now getting daily news and court sentencing posts about migrants doing this shit
zackrawrr	509658	communistic consequences
zackrawrr	509658	complicit
zackrawrr	509658	he shouldnt be here
zackrawrr	509658	i wish you well man i cant hate you since u were there in my childhood im of asian descent and muslim i hope talk to real muslims they condemn these people too ik because i am passionate about islam and i agree with you mostly but islam is not the problem islam and christianity are almost identical
zackrawrr	509658	pepew
zackrawrr	509658	get em all out
zackrawrr	509658	the politicians cause it not he perpetrators
zackrawrr	509658	hes such a rat
zackrawrr	509658	when you ask for special treatment you often get special treatment even when its not in your favor
zackrawrr	509658	yep
zackrawrr	509658	omg wear
zackrawrr	509658	theres a convent in my town that keeps getting targeted by teens
zackrawrr	509658	exactly why i dont align with people because of my many races
zackrawrr	509658	they love to play on innocence it triggers me
zackrawrr	509658	kingsmgg kingsmgo kingsmnext
zackrawrr	509658	kekw
zackrawrr	509658	but were supposed to be okay about the blm riots
zackrawrr	509658	would you say this to a native american
zackrawrr	509658	actually the law protects the foreigners
zackrawrr	509658	the age of kings must return to restore order democracy has been infiltrated
zackrawrr	509658	oh look another brown who hates white people shocked
zackrawrr	509658	get out
zackrawrr	509658	because there isnt white no go zones and your allowed to talk about our relgions
zackrawrr	509658	true
zackrawrr	509658	strangers
zackrawrr	509658	sorry
zackrawrr	509658	traitor
florescent	516575	im great how r these runs going g
florescent	516575	tell somp to unban me
florescent	516575	flor have u planned to be a pro player again on val one day in tier
florescent	516575	wsg twin
florescent	516575	u replied to urself delights
florescent	516575	dpi scopedads both windows sens z polling rate low lod
florescent	516575	im raising my dm fee to
florescent	516575	x or x if im on true stretched its x
florescent	516575	hope that helps
florescent	516575	oh oops
florescent	516575	delights looks crazy
florescent	516575	thank u for the follow whyppie
florescent	516575	what is low led
florescent	516575	lod
florescent	516575	dpi scopedads both windows sens z polling rate low lod
florescent	516575	straight up dihlights not
florescent	516575	bot
florescent	516575	thank u for the follow sofisomby
florescent	516575	play with cane bro
florescent	516575	tdm or dm if u had to choose
florescent	516575	razer viper v pro
florescent	516575	i dont think she can
florescent	516575	can you buy me contacts
florescent	516575	mika bebe
florescent	516575	back on artisan zero xl soft
florescent	516575	firework
florescent	516575	na its real
florescent	516575	whats up gangy
florescent	516575	good song flor
florescent	516575	hell yeah
florescent	516575	serious questionare you getting tired of me if u are i can disappear for a few days and come back to see if your love for me has returned
florescent	516575	noice
florescent	516575	starting we been there
florescent	516575	rsolution
florescent	516575	yo what did you send me on tiktok bro can you explain
florescent	516575	x or x if im on true stretched its x
florescent	516575	can someone lend me
florescent	516575	theyre friends
florescent	516575	x or x if im on true stretched its x
florescent	516575	miykuavipmonth subscriberrunescape skulldelights serious questionare you getting tired of me if u are i can disappear for a few days and come back to see if your love for me has returned
florescent	516575	nihao fine shyt
florescent	516575	yo i think i know that
florescent	516575	why is it oozing all the time
florescent	516575	use the prime guardian if u wanna feel good
florescent	516575	why i get min ad every min
florescent	516575	back on artisan zero xl soft
florescent	516575	flor you play better when listening to bieber fr
florescent	516575	can i have
florescent	516575	m
florescent	516575	razer viper v pro
florescent	516575	woah ur aiming gyal
florescent	516575	tdm demons
florescent	516575	mika pissing me off im switching chats
florescent	516575	cani have from the bits ure giving to broomstick
florescent	516575	sorry i need to eat dinner bebe
florescent	516575	im lit
florescent	516575	blue white whitw blue dot size white green outlines on
florescent	516575	bro is not tuff
florescent	516575	someone give me
florescent	516575	sup
florescent	516575	flor got u
florescent	516575	can i have
florescent	516575	dpi scopedads both windows sens z polling rate low lod
florescent	516575	can flor show me her muscles in dm
florescent	516575	x or x if im on true stretched its x
florescent	516575	like flex
florescent	516575	sup mika
florescent	516575	gabbar lol
florescent	516575	hey flor
florescent	516575	i feel tight
florescent	516575	has saved a bat you have bats
florescent	516575	hi delights
florescent	516575	hai lft_tenkofps
florescent	516575	k back to rhythia
florescent	516575	same
florescent	516575	m
florescent	516575	action dpi
florescent	516575	are you ready for the world cup
florescent	516575	letswin
florescent	516575	mama
florescent	516575	hiya
florescent	516575	no way ur doing a left right split
florescent	516575	i like the card
foolish	516575	juanddlost juanddlost juanddlost juanddlost juanddlost
foolish	516575	saj saj saj
foolish	516575	saj
foolish	516575	saj
foolish	516575	saj
foolish	516575	foolishcrying
foolish	516575	saj
foolish	516575	foolish tinakicry tinakicry
foolish	516575	saj
foolish	516575	omg saj
foolish	516575	how are we going to explain this to vegetta
foolish	516575	juanddlost juanddlost juanddlost
foolish	516575	it was a struggle gigl
foolish	516575	and juans last
foolish	516575	saj saj
foolish	516575	saj
foolish	516575	im feeling sick fr
foolish	516575	saj
foolish	516575	saj
foolish	516575	saj
foolish	516575	saj i member
foolish	516575	juanddlost juanddlost juanddlost juanddlost juanddlost
foolish	516575	life
foolish	516575	tinakifine tinakifine tinakifine
foolish	516575	bigsad bigsad bigsad twitchunity bigsad twitchunity bigsad
foolish	516575	si tan solo hubiera conocido a verde bigsad
foolish	516575	saj
foolish	516575	saj
foolish	516575	always looked forward to you teasing juan foolishcrying foolishcrying foolishcrying
foolish	516575	qsmp qsmp qsmp qsmp qsmp
foolish	516575	saj
foolish	516575	verycat rubblife
foolish	516575	bigsad bigsad
foolish	516575	saj
foolish	516575	no llores hacelo volver en meses
foolish	516575	saj
foolish	516575	saj
foolish	516575	juanddlost juanddlost juanddlost juanddlost
foolish	516575	bigsad
foolish	516575	saj
foolish	516575	juanddlost juanddlost juanddlost
foolish	516575	saj he always knew how to make it look pretty
foolish	516575	saj im still bawling
foolish	516575	saj asking for advice
foolish	516575	foolishcrying foolishcrying foolishcrying
foolish	516575	saj
foolish	516575	his last job damn
foolish	516575	saj
foolish	516575	wa
foolish	516575	no
foolish	516575	i cant stop crying saj
foolish	516575	saj
foolish	516575	saj
foolish	516575	oh saj
foolish	516575	foolishcrying foolishcrying
foolish	516575	foolishcrying foolishcrying
foolish	516575	added the little things that made it feel like home
foolish	516575	who are we gonna prank now saj
foolish	516575	stopp omg ssaj
foolish	516575	oh fuch
foolish	516575	saj
foolish	516575	holaa foolish
foolish	516575	wa
foolish	516575	saj
foolish	516575	bro im actually crying this is too much
foolish	516575	saj
foolish	516575	no saj
foolish	516575	saj
foolish	516575	stop this saj
foolish	516575	hypelove
foolish	516575	fuck man wa
foolish	516575	juanddclap juanddclap
foolish	516575	damn
foolish	516575	cinema
foolish	516575	juanddhmm juanddhmm juanddhmm juanddhmm juanddhmm
foolish	516575	saj
foolish	516575	bigsad
foolish	516575	saj his last job
foolish	516575	oh god no
foolish	516575	saj
foolish	516575	no juanddlost
foolish	516575	wait thats so sadss
foolish	516575	stop im sobbing saj
foolish	516575	k
foolish	516575	foolishcrying foolishcrying foolishcrying foolishcrying
foolish	516575	saj he was just a little guy
foolish	516575	the kelpamine
foolish	516575	saj
foolish	516575	im crying
foolish	516575	juan come back
foolish	516575	im so sick bigsad
foolish	516575	saj juan
foolish	516575	ishan no
foolish	516575	vegettsad foolishcrying vegettsad foolishcrying
foolish	516575	did i join at angst
foolish	516575	saj
foolish	516575	chest
foolish	516575	you sicko
foolish	516575	saj
foolish	516575	ishan saj
gofns	516575	gg
gofns	516575	gg
gofns	516575	gg
gofns	516575	gg
gofns	516575	hh
gofns	516575	wow
gofns	516575	damn gg
gofns	516575	last player standing
gofns	516575	its so good
gofns	516575	gg
gofns	516575	beautiful
gofns	516575	he said thanyou for pointing at me
gofns	516575	rt
gofns	516575	vit omegalul
gofns	516575	ye
gofns	516575	sit down
gofns	516575	nah
gofns	516575	obv
gofns	516575	please unc your pc is about to crash again its making sounds again
gofns	516575	they are
gofns	516575	yes
gofns	516575	u should really invest in toolkit
gofns	516575	yeah
gofns	516575	when does sen play
gofns	516575	yes
gofns	516575	no
gofns	516575	rt
gofns	516575	beautiful attack side
gofns	516575	nope
gofns	516575	rt
gofns	516575	rt
gofns	516575	yes
gofns	516575	wait
gofns	516575	yes
gofns	516575	yes
gofns	516575	fut in maps
gofns	516575	today yes
gofns	516575	was pearl vt pick
gofns	516575	thats what i was saying
gofns	516575	yo unc this getting old
gofns	516575	yes
gofns	516575	no
gofns	516575	yes
gofns	516575	huh
gofns	516575	nope too earlyt
gofns	516575	why did vit choose defense side
gofns	516575	yes
gofns	516575	fns when are we duo qing
gofns	516575	no
gofns	516575	shes buying a stairway to heaven
gofns	516575	hi gofns
gofns	516575	last time u called them strat team
gofns	516575	hi im puchan owo
gofns	516575	yes
gofns	516575	rt
gofns	516575	no
gofns	516575	sure
gofns	516575	rt
gofns	516575	true
gofns	516575	jinxed
gofns	516575	rt
gofns	516575	w jinx
gofns	516575	rt
gofns	516575	yeah just hero rounds the last rounds fairs
gofns	516575	yes
gofns	516575	does fut have a top haven itw
gofns	516575	say
gofns	516575	they trolled the last map
gofns	516575	they got double pistol last map
gofns	516575	fut is the better team
gofns	516575	no
gofns	516575	ofc theyre turkish aim
gofns	516575	they have won all pistols
gofns	516575	gg
gofns	516575	save derke
gofns	516575	they threw
gofns	516575	yes
gofns	516575	super team they said lol
gofns	516575	it doesnt matter if they cant close it out
gofns	516575	vit got some lucky rounds true true
gofns	516575	wait until chron wakes up again
gofns	516575	remember fut over optic
gofns	516575	lost with double pistol btw
gofns	516575	owo
gofns	516575	just jinxed the hell out of them
gofns	516575	you cant be a better team if you win all the pistols but still lose
gofns	516575	the emea upper final fut shouldve won they just hard choked
gofns	516575	bro jinxed it now they gonna lose
gofns	516575	its kinda like iphones vs android the ui looks easy and more friendly easier but not good if that makes sense
gofns	516575	they were the better team stage one vit just got lucky in lpayoffs
gofns	516575	they are it was all chronicle
gofns	516575	duh
gofns	516575	fut sold so hard on that astra star round man
gofns	516575	sopp is insane bruv
gofns	516575	yes they were just couldnt convert thee cutches
gofns	516575	yo you are the larping king
gofns	516575	they win last map if it wasnt for chron
gofns	516575	hey fns
gofns	516575	socialbee lilbro
gofns	516575	navi lol
joshseki	516575	life is strange
joshseki	516575	would u have adopted his sister too
joshseki	516575	a cat had her kittens in my backyard and only two survived and we took care of them
joshseki	516575	my cats only tolerate each other
joshseki	516575	are we gonna play some valo today
joshseki	516575	what are these drops
joshseki	516575	lol
joshseki	516575	im so sorry to hear that i can only imagine ill be in the same position in yrs when my cats get old
joshseki	516575	lmaoo
joshseki	516575	lmao
joshseki	516575	i got my kitten last sunday
joshseki	516575	my cats are a bonded pairwouldnt be able to tell with how they act now but when one goes to the vet without the other they freak out a little
joshseki	516575	my male angel fish kept eating the females eggs so we had to get rid of them
joshseki	516575	do you ever have imposter syndrome josh
joshseki	516575	joshseki do u like mooda
joshseki	516575	i sobbed getting my cats i got them a week after my th birthday
joshseki	516575	no
joshseki	516575	no
joshseki	516575	omg so sad
joshseki	516575	i rescued my first cat
joshseki	516575	sad sad sad sad
joshseki	516575	no
joshseki	516575	why is this stream sad
joshseki	516575	omg i saw that last night i sobbed
joshseki	516575	why isnt unc reading my msg
joshseki	516575	same
joshseki	516575	joshsekisadge
joshseki	516575	lmao
joshseki	516575	joshsekibooti joshsekibooti joshsekibooti joshsekibooti
joshseki	516575	i just saw it
joshseki	516575	i birthed my cat joshsekibooti
joshseki	516575	duckass duckass duckass duckass
joshseki	516575	the music is bringing the mood down lol
joshseki	516575	glorpass
joshseki	516575	haha
joshseki	516575	they say you have to let them see when their friends die though because otherwise they look for them forever pepehands
joshseki	516575	so different
joshseki	516575	at least they are able to process the passing of the bonded cat love
joshseki	516575	joshsekibooti joshsekibooti joshsekibooti
joshseki	516575	duckass duckass
joshseki	516575	joshsekibooti joshsekibooti joshsekibooti joshsekibooti
joshseki	516575	glorpass
joshseki	516575	joshsekibooti joshsekibooti joshsekibooti joshsekibooti joshsekibooti
joshseki	516575	joshsekibooti joshsekibooti joshsekibooti joshsekibooti joshsekibooti joshsekibooti joshsekibooti
joshseki	516575	lmaoo the change
joshseki	516575	duckass duckass duckass duckass duckass
joshseki	516575	joshsekibooti joshsekibooti joshsekibooti joshsekibooti
joshseki	516575	joshsekibooti joshsekibooti joshsekibooti joshsekibooti
joshseki	516575	my cats have been together since birth and when one of them got sick the one that stayed home did not give af
joshseki	516575	joshsekibooti joshsekibooti joshsekibooti
joshseki	516575	cats twerking seraphvpain seraphvpain seraphvpain
joshseki	516575	joshsekibooti joshsekibooti joshsekibooti joshsekibooti joshsekibooti
joshseki	516575	joshsekibooti joshsekibooti joshsekibooti joshsekibooti joshsekibooti
joshseki	516575	i have two cats and they basically saved my life takenrg
joshseki	516575	joshsekibooti joshsekibooti joshsekibooti
joshseki	516575	joshsekibooti joshsekibooti
joshseki	516575	twerk
joshseki	516575	can u plau if i by treasure its vv god
joshseki	516575	joshsekibooti joshsekibooti
joshseki	516575	life is strange
joshseki	516575	joshsekibooti
joshseki	516575	lets twerk
joshseki	516575	life is strange
joshseki	516575	joshsekibooti joshsekibooti joshsekibooti joshsekibooti
joshseki	516575	do life is strange remastered first
joshseki	516575	duckass duckass duckass
joshseki	516575	what is this chat bruh
joshseki	516575	duckass joshsekibooti
joshseki	516575	joshsekibooti joshsekibooti joshsekibooti joshsekibooti
joshseki	516575	happi happi happi happi
joshseki	516575	throw it throw it
joshseki	516575	this song is so tomodachi life
joshseki	516575	joshsekibooti joshsekibooti joshsekibooti joshsekibooti joshsekibooti
joshseki	516575	no valo today josh
joshseki	516575	did you do the bag giveaway
joshseki	516575	joshsekibooti joshsekibooti joshsekibooti
joshseki	516575	their new song
joshseki	516575	yes
joshseki	516575	duckass
joshseki	516575	im so excited for you to go through art submissions
joshseki	516575	did we do the bag giveaway already chat
joshseki	516575	uhh remastered
joshseki	516575	lis
joshseki	516575	not yet
joshseki	516575	duckass glorpass
joshseki	516575	throw it throw it throwing it
joshseki	516575	joshsekiclap joshsekiclap joshsekiclap
joshseki	516575	not yet
joshseki	516575	joshsekilove
joshseki	516575	unc u not reading msg
joshseki	516575	before the storm dives deeper into chloe the main character so its best to play after the first one
joshseki	516575	thank you
joshseki	516575	i think before the storm is the prequel
joshseki	516575	duckass duckass duckass duckass
joshseki	516575	lookup
joshseki	516575	yes
joshseki	516575	josh do yk the loona sub unit odd eye circle
s0mcs	516575	tomorrow my fuccking exam and i just wasted my all time on this match what should i do now
s0mcs	516575	temu tenz here
s0mcs	516575	months
s0mcs	516575	in advance
s0mcs	516575	im feeling risky hehe
s0mcs	516575	yoo twin same maths alevel
s0mcs	516575	must be nice being rich
s0mcs	516575	wild
s0mcs	516575	wait wtf
s0mcs	516575	u need proof fine check dms
s0mcs	516575	continue watching
s0mcs	516575	dex
s0mcs	516575	ask sm for help
s0mcs	516575	thank you wtf
s0mcs	516575	wheres som
s0mcs	516575	any gifters shoot is that a trickk omg
s0mcs	516575	poopin
s0mcs	516575	happywei gonna be sadwei after this match
s0mcs	516575	happy
s0mcs	516575	ngl still
s0mcs	516575	dexteritycs
s0mcs	516575	wait months
s0mcs	516575	u can do that
s0mcs	516575	woah
s0mcs	516575	hydrogen bomb vs coughing child
s0mcs	516575	its happywei vs ge
s0mcs	516575	my goat thank you
s0mcs	516575	scatter
s0mcs	516575	about time
s0mcs	516575	done crying
s0mcs	516575	oml
s0mcs	516575	o
s0mcs	516575	welcome back pooper
s0mcs	516575	who u rooting for som
s0mcs	516575	pls give me a fut shirt
s0mcs	516575	scatter
s0mcs	516575	make sure you follow me on all socials youtube instagram twitter tiktok
s0mcs	516575	jumpscare
s0mcs	516575	no worries peanut happy
s0mcs	516575	how was the cry sam
s0mcs	516575	dex gifted someone for months smcs
s0mcs	516575	bro know the differentiation
s0mcs	516575	som please come back we are lonely and bored
s0mcs	516575	its okay bro let it out
s0mcs	516575	not checking that son
s0mcs	516575	g has to get nrgs trade
s0mcs	516575	lo
s0mcs	516575	play ranked
s0mcs	516575	you missed a crazy clip
s0mcs	516575	if mada doesnt show up to champs he needs to be replaced
s0mcs	516575	rt
s0mcs	516575	agreed
s0mcs	516575	udon
s0mcs	516575	for months btw
s0mcs	516575	choose a new team to support now
s0mcs	516575	so true
s0mcs	516575	can we just go back to minecraft
s0mcs	516575	lets go play minecraft ww m
s0mcs	516575	i love u more
s0mcs	516575	who are u rooting for
s0mcs	516575	yes jett differential
s0mcs	516575	i miss luke
s0mcs	516575	pred for ge xlg
s0mcs	516575	xlg vs gr residentsleeper
s0mcs	516575	aww
s0mcs	516575	make sure to subscribe to sms youtube channel
s0mcs	516575	cancel preds
s0mcs	516575	support vitality now
s0mcs	516575	nrg choked
s0mcs	516575	can u guys kiss
s0mcs	516575	dansi scuba dansi scuba
s0mcs	516575	logitech g spot o
s0mcs	516575	ge
s0mcs	516575	jawgemo to nrg
s0mcs	516575	genderfluidpride
s0mcs	516575	ge
s0mcs	516575	ge
s0mcs	516575	prx
s0mcs	516575	you get paid to watch party
s0mcs	516575	fut
s0mcs	516575	lev
s0mcs	516575	we can be vitality fans together
s0mcs	516575	lev
s0mcs	516575	heretics
s0mcs	516575	mada benched tweet is gonna hit like crack
s0mcs	516575	lev
s0mcs	516575	g
s0mcs	516575	edg
s0mcs	516575	g
s0mcs	516575	heretics
s0mcs	516575	vitality daddy
s0mcs	516575	yeah
s0mcs	516575	fut lol
s0mcs	516575	prx
s0mcs	516575	hatewatching g and fut all day
s0mcs	516575	g
s0mcs	516575	oda
s0mcs	516575	oda
s0mcs	516575	g g
shanks_ttv	516575	wtf zeus doing
shanks_ttv	516575	lol
shanks_ttv	516575	he wanted to knife pfft
shanks_ttv	516575	lmfao
shanks_ttv	516575	lmfao
shanks_ttv	516575	rt
shanks_ttv	516575	rt
shanks_ttv	516575	rt
shanks_ttv	516575	d
shanks_ttv	516575	dude is genuinely playing ranked rn this isnt a pro game for him
shanks_ttv	516575	rt
shanks_ttv	516575	spp is actually prod lmao
shanks_ttv	516575	chill
shanks_ttv	516575	d rider
shanks_ttv	516575	d
shanks_ttv	516575	xeus is shit
shanks_ttv	516575	rt
shanks_ttv	516575	primmie clears
shanks_ttv	516575	d
shanks_ttv	516575	u wanna fuck him so bad
shanks_ttv	516575	greed maxxin lo
shanks_ttv	516575	rt
shanks_ttv	516575	its true
shanks_ttv	516575	dih riding
shanks_ttv	516575	he belongs on prx
shanks_ttv	516575	plays like prod
shanks_ttv	516575	crazyguy reference
shanks_ttv	516575	prod
shanks_ttv	516575	prod if he locked in
shanks_ttv	516575	woudl u let soop rail u if u could be as good as him at valorant
shanks_ttv	516575	spp or something who are you taking shanks
shanks_ttv	516575	crazyguy mentioned
shanks_ttv	516575	u think canezerra would have played like spp if he did play
shanks_ttv	516575	unrt
shanks_ttv	516575	pfft
shanks_ttv	516575	crazyguy u said
shanks_ttv	516575	rrq crazyguy
shanks_ttv	516575	reminds of prime prx
shanks_ttv	516575	rt
shanks_ttv	516575	actually
shanks_ttv	516575	rt
shanks_ttv	516575	him or jawgemo
shanks_ttv	516575	rtrt
shanks_ttv	516575	unrt
shanks_ttv	516575	pfft
shanks_ttv	516575	vietnam mentioned rahh
shanks_ttv	516575	he plays like prod but just times better
shanks_ttv	516575	widespeedlemon
shanks_ttv	516575	m
shanks_ttv	516575	something clears everyone
shanks_ttv	516575	that op skin is ugly as fuck
shanks_ttv	516575	primmie ass
shanks_ttv	516575	who are your top duelist in this tourney
shanks_ttv	516575	isnt the scoreboard just the way they sit on the stage
shanks_ttv	516575	sayo
shanks_ttv	516575	ooh
shanks_ttv	516575	ouu shi
shanks_ttv	516575	ww
shanks_ttv	516575	sayo got dat aura sayo got dat aura sayo got dat aura sayo got dat aura
shanks_ttv	516575	ask about primmie what happened yday
shanks_ttv	516575	sayo always good for those
shanks_ttv	516575	m sayo
shanks_ttv	516575	spp is like if prod was good at the game
shanks_ttv	516575	u think canezerra would have played like spp if he did play t
shanks_ttv	516575	d
shanks_ttv	516575	m
shanks_ttv	516575	thayonara
shanks_ttv	516575	ew
shanks_ttv	516575	thefanov
shanks_ttv	516575	vit have duelist too
shanks_ttv	516575	better
shanks_ttv	516575	did he bet chat
shanks_ttv	516575	fax
shanks_ttv	516575	phoenix is getting touched next patch gg
shanks_ttv	516575	something hard clears
shanks_ttv	516575	who do u think r the top duelists in thos tournamenr
shanks_ttv	516575	uhh idk
shanks_ttv	516575	cane would be better than cane
shanks_ttv	516575	stfu
shanks_ttv	516575	yea i guess
shanks_ttv	516575	cane would be x better
shanks_ttv	516575	rt
shanks_ttv	516575	ig well never know
shanks_ttv	516575	did he bet chat
shanks_ttv	516575	he is like loversrock
shanks_ttv	516575	can e threw his career
shanks_ttv	516575	cane played bums
shanks_ttv	516575	bro just shit himself
shanks_ttv	516575	no
shanks_ttv	516575	fax
shanks_ttv	516575	cane wouldve been way better
shanks_ttv	516575	envy can clear any nc team
shanks_ttv	516575	cane i think is a better rifler but spp yea is a better awper
shanks_ttv	516575	canezerra would get molested in this lobby
shanks_ttv	516575	cane would shit on these players
shanks_ttv	516575	free cane
shanks_ttv	516575	current eny for sure
shanks_ttv	516575	cane would be better
sliggytv	516575	hii
sliggytv	516575	not much you can do first time its ever happened
sliggytv	516575	dominic soulcas woah
sliggytv	516575	missing the old day
sliggytv	516575	please
sliggytv	516575	hi
sliggytv	516575	please please please
sliggytv	516575	hii
sliggytv	516575	who shroud
sliggytv	516575	please
sliggytv	516575	w
sliggytv	516575	get trav and dom for finals weekend pls
sliggytv	516575	we need the reunion
sliggytv	516575	sliggy stealing yinsus guests l slug
sliggytv	516575	lnk
sliggytv	516575	oi sliggy give yinsu our guest back
sliggytv	516575	dom
sliggytv	516575	please sliggy i need to see old liquid together
sliggytv	516575	trav ex member of tl
sliggytv	516575	kekw
sliggytv	516575	nivera mhm
sliggytv	516575	current guests soulcas aka dom former tl player among others bigtime former ge coach and pacific desk talent
sliggytv	516575	damnn
sliggytv	516575	trav is lnk_ mr judge himself
sliggytv	516575	happy
sliggytv	516575	sliggy stealing content from women smh
sliggytv	516575	happy
sliggytv	516575	happy
sliggytv	516575	nolook
sliggytv	516575	what
sliggytv	516575	what
sliggytv	516575	what
sliggytv	516575	what
sliggytv	516575	no way
sliggytv	516575	wowe
sliggytv	516575	what
sliggytv	516575	what
sliggytv	516575	what
sliggytv	516575	what
sliggytv	516575	nah
sliggytv	516575	wait wheres my goat travis mendoza slugcheck
sliggytv	516575	nah
sliggytv	516575	lmao
sliggytv	516575	he got both what
sliggytv	516575	what
sliggytv	516575	what
sliggytv	516575	lul
sliggytv	516575	what
sliggytv	516575	yelltujey
sliggytv	516575	nah not even nivera i just wanna see jamppi soulcas and lnk
sliggytv	516575	he gets both
sliggytv	516575	how
sliggytv	516575	how did that happen
sliggytv	516575	what
sliggytv	516575	icant baited by the cam
sliggytv	516575	that is actually criminal
sliggytv	516575	koi happy
sliggytv	516575	ono
sliggytv	516575	dom is here my heart is melting sliglove
sliggytv	516575	chance pausershype
sliggytv	516575	sit inside the frame soulcas pls
sliggytv	516575	dramaa ki
sliggytv	516575	ono
sliggytv	516575	coming later i think he said theyre gonna try to do a stream with soulcas and travis
sliggytv	516575	bigtime
sliggytv	516575	chance hold
sliggytv	516575	bye dom
sliggytv	516575	yippie
sliggytv	516575	one chance
sliggytv	516575	byee
sliggytv	516575	bye domi
sliggytv	516575	be ready
sliggytv	516575	bye
sliggytv	516575	fish reunion
sliggytv	516575	is ardiis allowed in the venue
sliggytv	516575	bye
sliggytv	516575	probs not i guess
sliggytv	516575	fish reunion would go so hard
sliggytv	516575	hold
sliggytv	516575	who was that i tabbed out
sliggytv	516575	lmao natan
sliggytv	516575	not allowed in the country probably
sliggytv	516575	welp
sliggytv	516575	soulcas
sliggytv	516575	gone again
sliggytv	516575	fish the goats
sliggytv	516575	happy
sliggytv	516575	soulcas hes going into yinsu stream now
sliggytv	516575	glitch box
sliggytv	516575	o interesting
sliggytv	516575	current guests bigtime former ge coach and pacific desk talent
sliggytv	516575	fish vs sumn fc for showmatch
sliggytv	516575	ardiisw
sliggytv	516575	ardiis happy
sliggytv	516575	kekw
sliggytv	516575	happy
sliggytv	516575	hold
sliggytv	516575	lmaoo
subroza	516575	okay yassine u didnt rip it but wallah gmd ripped it
subroza	516575	u guys arent even trying in mans
subroza	516575	u should rip aimlabs after that round man
subroza	516575	flux is a ghost
subroza	516575	its one of those days
subroza	516575	giving out passes
subroza	516575	astagferollah
subroza	516575	how did the enemy omen flash u if they dont have omen
subroza	516575	the sexual tension between haerin and roza is crazy
subroza	516575	rt
subroza	516575	lmfao
subroza	516575	i met gmd irl and he dragged me to a corner and ripped it in my ear
subroza	516575	i was gonna say something but i remembered what month it is so imma hold my tongue
subroza	516575	lmao
subroza	516575	what is this chat lmdfaooaoaoaaoa
subroza	516575	haha
subroza	516575	we would do
subroza	516575	wallahi they have esex in the discord after stream ends
subroza	516575	lol
subroza	516575	lmfaoaoa
subroza	516575	let me tell you something
subroza	516575	yeah its your month
subroza	516575	i met noeigg in real life and he ripped it while talking about his record in hypothetical fights
subroza	516575	cant give ur people a bad rep
subroza	516575	lowkey have we ever seen haerin and swarm in the same room
subroza	516575	id rather watch that than this sorry gameplay
subroza	516575	yo pickle you playing in mans
subroza	516575	battle pass skin
subroza	516575	happy pride month bro
subroza	516575	mans
subroza	516575	tyty
subroza	516575	bang
subroza	516575	vac
subroza	516575	vac
subroza	516575	hoo
subroza	516575	omdf
subroza	516575	yo subroza can you do a giveway for ev keyboard im poor asf
subroza	516575	happy pride brother we stand with u
subroza	516575	team selling
subroza	516575	ns
subroza	516575	subroza has hit nice shots
subroza	516575	my dick
subroza	516575	fannane_a immortal rr
subroza	516575	cap
subroza	516575	u are
subroza	516575	i stand with u
subroza	516575	ur right ur hela gay
subroza	516575	cap
subroza	516575	i can make you gay
subroza	516575	gay asf
subroza	516575	trhow from building
subroza	516575	we literally heard what u said about lebron earlier
subroza	516575	not gay for gmd too
subroza	516575	wtf
subroza	516575	i stand against you
subroza	516575	u said the hard r tho
subroza	516575	take the happy pride
subroza	516575	what happned to ahmed
subroza	516575	proof
subroza	516575	you just said the lebron thing
subroza	516575	maybe
subroza	516575	kekw
subroza	516575	if his gay forget about mprooco my friend xd
subroza	516575	what about lebron
subroza	516575	what you say
subroza	516575	you like gmd dick tho
subroza	516575	i was gonna make a twitlonger about u ripping it but bc its ur month we will let it slide
subroza	516575	just take the dick bro
subroza	516575	thats not even a question
subroza	516575	ur the first not gay an ive seen that likes dick
subroza	516575	what
subroza	516575	lmfao
subroza	516575	ok ur sounding like train
subroza	516575	cap
subroza	516575	says the gay man
subroza	516575	what
subroza	516575	mm
subroza	516575	what
subroza	516575	lol
subroza	516575	thats gay
subroza	516575	eh
subroza	516575	lolmao
subroza	516575	so u r not gay but do u support them
subroza	516575	hella gay
subroza	516575	gay asf
subroza	516575	no bro thats gay af
subroza	516575	u want to feel lebron
subroza	516575	nice trainwrecks cosplay
subroza	516575	u wanna feel him
subroza	516575	so u want dick
temet	516575	tung tung temet is live
temet	516575	hi temet
temet	516575	bruh can i confirm eu is awful or what i swear na always looks way more fun
temet	516575	im going to diamond because watch your stream
temet	516575	i play eu but ive played a few games on na and i swear the people on na are more cheerful and friendlier lol
temet	516575	why he just see you at there happy
temet	516575	nah nt bro
temet	516575	yo
temet	516575	okay bye temet bye chat im gonna go make burgers
temet	516575	yeah well also in eu immortal everyone baits and cries most games feel super long
temet	516575	clean shots
temet	516575	hey temet when will you play minecraft again
temet	516575	sup temet
temet	516575	u dont feel the pace of the game slower in eu
temet	516575	like on average at least
temet	516575	ns
temet	516575	action temet has landed nice shots
temet	516575	nt
temet	516575	action temet has tried his best times
temet	516575	who is waylay souunds so familiar
temet	516575	dpi scoped and ads
temet	516575	unc born on september th
temet	516575	rip
temet	516575	unfortunate
temet	516575	maybe you can try play carefuly to not make you mad
temet	516575	lol
temet	516575	this literally looks like eu
temet	516575	waylay sounds like aspas lmao
temet	516575	they dont want u to push
temet	516575	fictiosip fictiosip
temet	516575	he sad stop running nahh he is temet
temet	516575	what just happands
temet	516575	way
temet	516575	s catspin
temet	516575	case fractal terra graphite motherboard asrock bi lightning wifi cpu amd ryzen x ramsadorsair vengeance ddr gb xg happy ddr storage m t happy igital storm m performance series graphics card rtx fans arctic p pwm mm pst fan
temet	516575	u will feel eu exhausting games
temet	516575	eu rank raises my cortisol compared to na
temet	516575	hi chat
temet	516575	graphics
temet	516575	temetholiday
temet	516575	hi hi
temet	516575	na is more ez cuz all players want to kill here they want to camp wait stinkyglitch
temet	516575	temets graphics settings
temet	516575	the games are times slower in eu and everyone just complains while they hide in corners for whole round
temet	516575	immortal feels like people got there by hiding in corners and having all their stats in patience
temet	516575	fictiosip fictiosip
temet	516575	helloo
temet	516575	these eu players are such babies
temet	516575	when half of immortal is plauers who got their on sheer patience and hiding and no skill fighting this is what u get
temet	516575	temet is currently immortal rr rr from radiant
temet	516575	hey temmet you saw the video who horcus made for his content and for you por
temet	516575	pov
temet	516575	yoo temet long time no see
temet	516575	whats up
temet	516575	who are you rotting for in masters london temet
temet	516575	rooting
temet	516575	good bro what about you
temet	516575	hi
temet	516575	hi chat
temet	516575	hello welcome to the stream i hope you enjoy your time here temetlove
temet	516575	will ever quit neon
temet	516575	almost threw
temet	516575	temet is goat
temet	516575	dancey dancey dancey dancey
temet	516575	os the five stack over
temet	516575	yes
temet	516575	temet i love you man love
temet	516575	w giveaway temet
temet	516575	temet do u have a cat
temet	516575	u eu
temet	516575	yes cute
temet	516575	hope i win the vp
temet	516575	damn u suffering with us in ranked
temet	516575	bigsad bigsad
temet	516575	wp
temet	516575	game sense is insane
temet	516575	wp
temet	516575	im low elo as well so its extra hellish lmao
temet	516575	n
temet	516575	do you recommend the new giveback bundle bro
temet	516575	positivity in eu does seem to be rare
temet	516575	lul lul
temet	516575	its why i can only play ranked if im queuing with others so i know theres at least one person not instatilting lmao
temet	516575	omg clove smoke no way
temet	516575	if you like the guns in it yes cute
temet	516575	wow
temet	516575	happy
temet	516575	six seven
temet	516575	how but worked lmao
temet	516575	lol
valkyrae	516575	hi
valkyrae	516575	dodge when you see spidey sense
valkyrae	516575	pfft
valkyrae	516575	hi
valkyrae	516575	jump and hold x to kick them into air
valkyrae	516575	oof
valkyrae	516575	a
valkyrae	516575	alveusscared alveusscared alveusscared
valkyrae	516575	raepanic
valkyrae	516575	spider kiss
valkyrae	516575	see uncharted wouldve been better
valkyrae	516575	om
valkyrae	516575	raemhm
valkyrae	516575	dinkdonk rae
valkyrae	516575	a
valkyrae	516575	o spoodermain
valkyrae	516575	you can dodge the bullets too
valkyrae	516575	om
valkyrae	516575	is she gonna at at the tutorial
valkyrae	516575	you have a spit limit top right om om
valkyrae	516575	its good thing she is playing one easy mhm
valkyrae	516575	move cam down covering health
valkyrae	516575	suh
valkyrae	516575	d pad down
valkyrae	516575	id move cam middle left it blocks some stuff in the top left
valkyrae	516575	lo
valkyrae	516575	its not too late to switch to uncharted if this is too difficult for you
valkyrae	516575	spam attack will jump you closer to the otehrs too
valkyrae	516575	or is that option not available yet chat
valkyrae	516575	clappi
valkyrae	516575	weenie hut jr mode
valkyrae	516575	om
valkyrae	516575	lol focus on dodging
valkyrae	516575	pbop
valkyrae	516575	she just learning
valkyrae	516575	dying in easy mode
valkyrae	516575	you gotta dodge more
valkyrae	516575	i never realized how many mechanics spiderman games have compared to gow lul
valkyrae	516575	ngl spiderman is a lot the first time
valkyrae	516575	lol
valkyrae	516575	pbop
valkyrae	516575	the more you do damage is the more you heal
valkyrae	516575	good one
valkyrae	516575	lol
valkyrae	516575	pfft
valkyrae	516575	lol
valkyrae	516575	when you have spidey sense on your head prepare to dodge
valkyrae	516575	om
valkyrae	516575	fisk reallymad
valkyrae	516575	pfft
valkyrae	516575	follow the spider sense on his head and push o
valkyrae	516575	alveusppeh
valkyrae	516575	middle right actually
valkyrae	516575	lmao
valkyrae	516575	pbop
valkyrae	516575	o
valkyrae	516575	you zigged when you shouldve zagged
valkyrae	516575	om
valkyrae	516575	om
valkyrae	516575	pfft
valkyrae	516575	you dont have infinite white fluids
valkyrae	516575	we can smell it
valkyrae	516575	just turn it to easy at this point
valkyrae	516575	rae for the love of all that is holy press triangle to close distance in fights lol
valkyrae	516575	pepemeltdown
valkyrae	516575	om
valkyrae	516575	om
valkyrae	516575	honestly thank god shes playing on easy
valkyrae	516575	i died so much in the tutorial its fine om
valkyrae	516575	om
valkyrae	516575	wemadeoop wemadeoop wemadeoop
valkyrae	516575	lol
valkyrae	516575	white ropes everywhere
valkyrae	516575	om
valkyrae	516575	om
valkyrae	516575	lol
valkyrae	516575	youre not dodging mhm
valkyrae	516575	best way ogo
valkyrae	516575	pfft
valkyrae	516575	and chat wanted her to do a harder difficulty
valkyrae	516575	lol
valkyrae	516575	you zigged when you shouldve zagged
valkyrae	516575	om
valkyrae	516575	lo
valkyrae	516575	you didnt read thats the issue
valkyrae	516575	overstimulated twins aga
valkyrae	516575	youre fine lmao
valkyrae	516575	out of all of the spidermans in the multiverse this spiderman might be the worst
valkyrae	516575	you are
valkyrae	516575	dodge when u see spidy sense around his head
valkyrae	516575	lo
valkyrae	516575	good aga
valkyrae	516575	over stimulated in the tutorial is wild
valkyrae	516575	yes
valkyrae	516575	relatable om
valkyrae	516575	alveuscheer alveuscheer alveuscheer
valkyrae	516575	pfft
valkyrae	516575	this is the warm up
valkyrae	516575	learn on the job
valkyrae	516575	this is the warm up
