user_name,game_id,mensagem,sentiment,confidence,score
agurin,21779,rmm,neutral,0.6427639722824097,0.0
agurin,21779,mre mrrm erm,neutral,0.8492060899734497,0.0
agurin,21779,erm aksherm cuteerm darkermvest didsomeonesayerm elermtrocute erm erm ermactually ermadin ermdeluxe ermdonalds ermdra ermexplode ermgamba ermgi ermgnite ermgun erminem ermjais ermki ermking ermport ermshield ermsuo german glerm glerm hermris permnis repterm rerm term terminus veryerm waytooerm zermnyas ermbed ermshakey gwerm heserm terminator veljerm caterm chatterm firsttimeermer progoterm toplanerm wideerm,neutral,0.8112340569496155,0.0
agurin,21779,mmr rmm,neutral,0.8215541243553162,0.0
agurin,21779,that bard ult was good,positive,0.9326452612876892,0.9326452612876892
agurin,21779,everytime im olaf bard ult is so gr,neutral,0.7183898091316223,0.0
agurin,21779,cooked,neutral,0.5377634167671204,0.0
agurin,21779,speed,neutral,0.5353395938873291,0.0
agurin,21779,thosewhoslow,neutral,0.6295338273048401,0.0
agurin,21779,mad,neutral,0.48473042249679565,0.0
agurin,21779,disaster,negative,0.4731237590312958,-0.4731237590312958
agurin,21779,ff,neutral,0.5088401436805725,0.0
agurin,21779,report,neutral,0.5834268927574158,0.0
agurin,21779,todays score wl,neutral,0.9218267798423767,0.0
agurin,21779,que grotesco y nauseabundo es el acento polaco,neutral,0.8362999558448792,0.0
agurin,21779,its fine guys lets flip v at minute,positive,0.6263565421104431,0.6263565421104431
agurin,21779,armor br o,neutral,0.7892148494720459,0.0
agurin,21779,or,neutral,0.5657791495323181,0.0
agurin,21779,que se estan jugando,neutral,0.7362112998962402,0.0
agurin,21779,what does sendo do that other toplaners dont,neutral,0.7569296956062317,0.0
agurin,21779,lee el titiulo,neutral,0.881818413734436,0.0
agurin,21779,report olaf,negative,0.4914339780807495,-0.4914339780807495
agurin,21779,when he goes to the grocery to buy milk he returns,neutral,0.8669351935386658,0.0
agurin,21779,revitalize shield immortal path shield shieldbow akshan passive shen ult yourself wtf,neutral,0.8570089936256409,0.0
agurin,21779,sendo tetin dejate la liguilla esa de paquetes y hazme un coachin en plata,neutral,0.8764780163764954,0.0
agurin,21779,is it game or whats the score,neutral,0.9042609333992004,0.0
agurin,21779,wtf is happening,neutral,0.6126535534858704,0.0
agurin,21779,playoffs de que,neutral,0.8319700360298157,0.0
agurin,21779,haha report olaf,neutral,0.6324273347854614,0.0
agurin,21779,acabo de entrar,neutral,0.7742798924446106,0.0
agurin,21779,bro spectating,neutral,0.8373889327049255,0.0
agurin,21779,monka,neutral,0.6494725346565247,0.0
agurin,21779,lol gl,positive,0.5235154628753662,0.5235154628753662
agurin,21779,isnt sendo an adc main chat or am i mistaken,neutral,0.8604146242141724,0.0
agurin,21779,panth strong and olaf boosted,positive,0.811050295829773,0.811050295829773
agurin,21779,no,neutral,0.4534933269023895,0.0
agurin,21779,was it worth to send it on bard,neutral,0.8856079578399658,0.0
agurin,21779,okok mb,neutral,0.7730347514152527,0.0
agurin,21779,you thinking of slendo,neutral,0.8902155756950378,0.0
agurin,21779,oh yeah,positive,0.6709921956062317,0.6709921956062317
agurin,21779,gogogo,neutral,0.5994143486022949,0.0
agurin,21779,ff,neutral,0.5088401436805725,0.0
agurin,21779,catdespair,negative,0.6839396953582764,-0.6839396953582764
agurin,21779,cortisol,neutral,0.7270287871360779,0.0
agurin,21779,haha,positive,0.5592273473739624,0.5592273473739624
agurin,21779,happy,positive,0.824882984161377,0.824882984161377
agurin,21779,ff,neutral,0.5088401436805725,0.0
agurin,21779,check out my profile using deeplol,neutral,0.8063955307006836,0.0
agurin,21779,cortisol,neutral,0.7270287871360779,0.0
agurin,21779,noob,neutral,0.5925337076187134,0.0
agurin,21779,make sure to subscriberino to my english youtube channel,neutral,0.5362018942832947,0.0
agurin,21779,suscrbete y apyame de forma completamente gratuita a este canal usando tu twitch prime sendoshy si no sabes como hacerlo pon en el chat,neutral,0.8512870073318481,0.0
agurin,21779,its joever,neutral,0.834867537021637,0.0
agurin,21779,rolled,neutral,0.668319046497345,0.0
agurin,21779,fight agaiin,neutral,0.8361281752586365,0.0
agurin,21779,head over to my partner tx my current setup flex pro with the labx butdont worry even at a lower budget their chairs and desks absolutely deliver,positive,0.8818047642707825,0.8818047642707825
agurin,21779,if he was playing tristana or vayne not jihn would be good,neutral,0.704086184501648,0.0
agurin,21779,wp,neutral,0.6360530853271484,0.0
agurin,21779,nice,positive,0.6833009123802185,0.6833009123802185
agurin,21779,holy nothing burger comp,negative,0.5174314379692078,-0.5174314379692078
agurin,21779,letsgo,neutral,0.5635607242584229,0.0
agurin,21779,red bull nash,neutral,0.8172139525413513,0.0
agurin,21779,fis would solo them buts this was alright,positive,0.5940096378326416,0.5940096378326416
agurin,21779,o winnable,neutral,0.7484526634216309,0.0
agurin,21779,nice,positive,0.6833009123802185,0.6833009123802185
agurin,21779,wp,neutral,0.6360530853271484,0.0
agurin,21779,is hexoptics good on jhin,neutral,0.7996149659156799,0.0
agurin,21779,lol,positive,0.45361214876174927,0.45361214876174927
agurin,21779,wtf,neutral,0.5417232513427734,0.0
agurin,21779,isp,neutral,0.6312947273254395,0.0
agurin,21779,i feel like he needs ldr heren no,neutral,0.681589663028717,0.0
agurin,21779,happyd,positive,0.5478874444961548,0.5478874444961548
agurin,21779,happydhappy,positive,0.9196561574935913,0.9196561574935913
agurin,21779,happy,positive,0.824882984161377,0.824882984161377
agurin,21779,happy,positive,0.824882984161377,0.824882984161377
agurin,21779,avengers,neutral,0.6718268990516663,0.0
agurin,21779,happydd,positive,0.9596072435379028,0.9596072435379028
agurin,21779,was,neutral,0.44896194338798523,0.0
agurin,21779,random ms spikes,neutral,0.7772392630577087,0.0
agurin,21779,we do a little teleporting,neutral,0.8880981802940369,0.0
agurin,21779,isp,neutral,0.6312947273254395,0.0
agurin,21779,holy fuck its bad,negative,0.9084139466285706,-0.9084139466285706
agurin,21779,paketloss deluxer,neutral,0.7986063957214355,0.0
agurin,21779,isp,neutral,0.6312947273254395,0.0
agurin,21779,isp,neutral,0.6312947273254395,0.0
agurin,21779,bro killed him with fps,negative,0.6194581985473633,-0.6194581985473633
agurin,21779,happy,positive,0.824882984161377,0.824882984161377
agurin,21779,happy,positive,0.824882984161377,0.824882984161377
agurin,21779,only internet can stop my goat,negative,0.4603716731071472,-0.4603716731071472
agurin,21779,haha,positive,0.5592273473739624,0.5592273473739624
agurin,21779,geil,neutral,0.6456984281539917,0.0
agurin,21779,report olaf oomg,negative,0.6381682753562927,-0.6381682753562927
agurin,21779,name of the song,neutral,0.8409321904182434,0.0
agurin,21779,added eye of the tiger by survivor,neutral,0.8429522514343262,0.0
agurin,21779,twitch os acaba de poner segundos de anuncios reallymad,neutral,0.7908547520637512,0.0
agurin,21779,dmg,neutral,0.6004685163497925,0.0
alois_nl,21779,yup dats me caught,neutral,0.5355492830276489,0.0
alois_nl,21779,consume enough alcohol until you forget,neutral,0.7055763006210327,0.0
alois_nl,21779,alois has missed cannons in,neutral,0.5873367786407471,0.0
alois_nl,21779,my boy alois from the ghetto,negative,0.48978641629219055,-0.48978641629219055
alois_nl,21779,trust bro you have operas on this is already your and you dont even know it,positive,0.4750268757343292,0.4750268757343292
alois_nl,21779,eat my entire ass,negative,0.5444384217262268,-0.5444384217262268
alois_nl,21779,wl winrate,neutral,0.7008178234100342,0.0
alois_nl,21779,buh ksante guh,neutral,0.6882281303405762,0.0
alois_nl,21779,also the zaayum copypaste with emojis is my creation gigachad,neutral,0.71650630235672,0.0
alois_nl,21779,rubbw,neutral,0.6649864315986633,0.0
alois_nl,21779,here is the overview of race tracklink,neutral,0.937358021736145,0.0
alois_nl,21779,drututt master lp wl alois master lp wl,neutral,0.8543978333473206,0.0
alois_nl,21779,pogu,neutral,0.6066933274269104,0.0
alois_nl,21779,freak,negative,0.6256193518638611,-0.6256193518638611
alois_nl,21779,gooned,neutral,0.6560391783714294,0.0
alois_nl,21779,we were togehter for y and lived togehter idk its hard to forget and i also dont want to,negative,0.5651339292526245,-0.5651339292526245
alois_nl,21779,out of shits and giggles i got the bloomburrow precons but also got me two self made decks one is ygra and one is sarulf i do realise that sarulf will get me targeted more often than not anyway golgari gotta be my fav colors,positive,0.5042576789855957,0.5042576789855957
alois_nl,21779,i like to think this song was sung by someone stalking another person kekw,neutral,0.5532216429710388,0.0
alois_nl,21779,i cant goon,negative,0.679112434387207,-0.679112434387207
alois_nl,21779,weed,neutral,0.6576059460639954,0.0
alois_nl,21779,ill be buh ing you,neutral,0.7069697976112366,0.0
alois_nl,21779,here is the overview of race tracklink,neutral,0.937358021736145,0.0
alois_nl,21779,drututt master lp wl alois master lp wl,neutral,0.8543978333473206,0.0
alois_nl,21779,hello chat i was here two days ago and alois was sending in pre game lobby a video of a djset by a skinny blonde girl can someone tell me who she is or what is the name of the video thx in advance piggies love,neutral,0.6560500860214233,0.0
alois_nl,21779,whats your favorite,neutral,0.5908569693565369,0.0
alois_nl,21779,ill be buh ing you,neutral,0.7069697976112366,0.0
alois_nl,21779,huh who on mid,neutral,0.8926466107368469,0.0
alois_nl,21779,aniqtoohigh,neutral,0.713137149810791,0.0
alois_nl,21779,its fine,neutral,0.4727216958999634,0.0
alois_nl,21779,guh,neutral,0.6750678420066833,0.0
alois_nl,21779,guh,neutral,0.6750678420066833,0.0
alois_nl,21779,guh,neutral,0.6750678420066833,0.0
alois_nl,21779,joanna kuchta iirc,neutral,0.9240784049034119,0.0
alois_nl,21779,goat,positive,0.5163335800170898,0.5163335800170898
alois_nl,21779,hambuhguh,neutral,0.6462436318397522,0.0
alois_nl,21779,yes joanna kuchta,neutral,0.6261013746261597,0.0
alois_nl,21779,also goatr,neutral,0.6461029648780823,0.0
alois_nl,21779,ill be wuh tching you,neutral,0.7180095314979553,0.0
alois_nl,21779,stalin on top as well sadge,neutral,0.7561353445053101,0.0
alois_nl,21779,joanna the queen,positive,0.7798843383789062,0.7798843383789062
alois_nl,21779,huu,neutral,0.5443277955055237,0.0
alois_nl,21779,ok but why is he refuse to take dmg happy,negative,0.6615166664123535,-0.6615166664123535
alois_nl,21779,ambusiing,neutral,0.7644459009170532,0.0
alois_nl,21779,drututt master lp wl alois master lp wl,neutral,0.8543978333473206,0.0
alois_nl,21779,here is the overview of race tracklink,neutral,0.937358021736145,0.0
alois_nl,21779,this is ksante a champion with hp armor mr champion has unstoppable shield wall hopping abilities has an airborne furthermore the cooldown is only second mana cost is then when he transforms w cooldown is refunded and passive deals true damage and then for armormr the more and more you stack you get cdr you get cdr on your q and the casting speed gets faster and then he has an ad ratio so his w is eeka,neutral,0.7844330668449402,0.0
alois_nl,21779,king nasir champ,positive,0.5813885927200317,0.5813885927200317
alois_nl,21779,would insta armor pen item make sense here,neutral,0.8508477210998535,0.0
alois_nl,21779,you got this bruh,positive,0.893502950668335,0.893502950668335
alois_nl,21779,this is ksante a champion with hp armor mr champion has unstoppable shield wall hopping abilities has an airborne furthermore the cooldown is only second mana cost is then when he transforms w cooldown is refunded and passive deals true damage and then for armormr the more and more you stack you get cdr you get cdr on your q and the casting speed gets faster and then he has an ad ratio so his w is eeka,neutral,0.7844330668449402,0.0
alois_nl,21779,this is ksante a champion with hp armor mr champion has unstoppable shield wall hopping abilities has an airborne furthermore the cooldown is only second mana cost is then when he transforms w cooldown is refunded and passive deals true damage and then for armormr the more and more you stack you get cdr you get cdr on your q and the casting speed gets faster and then he has an ad ratio so his w is eeka,neutral,0.7844330668449402,0.0
alois_nl,21779,why ihaveno sub,neutral,0.6512055397033691,0.0
alois_nl,21779,this is ksante a champion with hp armor mr champion has unstoppable shield wall hopping abilities has an airborne furthermore the cooldown is only second mana cost is then when he transforms w cooldown is refunded and passive deals true damage and then for armormr the more and more you stack you get cdr you get cdr on your q and the casting speed gets faster and then he has an ad ratio so his w is eeka,neutral,0.7844330668449402,0.0
alois_nl,21779,frfr,neutral,0.562678873538971,0.0
alois_nl,21779,this is ksante a champion with hp armor mr champion has unstoppable shield wall hopping abilities has an airborne furthermore the cooldown is only second mana cost is then when he transforms w cooldown is refunded and passive deals true damage and then for armormr the more and more you stack you get cdr you get cdr on your q and the casting speed gets faster and then he has an ad ratio so his w is eeka,neutral,0.7844330668449402,0.0
alois_nl,21779,caught the referencce,neutral,0.8743935227394104,0.0
alois_nl,21779,guys are prime subs working can anybody check,neutral,0.8939761519432068,0.0
alois_nl,21779,guh buh guh,neutral,0.7827513217926025,0.0
alois_nl,21779,here is the overview of race tracklink,neutral,0.937358021736145,0.0
alois_nl,21779,drututt master lp wl alois master lp wl,neutral,0.8543978333473206,0.0
alois_nl,21779,guys cmon ksante drops his resistances when he ults hes balanced buh,neutral,0.7796701788902283,0.0
alois_nl,21779,damn bro is stacked what bracket are we talking abt also golgari is sick ive always wanted to build glissa the traitor as a weird artifact deck rn im running a kozilek eldrazi titans artifact control deck and endrek sahr as a storm b,negative,0.579792857170105,-0.579792857170105
alois_nl,21779,buh ing,neutral,0.5793148279190063,0.0
alois_nl,21779,listening,neutral,0.6388303637504578,0.0
alois_nl,21779,i think the trick to kasnate is to just not press r am i crazy,neutral,0.7157230377197266,0.0
alois_nl,21779,hesbuh,neutral,0.6317765712738037,0.0
alois_nl,21779,listening,neutral,0.6388303637504578,0.0
alois_nl,21779,hesbuh,neutral,0.6317765712738037,0.0
alois_nl,21779,score,neutral,0.6059044003486633,0.0
alois_nl,21779,songsadaribbean queen no more love on the run by billy ocean peepolove now,neutral,0.7338242530822754,0.0
alois_nl,21779,wtf is ksante e dash btw fakest shit in live,negative,0.9469825029373169,-0.9469825029373169
alois_nl,21779,sure,neutral,0.48973190784454346,0.0
alois_nl,21779,feaky,neutral,0.5125767588615417,0.0
alois_nl,21779,another omega hard game by your teammates,negative,0.7861112356185913,-0.7861112356185913
alois_nl,21779,cooked,neutral,0.5377634167671204,0.0
alois_nl,21779,ksante hp armor mr unstoppablea shield goes over wallshas airbornecooldown is onlysecond too it costs mana,neutral,0.7308042049407959,0.0
alois_nl,21779,hows master been,neutral,0.7369226813316345,0.0
alois_nl,21779,lebronjam,neutral,0.7885721325874329,0.0
alois_nl,21779,feaky,neutral,0.5125767588615417,0.0
alois_nl,21779,masters,neutral,0.6056783199310303,0.0
alois_nl,21779,tbh my ex also just broke things of with his ex when our relationship started so i relate to you alois its not healthyn it damaged us too,negative,0.7543919682502747,-0.7543919682502747
alois_nl,21779,hella cooked,neutral,0.6968390941619873,0.0
alois_nl,21779,feaky,neutral,0.5125767588615417,0.0
alois_nl,21779,donce,neutral,0.6994276642799377,0.0
alois_nl,21779,staycalm,neutral,0.5381848812103271,0.0
alois_nl,21779,the easiest way to record and review your game footage insightsggaloisnl,positive,0.5050926208496094,0.5050926208496094
alois_nl,21779,is sheen ever good on riven,neutral,0.8203258514404297,0.0
alois_nl,21779,done staycalm feaky,neutral,0.6024677753448486,0.0
azzapp,21779,anyones whos looking for coaching just remember to keep it perpendicular thats all you need,neutral,0.5903472900390625,0.0
azzapp,21779,hi azzapp,neutral,0.6191949248313904,0.0
azzapp,21779,sup,neutral,0.5935181379318237,0.0
azzapp,21779,more games,neutral,0.6064074635505676,0.0
azzapp,21779,woah,neutral,0.46079403162002563,0.0
azzapp,21779,jg azzap incoming,neutral,0.7869493961334229,0.0
azzapp,21779,did he end up beating the fiora player,neutral,0.7962771058082581,0.0
azzapp,21779,raidd,neutral,0.6998687982559204,0.0
azzapp,21779,buh,neutral,0.5407251119613647,0.0
azzapp,21779,shes scared of u,negative,0.6302000284194946,-0.6302000284194946
azzapp,21779,azzapperpendicular,neutral,0.6525752544403076,0.0
azzapp,21779,w alois,neutral,0.7555336952209473,0.0
azzapp,21779,zap zap,neutral,0.6028267741203308,0.0
azzapp,21779,zaapzaap,neutral,0.570252537727356,0.0
azzapp,21779,goat,positive,0.5163335800170898,0.5163335800170898
azzapp,21779,im spending all my points on music,neutral,0.5785120129585266,0.0
azzapp,21779,he did,neutral,0.6561353206634521,0.0
azzapp,21779,w,neutral,0.47617238759994507,0.0
azzapp,21779,oink,neutral,0.6948855519294739,0.0
azzapp,21779,d,neutral,0.548960268497467,0.0
azzapp,21779,oink oink,neutral,0.6951342225074768,0.0
azzapp,21779,hallo,neutral,0.6931727528572083,0.0
azzapp,21779,oink oink,neutral,0.6951342225074768,0.0
azzapp,21779,buh,neutral,0.5407251119613647,0.0
azzapp,21779,buh,neutral,0.5407251119613647,0.0
azzapp,21779,buh,neutral,0.5407251119613647,0.0
azzapp,21779,welcome piggys,positive,0.9046658277511597,0.9046658277511597
azzapp,21779,w raid,neutral,0.5877718329429626,0.0
azzapp,21779,buh,neutral,0.5407251119613647,0.0
azzapp,21779,win loss lp,neutral,0.5193369388580322,0.0
azzapp,21779,w winning streak,neutral,0.5044774413108826,0.0
azzapp,21779,lmao,neutral,0.5486765503883362,0.0
azzapp,21779,holy,positive,0.5147277116775513,0.5147277116775513
azzapp,21779,hell yeah w piggy,positive,0.9375617504119873,0.9375617504119873
azzapp,21779,win loss lp,neutral,0.5193369388580322,0.0
azzapp,21779,holy,positive,0.5147277116775513,0.5147277116775513
azzapp,21779,holy fk,negative,0.7551248669624329,-0.7551248669624329
azzapp,21779,oh no,negative,0.44642072916030884,-0.44642072916030884
azzapp,21779,whoa echo,neutral,0.7405824065208435,0.0
azzapp,21779,reksai or fiddle jungler on enemy team just running roughshod over your team for what the last games now,negative,0.5942740440368652,-0.5942740440368652
azzapp,21779,buh,neutral,0.5407251119613647,0.0
azzapp,21779,holy losers q,negative,0.8313234448432922,-0.8313234448432922
azzapp,21779,he already showed haha,positive,0.6368027925491333,0.6368027925491333
azzapp,21779,monka,neutral,0.6494725346565247,0.0
azzapp,21779,looks like aloiss streak,neutral,0.8642676472663879,0.0
azzapp,21779,shoe it,neutral,0.6791730523109436,0.0
azzapp,21779,are we playing as the cursed alfredo no wonder hahasweat,negative,0.6449934840202332,-0.6449934840202332
azzapp,21779,do you feel like the ff culture has been better or worse since your last time in korea,neutral,0.7508394122123718,0.0
azzapp,21779,holy,positive,0.5147277116775513,0.5147277116775513
azzapp,21779,monka,neutral,0.6494725346565247,0.0
azzapp,21779,ok not looking good luck happy,negative,0.880823016166687,-0.880823016166687
azzapp,21779,go red my guy,positive,0.7633351683616638,0.7633351683616638
azzapp,21779,cooked,neutral,0.5377634167671204,0.0
azzapp,21779,ur a legend for still having a smile my goat,positive,0.9479151964187622,0.9479151964187622
azzapp,21779,oof,neutral,0.627682089805603,0.0
azzapp,21779,red is good no,positive,0.5943416953086853,0.5943416953086853
azzapp,21779,i cant,neutral,0.5319548845291138,0.0
azzapp,21779,azzapp needs a hug,neutral,0.5561674237251282,0.0
azzapp,21779,whats good chat,neutral,0.6414560675621033,0.0
azzapp,21779,i am a cat not a pig fu madge hesbuh,neutral,0.5774094462394714,0.0
azzapp,21779,pasta la vista master lp wins to grandmaster lp game,neutral,0.6497285962104797,0.0
azzapp,21779,ax playing goated,positive,0.8195510506629944,0.8195510506629944
azzapp,21779,korea seems like ukrain ngl,neutral,0.6629298329353333,0.0
azzapp,21779,holy streak,neutral,0.4971505403518677,0.0
azzapp,21779,win loss lp,neutral,0.5193369388580322,0.0
azzapp,21779,ornn top praige,neutral,0.6828948259353638,0.0
azzapp,21779,fiddle again,neutral,0.6766151189804077,0.0
azzapp,21779,do u ff in korea or no,neutral,0.9125471711158752,0.0
azzapp,21779,gn,neutral,0.5401496291160583,0.0
azzapp,21779,lets go alois chatters i hope you are doing great today because we arent happy we need your energy guys love,positive,0.8134456872940063,0.8134456872940063
azzapp,21779,wtaf,neutral,0.5908669829368591,0.0
azzapp,21779,oh thats roughy mac toughy,negative,0.6308223009109497,-0.6308223009109497
azzapp,21779,w,neutral,0.47617238759994507,0.0
azzapp,21779,teach alois the positive mental,neutral,0.6493862271308899,0.0
azzapp,21779,always,positive,0.5943445563316345,0.5943445563316345
azzapp,21779,game already looks better you have engage on your team now not some selfish champs,positive,0.7909999489784241,0.7909999489784241
azzapp,21779,winstreak incomming,neutral,0.8093101382255554,0.0
azzapp,21779,harvest them up,neutral,0.7332903146743774,0.0
azzapp,21779,w streamers community,neutral,0.8394203782081604,0.0
azzapp,21779,its all a joke yup,negative,0.6015186905860901,-0.6015186905860901
azzapp,21779,azzapog,neutral,0.5942584872245789,0.0
azzapp,21779,seems a plan,neutral,0.5114192962646484,0.0
azzapp,21779,jhin dark harvest pairing,neutral,0.8079742193222046,0.0
azzapp,21779,azzastacked time,neutral,0.6934481859207153,0.0
azzapp,21779,w dark harvest thats my liege,neutral,0.689213216304779,0.0
azzapp,21779,dark harvest lesgo,neutral,0.7484684586524963,0.0
azzapp,21779,go hug mr lois for good night,positive,0.5102397799491882,0.5102397799491882
azzapp,21779,azzapush,neutral,0.5799259543418884,0.0
azzapp,21779,w dark,neutral,0.6637754440307617,0.0
caedrel,21779,spam it,neutral,0.7206829190254211,0.0
caedrel,21779,w larps,neutral,0.5921387076377869,0.0
caedrel,21779,no,neutral,0.4534933269023895,0.0
caedrel,21779,yes a question its never stupid,neutral,0.5633376240730286,0.0
caedrel,21779,heh why is caedral a cs costreamer now wuh,neutral,0.8424505591392517,0.0
caedrel,21779,score is blg al,neutral,0.7869927883148193,0.0
caedrel,21779,i miss bald caedrel pepehands i miss bald caedrel pepehands,neutral,0.42905566096305847,0.0
caedrel,21779,no,neutral,0.4534933269023895,0.0
caedrel,21779,no,neutral,0.4534933269023895,0.0
caedrel,21779,no,neutral,0.4534933269023895,0.0
caedrel,21779,nope,neutral,0.5426129698753357,0.0
caedrel,21779,no,neutral,0.4534933269023895,0.0
caedrel,21779,toe tal,neutral,0.7478958964347839,0.0
caedrel,21779,it doesnt,neutral,0.5821900963783264,0.0
caedrel,21779,no,neutral,0.4534933269023895,0.0
caedrel,21779,no,neutral,0.4534933269023895,0.0
caedrel,21779,no,neutral,0.4534933269023895,0.0
caedrel,21779,lo,neutral,0.5339378714561462,0.0
caedrel,21779,no,neutral,0.4534933269023895,0.0
caedrel,21779,no,neutral,0.4534933269023895,0.0
caedrel,21779,no,neutral,0.4534933269023895,0.0
caedrel,21779,no,neutral,0.4534933269023895,0.0
caedrel,21779,no,neutral,0.4534933269023895,0.0
caedrel,21779,yes,positive,0.4800679683685303,0.4800679683685303
caedrel,21779,no,neutral,0.4534933269023895,0.0
caedrel,21779,no,neutral,0.4534933269023895,0.0
caedrel,21779,no,neutral,0.4534933269023895,0.0
caedrel,21779,no,neutral,0.4534933269023895,0.0
caedrel,21779,no,neutral,0.4534933269023895,0.0
caedrel,21779,no,neutral,0.4534933269023895,0.0
caedrel,21779,no,neutral,0.4534933269023895,0.0
caedrel,21779,no,neutral,0.4534933269023895,0.0
caedrel,21779,no,neutral,0.4534933269023895,0.0
caedrel,21779,no,neutral,0.4534933269023895,0.0
caedrel,21779,no,neutral,0.4534933269023895,0.0
caedrel,21779,no,neutral,0.4534933269023895,0.0
caedrel,21779,no,neutral,0.4534933269023895,0.0
caedrel,21779,nah,neutral,0.44050976634025574,0.0
caedrel,21779,no,neutral,0.4534933269023895,0.0
caedrel,21779,no,neutral,0.4534933269023895,0.0
caedrel,21779,no,neutral,0.4534933269023895,0.0
caedrel,21779,no,neutral,0.4534933269023895,0.0
caedrel,21779,no,neutral,0.4534933269023895,0.0
caedrel,21779,no,neutral,0.4534933269023895,0.0
caedrel,21779,no,neutral,0.4534933269023895,0.0
caedrel,21779,no,neutral,0.4534933269023895,0.0
caedrel,21779,no,neutral,0.4534933269023895,0.0
caedrel,21779,no,neutral,0.4534933269023895,0.0
caedrel,21779,toe tal,neutral,0.7478958964347839,0.0
caedrel,21779,no,neutral,0.4534933269023895,0.0
caedrel,21779,sneak,neutral,0.6281464099884033,0.0
caedrel,21779,no,neutral,0.4534933269023895,0.0
caedrel,21779,no,neutral,0.4534933269023895,0.0
caedrel,21779,no,neutral,0.4534933269023895,0.0
caedrel,21779,no,neutral,0.4534933269023895,0.0
caedrel,21779,no,neutral,0.4534933269023895,0.0
caedrel,21779,noo,neutral,0.5597240328788757,0.0
caedrel,21779,no,neutral,0.4534933269023895,0.0
caedrel,21779,s,neutral,0.5122716426849365,0.0
caedrel,21779,nope,neutral,0.5426129698753357,0.0
caedrel,21779,ggs,neutral,0.6987693309783936,0.0
caedrel,21779,no,neutral,0.4534933269023895,0.0
caedrel,21779,no,neutral,0.4534933269023895,0.0
caedrel,21779,i miss bald caedrel pepehands i miss bald caedrel pepehands i miss bald caedrel pepehands,negative,0.46615487337112427,-0.46615487337112427
caedrel,21779,no,neutral,0.4534933269023895,0.0
caedrel,21779,no,neutral,0.4534933269023895,0.0
caedrel,21779,placebo kicking ur as,negative,0.5296710729598999,-0.5296710729598999
caedrel,21779,is my the rat gonna do more league today,neutral,0.7952545285224915,0.0
caedrel,21779,no its the sa,neutral,0.563094437122345,0.0
caedrel,21779,delulu,neutral,0.7068303823471069,0.0
caedrel,21779,it kinda does,neutral,0.7148943543434143,0.0
caedrel,21779,smoke his smoke lule smoke his smoke lule smoke his smoke lule smoke his smoke lule smoke his smoke lule smoke his smoke lule smoke his smoke lule smoke his smoke lule,neutral,0.7490981221199036,0.0
caedrel,21779,ta,neutral,0.5888409614562988,0.0
caedrel,21779,toe,neutral,0.6247544288635254,0.0
caedrel,21779,same,neutral,0.5486311912536621,0.0
caedrel,21779,i miss bald caedrel pepehands i miss bald caedrel pepehands i miss bald caedrel pepehands,negative,0.46615487337112427,-0.46615487337112427
caedrel,21779,good question tho,positive,0.6319125890731812,0.6319125890731812
caedrel,21779,bro u are like k in premier please stop talking just watch love,negative,0.7246917486190796,-0.7246917486190796
caedrel,21779,sade,neutral,0.678957998752594,0.0
caedrel,21779,cumm,neutral,0.674525797367096,0.0
caedrel,21779,faulty observation lule,neutral,0.5041773915290833,0.0
caedrel,21779,its sec smoke,neutral,0.7243521809577942,0.0
caedrel,21779,sade,neutral,0.678957998752594,0.0
caedrel,21779,they blast them at the end of the smoke,neutral,0.8565707206726074,0.0
caedrel,21779,sade,neutral,0.678957998752594,0.0
caedrel,21779,sade,neutral,0.678957998752594,0.0
caedrel,21779,crazy,neutral,0.49568310379981995,0.0
caedrel,21779,i think no,neutral,0.6933759450912476,0.0
caedrel,21779,maybe,neutral,0.552802324295044,0.0
caedrel,21779,i miss bald caedrel pepehands i miss bald caedrel pepehands,neutral,0.42905566096305847,0.0
caedrel,21779,not milk sade,negative,0.5338819026947021,-0.5338819026947021
caedrel,21779,im gonna come sade,neutral,0.7215383648872375,0.0
caedrel,21779,raw,neutral,0.5624755024909973,0.0
caedrel,21779,probably just a placebo since you time it from the he clear time instead of initial start,neutral,0.7215351462364197,0.0
caedrel,21779,sade,neutral,0.678957998752594,0.0
caedrel,21779,yes you re,positive,0.5283652544021606,0.5283652544021606
caedrel,21779,sade,neutral,0.678957998752594,0.0
caedrel,21779,ofc,neutral,0.5899085998535156,0.0
drututt,21779,hes like distant cousin,negative,0.5551276803016663,-0.5551276803016663
drututt,21779,hi drut,neutral,0.7883161902427673,0.0
drututt,21779,fo,neutral,0.568317711353302,0.0
drututt,21779,ratir is handless,neutral,0.7390696406364441,0.0
drututt,21779,ratir,neutral,0.6451836228370667,0.0
drututt,21779,ratir,neutral,0.6451836228370667,0.0
drututt,21779,fo,neutral,0.568317711353302,0.0
drututt,21779,happy,positive,0.824882984161377,0.824882984161377
drututt,21779,ratir,neutral,0.6451836228370667,0.0
drututt,21779,ratir,neutral,0.6451836228370667,0.0
drututt,21779,l loss father,negative,0.6901218295097351,-0.6901218295097351
drututt,21779,do elden ring race wid alois next,neutral,0.9372110962867737,0.0
drututt,21779,ratir,neutral,0.6451836228370667,0.0
drututt,21779,an hour is ok to get used to the game,neutral,0.6494168043136597,0.0
drututt,21779,elden larp,neutral,0.6647095084190369,0.0
drututt,21779,he is just a descendant of the golden lineage he isnt a direct descendant of godfrey,neutral,0.6815593242645264,0.0
drututt,21779,hmmclueless,neutral,0.47817060351371765,0.0
drututt,21779,it is,neutral,0.5451432466506958,0.0
drututt,21779,can u play camel please pwease,positive,0.523550271987915,0.523550271987915
drututt,21779,game was getting hyped all last year rightfully so and people asked him alot about it so he hates it now,negative,0.7321636080741882,-0.7321636080741882
drututt,21779,annie proud,positive,0.8293266296386719,0.8293266296386719
drututt,21779,elden ring race with ratir,neutral,0.9186580777168274,0.0
drututt,21779,sade,neutral,0.678957998752594,0.0
drututt,21779,can you play made in romania just for a bit ahah,neutral,0.7828010320663452,0.0
drututt,21779,omg,positive,0.44521960616111755,0.44521960616111755
drututt,21779,vlad top incident,neutral,0.7481905221939087,0.0
drututt,21779,gg,neutral,0.48036664724349976,0.0
drututt,21779,rumble begging,neutral,0.5478326082229614,0.0
drututt,21779,boss difficulty varieties from player to player,neutral,0.8360334038734436,0.0
drututt,21779,that game is kinda interestingin a way how diff ppl struggle on diff bossed,positive,0.7344686985015869,0.7344686985015869
drututt,21779,shaco on team for shaco music,neutral,0.6848348379135132,0.0
drututt,21779,bee nise,neutral,0.7569529414176941,0.0
drututt,21779,dont forget the music,positive,0.6469641923904419,0.6469641923904419
drututt,21779,how will we know if its rose or zyx,neutral,0.8833875060081482,0.0
drututt,21779,what game should i play it,neutral,0.8934286236763,0.0
drututt,21779,shaco music and shaco nice,positive,0.910202145576477,0.910202145576477
drututt,21779,shacobong fire it up boss,positive,0.6034635305404663,0.6034635305404663
drututt,21779,rose make sure to backseat him hard,neutral,0.6428474187850952,0.0
drututt,21779,now lets get a rumble pls happy,positive,0.836086094379425,0.836086094379425
drututt,21779,better vlad than rumble no,neutral,0.5397737622261047,0.0
drututt,21779,trol,neutral,0.7195004224777222,0.0
drututt,21779,where shaco music,neutral,0.8584498763084412,0.0
drututt,21779,gonna be racing alois for k in korea starting from th of june till th of june spin wheel of punishment every single day balls,neutral,0.7640389800071716,0.0
drututt,21779,freaky,neutral,0.4821804463863373,0.0
drututt,21779,hit the nexus not the vlad,neutral,0.6341810822486877,0.0
drututt,21779,its shame it went like that game is soo good sadge,negative,0.7713330388069153,-0.7713330388069153
drututt,21779,vlad is super weak earlytotally just bully him ez win,negative,0.7556218504905701,-0.7556218504905701
drututt,21779,where is shaco music,neutral,0.7764882445335388,0.0
drututt,21779,is this vc a punishment,neutral,0.5280542373657227,0.0
drututt,21779,how much for melenia,neutral,0.8771334886550903,0.0
drututt,21779,aids positive so the freak gets it,negative,0.6484761238098145,-0.6484761238098145
drututt,21779,shaco music is too low,negative,0.8405916690826416,-0.8405916690826416
drututt,21779,complain already gg,neutral,0.6338047385215759,0.0
drututt,21779,vlad top poroagony,neutral,0.6196808815002441,0.0
drututt,21779,meow,neutral,0.5675444006919861,0.0
drututt,21779,holy team comp,neutral,0.5443782210350037,0.0
drututt,21779,meow,neutral,0.5675444006919861,0.0
drututt,21779,w,neutral,0.47617238759994507,0.0
drututt,21779,play the glizzy,neutral,0.795998752117157,0.0
drututt,21779,play glizzy pls,neutral,0.7346519231796265,0.0
drututt,21779,rengar adc,neutral,0.8520708680152893,0.0
drututt,21779,meow,neutral,0.5675444006919861,0.0
drututt,21779,whos the foid,neutral,0.5244179368019104,0.0
drututt,21779,you dont like soul fighter naafiri,negative,0.5274558067321777,-0.5274558067321777
drututt,21779,goizzy,neutral,0.5479747653007507,0.0
drututt,21779,yea game is incredible in my top for sure,positive,0.9820498824119568,0.9820498824119568
drututt,21779,use link for off on your purchase including eu shipping very good very yummy yes please give me money,positive,0.974585235118866,0.974585235118866
drututt,21779,but please sad,negative,0.653545081615448,-0.653545081615448
drututt,21779,dog vs cat,neutral,0.8463735580444336,0.0
drututt,21779,play with glizzy,neutral,0.8358930349349976,0.0
drututt,21779,glizzy now,neutral,0.8023988604545593,0.0
drututt,21779,glizzy,neutral,0.6240924000740051,0.0
drututt,21779,hesdone,neutral,0.6349436044692993,0.0
drututt,21779,dog eats him,neutral,0.6611550450325012,0.0
drututt,21779,speedlaugh chat,neutral,0.7089436650276184,0.0
drututt,21779,senna rengar bot,neutral,0.7912482023239136,0.0
drututt,21779,dog vs cat,neutral,0.8463735580444336,0.0
drututt,21779,wher shaco musika,neutral,0.89211505651474,0.0
drututt,21779,is rengar difficult to beat on lane as naafiri,negative,0.5491764545440674,-0.5491764545440674
drututt,21779,play glizzy smadge,neutral,0.8258861303329468,0.0
drututt,21779,khazix and rengar on same team doesheknow,neutral,0.900273859500885,0.0
drututt,21779,cat vs dog,neutral,0.8531526327133179,0.0
drututt,21779,who is that woman or is it some kind of ai,neutral,0.7063295245170593,0.0
drututt,21779,glizzy or else,neutral,0.626137375831604,0.0
drututt,21779,can you kill him incoming,negative,0.7879881858825684,-0.7879881858825684
drututt,21779,she is backseating you have to play glizzy,neutral,0.8385502696037292,0.0
drututt,21779,youre not gonna lose to a rengar top bro,neutral,0.6125448346138,0.0
drututt,21779,meow meow,neutral,0.4741307199001312,0.0
drututt,21779,meow meow hp incoming,neutral,0.5457493662834167,0.0
drututt,21779,shaco music,neutral,0.7821101546287537,0.0
drututt,21779,kitty cs princess toppo,neutral,0.7985842227935791,0.0
drututt,21779,shaco on a team with a shaco music,neutral,0.8425156474113464,0.0
drututt,21779,what is other game cuz it on my first for sure,neutral,0.6028216481208801,0.0
keshaeuw,21779,we going diamond today or what,neutral,0.8821091055870056,0.0
keshaeuw,21779,lp k,neutral,0.7705059051513672,0.0
keshaeuw,21779,zyzzrave edm zyzzrave edm zyzzrave edm zyzzrave edm zyzzrave edm zyzzrave edm,neutral,0.7678513526916504,0.0
keshaeuw,21779,megg,neutral,0.6094321012496948,0.0
keshaeuw,21779,theyre gonna end up riding lime bike into hole in the ground ok,neutral,0.49571558833122253,0.0
keshaeuw,21779,and the fifth teammember will crash himself on a limebike happy,negative,0.5890315771102905,-0.5890315771102905
keshaeuw,21779,disgust,negative,0.769402801990509,-0.769402801990509
keshaeuw,21779,dg sht thresh,neutral,0.657272458076477,0.0
keshaeuw,21779,ing,neutral,0.6925197243690491,0.0
keshaeuw,21779,you forgot to honor someone,negative,0.6088368892669678,-0.6088368892669678
keshaeuw,21779,meggot,neutral,0.6096897125244141,0.0
keshaeuw,21779,classic meg,neutral,0.4987386167049408,0.0
keshaeuw,21779,lo,neutral,0.5339378714561462,0.0
keshaeuw,21779,sayon,neutral,0.7720118165016174,0.0
keshaeuw,21779,btw lol,positive,0.5186038017272949,0.5186038017272949
keshaeuw,21779,bror jag tar fan studenten imorn vettu ez,neutral,0.8170494437217712,0.0
keshaeuw,21779,change your shirt man its time,neutral,0.7041034698486328,0.0
keshaeuw,21779,this is so wholesome,positive,0.9508081078529358,0.9508081078529358
keshaeuw,21779,kesha got a new shirt nowaying,neutral,0.8220734596252441,0.0
keshaeuw,21779,f win streak,positive,0.5946161150932312,0.5946161150932312
keshaeuw,21779,a b c d e f g h i j k l m n o p q r s t u v w x y z,neutral,0.8176177144050598,0.0
keshaeuw,21779,helpoo kesha,neutral,0.6769272089004517,0.0
keshaeuw,21779,change your shirt man its time,neutral,0.7041034698486328,0.0
keshaeuw,21779,finally some good stream,positive,0.9681404829025269,0.9681404829025269
keshaeuw,21779,so bad cait,negative,0.8696979284286499,-0.8696979284286499
keshaeuw,21779,keshaeuw did u play elden ring,neutral,0.9280989170074463,0.0
keshaeuw,21779,x,positive,0.4895007014274597,0.4895007014274597
keshaeuw,21779,earlier,neutral,0.7616060972213745,0.0
keshaeuw,21779,whats that red markl on ur cheeck tho,neutral,0.72332364320755,0.0
keshaeuw,21779,lo,neutral,0.5339378714561462,0.0
keshaeuw,21779,lo,neutral,0.5339378714561462,0.0
keshaeuw,21779,not first of the month,neutral,0.7912116646766663,0.0
keshaeuw,21779,l,neutral,0.5426123738288879,0.0
keshaeuw,21779,fhlg,neutral,0.633025050163269,0.0
keshaeuw,21779,hkfkh,neutral,0.6005465388298035,0.0
keshaeuw,21779,a,neutral,0.4693250060081482,0.0
keshaeuw,21779,fkhglkklhjklghjlkgh,negative,0.45400723814964294,-0.45400723814964294
keshaeuw,21779,lo,neutral,0.5339378714561462,0.0
keshaeuw,21779,aintnoway,neutral,0.7341197729110718,0.0
keshaeuw,21779,lol,positive,0.45361214876174927,0.45361214876174927
keshaeuw,21779,omnegalul,neutral,0.5392082929611206,0.0
keshaeuw,21779,lo lo lo lo lo lo lo lo lo lo lo lo lo lo,neutral,0.7155776619911194,0.0
keshaeuw,21779,hlkj,neutral,0.6601474285125732,0.0
keshaeuw,21779,lo,neutral,0.5339378714561462,0.0
keshaeuw,21779,lo,neutral,0.5339378714561462,0.0
keshaeuw,21779,hljlkjjk,neutral,0.5952760577201843,0.0
keshaeuw,21779,lmao,neutral,0.5486765503883362,0.0
keshaeuw,21779,lo,neutral,0.5339378714561462,0.0
keshaeuw,21779,happyd,positive,0.5478874444961548,0.5478874444961548
keshaeuw,21779,lo,neutral,0.5339378714561462,0.0
keshaeuw,21779,lo,neutral,0.5339378714561462,0.0
keshaeuw,21779,lghjlkghjlkg,neutral,0.49588531255722046,0.0
keshaeuw,21779,lo,neutral,0.5339378714561462,0.0
keshaeuw,21779,omegalul,neutral,0.625152051448822,0.0
keshaeuw,21779,ko,neutral,0.5509536266326904,0.0
keshaeuw,21779,lmao,neutral,0.5486765503883362,0.0
keshaeuw,21779,lol,positive,0.45361214876174927,0.45361214876174927
keshaeuw,21779,haha,positive,0.5592273473739624,0.5592273473739624
keshaeuw,21779,lo,neutral,0.5339378714561462,0.0
keshaeuw,21779,lhgjgkhgljlhgl,neutral,0.5131064653396606,0.0
keshaeuw,21779,no,neutral,0.4534933269023895,0.0
keshaeuw,21779,omegalul clap,neutral,0.6386792063713074,0.0
keshaeuw,21779,lo,neutral,0.5339378714561462,0.0
keshaeuw,21779,happydd,positive,0.9596072435379028,0.9596072435379028
keshaeuw,21779,lol,positive,0.45361214876174927,0.45361214876174927
keshaeuw,21779,wtf,neutral,0.5417232513427734,0.0
keshaeuw,21779,lmao,neutral,0.5486765503883362,0.0
keshaeuw,21779,nahhuhh,neutral,0.6413785219192505,0.0
keshaeuw,21779,happyd,positive,0.5478874444961548,0.5478874444961548
keshaeuw,21779,lol,positive,0.45361214876174927,0.45361214876174927
keshaeuw,21779,lol,positive,0.45361214876174927,0.45361214876174927
keshaeuw,21779,aintnoway,neutral,0.7341197729110718,0.0
keshaeuw,21779,lol,positive,0.45361214876174927,0.45361214876174927
keshaeuw,21779,omegalul clap omegalul clap omegalul clap omegalul clap omegalul clap omegalul clap omegalul clap omegalul clap omegalul clap omegalul clap omegalul clap omegalul clap omegalul clap omegalul clap omegalul clap,neutral,0.47115492820739746,0.0
keshaeuw,21779,hi,neutral,0.4723919630050659,0.0
keshaeuw,21779,ban incoming for lesbian nunu,negative,0.7344435453414917,-0.7344435453414917
keshaeuw,21779,hshshshaha,positive,0.45686206221580505,0.45686206221580505
keshaeuw,21779,aintnoway,neutral,0.7341197729110718,0.0
keshaeuw,21779,haha,positive,0.5592273473739624,0.5592273473739624
keshaeuw,21779,omegalul clap omegalul clap omegalul clap omegalul clap omegalul clap omegalul clap omegalul clap omegalul clap omegalul clap omegalul clap omegalul clap omegalul clap omegalul clap omegalul clap omegalul clap,neutral,0.47115492820739746,0.0
keshaeuw,21779,ya,neutral,0.4677046835422516,0.0
keshaeuw,21779,omegalul clap omegalul clap omegalul clap omegalul clap omegalul clap omegalul clap omegalul clap omegalul clap omegalul clap omegalul clap omegalul clap omegalul clap omegalul clap omegalul clap omegalul clap,neutral,0.47115492820739746,0.0
keshaeuw,21779,haha,positive,0.5592273473739624,0.5592273473739624
keshaeuw,21779,lol,positive,0.45361214876174927,0.45361214876174927
keshaeuw,21779,aintnoway,neutral,0.7341197729110718,0.0
keshaeuw,21779,haha,positive,0.5592273473739624,0.5592273473739624
keshaeuw,21779,lmao,neutral,0.5486765503883362,0.0
keshaeuw,21779,lol,positive,0.45361214876174927,0.45361214876174927
keshaeuw,21779,omegalul clap omegalul clap omegalul clap omegalul clap omegalul clap omegalul clap omegalul clap omegalul clap omegalul clap omegalul clap omegalul clap omegalul clap omegalul clap omegalul clap omegalul clap,neutral,0.47115492820739746,0.0
keshaeuw,21779,aintnoway nahh,neutral,0.6672622561454773,0.0
keshaeuw,21779,aintnoway,neutral,0.7341197729110718,0.0
keshaeuw,21779,haha,positive,0.5592273473739624,0.5592273473739624
keshaeuw,21779,last acc hi,neutral,0.8477832078933716,0.0
keshaeuw,21779,lo,neutral,0.5339378714561462,0.0
keshaeuw,21779,wth,neutral,0.5470713376998901,0.0
lol_nemesis,21779,ai support sadeg,neutral,0.6878963708877563,0.0
lol_nemesis,21779,yeah you throwing id be mad rn if i was adc,negative,0.7823041677474976,-0.7823041677474976
lol_nemesis,21779,theyre good players,positive,0.8920266628265381,0.8920266628265381
lol_nemesis,21779,i recognize the singer,neutral,0.6187408566474915,0.0
lol_nemesis,21779,cancel letroll,negative,0.543727457523346,-0.543727457523346
lol_nemesis,21779,happyd,positive,0.5478874444961548,0.5478874444961548
lol_nemesis,21779,happy,positive,0.824882984161377,0.824882984161377
lol_nemesis,21779,happy,positive,0.824882984161377,0.824882984161377
lol_nemesis,21779,happy,positive,0.824882984161377,0.824882984161377
lol_nemesis,21779,tomfoolery,negative,0.7143101692199707,-0.7143101692199707
lol_nemesis,21779,happy,positive,0.824882984161377,0.824882984161377
lol_nemesis,21779,letroll,neutral,0.7222205400466919,0.0
lol_nemesis,21779,tomfoolery,negative,0.7143101692199707,-0.7143101692199707
lol_nemesis,21779,happy,positive,0.824882984161377,0.824882984161377
lol_nemesis,21779,trol,neutral,0.7195004224777222,0.0
lol_nemesis,21779,happy,positive,0.824882984161377,0.824882984161377
lol_nemesis,21779,happy,positive,0.824882984161377,0.824882984161377
lol_nemesis,21779,rat happy,positive,0.8140078186988831,0.8140078186988831
lol_nemesis,21779,happy,positive,0.824882984161377,0.824882984161377
lol_nemesis,21779,tomfoolery,negative,0.7143101692199707,-0.7143101692199707
lol_nemesis,21779,tomfoolery,negative,0.7143101692199707,-0.7143101692199707
lol_nemesis,21779,happy,positive,0.824882984161377,0.824882984161377
lol_nemesis,21779,happy ffzw,positive,0.940232515335083,0.940232515335083
lol_nemesis,21779,happy,positive,0.824882984161377,0.824882984161377
lol_nemesis,21779,tf,neutral,0.5761000514030457,0.0
lol_nemesis,21779,happy,positive,0.824882984161377,0.824882984161377
lol_nemesis,21779,happy,positive,0.824882984161377,0.824882984161377
lol_nemesis,21779,happy,positive,0.824882984161377,0.824882984161377
lol_nemesis,21779,timfooler,negative,0.5561851263046265,-0.5561851263046265
lol_nemesis,21779,letroll,neutral,0.7222205400466919,0.0
lol_nemesis,21779,rat happy,positive,0.8140078186988831,0.8140078186988831
lol_nemesis,21779,happy,positive,0.824882984161377,0.824882984161377
lol_nemesis,21779,happy,positive,0.824882984161377,0.824882984161377
lol_nemesis,21779,happy,positive,0.824882984161377,0.824882984161377
lol_nemesis,21779,happy,positive,0.824882984161377,0.824882984161377
lol_nemesis,21779,by tv is dying,negative,0.8418285250663757,-0.8418285250663757
lol_nemesis,21779,pfft,neutral,0.5842130780220032,0.0
lol_nemesis,21779,tf,neutral,0.5761000514030457,0.0
lol_nemesis,21779,my,neutral,0.5242984294891357,0.0
lol_nemesis,21779,lmaoo,neutral,0.5351349711418152,0.0
lol_nemesis,21779,aegimariam lo,neutral,0.8155589699745178,0.0
lol_nemesis,21779,tomfoolery,negative,0.7143101692199707,-0.7143101692199707
lol_nemesis,21779,oh hell nah,negative,0.7367956638336182,-0.7367956638336182
lol_nemesis,21779,my tv wont work,negative,0.7712758779525757,-0.7712758779525757
lol_nemesis,21779,sade,neutral,0.678957998752594,0.0
lol_nemesis,21779,bullshit program,negative,0.8676581382751465,-0.8676581382751465
lol_nemesis,21779,hi,neutral,0.4723919630050659,0.0
lol_nemesis,21779,why is e sad sade,negative,0.867169976234436,-0.867169976234436
lol_nemesis,21779,ok,neutral,0.5057830810546875,0.0
lol_nemesis,21779,classic,positive,0.5635226964950562,0.5635226964950562
lol_nemesis,21779,tims tomfoolery timfooler mhm,neutral,0.7456349730491638,0.0
lol_nemesis,21779,its joever,neutral,0.834867537021637,0.0
lol_nemesis,21779,are you using the old or new one,neutral,0.9405273795127869,0.0
lol_nemesis,21779,no letroll,neutral,0.647887647151947,0.0
lol_nemesis,21779,randomguylul new one,neutral,0.7979102730751038,0.0
lol_nemesis,21779,no e in zuh,neutral,0.835985004901886,0.0
lol_nemesis,21779,tomfoolery timfooler,negative,0.5097296237945557,-0.5097296237945557
lol_nemesis,21779,top dive kinda,neutral,0.8211098909378052,0.0
lol_nemesis,21779,restart ur tab,neutral,0.8678960204124451,0.0
lol_nemesis,21779,let me refresh,neutral,0.6794842481613159,0.0
lol_nemesis,21779,fk ur,negative,0.5338339805603027,-0.5338339805603027
lol_nemesis,21779,stop ulting,negative,0.6789664030075073,-0.6789664030075073
lol_nemesis,21779,fk this,negative,0.8606332540512085,-0.8606332540512085
lol_nemesis,21779,eu chzzk bo finals,neutral,0.7686836123466492,0.0
lol_nemesis,21779,wl,neutral,0.5704210996627808,0.0
lol_nemesis,21779,refresh no space frfr,neutral,0.709409236907959,0.0
lol_nemesis,21779,huni forbidden recall,neutral,0.8337527513504028,0.0
lol_nemesis,21779,tomfoolery,negative,0.7143101692199707,-0.7143101692199707
lol_nemesis,21779,nemessi,neutral,0.7885136604309082,0.0
lol_nemesis,21779,ok here we are,neutral,0.7837831974029541,0.0
lol_nemesis,21779,tomfoolery,negative,0.7143101692199707,-0.7143101692199707
lol_nemesis,21779,nemessi with the dodges,neutral,0.8846278190612793,0.0
lol_nemesis,21779,buh,neutral,0.5407251119613647,0.0
lol_nemesis,21779,baussi,neutral,0.695199191570282,0.0
lol_nemesis,21779,the new tv is buggy af i reenabled the old one and now it works perfectly,negative,0.5504909753799438,-0.5504909753799438
lol_nemesis,21779,monka,neutral,0.6494725346565247,0.0
lol_nemesis,21779,imbee,neutral,0.7136011123657227,0.0
lol_nemesis,21779,monka,neutral,0.6494725346565247,0.0
lol_nemesis,21779,randomguylul aware,neutral,0.7206462621688843,0.0
lol_nemesis,21779,based,neutral,0.6284012794494629,0.0
lol_nemesis,21779,zilean masterclass,positive,0.5841297507286072,0.5841297507286072
lol_nemesis,21779,we shilling,neutral,0.753964900970459,0.0
lol_nemesis,21779,ionians alrdy,neutral,0.7553173899650574,0.0
lol_nemesis,21779,welp,neutral,0.5382011532783508,0.0
lol_nemesis,21779,cant killean the zilean,negative,0.6016589999198914,-0.6016589999198914
lol_nemesis,21779,chat is this the game,neutral,0.8857783675193787,0.0
lol_nemesis,21779,u should be able to type refresh for tv btw,neutral,0.7066592574119568,0.0
lol_nemesis,21779,full build pogg,neutral,0.7562366127967834,0.0
lol_nemesis,21779,cluegi,neutral,0.7598817348480225,0.0
lol_nemesis,21779,eu chzzk bo finals,neutral,0.7686836123466492,0.0
lol_nemesis,21779,wl,neutral,0.5704210996627808,0.0
lol_nemesis,21779,sourin game,neutral,0.7651287317276001,0.0
lol_nemesis,21779,havent seen zilean in awhile he scales pretty well still right,neutral,0.5194193124771118,0.0
lol_nemesis,21779,oh,neutral,0.5331960320472717,0.0
lol_nemesis,21779,doesheknow,neutral,0.760768473148346,0.0
mooda,21779,ass,neutral,0.4753100275993347,0.0
mooda,21779,whens jynxzi tournament,neutral,0.8603211641311646,0.0
mooda,21779,cheer l ungrateful,neutral,0.4405880570411682,0.0
mooda,21779,rt,neutral,0.6207712292671204,0.0
mooda,21779,mooda tell me why you deserve a sub and ill gift,neutral,0.7719406485557556,0.0
mooda,21779,bang,neutral,0.4651641249656677,0.0
mooda,21779,moodas getting cent while cinna js got gifted from calling mooda,neutral,0.8312445878982544,0.0
mooda,21779,mooda bunnii is in the tourney and not you saj,neutral,0.6007100939750671,0.0
mooda,21779,does anyone know when jynxzi tournament is,neutral,0.9526847004890442,0.0
mooda,21779,bang,neutral,0.4651641249656677,0.0
mooda,21779,cheer not even a thank you wow,negative,0.6571040749549866,-0.6571040749549866
mooda,21779,u need to learn when to roam u never roam as mid player why,negative,0.6016896367073059,-0.6016896367073059
mooda,21779,st,neutral,0.569530725479126,0.0
mooda,21779,mooda nobody loves us except our moms bro be strong,negative,0.4495399594306946,-0.4495399594306946
mooda,21779,uuh,neutral,0.5866190791130066,0.0
mooda,21779,mooda tell me why you deserve a sub and ill gift,neutral,0.7719406485557556,0.0
mooda,21779,alr thx,neutral,0.5009936690330505,0.0
mooda,21779,ive been having a really bad day and when i saw you were live my day got way worse,negative,0.9367135763168335,-0.9367135763168335
mooda,21779,pfft,neutral,0.5842130780220032,0.0
mooda,21779,happyd,positive,0.5478874444961548,0.5478874444961548
mooda,21779,lol,positive,0.45361214876174927,0.45361214876174927
mooda,21779,aga,neutral,0.5711154937744141,0.0
mooda,21779,mija,neutral,0.7561413049697876,0.0
mooda,21779,uh,neutral,0.5250392556190491,0.0
mooda,21779,pfft,neutral,0.5842130780220032,0.0
mooda,21779,ww r,neutral,0.8112612962722778,0.0
mooda,21779,mija bro,neutral,0.7769969701766968,0.0
mooda,21779,uuh,neutral,0.5866190791130066,0.0
mooda,21779,ur him bro,neutral,0.8095808625221252,0.0
mooda,21779,tardtard,negative,0.7818091511726379,-0.7818091511726379
mooda,21779,lol,positive,0.45361214876174927,0.45361214876174927
mooda,21779,eww,neutral,0.6282535195350647,0.0
mooda,21779,bro,neutral,0.5395989418029785,0.0
mooda,21779,pfft,neutral,0.5842130780220032,0.0
mooda,21779,son,neutral,0.569151759147644,0.0
mooda,21779,greed,negative,0.6890972256660461,-0.6890972256660461
mooda,21779,brother,neutral,0.6817502975463867,0.0
mooda,21779,mijo,neutral,0.7610641121864319,0.0
mooda,21779,lo,neutral,0.5339378714561462,0.0
mooda,21779,sob,positive,0.5517578721046448,0.5517578721046448
mooda,21779,lol,positive,0.45361214876174927,0.45361214876174927
mooda,21779,nice one retard,negative,0.5578833222389221,-0.5578833222389221
mooda,21779,son,neutral,0.569151759147644,0.0
mooda,21779,ur actually braindead,negative,0.783237099647522,-0.783237099647522
mooda,21779,terrorist,negative,0.5640715956687927,-0.5640715956687927
mooda,21779,pfft,neutral,0.5842130780220032,0.0
mooda,21779,son,neutral,0.569151759147644,0.0
mooda,21779,lol,positive,0.45361214876174927,0.45361214876174927
mooda,21779,nice,positive,0.6833009123802185,0.6833009123802185
mooda,21779,ass,neutral,0.4753100275993347,0.0
mooda,21779,lol,positive,0.45361214876174927,0.45361214876174927
mooda,21779,mooda u are a tard,negative,0.8724024295806885,-0.8724024295806885
mooda,21779,greedy,negative,0.6529874801635742,-0.6529874801635742
mooda,21779,bro,neutral,0.5395989418029785,0.0
mooda,21779,u need to learn when to roam u never roam as mid player why,negative,0.6016896367073059,-0.6016896367073059
mooda,21779,asz,neutral,0.6449308395385742,0.0
mooda,21779,showlove i mean wow,positive,0.8266333341598511,0.8266333341598511
mooda,21779,your a peice of shit ngl,negative,0.933057963848114,-0.933057963848114
mooda,21779,mooda tell me why you deserve a sub and ill gift,neutral,0.7719406485557556,0.0
mooda,21779,chosen one gameplay,neutral,0.8544768691062927,0.0
mooda,21779,bomber,neutral,0.6565689444541931,0.0
mooda,21779,ass,neutral,0.4753100275993347,0.0
mooda,21779,ll drinking beer haram,negative,0.7010812759399414,-0.7010812759399414
mooda,21779,wow ur shit at this mooda,negative,0.9422134160995483,-0.9422134160995483
mooda,21779,ll alcoholic,neutral,0.5841130018234253,0.0
mooda,21779,just be better,positive,0.7634494304656982,0.7634494304656982
mooda,21779,u need to learn when to roam u never roam as mid player why mooda,negative,0.5967109203338623,-0.5967109203338623
mooda,21779,ive been having a really bad day and when i saw you were live my day got way worse,negative,0.9367135763168335,-0.9367135763168335
mooda,21779,cheer l ungrateful,neutral,0.4405880570411682,0.0
mooda,21779,u couldve e q bait the jump then r,neutral,0.8185496926307678,0.0
mooda,21779,ego classic,neutral,0.6554901003837585,0.0
mooda,21779,well not anymorre,negative,0.5275364518165588,-0.5275364518165588
mooda,21779,its fine we all make mistakes aga,neutral,0.6253103017807007,0.0
mooda,21779,rt,neutral,0.6207712292671204,0.0
mooda,21779,you are fcking terrible mood,negative,0.9392520785331726,-0.9392520785331726
mooda,21779,u deserve all the hate,negative,0.9118762016296387,-0.9118762016296387
mooda,21779,if you wanna just ult wait till hes near wall so he cant dodge,neutral,0.7790511846542358,0.0
mooda,21779,u need to learn when to roam u never roam as mid player why,negative,0.6016896367073059,-0.6016896367073059
mooda,21779,sob,positive,0.5517578721046448,0.5517578721046448
mooda,21779,lol,positive,0.45361214876174927,0.45361214876174927
mooda,21779,rt,neutral,0.6207712292671204,0.0
mooda,21779,rt,neutral,0.6207712292671204,0.0
mooda,21779,rt,neutral,0.6207712292671204,0.0
mooda,21779,rt,neutral,0.6207712292671204,0.0
mooda,21779,lol,positive,0.45361214876174927,0.45361214876174927
mooda,21779,watch cinna,neutral,0.8405146598815918,0.0
mooda,21779,rt,neutral,0.6207712292671204,0.0
mooda,21779,rt,neutral,0.6207712292671204,0.0
mooda,21779,not officially diagnosed yet,neutral,0.7755041718482971,0.0
mooda,21779,you are terrible,negative,0.9002646803855896,-0.9002646803855896
mooda,21779,rt,neutral,0.6207712292671204,0.0
mooda,21779,bro when he do his e so you can pushh,neutral,0.8022515177726746,0.0
mooda,21779,cheer hello,positive,0.7409902811050415,0.7409902811050415
nickich,21779,hows the climb going,neutral,0.8796842098236084,0.0
nickich,21779,lol,positive,0.45361214876174927,0.45361214876174927
nickich,21779,lo,neutral,0.5339378714561462,0.0
nickich,21779,lo,neutral,0.5339378714561462,0.0
nickich,21779,nick are you routing for croatia against stinking england,neutral,0.5609408617019653,0.0
nickich,21779,in lithuania there is now an app,neutral,0.8822925090789795,0.0
nickich,21779,routing dentge,neutral,0.849721372127533,0.0
nickich,21779,bro i got bombarded with ads during the water break,negative,0.8081617951393127,-0.8081617951393127
nickich,21779,croatia in sob,neutral,0.7151848077774048,0.0
nickich,21779,stop using so many ws until chapter ur perma oom everygame,negative,0.6485894322395325,-0.6485894322395325
nickich,21779,can you give up this mid arc ur so buns,negative,0.8667224645614624,-0.8667224645614624
nickich,21779,yo nick havent had the chance to follow the stream lately i hope you had fun in europe gl with your midlane challenge peepoblush love from italy,positive,0.8937804102897644,0.8937804102897644
nickich,21779,frfr,neutral,0.562678873538971,0.0
nickich,21779,game is gone,neutral,0.5047917366027832,0.0
nickich,21779,catpls,neutral,0.8074094653129578,0.0
nickich,21779,sob ll italy,neutral,0.8126540184020996,0.0
nickich,21779,previously a challenger support main a former superstar jungler now an aspiring challenger mid laner,neutral,0.9015143513679504,0.0
nickich,21779,speedsmile,neutral,0.7572686076164246,0.0
nickich,21779,its coming home this time frfr tired,negative,0.48365548253059387,-0.48365548253059387
nickich,21779,my local pub is giving out free drinks on italys game days ww,positive,0.7553591132164001,0.7553591132164001
nickich,21779,eune midlane climb we will be there,neutral,0.5324087142944336,0.0
nickich,21779,we getting blasted,neutral,0.5957034826278687,0.0
nickich,21779,go italy rent a calm luh vespa,neutral,0.8199635744094849,0.0
nickich,21779,son,neutral,0.569151759147644,0.0
nickich,21779,whatt,neutral,0.5756871700286865,0.0
nickich,21779,son,neutral,0.569151759147644,0.0
nickich,21779,hmm,neutral,0.6542518734931946,0.0
nickich,21779,lo,neutral,0.5339378714561462,0.0
nickich,21779,son,neutral,0.569151759147644,0.0
nickich,21779,lo,neutral,0.5339378714561462,0.0
nickich,21779,son,neutral,0.569151759147644,0.0
nickich,21779,mijo,neutral,0.7610641121864319,0.0
nickich,21779,oof,neutral,0.627682089805603,0.0
nickich,21779,mijo,neutral,0.7610641121864319,0.0
nickich,21779,yikes deluxify,negative,0.7668619751930237,-0.7668619751930237
nickich,21779,my fucking streamer man,negative,0.8791979551315308,-0.8791979551315308
nickich,21779,ah hell nah,negative,0.6940068602561951,-0.6940068602561951
nickich,21779,canca patient,neutral,0.7546179890632629,0.0
nickich,21779,degloved,positive,0.7712653875350952,0.7712653875350952
nickich,21779,what are you doing,neutral,0.783042311668396,0.0
nickich,21779,degloved,positive,0.7712653875350952,0.7712653875350952
nickich,21779,she kinda boiled u king,neutral,0.6642997860908508,0.0
nickich,21779,mijo,neutral,0.7610641121864319,0.0
nickich,21779,gulp,neutral,0.5951259732246399,0.0
nickich,21779,maybe stay over in na sonion,neutral,0.9112686514854431,0.0
nickich,21779,son we need to fucking boil you brother aint gonna lie,negative,0.9331177473068237,-0.9331177473068237
nickich,21779,yikes deluxify,negative,0.7668619751930237,-0.7668619751930237
nickich,21779,sob,positive,0.5517578721046448,0.5517578721046448
nickich,21779,mods clip that,neutral,0.5788101553916931,0.0
nickich,21779,haha and you guys watch this waisting your time on this,negative,0.7591866254806519,-0.7591866254806519
nickich,21779,lmfao,neutral,0.48061928153038025,0.0
nickich,21779,adajkdjkajkjd,neutral,0.5949247479438782,0.0
nickich,21779,we would like to welcome streamer nickich to the south african soccer starting roster,positive,0.6266573071479797,0.6266573071479797
nickich,21779,i will touch you,neutral,0.5702496767044067,0.0
nickich,21779,lol,positive,0.45361214876174927,0.45361214876174927
nickich,21779,come to serbia bro play league from here,neutral,0.7705541253089905,0.0
nickich,21779,you can touch my dick only if i let you do that,neutral,0.647154688835144,0.0
nickich,21779,i turned on your stream after half match they fried me wanted you muted sob,negative,0.8464974761009216,-0.8464974761009216
nickich,21779,flossing,neutral,0.6816068887710571,0.0
nickich,21779,he has my permission hes good,positive,0.8273043632507324,0.8273043632507324
nickich,21779,another clm assist ahh game,neutral,0.6086995005607605,0.0
nickich,21779,i think he deliberately missed r to make us laugh and have fun glaze drake,neutral,0.5266506671905518,0.0
nickich,21779,hat indoors you balding unc mijo,negative,0.720734715461731,-0.720734715461731
nickich,21779,who goin further canada or us,neutral,0.9166025519371033,0.0
nickich,21779,speedsmile,neutral,0.7572686076164246,0.0
nickich,21779,son,neutral,0.569151759147644,0.0
nickich,21779,son,neutral,0.569151759147644,0.0
nickich,21779,son,neutral,0.569151759147644,0.0
nickich,21779,tired,neutral,0.46103933453559875,0.0
nickich,21779,son,neutral,0.569151759147644,0.0
nickich,21779,speedsmile,neutral,0.7572686076164246,0.0
nickich,21779,you miss all the shots u dont take its aight,neutral,0.588471531867981,0.0
nickich,21779,nah bro im out cant watch this garbage stream bye,negative,0.939444899559021,-0.939444899559021
nickich,21779,ngl u sound european as hell at least the belgoat viewers can be funny sometimes try again next week,negative,0.7926820516586304,-0.7926820516586304
nickich,21779,omgbruh,neutral,0.44973528385162354,0.0
nickich,21779,back to basics orianna on aram mayhem,neutral,0.8319200873374939,0.0
nickich,21779,yo big ich why are you playing orianna this champ is just not meant for your frontal lobe,negative,0.8771125674247742,-0.8771125674247742
nickich,21779,common ww,neutral,0.8017445802688599,0.0
nickich,21779,ww,neutral,0.6053802967071533,0.0
nickich,21779,ww,neutral,0.6053802967071533,0.0
nickich,21779,ww,neutral,0.6053802967071533,0.0
nickich,21779,chat did he hit diamond,neutral,0.735400378704071,0.0
nickich,21779,whats up in albania,neutral,0.8037902116775513,0.0
nickich,21779,she dont know you,neutral,0.6337890028953552,0.0
nickich,21779,can u ban me like weeks aswell,negative,0.7548084855079651,-0.7548084855079651
nickich,21779,we are few games off chall,neutral,0.8969261646270752,0.0
nickich,21779,the break is over o,neutral,0.7870975136756897,0.0
nickich,21779,anton,neutral,0.6510909795761108,0.0
nickich,21779,gliding,neutral,0.7093157172203064,0.0
nickich,21779,no you must watch nickichs akali until your eyes bleed waga,neutral,0.4845871031284332,0.0
nickich,21779,lmfao,neutral,0.48061928153038025,0.0
nickich,21779,ratirlglider,neutral,0.728977620601654,0.0
nickich,21779,nick has missed another cannon missed cannons,negative,0.5191552639007568,-0.5191552639007568
thebausffs,21779,carrypov,neutral,0.7210008502006531,0.0
thebausffs,21779,go babus u can win this it doenst master if u have to play vs,positive,0.862455427646637,0.862455427646637
thebausffs,21779,hesbuh,neutral,0.6317765712738037,0.0
thebausffs,21779,you dont think its winnable,negative,0.5169965028762817,-0.5169965028762817
thebausffs,21779,big d energy,positive,0.5261821150779724,0.5261821150779724
thebausffs,21779,wrong usage,negative,0.6136633157730103,-0.6136633157730103
thebausffs,21779,its winnable kirkendaciously,positive,0.6224494576454163,0.6224494576454163
thebausffs,21779,t,neutral,0.488618940114975,0.0
thebausffs,21779,bossman baus kasante lucian synergy,neutral,0.8046041131019592,0.0
thebausffs,21779,xqcl happy,positive,0.8700627088546753,0.8700627088546753
thebausffs,21779,check out my youtube borpaspin,neutral,0.718237042427063,0.0
thebausffs,21779,unhappy,negative,0.6304481625556946,-0.6304481625556946
thebausffs,21779,my guess is its called in love with an alien,neutral,0.8210035562515259,0.0
thebausffs,21779,happy,positive,0.824882984161377,0.824882984161377
thebausffs,21779,mins per death thats crazy good,positive,0.8764206171035767,0.8764206171035767
thebausffs,21779,happy,positive,0.824882984161377,0.824882984161377
thebausffs,21779,happy,positive,0.824882984161377,0.824882984161377
thebausffs,21779,stfu allanr,negative,0.6824937462806702,-0.6824937462806702
thebausffs,21779,whos t hat,neutral,0.7353640198707581,0.0
thebausffs,21779,happy,positive,0.824882984161377,0.824882984161377
thebausffs,21779,happy,positive,0.824882984161377,0.824882984161377
thebausffs,21779,xgg,neutral,0.5261772871017456,0.0
thebausffs,21779,pain,negative,0.518371045589447,-0.518371045589447
thebausffs,21779,xqcl,neutral,0.7335540652275085,0.0
thebausffs,21779,pointless,neutral,0.5291939377784729,0.0
thebausffs,21779,happy,positive,0.824882984161377,0.824882984161377
thebausffs,21779,bruh is he saying im in love with the hairiest,positive,0.6003379225730896,0.6003379225730896
thebausffs,21779,never ff angre,neutral,0.5053663849830627,0.0
thebausffs,21779,happy,positive,0.824882984161377,0.824882984161377
thebausffs,21779,thebaus ff s lule,neutral,0.7710626721382141,0.0
thebausffs,21779,happy,positive,0.824882984161377,0.824882984161377
thebausffs,21779,happy,positive,0.824882984161377,0.824882984161377
thebausffs,21779,pointless,neutral,0.5291939377784729,0.0
thebausffs,21779,happy,positive,0.824882984161377,0.824882984161377
thebausffs,21779,message deleted by a moderator,neutral,0.5967844724655151,0.0
thebausffs,21779,happy,positive,0.824882984161377,0.824882984161377
thebausffs,21779,ff every game,neutral,0.7272679805755615,0.0
thebausffs,21779,xqcl,neutral,0.7335540652275085,0.0
thebausffs,21779,happy,positive,0.824882984161377,0.824882984161377
thebausffs,21779,bluealiendance bluealiendance bluealiendance bluealiendance,neutral,0.585223376750946,0.0
thebausffs,21779,dd,neutral,0.48984086513519287,0.0
thebausffs,21779,happy,positive,0.824882984161377,0.824882984161377
thebausffs,21779,happy,positive,0.824882984161377,0.824882984161377
thebausffs,21779,v,neutral,0.4619595408439636,0.0
thebausffs,21779,happyd,positive,0.5478874444961548,0.5478874444961548
thebausffs,21779,ur winning this somehow,positive,0.684449315071106,0.684449315071106
thebausffs,21779,happy,positive,0.824882984161377,0.824882984161377
thebausffs,21779,dd,neutral,0.48984086513519287,0.0
thebausffs,21779,im in love with an alienfell in love with a ryze,neutral,0.766512930393219,0.0
thebausffs,21779,happy,positive,0.824882984161377,0.824882984161377
thebausffs,21779,ban all cereal viewers angrier,negative,0.8050628900527954,-0.8050628900527954
thebausffs,21779,happy,positive,0.824882984161377,0.824882984161377
thebausffs,21779,happy,positive,0.824882984161377,0.824882984161377
thebausffs,21779,happy,positive,0.824882984161377,0.824882984161377
thebausffs,21779,message deleted by a moderator,neutral,0.5967844724655151,0.0
thebausffs,21779,alien,neutral,0.6905488967895508,0.0
thebausffs,21779,happy,positive,0.824882984161377,0.824882984161377
thebausffs,21779,happy,positive,0.824882984161377,0.824882984161377
thebausffs,21779,dd,neutral,0.48984086513519287,0.0
thebausffs,21779,au of the last chatters timed out,neutral,0.6694058775901794,0.0
thebausffs,21779,damn cant do anything right,negative,0.9187642335891724,-0.9187642335891724
thebausffs,21779,poor lucian,negative,0.7744083404541016,-0.7744083404541016
thebausffs,21779,dont ffg wait lord domenick,neutral,0.6176450252532959,0.0
thebausffs,21779,firsttimeclassic,neutral,0.6739852428436279,0.0
thebausffs,21779,happying happying happying happying happying happying happying happying happying happying happying happying happying happying happying happying happying happying happying happying happying happying happying happying happying happying happying happying happying happying,positive,0.8615943193435669,0.8615943193435669
thebausffs,21779,happy,positive,0.824882984161377,0.824882984161377
thebausffs,21779,happy,positive,0.824882984161377,0.824882984161377
thebausffs,21779,thebaus ff s lule,neutral,0.7710626721382141,0.0
thebausffs,21779,uuh why is everyone getting deleted,negative,0.7546395659446716,-0.7546395659446716
thebausffs,21779,overworking,neutral,0.5544704794883728,0.0
thebausffs,21779,happy,positive,0.824882984161377,0.824882984161377
thebausffs,21779,dansi,neutral,0.8130689263343811,0.0
thebausffs,21779,dansi,neutral,0.8130689263343811,0.0
thebausffs,21779,happy,positive,0.824882984161377,0.824882984161377
thebausffs,21779,paidchatter,neutral,0.5902745127677917,0.0
thebausffs,21779,sometimes the villain wins toplane,neutral,0.5566223859786987,0.0
thebausffs,21779,has been permanently banned,negative,0.7934775948524475,-0.7934775948524475
thebausffs,21779,duckdisco,neutral,0.815961480140686,0.0
thebausffs,21779,residentsleeper residentsleeper,neutral,0.776145339012146,0.0
thebausffs,21779,happy,positive,0.824882984161377,0.824882984161377
thebausffs,21779,message deleted by a moderator,neutral,0.5967844724655151,0.0
thebausffs,21779,makes more sense mhm,positive,0.49103039503097534,0.49103039503097534
thebausffs,21779,happy,positive,0.824882984161377,0.824882984161377
thebausffs,21779,happy,positive,0.824882984161377,0.824882984161377
thebausffs,21779,ban all cereal viewers angrier,negative,0.8050628900527954,-0.8050628900527954
thebausffs,21779,happy,positive,0.824882984161377,0.824882984161377
thebausffs,21779,dxx,neutral,0.5955353379249573,0.0
thebausffs,21779,happy,positive,0.824882984161377,0.824882984161377
thebausffs,21779,i wanna see evil baus gameplay,neutral,0.5195798873901367,0.0
thebausffs,21779,v,neutral,0.4619595408439636,0.0
thebausffs,21779,type happy d get banned but int the game nothing lule,negative,0.7644983530044556,-0.7644983530044556
thebausffs,21779,happy,positive,0.824882984161377,0.824882984161377
thebausffs,21779,he looks so happy im glad you enjoy this game,positive,0.9862980842590332,0.9862980842590332
thebausffs,21779,band,neutral,0.6565691828727722,0.0
thebausffs,21779,why is ex dee banned,negative,0.7860198020935059,-0.7860198020935059
thebausffs,21779,rat infestation lo,negative,0.6000744104385376,-0.6000744104385376
ashswag,27471,use robux to grow instantly,positive,0.6690455079078674,0.6690455079078674
ashswag,27471,noway,neutral,0.7579576969146729,0.0
ashswag,27471,lmao,neutral,0.5486765503883362,0.0
ashswag,27471,lmao,neutral,0.5486765503883362,0.0
ashswag,27471,lmao,neutral,0.5486765503883362,0.0
ashswag,27471,lmao,neutral,0.5486765503883362,0.0
ashswag,27471,ome,neutral,0.6378200650215149,0.0
ashswag,27471,lmao,neutral,0.5486765503883362,0.0
ashswag,27471,lmao,neutral,0.5486765503883362,0.0
ashswag,27471,lmao,neutral,0.5486765503883362,0.0
ashswag,27471,lmao,neutral,0.5486765503883362,0.0
ashswag,27471,om,neutral,0.5059751272201538,0.0
ashswag,27471,only a hug stop lowballing,negative,0.5298289656639099,-0.5298289656639099
ashswag,27471,lmao,neutral,0.5486765503883362,0.0
ashswag,27471,lmao,neutral,0.5486765503883362,0.0
ashswag,27471,ome,neutral,0.6378200650215149,0.0
ashswag,27471,lmao,neutral,0.5486765503883362,0.0
ashswag,27471,this is gonna work,positive,0.8095989227294922,0.8095989227294922
ashswag,27471,lifesteal world is a week lifesteal event taking place from th to th of june the event includes regular lifesteal members and over guests that were announced on lifesteals twitter,neutral,0.9033192992210388,0.0
ashswag,27471,holy reaction,neutral,0.5145387053489685,0.0
ashswag,27471,ashswags pay win,neutral,0.6723461151123047,0.0
ashswag,27471,loll,neutral,0.5362176895141602,0.0
ashswag,27471,lmfao,neutral,0.48061928153038025,0.0
ashswag,27471,lol,positive,0.45361214876174927,0.45361214876174927
ashswag,27471,lol,positive,0.45361214876174927,0.45361214876174927
ashswag,27471,lol,positive,0.45361214876174927,0.45361214876174927
ashswag,27471,pood,neutral,0.5186554789543152,0.0
ashswag,27471,lol,positive,0.45361214876174927,0.45361214876174927
ashswag,27471,lmfao,neutral,0.48061928153038025,0.0
ashswag,27471,lmao,neutral,0.5486765503883362,0.0
ashswag,27471,lmao,neutral,0.5486765503883362,0.0
ashswag,27471,lol,positive,0.45361214876174927,0.45361214876174927
ashswag,27471,lmao,neutral,0.5486765503883362,0.0
ashswag,27471,um,neutral,0.6282378435134888,0.0
ashswag,27471,lol,positive,0.45361214876174927,0.45361214876174927
ashswag,27471,lol,positive,0.45361214876174927,0.45361214876174927
ashswag,27471,lmao,neutral,0.5486765503883362,0.0
ashswag,27471,this guy bro,negative,0.49432533979415894,-0.49432533979415894
ashswag,27471,redoons got mace,neutral,0.7532358765602112,0.0
ashswag,27471,lol,positive,0.45361214876174927,0.45361214876174927
ashswag,27471,lmao,neutral,0.5486765503883362,0.0
ashswag,27471,lmao,neutral,0.5486765503883362,0.0
ashswag,27471,lmaoo,neutral,0.5351349711418152,0.0
ashswag,27471,lmao,neutral,0.5486765503883362,0.0
ashswag,27471,bread works to,neutral,0.7202196717262268,0.0
ashswag,27471,w,neutral,0.47617238759994507,0.0
ashswag,27471,lmao,neutral,0.5486765503883362,0.0
ashswag,27471,lmao,neutral,0.5486765503883362,0.0
ashswag,27471,lmaoo,neutral,0.5351349711418152,0.0
ashswag,27471,holy pay to win lmao,neutral,0.42065754532814026,0.0
ashswag,27471,w,neutral,0.47617238759994507,0.0
ashswag,27471,lol,positive,0.45361214876174927,0.45361214876174927
ashswag,27471,lmao,neutral,0.5486765503883362,0.0
ashswag,27471,ww,neutral,0.6053802967071533,0.0
ashswag,27471,lmao,neutral,0.5486765503883362,0.0
ashswag,27471,lmao,neutral,0.5486765503883362,0.0
ashswag,27471,w,neutral,0.47617238759994507,0.0
ashswag,27471,lmao,neutral,0.5486765503883362,0.0
ashswag,27471,lmao,neutral,0.5486765503883362,0.0
ashswag,27471,lmao,neutral,0.5486765503883362,0.0
ashswag,27471,they need therapy lmao,negative,0.8765221238136292,-0.8765221238136292
ashswag,27471,lol,positive,0.45361214876174927,0.45361214876174927
ashswag,27471,there has to be more beds than villagers too i think if i recall,neutral,0.8509913682937622,0.0
ashswag,27471,lol,positive,0.45361214876174927,0.45361214876174927
ashswag,27471,need the frog portal maybe,neutral,0.8392153978347778,0.0
ashswag,27471,bro,neutral,0.5395989418029785,0.0
ashswag,27471,oh,neutral,0.5331960320472717,0.0
ashswag,27471,they do,neutral,0.7056159973144531,0.0
ashswag,27471,even if u do know shit about minecraft dont try to give advice,negative,0.7638794779777527,-0.7638794779777527
ashswag,27471,yeah they dont,neutral,0.5780900716781616,0.0
ashswag,27471,thats not true,negative,0.5128763914108276,-0.5128763914108276
ashswag,27471,what are you on about,neutral,0.4913615584373474,0.0
ashswag,27471,bro is trolling,negative,0.4984448254108429,-0.4984448254108429
ashswag,27471,smh,neutral,0.4732678234577179,0.0
ashswag,27471,pretty sure its a myth,negative,0.5730311274528503,-0.5730311274528503
ashswag,27471,who is ash talking to,neutral,0.8324899077415466,0.0
ashswag,27471,smh,neutral,0.4732678234577179,0.0
ashswag,27471,haha,positive,0.5592273473739624,0.5592273473739624
ashswag,27471,imfrying,negative,0.5266565084457397,-0.5266565084457397
ashswag,27471,i mean i dont wanna see them do it,negative,0.7432504892349243,-0.7432504892349243
ashswag,27471,lol,positive,0.45361214876174927,0.45361214876174927
ashswag,27471,lol,positive,0.45361214876174927,0.45361214876174927
ashswag,27471,banger song,positive,0.8016791343688965,0.8016791343688965
ashswag,27471,no she probably needs more bed,negative,0.511928915977478,-0.511928915977478
ashswag,27471,withmayx,neutral,0.8074263334274292,0.0
ashswag,27471,gotcaughttrolling,neutral,0.6131491661071777,0.0
ashswag,27471,lol,positive,0.45361214876174927,0.45361214876174927
ashswag,27471,icant,neutral,0.6134603023529053,0.0
ashswag,27471,lol,positive,0.45361214876174927,0.45361214876174927
ashswag,27471,lol,positive,0.45361214876174927,0.45361214876174927
ashswag,27471,lmao,neutral,0.5486765503883362,0.0
ashswag,27471,lmao,neutral,0.5486765503883362,0.0
ashswag,27471,lol,positive,0.45361214876174927,0.45361214876174927
ashswag,27471,lmao,neutral,0.5486765503883362,0.0
ashswag,27471,i feel like half of the server needs therapy,negative,0.9306901097297668,-0.9306901097297668
boosfer,27471,so close,neutral,0.5015034675598145,0.0
boosfer,27471,if you say that i would get curious gigglecat,neutral,0.7994157671928406,0.0
boosfer,27471,tach,neutral,0.6565350294113159,0.0
boosfer,27471,im missing so much,negative,0.7246193885803223,-0.7246193885803223
boosfer,27471,ty and hii tan loved,positive,0.9140622615814209,0.9140622615814209
boosfer,27471,br,neutral,0.4905562400817871,0.0
boosfer,27471,lol,positive,0.45361214876174927,0.45361214876174927
boosfer,27471,br,neutral,0.4905562400817871,0.0
boosfer,27471,boosfergiggle better stay like that,neutral,0.5859005451202393,0.0
boosfer,27471,br,neutral,0.4905562400817871,0.0
boosfer,27471,snakezy dropped and so does the a few top players,neutral,0.7205079197883606,0.0
boosfer,27471,hi catkiss,neutral,0.6193106174468994,0.0
boosfer,27471,hai mint gwaga,neutral,0.8174039721488953,0.0
boosfer,27471,minty hai haii catkiss gwaga,neutral,0.7679443359375,0.0
boosfer,27471,hai vani kissu,neutral,0.6917973160743713,0.0
boosfer,27471,lovey,positive,0.7380275130271912,0.7380275130271912
boosfer,27471,you what,neutral,0.7285396456718445,0.0
boosfer,27471,bleh aight cute,positive,0.7566614747047424,0.7566614747047424
boosfer,27471,hai yeon lovey lovey,positive,0.6608076095581055,0.6608076095581055
boosfer,27471,bonk tupid,negative,0.5565462708473206,-0.5565462708473206
boosfer,27471,we listen and we judge,neutral,0.8637045621871948,0.0
boosfer,27471,bleh,neutral,0.5631067156791687,0.0
boosfer,27471,chat i still cant find my stylus i want to draww,negative,0.8976573348045349,-0.8976573348045349
boosfer,27471,bleh,neutral,0.5631067156791687,0.0
boosfer,27471,w,neutral,0.47617238759994507,0.0
boosfer,27471,exactly,neutral,0.5092529058456421,0.0
boosfer,27471,boosferwave boosferwave,neutral,0.7038208246231079,0.0
boosfer,27471,w,neutral,0.47617238759994507,0.0
boosfer,27471,o snakezy not feeling the sneaky rn feaky,negative,0.7478989958763123,-0.7478989958763123
boosfer,27471,bleh,neutral,0.5631067156791687,0.0
boosfer,27471,bleh,neutral,0.5631067156791687,0.0
boosfer,27471,therethere,neutral,0.5366437435150146,0.0
boosfer,27471,finger drawing time sady,neutral,0.591356635093689,0.0
boosfer,27471,hii choco,neutral,0.6148771643638611,0.0
boosfer,27471,sorry i ate it,neutral,0.5211144685745239,0.0
boosfer,27471,therethere,neutral,0.5366437435150146,0.0
boosfer,27471,smirk,neutral,0.6600732207298279,0.0
boosfer,27471,o still sady time to clean your room smirk,neutral,0.7548316121101379,0.0
boosfer,27471,or toes smirk,neutral,0.7704518437385559,0.0
boosfer,27471,my fingers hurt sadd,negative,0.7990582585334778,-0.7990582585334778
boosfer,27471,pat pat,neutral,0.5826380252838135,0.0
boosfer,27471,smirk,neutral,0.6600732207298279,0.0
boosfer,27471,i looked everywhere,neutral,0.7081335186958313,0.0
boosfer,27471,using a cotton bud trust,neutral,0.8106503486633301,0.0
boosfer,27471,m maleniatoes drool,neutral,0.6174754500389099,0.0
boosfer,27471,draftout stats for boosfer elo rank guardian i peak elo record w l forfeits,neutral,0.7548929452896118,0.0
boosfer,27471,im gonna go insane,neutral,0.46270930767059326,0.0
boosfer,27471,dont look just clean and you shall be rewarded,neutral,0.5326341390609741,0.0
boosfer,27471,sady gws fingers,negative,0.730614960193634,-0.730614960193634
boosfer,27471,echolocate idk,neutral,0.739313542842865,0.0
boosfer,27471,i love imitating whatever chat is saying even though im on phone and cant see any emote aga bleh,positive,0.6496976017951965,0.6496976017951965
boosfer,27471,eating rn be back later,neutral,0.8162442445755005,0.0
boosfer,27471,thanks for lurking choc_cookis,positive,0.7964423298835754,0.7964423298835754
boosfer,27471,check hippo they might ate it,neutral,0.5251927375793457,0.0
boosfer,27471,nod,neutral,0.6345407962799072,0.0
boosfer,27471,bet,neutral,0.5598135590553284,0.0
boosfer,27471,monkeypat,neutral,0.7015265226364136,0.0
boosfer,27471,hello chat,neutral,0.7633018493652344,0.0
boosfer,27471,aga,neutral,0.5711154937744141,0.0
boosfer,27471,enjoy ur meal gwaga,positive,0.9344342947006226,0.9344342947006226
boosfer,27471,smirk,neutral,0.6600732207298279,0.0
boosfer,27471,lol same but im on laptop and my tv isnt working,negative,0.6830752491950989,-0.6830752491950989
boosfer,27471,hai gwaga,neutral,0.7219181656837463,0.0
boosfer,27471,nom,neutral,0.6157436370849609,0.0
boosfer,27471,ill got some waffles ima go harf em down,neutral,0.7349464297294617,0.0
boosfer,27471,nom well,neutral,0.5219510197639465,0.0
boosfer,27471,boosfergiggle,neutral,0.6210612058639526,0.0
boosfer,27471,its and i cant sleep,negative,0.7535924315452576,-0.7535924315452576
boosfer,27471,ok,neutral,0.5057830810546875,0.0
boosfer,27471,yum waffles,positive,0.8699640035629272,0.8699640035629272
boosfer,27471,w nom well,neutral,0.6135776042938232,0.0
boosfer,27471,me ever since i started watching gwaga,neutral,0.6218448281288147,0.0
boosfer,27471,nom nom,neutral,0.6033954620361328,0.0
boosfer,27471,nom,neutral,0.6157436370849609,0.0
boosfer,27471,nom well,neutral,0.5219510197639465,0.0
boosfer,27471,me too gwaga waga aga,neutral,0.6771306395530701,0.0
boosfer,27471,welcome back ssd_,positive,0.8359243869781494,0.8359243869781494
boosfer,27471,ggs,neutral,0.6987693309783936,0.0
boosfer,27471,nom,neutral,0.6157436370849609,0.0
boosfer,27471,nom,neutral,0.6157436370849609,0.0
boosfer,27471,same lol,neutral,0.6090875267982483,0.0
boosfer,27471,nom,neutral,0.6157436370849609,0.0
boosfer,27471,nom,neutral,0.6157436370849609,0.0
boosfer,27471,nom,neutral,0.6157436370849609,0.0
boosfer,27471,nom,neutral,0.6157436370849609,0.0
boosfer,27471,nod,neutral,0.6345407962799072,0.0
boosfer,27471,thanks for lurking ssd_,positive,0.8773416876792908,0.8773416876792908
boosfer,27471,smrt,neutral,0.7397642731666565,0.0
boosfer,27471,nom,neutral,0.6157436370849609,0.0
boosfer,27471,catmunch,neutral,0.7801167368888855,0.0
boosfer,27471,ok,neutral,0.5057830810546875,0.0
boosfer,27471,there,neutral,0.5972472429275513,0.0
boosfer,27471,cya chat,neutral,0.7837819457054138,0.0
boosfer,27471,smirk,neutral,0.6600732207298279,0.0
boosfer,27471,o,neutral,0.5066007971763611,0.0
boosfer,27471,gl,neutral,0.5329850316047668,0.0
conix,27471,banger,positive,0.4967564046382904,0.4967564046382904
conix,27471,banger,positive,0.4967564046382904,0.4967564046382904
conix,27471,ome,neutral,0.6378200650215149,0.0
conix,27471,who says bcs is better than bb does not know ball btw,neutral,0.5429951548576355,0.0
conix,27471,ome,neutral,0.6378200650215149,0.0
conix,27471,banger,positive,0.4967564046382904,0.4967564046382904
conix,27471,let it happen tame impala,positive,0.510872483253479,0.510872483253479
conix,27471,banger,positive,0.4967564046382904,0.4967564046382904
conix,27471,ome,neutral,0.6378200650215149,0.0
conix,27471,rt,neutral,0.6207712292671204,0.0
conix,27471,yo coopers next extreme is delta interfaace,neutral,0.7878842949867249,0.0
conix,27471,bravo conix,neutral,0.7462457418441772,0.0
conix,27471,do u like cop shows,neutral,0.8922711610794067,0.0
conix,27471,he die jumper,neutral,0.7138431072235107,0.0
conix,27471,banger,positive,0.4967564046382904,0.4967564046382904
conix,27471,ome,neutral,0.6378200650215149,0.0
conix,27471,ome,neutral,0.6378200650215149,0.0
conix,27471,rt,neutral,0.6207712292671204,0.0
conix,27471,thanks,positive,0.679633617401123,0.679633617401123
conix,27471,play revenge by xtentacion,neutral,0.8405889868736267,0.0
conix,27471,ome,neutral,0.6378200650215149,0.0
conix,27471,mythical banger,positive,0.5454584956169128,0.5454584956169128
conix,27471,go,neutral,0.49052807688713074,0.0
conix,27471,sammejam sammejam sammejam sammeahh,neutral,0.6043570041656494,0.0
conix,27471,i couldnt finish better caul saul cause season was too boring,negative,0.9007752537727356,-0.9007752537727356
conix,27471,clubstep,neutral,0.7548975944519043,0.0
conix,27471,the command has been updated successfully,positive,0.7645998001098633,0.7645998001098633
conix,27471,conix do u think bcs is better than bb,neutral,0.8574938774108887,0.0
conix,27471,aga,neutral,0.5711154937744141,0.0
conix,27471,vinland saga,neutral,0.7885036468505859,0.0
conix,27471,vinland saga,neutral,0.7885036468505859,0.0
conix,27471,hi conix,neutral,0.6755207777023315,0.0
conix,27471,vinland saga,neutral,0.7885036468505859,0.0
conix,27471,vinland saga,neutral,0.7885036468505859,0.0
conix,27471,im watching it rn,neutral,0.793540894985199,0.0
conix,27471,vinland saga,neutral,0.7885036468505859,0.0
conix,27471,fast and furious,neutral,0.5802702903747559,0.0
conix,27471,conix do u think bcs is better than bb d,neutral,0.831101655960083,0.0
conix,27471,missed u,positive,0.5732163190841675,0.5732163190841675
conix,27471,attack on tittan,neutral,0.7009270191192627,0.0
conix,27471,thanks,positive,0.679633617401123,0.679633617401123
conix,27471,better cauliflower saul,neutral,0.5053412318229675,0.0
conix,27471,play song revenge by x,neutral,0.8564520478248596,0.0
conix,27471,conix do u think bcs is better than bb,neutral,0.8574938774108887,0.0
conix,27471,akira,neutral,0.6185758113861084,0.0
conix,27471,what happened in the olympics,neutral,0.8753770589828491,0.0
conix,27471,hi i was watching on youtube thought i popped in on the twitch love,positive,0.5460415482521057,0.5460415482521057
conix,27471,hm,neutral,0.5923128128051758,0.0
conix,27471,ohh,neutral,0.6041576862335205,0.0
conix,27471,conix do u think bcs is better than bb,neutral,0.8574938774108887,0.0
conix,27471,that,neutral,0.5697507858276367,0.0
conix,27471,clubstep,neutral,0.7548975944519043,0.0
conix,27471,yeye ofc,neutral,0.6154689192771912,0.0
conix,27471,code geass o,neutral,0.7546259164810181,0.0
conix,27471,paly song revenge by x,neutral,0.7905845642089844,0.0
conix,27471,no,neutral,0.4534933269023895,0.0
conix,27471,i mean my friend glazes it,neutral,0.820274293422699,0.0
conix,27471,its alright,neutral,0.4713608920574188,0.0
conix,27471,gotta be the best anime,positive,0.9437800645828247,0.9437800645828247
conix,27471,same here,neutral,0.6765881776809692,0.0
conix,27471,wtf is that,negative,0.6143993139266968,-0.6143993139266968
conix,27471,overrated,neutral,0.5171007513999939,0.0
conix,27471,ome,neutral,0.6378200650215149,0.0
conix,27471,true,positive,0.5531139373779297,0.5531139373779297
conix,27471,no genuinely why does his pulse rise by when hes not playing,negative,0.6074947118759155,-0.6074947118759155
conix,27471,cadetcatdance cadetcatdance cadetcatdance,neutral,0.6496204137802124,0.0
conix,27471,how does code geass and vinland saga have anthing to do with eachother,neutral,0.6670213341712952,0.0
conix,27471,straight cheeks,neutral,0.7615033388137817,0.0
conix,27471,overrated but good,positive,0.7213075757026672,0.7213075757026672
conix,27471,i don like anime lowk,neutral,0.4918901026248932,0.0
conix,27471,watch jojos lowk,neutral,0.8738221526145935,0.0
conix,27471,play no party rock,neutral,0.7868078947067261,0.0
conix,27471,conix do u think bcs is better than bb,neutral,0.8574938774108887,0.0
conix,27471,play the collab song,neutral,0.901075005531311,0.0
conix,27471,goonix,neutral,0.6879488229751587,0.0
conix,27471,overrated but its decent ig,positive,0.5814592838287354,0.5814592838287354
conix,27471,william whats your opinion on the backrooms movie,neutral,0.9049364328384399,0.0
conix,27471,play revenge by xtentacion,neutral,0.8405889868736267,0.0
conix,27471,like how relacing is this game to him,neutral,0.7413896918296814,0.0
conix,27471,skip,neutral,0.5414006114006042,0.0
conix,27471,kinda like you,neutral,0.5744291543960571,0.0
conix,27471,cadetspnk cadetcumb cadetber,neutral,0.7671113610267639,0.0
conix,27471,ome,neutral,0.6378200650215149,0.0
conix,27471,we love u,positive,0.9219776391983032,0.9219776391983032
conix,27471,lol,positive,0.45361214876174927,0.45361214876174927
conix,27471,face screaming in fear,negative,0.7429676651954651,-0.7429676651954651
conix,27471,face screaming in fear,negative,0.7429676651954651,-0.7429676651954651
conix,27471,i forgot about the sticker,neutral,0.4898121953010559,0.0
conix,27471,w sticker,neutral,0.6194584369659424,0.0
conix,27471,holy username,neutral,0.6402077078819275,0.0
conix,27471,guys should i watch obsession,neutral,0.8680511116981506,0.0
conix,27471,face screaming in fear,negative,0.7429676651954651,-0.7429676651954651
conix,27471,face screaming in fear,negative,0.7429676651954651,-0.7429676651954651
conix,27471,play the collab song,neutral,0.901075005531311,0.0
conix,27471,yo i just tuned in why tf does it say you have been live for hours,neutral,0.5377066731452942,0.0
conix,27471,conix i love you keep up tge w streams,positive,0.9761113524436951,0.9761113524436951
feinberg,27471,lolw,neutral,0.48989611864089966,0.0
feinberg,27471,lolw,neutral,0.48989611864089966,0.0
feinberg,27471,lolw,neutral,0.48989611864089966,0.0
feinberg,27471,ome,neutral,0.6378200650215149,0.0
feinberg,27471,knowledge diff,neutral,0.7883248329162598,0.0
feinberg,27471,hey marie,neutral,0.7575095295906067,0.0
feinberg,27471,prelolw,neutral,0.7256292104721069,0.0
feinberg,27471,lol,positive,0.45361214876174927,0.45361214876174927
feinberg,27471,they got a hint,neutral,0.7879449725151062,0.0
feinberg,27471,mods wdr this guy,negative,0.8398550152778625,-0.8398550152778625
feinberg,27471,walteryay,neutral,0.7066166996955872,0.0
feinberg,27471,gl,neutral,0.5329850316047668,0.0
feinberg,27471,circus wheel yeah buddy ur just lying,negative,0.5558806657791138,-0.5558806657791138
feinberg,27471,cheater,neutral,0.47581467032432556,0.0
feinberg,27471,w marin,neutral,0.7313043475151062,0.0
feinberg,27471,huge,positive,0.7388417720794678,0.7388417720794678
feinberg,27471,lockin,neutral,0.736039400100708,0.0
feinberg,27471,feinbergs stats since stream start elo record w l d,neutral,0.8409003019332886,0.0
feinberg,27471,boom,positive,0.5180861353874207,0.5180861353874207
feinberg,27471,bang,neutral,0.4651641249656677,0.0
feinberg,27471,they probably know the word list,neutral,0.7538047432899475,0.0
feinberg,27471,allergic to losing,negative,0.722935676574707,-0.722935676574707
feinberg,27471,i wasnt cheating man,neutral,0.5301874876022339,0.0
feinberg,27471,thats a chatter prelolw,neutral,0.7306334376335144,0.0
feinberg,27471,cheating in guess the build lolw,negative,0.6270958781242371,-0.6270958781242371
feinberg,27471,promise,neutral,0.560136616230011,0.0
feinberg,27471,ur done buddy,neutral,0.7256033420562744,0.0
feinberg,27471,i dont think sakes a cheater,negative,0.5514098405838013,-0.5514098405838013
feinberg,27471,damn i got rd like a goat,negative,0.5613763928413391,-0.5613763928413391
feinberg,27471,kappa,neutral,0.6933327317237854,0.0
feinberg,27471,that did look like a ferris wheel to be fair,neutral,0.6696489453315735,0.0
feinberg,27471,yeah we believe you buddy,positive,0.8780933022499084,0.8780933022499084
feinberg,27471,youre on thin ice sake,negative,0.6336913704872131,-0.6336913704872131
feinberg,27471,your a chatter uh i mean cheater,negative,0.8844764232635498,-0.8844764232635498
feinberg,27471,wtf,neutral,0.5417232513427734,0.0
feinberg,27471,i found a mansion and in the same game a wandering trader spawned on me with tulip trade for weakness,neutral,0.763630211353302,0.0
feinberg,27471,catjam,neutral,0.7822026610374451,0.0
feinberg,27471,its not that hard to guess with just letters,neutral,0.7025076746940613,0.0
feinberg,27471,no tf it didnt,negative,0.6030007004737854,-0.6030007004737854
feinberg,27471,cute,positive,0.5374418497085571,0.5374418497085571
feinberg,27471,letters were revealed sad,negative,0.8120992183685303,-0.8120992183685303
feinberg,27471,new strat surely is just forcing server crash everytime youre down on goals no,negative,0.8077032566070557,-0.8077032566070557
feinberg,27471,what the fuck was that tomato town guess prelolw,negative,0.9041983485221863,-0.9041983485221863
feinberg,27471,trueing,neutral,0.5970318913459778,0.0
feinberg,27471,idk it was red,neutral,0.7570126056671143,0.0
feinberg,27471,some guy with a letter username crashed the server lol,negative,0.8058258891105652,-0.8058258891105652
feinberg,27471,ome,neutral,0.6378200650215149,0.0
feinberg,27471,chatter is suspiciously close to the word cheater coincidence i think not,negative,0.5832661390304565,-0.5832661390304565
feinberg,27471,its problematicparagons fault,negative,0.8409478068351746,-0.8409478068351746
feinberg,27471,lolw,neutral,0.48989611864089966,0.0
feinberg,27471,lolw,neutral,0.48989611864089966,0.0
feinberg,27471,ome,neutral,0.6378200650215149,0.0
feinberg,27471,ome,neutral,0.6378200650215149,0.0
feinberg,27471,lolw,neutral,0.48989611864089966,0.0
feinberg,27471,ome,neutral,0.6378200650215149,0.0
feinberg,27471,lmao,neutral,0.5486765503883362,0.0
feinberg,27471,ome,neutral,0.6378200650215149,0.0
feinberg,27471,ome,neutral,0.6378200650215149,0.0
feinberg,27471,ome,neutral,0.6378200650215149,0.0
feinberg,27471,ome,neutral,0.6378200650215149,0.0
feinberg,27471,wha,neutral,0.6534740328788757,0.0
feinberg,27471,ome,neutral,0.6378200650215149,0.0
feinberg,27471,lol,positive,0.45361214876174927,0.45361214876174927
feinberg,27471,ome,neutral,0.6378200650215149,0.0
feinberg,27471,ome,neutral,0.6378200650215149,0.0
feinberg,27471,ome,neutral,0.6378200650215149,0.0
feinberg,27471,ome,neutral,0.6378200650215149,0.0
feinberg,27471,ome,neutral,0.6378200650215149,0.0
feinberg,27471,lolw,neutral,0.48989611864089966,0.0
feinberg,27471,ome,neutral,0.6378200650215149,0.0
feinberg,27471,lolw,neutral,0.48989611864089966,0.0
feinberg,27471,ome,neutral,0.6378200650215149,0.0
feinberg,27471,ome,neutral,0.6378200650215149,0.0
feinberg,27471,ome,neutral,0.6378200650215149,0.0
feinberg,27471,lolw,neutral,0.48989611864089966,0.0
feinberg,27471,ome,neutral,0.6378200650215149,0.0
feinberg,27471,ome,neutral,0.6378200650215149,0.0
feinberg,27471,lolw,neutral,0.48989611864089966,0.0
feinberg,27471,ome,neutral,0.6378200650215149,0.0
feinberg,27471,classic,positive,0.5635226964950562,0.5635226964950562
feinberg,27471,lmao,neutral,0.5486765503883362,0.0
feinberg,27471,lol,positive,0.45361214876174927,0.45361214876174927
feinberg,27471,he was streaming it in vc ome,neutral,0.9282109141349792,0.0
feinberg,27471,w coding,neutral,0.5845246315002441,0.0
feinberg,27471,feinberg with his letter username alt,neutral,0.9139644503593445,0.0
feinberg,27471,lmao wt,neutral,0.4963032603263855,0.0
feinberg,27471,w memory allocation,neutral,0.7381460070610046,0.0
feinberg,27471,name to chonky,neutral,0.8437976837158203,0.0
feinberg,27471,thats crazy af,negative,0.5317498445510864,-0.5317498445510864
feinberg,27471,lol,positive,0.45361214876174927,0.45361214876174927
feinberg,27471,poor guy,negative,0.7490790486335754,-0.7490790486335754
feinberg,27471,prelolw,neutral,0.7256292104721069,0.0
feinberg,27471,skill issue,neutral,0.5437523126602173,0.0
feinberg,27471,what,neutral,0.4769662022590637,0.0
feinberg,27471,sorry for that,negative,0.7118710279464722,-0.7118710279464722
feinberg,27471,w vide coding,neutral,0.7308780550956726,0.0
feinberg,27471,a guy yeah we all know it was your alt so that you didnt lose that game,neutral,0.530013382434845,0.0
feinberg,27471,gotta shorten that username,negative,0.7464442849159241,-0.7464442849159241
flowtives,27471,evbo doesnt rlly know how to sheild tho,negative,0.6266986727714539,-0.6266986727714539
flowtives,27471,evbo might not be d tier in money cant lie,negative,0.4628041386604309,-0.4628041386604309
flowtives,27471,hes ht in sword but he cant use his shield,neutral,0.6009849905967712,0.0
flowtives,27471,check for a teap undsr the areana,neutral,0.8599167466163635,0.0
flowtives,27471,unc putting belt,neutral,0.845353364944458,0.0
flowtives,27471,is this the battle of champions,neutral,0.8640406727790833,0.0
flowtives,27471,watch minutes of a participating channel when the streamer is live and streaming within the minecraft category find your earned rewards by visiting your drops inventory,neutral,0.6851333379745483,0.0
flowtives,27471,what team is evbo on,neutral,0.9089365601539612,0.0
flowtives,27471,i love yalls name,positive,0.9422811269760132,0.9422811269760132
flowtives,27471,evbo got this,positive,0.7144388556480408,0.7144388556480408
flowtives,27471,who has the neth chestplate,neutral,0.8802748322486877,0.0
flowtives,27471,go on unc,neutral,0.7950239181518555,0.0
flowtives,27471,go uncle,neutral,0.6882257461547852,0.0
flowtives,27471,unc putting bta lwk,neutral,0.8391143083572388,0.0
flowtives,27471,unc twirps,neutral,0.821880578994751,0.0
flowtives,27471,oh,neutral,0.5331960320472717,0.0
flowtives,27471,does anyone know german,neutral,0.8554843068122864,0.0
flowtives,27471,holy bel,neutral,0.4280020296573639,0.0
flowtives,27471,english only please refrain from spamming bringing up drama politics or view count do not advertise ask for subs or talk about other streamers follow twitch etiquette and tos do not share personal information such as age or location refrain from using fonts and bypassing blocked terms no streamsniping or spoiling mods are allowed to moderate for things not listed to keep chat safe and clean please be respectful and enjoy,negative,0.5510067939758301,-0.5510067939758301
flowtives,27471,uncle is doing us proud,positive,0.9636024236679077,0.9636024236679077
flowtives,27471,go unc,neutral,0.7400564551353455,0.0
flowtives,27471,get him uncle,neutral,0.7689510583877563,0.0
flowtives,27471,lets go unc,neutral,0.5992884039878845,0.0
flowtives,27471,not me,neutral,0.6062892079353333,0.0
flowtives,27471,go unc,neutral,0.7400564551353455,0.0
flowtives,27471,unc needs to headweb him and it over,neutral,0.7504043579101562,0.0
flowtives,27471,holy bro uncle is winning,positive,0.8498737215995789,0.8498737215995789
flowtives,27471,who has the netherite chestplate,neutral,0.9037744998931885,0.0
flowtives,27471,i have exams i need help,negative,0.6113949418067932,-0.6113949418067932
flowtives,27471,lol,positive,0.45361214876174927,0.45361214876174927
flowtives,27471,gowan uncle,neutral,0.8351128101348877,0.0
flowtives,27471,unc,neutral,0.6873006820678711,0.0
flowtives,27471,ay v,neutral,0.7036662101745605,0.0
flowtives,27471,gotta love cheerleader flow,positive,0.9604042768478394,0.9604042768478394
flowtives,27471,unc cooking ngl,neutral,0.7184118032455444,0.0
flowtives,27471,bro mobs,negative,0.4776257574558258,-0.4776257574558258
flowtives,27471,yo,neutral,0.49529069662094116,0.0
flowtives,27471,unc dont throw,neutral,0.6365659236907959,0.0
flowtives,27471,uncle kinda giving bta rn,neutral,0.8224738836288452,0.0
flowtives,27471,i had to do stuff did he give hearts,neutral,0.8735174536705017,0.0
flowtives,27471,holy combo,positive,0.6618072390556335,0.6618072390556335
flowtives,27471,bta,neutral,0.5564413070678711,0.0
flowtives,27471,yes,positive,0.4800679683685303,0.4800679683685303
flowtives,27471,thx,positive,0.6683065295219421,0.6683065295219421
flowtives,27471,uncle cooking,neutral,0.7371862530708313,0.0
flowtives,27471,where are these zombies coming from,negative,0.8015732765197754,-0.8015732765197754
flowtives,27471,uncle locked in,neutral,0.7916296720504761,0.0
flowtives,27471,w coms,neutral,0.7749506831169128,0.0
flowtives,27471,unc,neutral,0.6873006820678711,0.0
flowtives,27471,he just gave to sb,neutral,0.8803766369819641,0.0
flowtives,27471,uncle for ht sword,neutral,0.7868919968605042,0.0
flowtives,27471,go unc,neutral,0.7400564551353455,0.0
flowtives,27471,w,neutral,0.47617238759994507,0.0
flowtives,27471,unc giving belt,neutral,0.83760005235672,0.0
flowtives,27471,w unc,neutral,0.6500203013420105,0.0
flowtives,27471,someones releasing these zombies surely,negative,0.7068361639976501,-0.7068361639976501
flowtives,27471,noo rip,negative,0.6594672799110413,-0.6594672799110413
flowtives,27471,no,neutral,0.4534933269023895,0.0
flowtives,27471,no,neutral,0.4534933269023895,0.0
flowtives,27471,bro,neutral,0.5395989418029785,0.0
flowtives,27471,no,neutral,0.4534933269023895,0.0
flowtives,27471,omgg,positive,0.6740400791168213,0.6740400791168213
flowtives,27471,no,neutral,0.4534933269023895,0.0
flowtives,27471,no,neutral,0.4534933269023895,0.0
flowtives,27471,gg,neutral,0.48036664724349976,0.0
flowtives,27471,no,neutral,0.4534933269023895,0.0
flowtives,27471,f,neutral,0.545373260974884,0.0
flowtives,27471,oh,neutral,0.5331960320472717,0.0
flowtives,27471,no,neutral,0.4534933269023895,0.0
flowtives,27471,ucnccle nno,neutral,0.7040234208106995,0.0
flowtives,27471,uncle,neutral,0.6446207165718079,0.0
flowtives,27471,no,neutral,0.4534933269023895,0.0
flowtives,27471,no nt,neutral,0.6905760765075684,0.0
flowtives,27471,nno,neutral,0.6137322783470154,0.0
flowtives,27471,no,neutral,0.4534933269023895,0.0
flowtives,27471,no,neutral,0.4534933269023895,0.0
flowtives,27471,no,neutral,0.4534933269023895,0.0
flowtives,27471,unc,neutral,0.6873006820678711,0.0
flowtives,27471,f,neutral,0.545373260974884,0.0
flowtives,27471,no,neutral,0.4534933269023895,0.0
flowtives,27471,no,neutral,0.4534933269023895,0.0
flowtives,27471,noo,neutral,0.5597240328788757,0.0
flowtives,27471,no way unc quick dropped,negative,0.549396812915802,-0.549396812915802
flowtives,27471,uncle,neutral,0.6446207165718079,0.0
flowtives,27471,uncle,neutral,0.6446207165718079,0.0
flowtives,27471,what is that sword,negative,0.46649104356765747,-0.46649104356765747
flowtives,27471,uncle,neutral,0.6446207165718079,0.0
flowtives,27471,no unc,neutral,0.7409995794296265,0.0
flowtives,27471,i could see that happening dude,neutral,0.5179567337036133,0.0
flowtives,27471,fuck,negative,0.6273117661476135,-0.6273117661476135
flowtives,27471,rip unc,negative,0.7394336462020874,-0.7394336462020874
flowtives,27471,oh man,negative,0.4307086765766144,-0.4307086765766144
flowtives,27471,uncle is ah,neutral,0.7871956825256348,0.0
flowtives,27471,overheated,neutral,0.5529875755310059,0.0
flowtives,27471,no,neutral,0.4534933269023895,0.0
forsen,27471,forsennugget,neutral,0.5515189170837402,0.0
forsen,27471,nyanpls,neutral,0.7720499038696289,0.0
forsen,27471,forsennugget,neutral,0.5515189170837402,0.0
forsen,27471,nyanpls,neutral,0.7720499038696289,0.0
forsen,27471,forsenbased,neutral,0.7845319509506226,0.0
forsen,27471,nyanpls,neutral,0.7720499038696289,0.0
forsen,27471,nyanpls,neutral,0.7720499038696289,0.0
forsen,27471,lule,neutral,0.5991379618644714,0.0
forsen,27471,nyanpls,neutral,0.7720499038696289,0.0
forsen,27471,the user endures attacks for two turns then strikes back to cause double the damage taken karlkocluetorbing,neutral,0.5132612586021423,0.0
forsen,27471,nyanpls,neutral,0.7720499038696289,0.0
forsen,27471,forsensith,neutral,0.7042922973632812,0.0
forsen,27471,noxwhat,neutral,0.7079666256904602,0.0
forsen,27471,lule untrained monkey,negative,0.6784045100212097,-0.6784045100212097
forsen,27471,monkae,neutral,0.7619742751121521,0.0
forsen,27471,monkae,neutral,0.7619742751121521,0.0
forsen,27471,forsenfaint,neutral,0.5527601838111877,0.0
forsen,27471,monkae,neutral,0.7619742751121521,0.0
forsen,27471,monkae,neutral,0.7619742751121521,0.0
forsen,27471,forsenhobo,neutral,0.6741689443588257,0.0
forsen,27471,nyanpls,neutral,0.7720499038696289,0.0
forsen,27471,forsennugg,neutral,0.6325656771659851,0.0
forsen,27471,monkae,neutral,0.7619742751121521,0.0
forsen,27471,monkae,neutral,0.7619742751121521,0.0
forsen,27471,monkae,neutral,0.7619742751121521,0.0
forsen,27471,nyanpls,neutral,0.7720499038696289,0.0
forsen,27471,monkae,neutral,0.7619742751121521,0.0
forsen,27471,monkae,neutral,0.7619742751121521,0.0
forsen,27471,monkae,neutral,0.7619742751121521,0.0
forsen,27471,monkae,neutral,0.7619742751121521,0.0
forsen,27471,snea,neutral,0.684758186340332,0.0
forsen,27471,forsenfaint,neutral,0.5527601838111877,0.0
forsen,27471,skinhead lule,neutral,0.479923278093338,0.0
forsen,27471,nyanpls,neutral,0.7720499038696289,0.0
forsen,27471,monkae,neutral,0.7619742751121521,0.0
forsen,27471,forsennugget,neutral,0.5515189170837402,0.0
forsen,27471,nyanpls,neutral,0.7720499038696289,0.0
forsen,27471,forsencd,neutral,0.7400504350662231,0.0
forsen,27471,forsenscoots,neutral,0.7534962296485901,0.0
forsen,27471,nyanpls,neutral,0.7720499038696289,0.0
forsen,27471,forsensith,neutral,0.7042922973632812,0.0
forsen,27471,nyanpls,neutral,0.7720499038696289,0.0
forsen,27471,haha,positive,0.5592273473739624,0.5592273473739624
forsen,27471,nyanpls,neutral,0.7720499038696289,0.0
forsen,27471,the user endures attacks for two turns then strikes back to cause double the damage taken karlkocluetorbing,neutral,0.5132612586021423,0.0
forsen,27471,monkae horsen,neutral,0.8125559091567993,0.0
forsen,27471,nyanpls,neutral,0.7720499038696289,0.0
forsen,27471,boe jiden,neutral,0.8575091361999512,0.0
forsen,27471,forsennugget,neutral,0.5515189170837402,0.0
forsen,27471,nyanpls,neutral,0.7720499038696289,0.0
forsen,27471,pog,positive,0.5351877212524414,0.5351877212524414
forsen,27471,begging for pokemon like a hobo forsenhappy,neutral,0.6039719581604004,0.0
forsen,27471,monkae,neutral,0.7619742751121521,0.0
forsen,27471,forsennugget,neutral,0.5515189170837402,0.0
forsen,27471,nyanpls,neutral,0.7720499038696289,0.0
forsen,27471,nyanpls,neutral,0.7720499038696289,0.0
forsen,27471,forsensith,neutral,0.7042922973632812,0.0
forsen,27471,forsennugget,neutral,0.5515189170837402,0.0
forsen,27471,noxwhat,neutral,0.7079666256904602,0.0
forsen,27471,forsensith,neutral,0.7042922973632812,0.0
forsen,27471,nyanpls,neutral,0.7720499038696289,0.0
forsen,27471,nyanpls,neutral,0.7720499038696289,0.0
forsen,27471,nyanpls,neutral,0.7720499038696289,0.0
forsen,27471,nyanpls,neutral,0.7720499038696289,0.0
forsen,27471,forsennugget,neutral,0.5515189170837402,0.0
forsen,27471,nyanpls,neutral,0.7720499038696289,0.0
forsen,27471,forsensith,neutral,0.7042922973632812,0.0
forsen,27471,monkae,neutral,0.7619742751121521,0.0
forsen,27471,monkae,neutral,0.7619742751121521,0.0
forsen,27471,nyanpls,neutral,0.7720499038696289,0.0
forsen,27471,nyanpls,neutral,0.7720499038696289,0.0
forsen,27471,nyanpls,neutral,0.7720499038696289,0.0
forsen,27471,forsensingingatyou,neutral,0.5243548154830933,0.0
forsen,27471,sith bajs lule,neutral,0.7748414874076843,0.0
forsen,27471,the user endures attacks for two turns then strikes back to cause double the damage taken karlkocluetorbing,neutral,0.5132612586021423,0.0
forsen,27471,nyanpls,neutral,0.7720499038696289,0.0
forsen,27471,nyanpls,neutral,0.7720499038696289,0.0
forsen,27471,forsennugget,neutral,0.5515189170837402,0.0
forsen,27471,nyanpls,neutral,0.7720499038696289,0.0
forsen,27471,nyanpls,neutral,0.7720499038696289,0.0
forsen,27471,touched his ball monkaomega,neutral,0.8328574895858765,0.0
forsen,27471,nyanpls,neutral,0.7720499038696289,0.0
forsen,27471,nyanpls,neutral,0.7720499038696289,0.0
forsen,27471,nyanpls,neutral,0.7720499038696289,0.0
forsen,27471,nyanpls,neutral,0.7720499038696289,0.0
forsen,27471,forsennugget,neutral,0.5515189170837402,0.0
forsen,27471,nyanpls,neutral,0.7720499038696289,0.0
forsen,27471,noxwhat,neutral,0.7079666256904602,0.0
forsen,27471,nyanpls,neutral,0.7720499038696289,0.0
forsen,27471,nyanpls,neutral,0.7720499038696289,0.0
forsen,27471,nyanpls,neutral,0.7720499038696289,0.0
forsen,27471,pogt,positive,0.7459395527839661,0.7459395527839661
forsen,27471,nyanpls,neutral,0.7720499038696289,0.0
forsen,27471,nyanpls,neutral,0.7720499038696289,0.0
forsen,27471,its already ova,neutral,0.7473079562187195,0.0
forsen,27471,forsennugget,neutral,0.5515189170837402,0.0
forsen,27471,nyanpls,neutral,0.7720499038696289,0.0
forsen,27471,nyanpls,neutral,0.7720499038696289,0.0
forsen,27471,nyanpls,neutral,0.7720499038696289,0.0
maxggs,27471,lol,positive,0.45361214876174927,0.45361214876174927
maxggs,27471,can we please get a fit check,neutral,0.8505135178565979,0.0
maxggs,27471,i still watch that shit,negative,0.8388832807540894,-0.8388832807540894
maxggs,27471,agahi,neutral,0.6950163245201111,0.0
maxggs,27471,graf collects rare money,neutral,0.766228199005127,0.0
maxggs,27471,agahi max,neutral,0.7740662693977356,0.0
maxggs,27471,i collect rare coins,neutral,0.8351135849952698,0.0
maxggs,27471,i love the videos of people manually counting money,positive,0.8518368601799011,0.8518368601799011
maxggs,27471,agahi rachel,neutral,0.8547053337097168,0.0
maxggs,27471,agahi max,neutral,0.7740662693977356,0.0
maxggs,27471,agahi max,neutral,0.7740662693977356,0.0
maxggs,27471,omfg omgbruh,positive,0.36462804675102234,0.36462804675102234
maxggs,27471,how long is this pizza box is going to sit in the office for,negative,0.5057095885276794,-0.5057095885276794
maxggs,27471,i watched metal detectors,neutral,0.7619195580482483,0.0
maxggs,27471,agahi abbi hannah,neutral,0.8815872073173523,0.0
maxggs,27471,hope core,neutral,0.5184411406517029,0.0
maxggs,27471,aga pella,neutral,0.802881121635437,0.0
maxggs,27471,hi mazz,neutral,0.6695149540901184,0.0
maxggs,27471,agahi max,neutral,0.7740662693977356,0.0
maxggs,27471,i used to collect rare p coins i was such a neek,neutral,0.5606977343559265,0.0
maxggs,27471,agahi aga,neutral,0.6792112588882446,0.0
maxggs,27471,just assume its the blue sweater always,neutral,0.8238763213157654,0.0
maxggs,27471,girl wtf,negative,0.693729043006897,-0.693729043006897
maxggs,27471,agahi max,neutral,0.7740662693977356,0.0
maxggs,27471,lol,positive,0.45361214876174927,0.45361214876174927
maxggs,27471,agahi lotus,neutral,0.7344279289245605,0.0
maxggs,27471,mario maker troll levels memories,neutral,0.4877747595310211,0.0
maxggs,27471,hai max,neutral,0.7347114086151123,0.0
maxggs,27471,agahi zin,neutral,0.8205959796905518,0.0
maxggs,27471,yas,positive,0.5294533967971802,0.5294533967971802
maxggs,27471,mario maker peak era was elite,positive,0.8667085766792297,0.8667085766792297
maxggs,27471,those who know annia and elsia,neutral,0.8778640627861023,0.0
maxggs,27471,life,neutral,0.5866786241531372,0.0
maxggs,27471,sobb,neutral,0.6491817235946655,0.0
maxggs,27471,is that whole pizza just for him,neutral,0.7224069237709045,0.0
maxggs,27471,aw,neutral,0.5457167029380798,0.0
maxggs,27471,sobb,neutral,0.6491817235946655,0.0
maxggs,27471,sobb,neutral,0.6491817235946655,0.0
maxggs,27471,lol,positive,0.45361214876174927,0.45361214876174927
maxggs,27471,sobb,neutral,0.6491817235946655,0.0
maxggs,27471,sobb,neutral,0.6491817235946655,0.0
maxggs,27471,sobb,neutral,0.6491817235946655,0.0
maxggs,27471,sobb,neutral,0.6491817235946655,0.0
maxggs,27471,sobb,neutral,0.6491817235946655,0.0
maxggs,27471,sobb,neutral,0.6491817235946655,0.0
maxggs,27471,holding a dominos box outside pommys actually just a traitor,negative,0.8529497981071472,-0.8529497981071472
maxggs,27471,whys jonay grottymaxing,neutral,0.7353240251541138,0.0
maxggs,27471,sobb,neutral,0.6491817235946655,0.0
maxggs,27471,sobb,neutral,0.6491817235946655,0.0
maxggs,27471,catjam,neutral,0.7822026610374451,0.0
maxggs,27471,loll,neutral,0.5362176895141602,0.0
maxggs,27471,sobb,neutral,0.6491817235946655,0.0
maxggs,27471,aww,positive,0.48655515909194946,0.48655515909194946
maxggs,27471,omg i used to love them,negative,0.6690953373908997,-0.6690953373908997
maxggs,27471,haha,positive,0.5592273473739624,0.5592273473739624
maxggs,27471,lol,positive,0.45361214876174927,0.45361214876174927
maxggs,27471,martyn its an empty box that has been sitting on his microwave for weeks,neutral,0.5198320150375366,0.0
maxggs,27471,lmao,neutral,0.5486765503883362,0.0
maxggs,27471,omegalul,neutral,0.625152051448822,0.0
maxggs,27471,omegalul,neutral,0.625152051448822,0.0
maxggs,27471,sobb,neutral,0.6491817235946655,0.0
maxggs,27471,haha,positive,0.5592273473739624,0.5592273473739624
maxggs,27471,lmfaaooao,negative,0.4225931763648987,-0.4225931763648987
maxggs,27471,lmfaoaooao,negative,0.5030348896980286,-0.5030348896980286
maxggs,27471,omegalul,neutral,0.625152051448822,0.0
maxggs,27471,lmao,neutral,0.5486765503883362,0.0
maxggs,27471,omegalul,neutral,0.625152051448822,0.0
maxggs,27471,aw,neutral,0.5457167029380798,0.0
maxggs,27471,sobb,neutral,0.6491817235946655,0.0
maxggs,27471,lol,positive,0.45361214876174927,0.45361214876174927
maxggs,27471,lol,positive,0.45361214876174927,0.45361214876174927
maxggs,27471,lol,positive,0.45361214876174927,0.45361214876174927
maxggs,27471,lmoaoaooa,neutral,0.5018724799156189,0.0
maxggs,27471,sobb,neutral,0.6491817235946655,0.0
maxggs,27471,aw,neutral,0.5457167029380798,0.0
maxggs,27471,lol,positive,0.45361214876174927,0.45361214876174927
maxggs,27471,sobb,neutral,0.6491817235946655,0.0
maxggs,27471,omegalul,neutral,0.625152051448822,0.0
maxggs,27471,lmaoaoaoaoaoaa,neutral,0.4550769031047821,0.0
maxggs,27471,haha,positive,0.5592273473739624,0.5592273473739624
maxggs,27471,omegalul,neutral,0.625152051448822,0.0
maxggs,27471,lmao,neutral,0.5486765503883362,0.0
maxggs,27471,omegalul,neutral,0.625152051448822,0.0
maxggs,27471,lmao,neutral,0.5486765503883362,0.0
maxggs,27471,haha,positive,0.5592273473739624,0.5592273473739624
maxggs,27471,lol,positive,0.45361214876174927,0.45361214876174927
maxggs,27471,lmao,neutral,0.5486765503883362,0.0
maxggs,27471,sobb,neutral,0.6491817235946655,0.0
maxggs,27471,lmao,neutral,0.5486765503883362,0.0
maxggs,27471,lmao,neutral,0.5486765503883362,0.0
maxggs,27471,lol,positive,0.45361214876174927,0.45361214876174927
maxggs,27471,why is jonnay still carrying the pizza box,neutral,0.6639875769615173,0.0
maxggs,27471,haha,positive,0.5592273473739624,0.5592273473739624
maxggs,27471,im cyimg,neutral,0.6048617959022522,0.0
maxggs,27471,lol,positive,0.45361214876174927,0.45361214876174927
maxggs,27471,sobb,neutral,0.6491817235946655,0.0
maxggs,27471,lol,positive,0.45361214876174927,0.45361214876174927
maxggs,27471,im sobbing,neutral,0.43635305762290955,0.0
maxggs,27471,lol,positive,0.45361214876174927,0.45361214876174927
maxggs,27471,lol,positive,0.45361214876174927,0.45361214876174927
princezam,27471,hi,neutral,0.4723919630050659,0.0
princezam,27471,hihi,positive,0.5502614974975586,0.5502614974975586
princezam,27471,finally,positive,0.7892533540725708,0.7892533540725708
princezam,27471,hihihi,positive,0.617525041103363,0.617525041103363
princezam,27471,hii everyone,positive,0.5089685916900635,0.5089685916900635
princezam,27471,oh hello the prince zam again,positive,0.6991081833839417,0.6991081833839417
princezam,27471,hi girl,neutral,0.5828962922096252,0.0
princezam,27471,hi hi hi zam,neutral,0.592272937297821,0.0
princezam,27471,hihi,positive,0.5502614974975586,0.5502614974975586
princezam,27471,hi,neutral,0.4723919630050659,0.0
princezam,27471,wsp,neutral,0.6427986025810242,0.0
princezam,27471,hi zam,neutral,0.6165708303451538,0.0
princezam,27471,we are back,positive,0.7373164892196655,0.7373164892196655
princezam,27471,hi,neutral,0.4723919630050659,0.0
princezam,27471,so excited,positive,0.9699631333351135,0.9699631333351135
princezam,27471,hi,neutral,0.4723919630050659,0.0
princezam,27471,hii,neutral,0.5623387694358826,0.0
princezam,27471,wsp,neutral,0.6427986025810242,0.0
princezam,27471,hi,neutral,0.4723919630050659,0.0
princezam,27471,hi,neutral,0.4723919630050659,0.0
princezam,27471,hi,neutral,0.4723919630050659,0.0
princezam,27471,hello hello hello,positive,0.5833578705787659,0.5833578705787659
princezam,27471,o welcome back,positive,0.7774741649627686,0.7774741649627686
princezam,27471,hihihi,positive,0.617525041103363,0.617525041103363
princezam,27471,hi,neutral,0.4723919630050659,0.0
princezam,27471,hi,neutral,0.4723919630050659,0.0
princezam,27471,hey,neutral,0.5666432976722717,0.0
princezam,27471,helloo,positive,0.6835243701934814,0.6835243701934814
princezam,27471,hi,neutral,0.4723919630050659,0.0
princezam,27471,hii,neutral,0.5623387694358826,0.0
princezam,27471,hhi,neutral,0.5967045426368713,0.0
princezam,27471,hi girl,neutral,0.5828962922096252,0.0
princezam,27471,hi,neutral,0.4723919630050659,0.0
princezam,27471,hi zam,neutral,0.6165708303451538,0.0
princezam,27471,hi,neutral,0.4723919630050659,0.0
princezam,27471,yo,neutral,0.49529069662094116,0.0
princezam,27471,hii,neutral,0.5623387694358826,0.0
princezam,27471,we are so back hihihi,positive,0.8782824873924255,0.8782824873924255
princezam,27471,hi,neutral,0.4723919630050659,0.0
princezam,27471,hihihi,positive,0.617525041103363,0.617525041103363
princezam,27471,hii,neutral,0.5623387694358826,0.0
princezam,27471,your live,neutral,0.8174515962600708,0.0
princezam,27471,zamo,neutral,0.7205734848976135,0.0
princezam,27471,helo,neutral,0.6297707557678223,0.0
princezam,27471,hello,neutral,0.509061336517334,0.0
princezam,27471,hi,neutral,0.4723919630050659,0.0
princezam,27471,hai,neutral,0.5367474555969238,0.0
princezam,27471,yay,positive,0.8742911219596863,0.8742911219596863
princezam,27471,hi,neutral,0.4723919630050659,0.0
princezam,27471,hello,neutral,0.509061336517334,0.0
princezam,27471,hello,neutral,0.509061336517334,0.0
princezam,27471,hii,neutral,0.5623387694358826,0.0
princezam,27471,yo hi,neutral,0.5338615775108337,0.0
princezam,27471,zam we so back,positive,0.5386936068534851,0.5386936068534851
princezam,27471,hi,neutral,0.4723919630050659,0.0
princezam,27471,omg hi,positive,0.7590219974517822,0.7590219974517822
princezam,27471,hi,neutral,0.4723919630050659,0.0
princezam,27471,hi zamm,neutral,0.7209635972976685,0.0
princezam,27471,zam,neutral,0.6236484050750732,0.0
princezam,27471,hello,neutral,0.509061336517334,0.0
princezam,27471,lets go we are so back,positive,0.8701688051223755,0.8701688051223755
princezam,27471,hi zamty,neutral,0.689656674861908,0.0
princezam,27471,ay hi zam love,positive,0.8752227425575256,0.8752227425575256
princezam,27471,hi,neutral,0.4723919630050659,0.0
princezam,27471,wo,neutral,0.505341112613678,0.0
princezam,27471,yay,positive,0.8742911219596863,0.8742911219596863
princezam,27471,hi,neutral,0.4723919630050659,0.0
princezam,27471,zam,neutral,0.6236484050750732,0.0
princezam,27471,hi zamm,neutral,0.7209635972976685,0.0
princezam,27471,yippee,positive,0.9414601922035217,0.9414601922035217
princezam,27471,helloo,positive,0.6835243701934814,0.6835243701934814
princezam,27471,hi guys,positive,0.5017750859260559,0.5017750859260559
princezam,27471,hi zam,neutral,0.6165708303451538,0.0
princezam,27471,maths pondering,neutral,0.8409303426742554,0.0
princezam,27471,wadup,neutral,0.5883346796035767,0.0
princezam,27471,yoo whas good,positive,0.9210721254348755,0.9210721254348755
princezam,27471,hi zam,neutral,0.6165708303451538,0.0
princezam,27471,yay,positive,0.8742911219596863,0.8742911219596863
princezam,27471,hi,neutral,0.4723919630050659,0.0
princezam,27471,hi,neutral,0.4723919630050659,0.0
princezam,27471,hi,neutral,0.4723919630050659,0.0
princezam,27471,w gifted,neutral,0.5067737102508545,0.0
princezam,27471,yay,positive,0.8742911219596863,0.8742911219596863
princezam,27471,hii,neutral,0.5623387694358826,0.0
princezam,27471,hii,neutral,0.5623387694358826,0.0
princezam,27471,yippee,positive,0.9414601922035217,0.9414601922035217
princezam,27471,yippee,positive,0.9414601922035217,0.9414601922035217
princezam,27471,hi,neutral,0.4723919630050659,0.0
princezam,27471,yay,positive,0.8742911219596863,0.8742911219596863
princezam,27471,hii,neutral,0.5623387694358826,0.0
princezam,27471,heyoo,positive,0.4982054531574249,0.4982054531574249
princezam,27471,yay,positive,0.8742911219596863,0.8742911219596863
princezam,27471,hi zam,neutral,0.6165708303451538,0.0
princezam,27471,yippee hii,positive,0.9659756422042847,0.9659756422042847
princezam,27471,yay wo yippee,positive,0.9640485644340515,0.9640485644340515
princezam,27471,hi,neutral,0.4723919630050659,0.0
princezam,27471,we made it,positive,0.8290089964866638,0.8290089964866638
theobaldthebird,27471,saps has a crown onsad,neutral,0.61773681640625,0.0
theobaldthebird,27471,is theo making his staff redundant,negative,0.5851544737815857,-0.5851544737815857
theobaldthebird,27471,make machines,neutral,0.663641095161438,0.0
theobaldthebird,27471,skull,neutral,0.49508485198020935,0.0
theobaldthebird,27471,bro is the master,positive,0.7007771730422974,0.7007771730422974
theobaldthebird,27471,technically hes killed spongs too,neutral,0.6337917447090149,0.0
theobaldthebird,27471,did theo actually die to mugm,neutral,0.5113021731376648,0.0
theobaldthebird,27471,theos paying off those diamonds with this business,neutral,0.7561532258987427,0.0
theobaldthebird,27471,theobaldthemanager,neutral,0.8459638357162476,0.0
theobaldthebird,27471,uh oh,neutral,0.7203091979026794,0.0
theobaldthebird,27471,bigest bird,positive,0.6615639925003052,0.6615639925003052
theobaldthebird,27471,bro dtop yapping,neutral,0.6876809000968933,0.0
theobaldthebird,27471,do you serve a parrot burger,neutral,0.9197843670845032,0.0
theobaldthebird,27471,biggest manager,neutral,0.5014911890029907,0.0
theobaldthebird,27471,he killed lettucek twirps and yungy,neutral,0.5266447067260742,0.0
theobaldthebird,27471,yh,neutral,0.5930179357528687,0.0
theobaldthebird,27471,bro is the biggest manager,positive,0.6717235445976257,0.6717235445976257
theobaldthebird,27471,redstone doesnt need to be payed anything,neutral,0.6154218316078186,0.0
theobaldthebird,27471,theobameme,neutral,0.7677338123321533,0.0
theobaldthebird,27471,too nice lol,positive,0.9333750009536743,0.9333750009536743
theobaldthebird,27471,get them,neutral,0.6791489720344543,0.0
theobaldthebird,27471,theobaldthemanager,neutral,0.8459638357162476,0.0
theobaldthebird,27471,theobameme theobameme,neutral,0.7076711058616638,0.0
theobaldthebird,27471,theobashrug,neutral,0.7693978548049927,0.0
theobaldthebird,27471,why was my message about uu delete,negative,0.5323469042778015,-0.5323469042778015
theobaldthebird,27471,get em big bird get em,neutral,0.5941658616065979,0.0
theobaldthebird,27471,where did you hear that,neutral,0.7706062197685242,0.0
theobaldthebird,27471,lol,positive,0.45361214876174927,0.45361214876174927
theobaldthebird,27471,rats lol,positive,0.9012546539306641,0.9012546539306641
theobaldthebird,27471,lol,positive,0.45361214876174927,0.45361214876174927
theobaldthebird,27471,theo are you samall bird or big bird,neutral,0.909649133682251,0.0
theobaldthebird,27471,what is spongs even doing,negative,0.7532976269721985,-0.7532976269721985
theobaldthebird,27471,whos gonna carry the boats,neutral,0.8199224472045898,0.0
theobaldthebird,27471,love that guy,positive,0.9369001984596252,0.9369001984596252
theobaldthebird,27471,m,neutral,0.5227492451667786,0.0
theobaldthebird,27471,poor sponu,negative,0.8244839310646057,-0.8244839310646057
theobaldthebird,27471,lol,positive,0.45361214876174927,0.45361214876174927
theobaldthebird,27471,spongs bro,neutral,0.6965987682342529,0.0
theobaldthebird,27471,mhm,neutral,0.6109070777893066,0.0
theobaldthebird,27471,im crying spongs is such a goblin,negative,0.8479461073875427,-0.8479461073875427
theobaldthebird,27471,why are my messages being deletedconfusedob,negative,0.8122496604919434,-0.8122496604919434
theobaldthebird,27471,who did u killed and where is ur team,negative,0.5729842185974121,-0.5729842185974121
theobaldthebird,27471,i feel bad for spongs bro,negative,0.9255362749099731,-0.9255362749099731
theobaldthebird,27471,spongs is doing smthing,neutral,0.7334864139556885,0.0
theobaldthebird,27471,spoken like a true manager,positive,0.5701913833618164,0.5701913833618164
theobaldthebird,27471,spongs just happy to be here,positive,0.9629393815994263,0.9629393815994263
theobaldthebird,27471,do you serve a parrot burger,neutral,0.9197843670845032,0.0
theobaldthebird,27471,kill him,negative,0.5639565587043762,-0.5639565587043762
theobaldthebird,27471,ire has spent secs watching theobaldthebird,neutral,0.8247331380844116,0.0
theobaldthebird,27471,business with the biggest bird,neutral,0.5408657193183899,0.0
theobaldthebird,27471,spongs is ragebaiting,negative,0.8224712610244751,-0.8224712610244751
theobaldthebird,27471,mcdonalds could never,negative,0.5190152525901794,-0.5190152525901794
theobaldthebird,27471,is someone on the tree over there,neutral,0.8930742740631104,0.0
theobaldthebird,27471,true business man,neutral,0.4964098632335663,0.0
theobaldthebird,27471,test,neutral,0.5545653104782104,0.0
theobaldthebird,27471,vote parot,neutral,0.7536877989768982,0.0
theobaldthebird,27471,vote for parot flashbacks,neutral,0.779117226600647,0.0
theobaldthebird,27471,axel_xusky has spent secs watching theobaldthebird,neutral,0.8295086026191711,0.0
theobaldthebird,27471,parot,neutral,0.7065373063087463,0.0
theobaldthebird,27471,vote parot,neutral,0.7536877989768982,0.0
theobaldthebird,27471,relaxolol has spent secs watching theobaldthebird,neutral,0.7413559556007385,0.0
theobaldthebird,27471,not the vote parot bro,negative,0.6343502402305603,-0.6343502402305603
theobaldthebird,27471,im getting flashbacks,negative,0.6591096520423889,-0.6591096520423889
theobaldthebird,27471,vote parot ah,neutral,0.8048778176307678,0.0
theobaldthebird,27471,vote for parot,neutral,0.7848581075668335,0.0
theobaldthebird,27471,vote for parot,neutral,0.7848581075668335,0.0
theobaldthebird,27471,vote parot,neutral,0.7536877989768982,0.0
theobaldthebird,27471,damn lol,neutral,0.546900749206543,0.0
theobaldthebird,27471,make parot play lifesteal,neutral,0.7665175199508667,0.0
theobaldthebird,27471,vote parot,neutral,0.7536877989768982,0.0
theobaldthebird,27471,what do you think of cookiegog,neutral,0.8603362441062927,0.0
theobaldthebird,27471,vote parot,neutral,0.7536877989768982,0.0
theobaldthebird,27471,vote parot,neutral,0.7536877989768982,0.0
theobaldthebird,27471,vote parot,neutral,0.7536877989768982,0.0
theobaldthebird,27471,voet for parot,neutral,0.8266355991363525,0.0
theobaldthebird,27471,theobawhat theobawhat theobawhat theobawhat theobawhat theobawhat theobawhat theobawhat transgenderpride transgenderpride transgenderpride transgenderpride transgenderpride,neutral,0.6834898591041565,0.0
theobaldthebird,27471,vote parot,neutral,0.7536877989768982,0.0
theobaldthebird,27471,vote for parrot flashbacks,neutral,0.7237955331802368,0.0
theobaldthebird,27471,parot flashback,neutral,0.7537302374839783,0.0
theobaldthebird,27471,oh,neutral,0.5331960320472717,0.0
theobaldthebird,27471,do you serve a parrot burger,neutral,0.9197843670845032,0.0
theobaldthebird,27471,pearitx,neutral,0.7555341720581055,0.0
theobaldthebird,27471,i clipped that one foolish moment btw,neutral,0.5504354238510132,0.0
theobaldthebird,27471,vote parot,neutral,0.7536877989768982,0.0
theobaldthebird,27471,lmao,neutral,0.5486765503883362,0.0
theobaldthebird,27471,lmao,neutral,0.5486765503883362,0.0
theobaldthebird,27471,lmao,neutral,0.5486765503883362,0.0
theobaldthebird,27471,kill him boi,negative,0.8264377117156982,-0.8264377117156982
theobaldthebird,27471,vote parot,neutral,0.7536877989768982,0.0
theobaldthebird,27471,lmfao,neutral,0.48061928153038025,0.0
theobaldthebird,27471,flashback vote parot,neutral,0.8236335515975952,0.0
xaryu,27471,thats how u made it haha,neutral,0.5932542681694031,0.0
xaryu,27471,no elp nopers no elp nopers no elp nopers no elp nopers,negative,0.4871777892112732,-0.4871777892112732
xaryu,27471,hes looking for his lost camel,neutral,0.5863687992095947,0.0
xaryu,27471,clueless,negative,0.5578435659408569,-0.5578435659408569
xaryu,27471,what if you kill him what then,negative,0.6607468128204346,-0.6607468128204346
xaryu,27471,pepelaugh,neutral,0.7245179414749146,0.0
xaryu,27471,lo,neutral,0.5339378714561462,0.0
xaryu,27471,lul,neutral,0.5273118019104004,0.0
xaryu,27471,hm,neutral,0.5923128128051758,0.0
xaryu,27471,depends tbh,neutral,0.8004639744758606,0.0
xaryu,27471,you can,neutral,0.6179754137992859,0.0
xaryu,27471,nopers no spoilers nopers no help nopers no hints nopers no spoilers nopers no help nopers no hints nopers no spoilers nopers no help nopers no hints nopers no spoilers nopers no help nopers no hints nopers no spoilers nopers no help nopers no hints nopers no spoilers nopers no help nopers,negative,0.6139039993286133,-0.6139039993286133
xaryu,27471,i mean it was functional,neutral,0.6722180843353271,0.0
xaryu,27471,zombie exploder will enter too happy,positive,0.9430029392242432,0.9430029392242432
xaryu,27471,push his ass through the portal lol fem,neutral,0.5573451519012451,0.0
xaryu,27471,lmfao,neutral,0.48061928153038025,0.0
xaryu,27471,actually building is the best part of minecraft,positive,0.9743421077728271,0.9743421077728271
xaryu,27471,lmfao,neutral,0.48061928153038025,0.0
xaryu,27471,lmfao,neutral,0.48061928153038025,0.0
xaryu,27471,hm,neutral,0.5923128128051758,0.0
xaryu,27471,lol,positive,0.45361214876174927,0.45361214876174927
xaryu,27471,wrong,neutral,0.5489798188209534,0.0
xaryu,27471,omegalul,neutral,0.625152051448822,0.0
xaryu,27471,lol,positive,0.45361214876174927,0.45361214876174927
xaryu,27471,hm one way to find out,neutral,0.8643348813056946,0.0
xaryu,27471,lol,positive,0.45361214876174927,0.45361214876174927
xaryu,27471,lo,neutral,0.5339378714561462,0.0
xaryu,27471,lol,positive,0.45361214876174927,0.45361214876174927
xaryu,27471,haha,positive,0.5592273473739624,0.5592273473739624
xaryu,27471,hes the one you abruptly woke up and slept in his bed,neutral,0.857464611530304,0.0
xaryu,27471,nopers no spoilers nopers no help nopers no hints nopers no spoilers nopers no help nopers no hints nopers no spoilers nopers no help nopers no hints nopers no spoilers nopers no help nopers no hints,negative,0.5985732078552246,-0.5985732078552246
xaryu,27471,lol,positive,0.45361214876174927,0.45361214876174927
xaryu,27471,kekl,neutral,0.6984169483184814,0.0
xaryu,27471,lmao,neutral,0.5486765503883362,0.0
xaryu,27471,lmao,neutral,0.5486765503883362,0.0
xaryu,27471,haha,positive,0.5592273473739624,0.5592273473739624
xaryu,27471,lo,neutral,0.5339378714561462,0.0
xaryu,27471,haha,positive,0.5592273473739624,0.5592273473739624
xaryu,27471,xaromegalul xaromegalul xaromegalul,neutral,0.7199944257736206,0.0
xaryu,27471,haha,positive,0.5592273473739624,0.5592273473739624
xaryu,27471,lmao,neutral,0.5486765503883362,0.0
xaryu,27471,omegalul,neutral,0.625152051448822,0.0
xaryu,27471,kekw,neutral,0.728352963924408,0.0
xaryu,27471,lmao,neutral,0.5486765503883362,0.0
xaryu,27471,lolol,neutral,0.45779329538345337,0.0
xaryu,27471,lol,positive,0.45361214876174927,0.45361214876174927
xaryu,27471,kekw,neutral,0.728352963924408,0.0
xaryu,27471,lo,neutral,0.5339378714561462,0.0
xaryu,27471,l,neutral,0.5426123738288879,0.0
xaryu,27471,lol,positive,0.45361214876174927,0.45361214876174927
xaryu,27471,lo lo lo,neutral,0.6087838411331177,0.0
xaryu,27471,happy haha,positive,0.9445118308067322,0.9445118308067322
xaryu,27471,lo,neutral,0.5339378714561462,0.0
xaryu,27471,my house now,neutral,0.8441917300224304,0.0
xaryu,27471,lets use our brain,neutral,0.7097876667976379,0.0
xaryu,27471,kekw,neutral,0.728352963924408,0.0
xaryu,27471,lolol,neutral,0.45779329538345337,0.0
xaryu,27471,bruh,neutral,0.5614473223686218,0.0
xaryu,27471,maybehow knows,neutral,0.6847268342971802,0.0
xaryu,27471,cinema,neutral,0.7428182363510132,0.0
xaryu,27471,our house s,neutral,0.8480441570281982,0.0
xaryu,27471,lmao,neutral,0.5486765503883362,0.0
xaryu,27471,lol,positive,0.45361214876174927,0.45361214876174927
xaryu,27471,try it,neutral,0.6331800222396851,0.0
xaryu,27471,lmao,neutral,0.5486765503883362,0.0
xaryu,27471,lo,neutral,0.5339378714561462,0.0
xaryu,27471,im too afraid of tactics to say anything,negative,0.7507418990135193,-0.7507418990135193
xaryu,27471,lmao,neutral,0.5486765503883362,0.0
xaryu,27471,lololololol,positive,0.4187636971473694,0.4187636971473694
xaryu,27471,there are better ways for iron doors,negative,0.6283181309700012,-0.6283181309700012
xaryu,27471,rofl,neutral,0.6133082509040833,0.0
xaryu,27471,lol,positive,0.45361214876174927,0.45361214876174927
xaryu,27471,bruh lmao,neutral,0.6956900358200073,0.0
xaryu,27471,lol,positive,0.45361214876174927,0.45361214876174927
xaryu,27471,lmfao,neutral,0.48061928153038025,0.0
xaryu,27471,hes showing how the creepers will do it peepogiggles,neutral,0.7861822843551636,0.0
xaryu,27471,lo,neutral,0.5339378714561462,0.0
xaryu,27471,new house ez,neutral,0.5262652635574341,0.0
xaryu,27471,lolololol,neutral,0.41813260316848755,0.0
xaryu,27471,his house now,neutral,0.9003231525421143,0.0
xaryu,27471,gj you built him a house,neutral,0.6642847657203674,0.0
xaryu,27471,lol,positive,0.45361214876174927,0.45361214876174927
xaryu,27471,omegalul,neutral,0.625152051448822,0.0
xaryu,27471,lol,positive,0.45361214876174927,0.45361214876174927
xaryu,27471,his house now,neutral,0.9003231525421143,0.0
xaryu,27471,lol,positive,0.45361214876174927,0.45361214876174927
xaryu,27471,his house now,neutral,0.9003231525421143,0.0
xaryu,27471,lol,positive,0.45361214876174927,0.45361214876174927
xaryu,27471,his house kekw,neutral,0.8556187152862549,0.0
xaryu,27471,lol,positive,0.45361214876174927,0.45361214876174927
xaryu,27471,his house now,neutral,0.9003231525421143,0.0
xaryu,27471,yes thats issue lol,neutral,0.6356177926063538,0.0
xaryu,27471,i am dying,neutral,0.41312897205352783,0.0
xaryu,27471,lol the timing,neutral,0.46525394916534424,0.0
xaryu,27471,lo lo,neutral,0.5768507122993469,0.0
xaryu,27471,put a button on wall outside,neutral,0.8693321943283081,0.0
xaryu,27471,lo,neutral,0.5339378714561462,0.0
xaryu,27471,happy,positive,0.824882984161377,0.824882984161377
xaryu,27471,omegalul,neutral,0.625152051448822,0.0
arrowcs,32399,scrajj,neutral,0.6631434559822083,0.0
arrowcs,32399,min,neutral,0.5320851802825928,0.0
arrowcs,32399,min bro,neutral,0.7287721037864685,0.0
arrowcs,32399,now lol,neutral,0.6173925995826721,0.0
arrowcs,32399,min,neutral,0.5320851802825928,0.0
arrowcs,32399,no like min,neutral,0.774061918258667,0.0
arrowcs,32399,checking vod happy,positive,0.761935830116272,0.761935830116272
arrowcs,32399,yup,neutral,0.48108169436454773,0.0
arrowcs,32399,facts,neutral,0.5652468204498291,0.0
arrowcs,32399,fried,neutral,0.5301560759544373,0.0
arrowcs,32399,since last week,neutral,0.7974851131439209,0.0
arrowcs,32399,lo,neutral,0.5339378714561462,0.0
arrowcs,32399,lo,neutral,0.5339378714561462,0.0
arrowcs,32399,heinztf,neutral,0.6139893531799316,0.0
arrowcs,32399,ww killing it with content lately,positive,0.9701089859008789,0.9701089859008789
arrowcs,32399,aro,neutral,0.5477485060691833,0.0
arrowcs,32399,lol,positive,0.45361214876174927,0.45361214876174927
arrowcs,32399,heinztf,neutral,0.6139893531799316,0.0
arrowcs,32399,whole time lo,neutral,0.7354384064674377,0.0
arrowcs,32399,lol,positive,0.45361214876174927,0.45361214876174927
arrowcs,32399,lol,positive,0.45361214876174927,0.45361214876174927
arrowcs,32399,lo,neutral,0.5339378714561462,0.0
arrowcs,32399,tomfoolery,negative,0.7143101692199707,-0.7143101692199707
arrowcs,32399,lol,positive,0.45361214876174927,0.45361214876174927
arrowcs,32399,tomfoolery winetime,neutral,0.6423078179359436,0.0
arrowcs,32399,lol,positive,0.45361214876174927,0.45361214876174927
arrowcs,32399,tomfoolery,negative,0.7143101692199707,-0.7143101692199707
arrowcs,32399,sdd,neutral,0.6276077032089233,0.0
arrowcs,32399,tomfoolery,negative,0.7143101692199707,-0.7143101692199707
arrowcs,32399,lol,positive,0.45361214876174927,0.45361214876174927
arrowcs,32399,tomfoolery,negative,0.7143101692199707,-0.7143101692199707
arrowcs,32399,lol,positive,0.45361214876174927,0.45361214876174927
arrowcs,32399,tomfoolery,negative,0.7143101692199707,-0.7143101692199707
arrowcs,32399,tf,neutral,0.5761000514030457,0.0
arrowcs,32399,tomfoolery,negative,0.7143101692199707,-0.7143101692199707
arrowcs,32399,caught,neutral,0.6763543486595154,0.0
arrowcs,32399,bomboclat,neutral,0.707664966583252,0.0
arrowcs,32399,yes,positive,0.4800679683685303,0.4800679683685303
arrowcs,32399,lol,positive,0.45361214876174927,0.45361214876174927
arrowcs,32399,dont forget pillow punchers,neutral,0.6790523529052734,0.0
arrowcs,32399,are you jewish,neutral,0.7648307085037231,0.0
arrowcs,32399,u are top left,neutral,0.802857518196106,0.0
arrowcs,32399,hello cuh s,neutral,0.7597692608833313,0.0
arrowcs,32399,band,neutral,0.6565691828727722,0.0
arrowcs,32399,those are just listings buddy check actual sales,neutral,0.4871342182159424,0.0
arrowcs,32399,chudberto hi,neutral,0.7246671915054321,0.0
arrowcs,32399,yo,neutral,0.49529069662094116,0.0
arrowcs,32399,lol,positive,0.45361214876174927,0.45361214876174927
arrowcs,32399,hi arrow whats happening,neutral,0.799785315990448,0.0
arrowcs,32399,i honestly enjoy watching you arrow you and ohnepixel only,positive,0.9640912413597107,0.9640912413597107
arrowcs,32399,woman feet are reason why i live,positive,0.9153167605400085,0.9153167605400085
arrowcs,32399,i am an israeli living in tel aviv and this is my favorite streamer i also love the awp prince,positive,0.9850353002548218,0.9850353002548218
arrowcs,32399,mw t i bought for k use that for reference,neutral,0.870069682598114,0.0
arrowcs,32399,orm,neutral,0.7455752491950989,0.0
arrowcs,32399,yo,neutral,0.49529069662094116,0.0
arrowcs,32399,chudberto chud berto yo,neutral,0.7321531176567078,0.0
arrowcs,32399,huu,neutral,0.5443277955055237,0.0
arrowcs,32399,sade,neutral,0.678957998752594,0.0
arrowcs,32399,wencytheintern catkiss,neutral,0.6953278183937073,0.0
arrowcs,32399,huh,neutral,0.686621904373169,0.0
arrowcs,32399,huu,neutral,0.5443277955055237,0.0
arrowcs,32399,sade,neutral,0.678957998752594,0.0
arrowcs,32399,uuh,neutral,0.5866190791130066,0.0
arrowcs,32399,huh,neutral,0.686621904373169,0.0
arrowcs,32399,what extension do you have arrow,neutral,0.9212950468063354,0.0
arrowcs,32399,maxixor hi,neutral,0.7651188969612122,0.0
arrowcs,32399,gooning just did,neutral,0.7363062500953674,0.0
arrowcs,32399,you are playing irl cs,neutral,0.8821207880973816,0.0
arrowcs,32399,erm,neutral,0.7194494605064392,0.0
arrowcs,32399,was that a tier,neutral,0.695600688457489,0.0
arrowcs,32399,bluey hi,positive,0.5057089328765869,0.5057089328765869
arrowcs,32399,maxixor yo love,positive,0.6404110789299011,0.6404110789299011
arrowcs,32399,huu,neutral,0.5443277955055237,0.0
arrowcs,32399,the command has been added successfully,positive,0.7473254203796387,0.7473254203796387
arrowcs,32399,get to the minimal wear buddy,neutral,0.648679256439209,0.0
arrowcs,32399,pluso,neutral,0.610181450843811,0.0
arrowcs,32399,k seems right,neutral,0.657421886920929,0.0
arrowcs,32399,check buf,neutral,0.6142820119857788,0.0
arrowcs,32399,thanks g,positive,0.8801623582839966,0.8801623582839966
arrowcs,32399,arrow i traded a butterfly p gamma nomad sapphire and some ft ultra violents for a t blue diamond gem karambit did i get robbed,neutral,0.5019270777702332,0.0
arrowcs,32399,pok gai ah,neutral,0.7585861682891846,0.0
arrowcs,32399,seemsgood,positive,0.6691577434539795,0.6691577434539795
arrowcs,32399,god damn thats the gta dude right,neutral,0.4150814712047577,0.0
arrowcs,32399,son,neutral,0.569151759147644,0.0
arrowcs,32399,how much was last sold,neutral,0.8447045683860779,0.0
arrowcs,32399,what abt a kara emerald,neutral,0.9232621192932129,0.0
arrowcs,32399,whats happening to cs skins,neutral,0.5282819867134094,0.0
arrowcs,32399,damn emeralds are cheap,negative,0.6382514238357544,-0.6382514238357544
arrowcs,32399,son,neutral,0.569151759147644,0.0
arrowcs,32399,cheap son,neutral,0.5355224013328552,0.0
arrowcs,32399,cheap yea,neutral,0.5323920845985413,0.0
arrowcs,32399,literally free mhm,neutral,0.5176119208335876,0.0
arrowcs,32399,buy couple,neutral,0.6949648261070251,0.0
arrowcs,32399,happy budget knife,positive,0.8864462971687317,0.8864462971687317
augcs2,32399,ill figure it out someday yk,neutral,0.6111953258514404,0.0
augcs2,32399,reactionplayz_ spun the slot machine,neutral,0.8602660298347473,0.0
augcs2,32399,stop yapping aura,negative,0.5772402286529541,-0.5772402286529541
augcs2,32399,gd spun the slot machine,neutral,0.7704455852508545,0.0
augcs2,32399,im just designing random logos here and there and building a portfolio now,neutral,0.8351883292198181,0.0
augcs2,32399,cbarkinnies spun the slot machine,neutral,0.8104263544082642,0.0
augcs2,32399,dreams,neutral,0.5949594974517822,0.0
augcs2,32399,opened dreams nightmares case and got mag foresight factory new float milspec,neutral,0.7982456088066101,0.0
augcs2,32399,nikolajltn spun the slot machine,neutral,0.8292149305343628,0.0
augcs2,32399,sincerelyspotty spun the slot machine,neutral,0.6818592548370361,0.0
augcs2,32399,real haha,positive,0.5718364715576172,0.5718364715576172
augcs2,32399,belgium mentioned,neutral,0.8692410588264465,0.0
augcs2,32399,lilybutbelly,neutral,0.6465161442756653,0.0
augcs2,32399,what do you get from subs,neutral,0.9181017875671387,0.0
augcs2,32399,belgium best frites,positive,0.7527579665184021,0.7527579665184021
augcs2,32399,lowk womans are overreated,negative,0.7208451628684998,-0.7208451628684998
augcs2,32399,at least my friends are nice enough to pay me for the artwork i make for em,positive,0.7774954438209534,0.7774954438209534
augcs2,32399,again enn,neutral,0.7646540403366089,0.0
augcs2,32399,gl,neutral,0.5329850316047668,0.0
augcs2,32399,lol lol,positive,0.4569981098175049,0.4569981098175049
augcs2,32399,lol,positive,0.45361214876174927,0.45361214876174927
augcs2,32399,gg,neutral,0.48036664724349976,0.0
augcs2,32399,lmao,neutral,0.5486765503883362,0.0
augcs2,32399,nikolajltn spun the slot machine,neutral,0.8292149305343628,0.0
augcs2,32399,i have no luck bro,negative,0.8753660321235657,-0.8753660321235657
augcs2,32399,inerx spun the slot machine,neutral,0.7786411046981812,0.0
augcs2,32399,bobrgoon spun the slot machine,neutral,0.7877585887908936,0.0
augcs2,32399,little_ahmbouth spun the slot machine,neutral,0.7409985065460205,0.0
augcs2,32399,imm_skull spun the slot machine,neutral,0.760464608669281,0.0
augcs2,32399,wait aug,neutral,0.8000093102455139,0.0
augcs2,32399,lol,positive,0.45361214876174927,0.45361214876174927
augcs2,32399,ronxtian spun the slot machine,neutral,0.7783005833625793,0.0
augcs2,32399,aura i hope you get a boner in a public bus,negative,0.879562258720398,-0.879562258720398
augcs2,32399,lmao,neutral,0.5486765503883362,0.0
augcs2,32399,give me amber fade lul,neutral,0.7268235683441162,0.0
augcs2,32399,wtf,neutral,0.5417232513427734,0.0
augcs2,32399,could i design you a logo,neutral,0.8274024128913879,0.0
augcs2,32399,for my portfolio,neutral,0.7117313742637634,0.0
augcs2,32399,halloofgimplzism spun the slot machine,neutral,0.6685081720352173,0.0
augcs2,32399,wladcad spun the slot machine,neutral,0.7909140586853027,0.0
augcs2,32399,fully free ofc,neutral,0.5628499984741211,0.0
augcs2,32399,nikolajltn spun the slot machine,neutral,0.8292149305343628,0.0
augcs2,32399,babafigo spun the slot machine,neutral,0.8145172595977783,0.0
augcs2,32399,sincerelyspotty spun the slot machine,neutral,0.6818592548370361,0.0
augcs2,32399,profile banner,neutral,0.7973225116729736,0.0
augcs2,32399,imm_skull spun the slot machine,neutral,0.760464608669281,0.0
augcs2,32399,ok ty bro love,positive,0.885895311832428,0.885895311832428
augcs2,32399,bearthebear_pyry spun the slot machine,neutral,0.8340258002281189,0.0
augcs2,32399,reactionplayz_ spun the slot machine,neutral,0.8602660298347473,0.0
augcs2,32399,vivigraal spun the slot machine,neutral,0.8507189750671387,0.0
augcs2,32399,w enn,neutral,0.7315360903739929,0.0
augcs2,32399,nikolajltn spun the slot machine,neutral,0.8292149305343628,0.0
eslcs,32399,ekkochest,neutral,0.7037647366523743,0.0
eslcs,32399,omegalul,neutral,0.625152051448822,0.0
eslcs,32399,gg,neutral,0.48036664724349976,0.0
eslcs,32399,outclassed much kekw,neutral,0.5922273993492126,0.0
eslcs,32399,lol,positive,0.45361214876174927,0.45361214876174927
eslcs,32399,despairge,neutral,0.5494598150253296,0.0
eslcs,32399,smoked sandbags btw lol,neutral,0.6365668773651123,0.0
eslcs,32399,ruggah aware,neutral,0.6567646265029907,0.0
eslcs,32399,gg,neutral,0.48036664724349976,0.0
eslcs,32399,vlouuemama juliletsgo,neutral,0.788842499256134,0.0
eslcs,32399,pain vs hellen keller rn,neutral,0.8198364973068237,0.0
eslcs,32399,disband choke,negative,0.6580983996391296,-0.6580983996391296
eslcs,32399,oh sad,negative,0.7674134373664856,-0.7674134373664856
eslcs,32399,gg,neutral,0.48036664724349976,0.0
eslcs,32399,bb,neutral,0.5339438319206238,0.0
eslcs,32399,stupid astralis,negative,0.7903872728347778,-0.7903872728347778
eslcs,32399,astralis has okay aim but not good tactic i am pretty good in premier k elo and also play as igl i have many good strategies such as throwing a smokes then going happy,positive,0.7260404825210571,0.7260404825210571
eslcs,32399,gg,neutral,0.48036664724349976,0.0
eslcs,32399,ruggah sadge,negative,0.5863686203956604,-0.5863686203956604
eslcs,32399,just forefit,neutral,0.7372519969940186,0.0
eslcs,32399,is okay pain go to stage,neutral,0.6775302886962891,0.0
eslcs,32399,lol,positive,0.45361214876174927,0.45361214876174927
eslcs,32399,forsenalright,neutral,0.6315363645553589,0.0
eslcs,32399,acestare ruggah,neutral,0.7484230995178223,0.0
eslcs,32399,k for kill kekw,negative,0.5470747351646423,-0.5470747351646423
eslcs,32399,disband,neutral,0.7725117802619934,0.0
eslcs,32399,disband these frauds lol,negative,0.8884915709495544,-0.8884915709495544
eslcs,32399,noone can save astralis pls disband,negative,0.9035122394561768,-0.9035122394561768
eslcs,32399,karrigan clutch that,neutral,0.553196132183075,0.0
eslcs,32399,mhm we are going home,neutral,0.72748202085495,0.0
eslcs,32399,lol his face,positive,0.47277599573135376,0.47277599573135376
eslcs,32399,astralis just surrender dont waste time,neutral,0.5591084957122803,0.0
eslcs,32399,id do better v with only knife icant what are astralis doing icant,neutral,0.553428053855896,0.0
eslcs,32399,gg,neutral,0.48036664724349976,0.0
eslcs,32399,astralis era week kekw,neutral,0.8879523277282715,0.0
eslcs,32399,jabbi without cadian and teses lul,neutral,0.8211938738822937,0.0
eslcs,32399,thats a pain in the,negative,0.8933245539665222,-0.8933245539665222
eslcs,32399,astrashlis,neutral,0.8169609308242798,0.0
eslcs,32399,bori bedge,neutral,0.7719395160675049,0.0
eslcs,32399,ruggah aware ruggah aware ruggah aware ruggah aware,neutral,0.8177123665809631,0.0
eslcs,32399,overpass btw,neutral,0.8121007084846497,0.0
eslcs,32399,bot,neutral,0.6068688035011292,0.0
eslcs,32399,disband,neutral,0.7725117802619934,0.0
eslcs,32399,broky might be better,neutral,0.6016402840614319,0.0
eslcs,32399,caitthinking,neutral,0.7922678589820862,0.0
eslcs,32399,why on earth did i pick astralis to advance fml,negative,0.8391155004501343,-0.8391155004501343
eslcs,32399,babyrage hooxi babyrage malding babyrage astralis babyrage crying babyrage hooxi babyrage malding babyrage astralis babyrage crying,neutral,0.6014094352722168,0.0
eslcs,32399,hooxis calls are so bad,negative,0.9331715106964111,-0.9331715106964111
eslcs,32399,nrgpain,neutral,0.7505204677581787,0.0
eslcs,32399,i,neutral,0.4859461784362793,0.0
eslcs,32399,gaulespain gaulespain gaulespain,neutral,0.7497032880783081,0.0
eslcs,32399,my pick it gone now,neutral,0.5017286539077759,0.0
eslcs,32399,this is fun annoyed,neutral,0.422965943813324,0.0
eslcs,32399,first,neutral,0.5086098313331604,0.0
eslcs,32399,fucking trash team,negative,0.9006189703941345,-0.9006189703941345
eslcs,32399,atralis,neutral,0.7677528262138367,0.0
eslcs,32399,atleast u have sas to fly u home astralis,neutral,0.7799297571182251,0.0
eslcs,32399,easy x on predictions,neutral,0.6640040874481201,0.0
eslcs,32399,disbanded astralis,neutral,0.8698965311050415,0.0
eslcs,32399,lol,positive,0.45361214876174927,0.45361214876174927
eslcs,32399,even zywoo cant save astralis disband,negative,0.6879280209541321,-0.6879280209541321
eslcs,32399,they are so bad damn,negative,0.9377206563949585,-0.9377206563949585
eslcs,32399,goin home,neutral,0.6627136468887329,0.0
eslcs,32399,chat who is better biguzera cobrazera coldzera venomzera,neutral,0.7431678175926208,0.0
eslcs,32399,hooxi to faze poggers,neutral,0.7598178386688232,0.0
eslcs,32399,hooxi is the problem here lets be honest,negative,0.6733191609382629,-0.6733191609382629
eslcs,32399,check pains game lol,neutral,0.7527799010276794,0.0
eslcs,32399,asstralis,neutral,0.8247577548027039,0.0
eslcs,32399,dont worry guys nrg still lost,neutral,0.6133555173873901,0.0
eslcs,32399,what a shame,negative,0.8467752933502197,-0.8467752933502197
eslcs,32399,asstralis are no strangers to s lmao,neutral,0.7399377822875977,0.0
eslcs,32399,i believed in you,positive,0.7097672820091248,0.7097672820091248
eslcs,32399,haha,positive,0.5592273473739624,0.5592273473739624
eslcs,32399,astrashlis,neutral,0.8169609308242798,0.0
eslcs,32399,pickem gone eu cs gone,negative,0.5487549304962158,-0.5487549304962158
eslcs,32399,jabbi to g,neutral,0.8289077877998352,0.0
eslcs,32399,babyrage,neutral,0.8113186359405518,0.0
eslcs,32399,bots,neutral,0.6005155444145203,0.0
eslcs,32399,bro i swear thoses guys are already on de_airport hexagodotamate hexagodotamate hexagodotamate,negative,0.6380624175071716,-0.6380624175071716
eslcs,32399,painrg,negative,0.6947259306907654,-0.6947259306907654
eslcs,32399,australia lol australia lol australia lol australia lol,neutral,0.5192201733589172,0.0
eslcs,32399,dissolve the company lol,neutral,0.6156114935874939,0.0
eslcs,32399,phzy not taking any time on shots,neutral,0.6988624930381775,0.0
eslcs,32399,atleast they have nice skins,positive,0.6624197363853455,0.6624197363853455
eslcs,32399,vsmysle,neutral,0.7392014861106873,0.0
eslcs,32399,cinema,neutral,0.7428182363510132,0.0
eslcs,32399,wutface wutface wutface wutface wutface,negative,0.5347702503204346,-0.5347702503204346
eslcs,32399,comeback,neutral,0.634518563747406,0.0
eslcs,32399,yay,positive,0.8742911219596863,0.8742911219596863
eslcs,32399,lol,positive,0.45361214876174927,0.45361214876174927
eslcs,32399,gg happy,positive,0.961734414100647,0.961734414100647
eslcs,32399,bye,neutral,0.4738015830516815,0.0
eslcs,32399,lol,positive,0.45361214876174927,0.45361214876174927
eslcs,32399,eslcsgg eslcsgg eslcsgg eslcsgg,neutral,0.681012749671936,0.0
eslcs,32399,ruger,neutral,0.5906802415847778,0.0
eslcs,32399,whos that liliput,neutral,0.7163150310516357,0.0
fl0m,32399,ggs,neutral,0.6987693309783936,0.0
fl0m,32399,should have gone all in on pain but man no nqz is a pure gamble,negative,0.7085292935371399,-0.7085292935371399
fl0m,32399,cadian igl times,neutral,0.7827123999595642,0.0
fl0m,32399,cant blame them take major winner and like yea its too boring now we leave for another,negative,0.8751935958862305,-0.8751935958862305
fl0m,32399,at this point ill never pick astralis for pickems again,negative,0.6978663802146912,-0.6978663802146912
fl0m,32399,pain should take a timeout to let them stew lol,neutral,0.502572774887085,0.0
fl0m,32399,dont talk bad about device flm smh,negative,0.7899317741394043,-0.7899317741394043
fl0m,32399,mousepad,neutral,0.7200029492378235,0.0
fl0m,32399,mhm,neutral,0.6109070777893066,0.0
fl0m,32399,astralis had a crazy high this is sad ngl,negative,0.8844470381736755,-0.8844470381736755
fl0m,32399,huh mousepad,neutral,0.7956547737121582,0.0
fl0m,32399,no vitality spirit or falcons happy,negative,0.6501824855804443,-0.6501824855804443
fl0m,32399,sigh,neutral,0.49558666348457336,0.0
fl0m,32399,bro didnt witness estag astralis,neutral,0.7544718384742737,0.0
fl0m,32399,weebsdetected,neutral,0.6798710823059082,0.0
fl0m,32399,ayaya,neutral,0.7492435574531555,0.0
fl0m,32399,a few months ago astralis were playing super proactive and quickly that shit is gone so now theyre slow inactive scared and easy to read all the time,negative,0.857855498790741,-0.857855498790741
fl0m,32399,cant really compare this to the rmr times imo,negative,0.5082257390022278,-0.5082257390022278
fl0m,32399,ayaya clao,neutral,0.7990306615829468,0.0
fl0m,32399,frfr,neutral,0.562678873538971,0.0
fl0m,32399,what is that mousepad lol,neutral,0.6052767634391785,0.0
fl0m,32399,t making the next major,neutral,0.7863373160362244,0.0
fl0m,32399,they did lmao,neutral,0.7679979205131531,0.0
fl0m,32399,they were laughing early nuke not laughing anymore,neutral,0.5397623181343079,0.0
fl0m,32399,well astralis is one pickem i can gladly lose,negative,0.5206221342086792,-0.5206221342086792
fl0m,32399,farlig era too,neutral,0.7232519388198853,0.0
fl0m,32399,cooked,neutral,0.5377634167671204,0.0
fl0m,32399,baiting,neutral,0.6641798615455627,0.0
fl0m,32399,still tier one tourney happy,positive,0.8857014775276184,0.8857014775276184
fl0m,32399,astralis when they weke nuking all the young prospects aware,neutral,0.6669191718101501,0.0
fl0m,32399,botralis,neutral,0.7626299858093262,0.0
fl0m,32399,that mousepad lmfao,neutral,0.4250030517578125,0.0
fl0m,32399,i should be a coach lol,neutral,0.4551866352558136,0.0
fl0m,32399,i assume they werent so lucky,negative,0.5933616161346436,-0.5933616161346436
fl0m,32399,astralis used to own inferno,neutral,0.8598513007164001,0.0
fl0m,32399,lucky era was rough,negative,0.87808758020401,-0.87808758020401
fl0m,32399,the not very lucky joke was so overused lmao,negative,0.8641202449798584,-0.8641202449798584
fl0m,32399,its closing,neutral,0.6370819807052612,0.0
fl0m,32399,all it took was to get rid or rmr for astralis to qualify for major,neutral,0.6336065530776978,0.0
fl0m,32399,luckys first series on mirage with the tec,positive,0.5326103568077087,0.5326103568077087
fl0m,32399,sell off the org,negative,0.4986894130706787,-0.4986894130706787
fl0m,32399,the flm era,neutral,0.7757148742675781,0.0
fl0m,32399,right lol,neutral,0.5920677185058594,0.0
fl0m,32399,jugi,neutral,0.6378511786460876,0.0
fl0m,32399,bring back ldlc era kekw,neutral,0.8566554188728333,0.0
fl0m,32399,like the rainwaker liquid era,neutral,0.8562285304069519,0.0
fl0m,32399,astralis just crossed kills per round average lol,neutral,0.6937848925590515,0.0
fl0m,32399,what a joke,negative,0.7922551035881042,-0.7922551035881042
fl0m,32399,asstralis gg,neutral,0.816591203212738,0.0
fl0m,32399,rainwaker lowkey been playing great for monte,positive,0.9113932251930237,0.9113932251930237
fl0m,32399,it wouldnt have saved them,negative,0.7977471351623535,-0.7977471351623535
fl0m,32399,word ussles,neutral,0.8084481358528137,0.0
fl0m,32399,did anyone forget about jugi kekw,neutral,0.6411280632019043,0.0
fl0m,32399,dont disrespect my man jugi,negative,0.8795767426490784,-0.8795767426490784
fl0m,32399,its wild they had blamef konfig and lucky at once,positive,0.46106553077697754,0.46106553077697754
fl0m,32399,terrible call,negative,0.8086438775062561,-0.8086438775062561
fl0m,32399,gg,neutral,0.48036664724349976,0.0
fl0m,32399,why everyone hates jabbi,negative,0.8852177858352661,-0.8852177858352661
fl0m,32399,they really need to win the most rounds in this half to win this half,neutral,0.7463886141777039,0.0
fl0m,32399,what happend to this team man,negative,0.8906376361846924,-0.8906376361846924
fl0m,32399,absolutely throwing the aks away,negative,0.8028808832168579,-0.8028808832168579
fl0m,32399,this look like and email,negative,0.5447326898574829,-0.5447326898574829
fl0m,32399,gg,neutral,0.48036664724349976,0.0
fl0m,32399,bru,neutral,0.5569835901260376,0.0
fl0m,32399,where do we send staehr,neutral,0.8994203805923462,0.0
fl0m,32399,anyone remember jugi on the awp,neutral,0.9263915419578552,0.0
fl0m,32399,kekw,neutral,0.728352963924408,0.0
fl0m,32399,aware,neutral,0.692669689655304,0.0
fl0m,32399,wow,positive,0.5003098845481873,0.5003098845481873
fl0m,32399,astralis please do something i put all of my channel points on you,neutral,0.4964998960494995,0.0
fl0m,32399,gg,neutral,0.48036664724349976,0.0
fl0m,32399,remember patsi on liquid those were the days,positive,0.6152592301368713,0.6152592301368713
fl0m,32399,ok im coming back for the next match,neutral,0.7344610691070557,0.0
fl0m,32399,maybe if astralis tries the man roster again it will work,neutral,0.5507323741912842,0.0
fl0m,32399,what about the suihy liquid era,neutral,0.9185402989387512,0.0
fl0m,32399,send them home send them home,neutral,0.6004636287689209,0.0
fl0m,32399,kekw,neutral,0.728352963924408,0.0
fl0m,32399,hooxi back to winning ways,positive,0.7376341223716736,0.7376341223716736
fl0m,32399,i mean theyre just running through smokes solo lol,neutral,0.8666964769363403,0.0
fl0m,32399,and we can get eg back,neutral,0.5742531418800354,0.0
fl0m,32399,wdym mightve,neutral,0.7878625988960266,0.0
fl0m,32399,running thru smokes with no util lmao,neutral,0.6063322424888611,0.0
fl0m,32399,they look lost,negative,0.7994825839996338,-0.7994825839996338
fl0m,32399,im fine with this not cause i dislike astralis or anything but because im a pain fan,neutral,0.5154375433921814,0.0
fl0m,32399,welp its over,neutral,0.5164067149162292,0.0
fl0m,32399,knife giveaway,neutral,0.5477264523506165,0.0
fl0m,32399,bye,neutral,0.4738015830516815,0.0
fl0m,32399,not sure anyone hates him just fun to make fun of,neutral,0.4550471305847168,0.0
fl0m,32399,damn people are really mad for astralis underperforming i didnt expect this much hate,negative,0.9171745777130127,-0.9171745777130127
fl0m,32399,and astralis are back below kills per round average lol,negative,0.5678496360778809,-0.5678496360778809
fl0m,32399,surrender,neutral,0.6235475540161133,0.0
fl0m,32399,did a single molly hit barrels they threw something like,neutral,0.742650032043457,0.0
fl0m,32399,damn does astralis have the worst mental in cs these days it seems like once the tilt hits for them it doesnt stop,negative,0.9371492862701416,-0.9371492862701416
fl0m,32399,send the email,neutral,0.8283898830413818,0.0
fl0m,32399,d,neutral,0.548960268497467,0.0
fl0m,32399,knife mid,neutral,0.6250197887420654,0.0
fl0m,32399,bye bye astra,neutral,0.7050630450248718,0.0
fl0m,32399,c no awper era was better than this lol,positive,0.47874805331230164,0.47874805331230164
fl0m,32399,email,neutral,0.7326887845993042,0.0
juanflatroo,32399,e gjujte o psikopat,neutral,0.7648293972015381,0.0
juanflatroo,32399,omobevof ta ka marr,neutral,0.8148241639137268,0.0
juanflatroo,32399,perqendrohu se sluhet kshtu para pidhi,neutral,0.8205431699752808,0.0
juanflatroo,32399,ja brud tu e pas flatron,neutral,0.8500806093215942,0.0
juanflatroo,32399,e drope brud,neutral,0.8089943528175354,0.0
juanflatroo,32399,ahmet a i shtine nferka bro nija krismen haha,neutral,0.7070729732513428,0.0
juanflatroo,32399,qendisje silly,neutral,0.6282640695571899,0.0
juanflatroo,32399,when will you come to kosovo again,neutral,0.9136954545974731,0.0
juanflatroo,32399,haha respekte nga un dhe arber rexhepi zemer,neutral,0.6460376977920532,0.0
juanflatroo,32399,aka next,neutral,0.758988618850708,0.0
juanflatroo,32399,give something for flatro,neutral,0.7738684415817261,0.0
juanflatroo,32399,haha tfala arbrit love,positive,0.8252525329589844,0.8252525329589844
juanflatroo,32399,join flatro stack bre,neutral,0.820753812789917,0.0
juanflatroo,32399,hm next week,neutral,0.77573162317276,0.0
juanflatroo,32399,o xhoci ta mur o dud,neutral,0.8155673742294312,0.0
juanflatroo,32399,lsho stremin zemer,neutral,0.8092264533042908,0.0
juanflatroo,32399,ska loj bruda,neutral,0.741519033908844,0.0
juanflatroo,32399,flatro,neutral,0.7128514647483826,0.0
juanflatroo,32399,next week a,neutral,0.8785216808319092,0.0
juanflatroo,32399,make sure you follow me on instagram,neutral,0.6478508710861206,0.0
juanflatroo,32399,ta shloj x hoci,neutral,0.8885490894317627,0.0
juanflatroo,32399,flatro,neutral,0.7128514647483826,0.0
juanflatroo,32399,u flatro n,neutral,0.8208690881729126,0.0
juanflatroo,32399,nice shot biljat,positive,0.7777132391929626,0.7777132391929626
juanflatroo,32399,if i was a girl i would marry,neutral,0.5269631147384644,0.0
juanflatroo,32399,pot vika gruja o bir,neutral,0.7610159516334534,0.0
juanflatroo,32399,valla be xhoci o tu rrok,neutral,0.823940634727478,0.0
juanflatroo,32399,zemer apot hec mir me unity,neutral,0.7326148152351379,0.0
juanflatroo,32399,u thy shipka,neutral,0.8144188523292542,0.0
juanflatroo,32399,haha,positive,0.5592273473739624,0.5592273473739624
juanflatroo,32399,use code juanflatroo get a free case chance to win huge giveaways and deposit by joining hellcase,positive,0.7729033827781677,0.7729033827781677
juanflatroo,32399,work a,neutral,0.8005843162536621,0.0
juanflatroo,32399,haha,positive,0.5592273473739624,0.5592273473739624
juanflatroo,32399,paska me qi,neutral,0.7965707778930664,0.0
juanflatroo,32399,per me qi e ka,neutral,0.8461034297943115,0.0
juanflatroo,32399,work aha,neutral,0.6291926503181458,0.0
juanflatroo,32399,haha,positive,0.5592273473739624,0.5592273473739624
juanflatroo,32399,i had fun last time,positive,0.9501920342445374,0.9501920342445374
juanflatroo,32399,haha,positive,0.5592273473739624,0.5592273473739624
juanflatroo,32399,use code juanflatroo on hellcase and be part of the new giveaway consisting of pair of gloves and a knife,neutral,0.6350951194763184,0.0
juanflatroo,32399,work me jog aver a,neutral,0.8023533821105957,0.0
juanflatroo,32399,a,neutral,0.4693250060081482,0.0
juanflatroo,32399,qysh ja lujka,neutral,0.8359209299087524,0.0
juanflatroo,32399,a,neutral,0.4693250060081482,0.0
juanflatroo,32399,ah flatro e paske sshti me kesh a,neutral,0.8108541965484619,0.0
juanflatroo,32399,fun a,positive,0.609668493270874,0.609668493270874
juanflatroo,32399,a ja kallxove prishtina mallin haha,neutral,0.6770722270011902,0.0
juanflatroo,32399,use code juanflatroo get free cases and compete for a total of monthly leaderboard of the highest depositers,neutral,0.4997301399707794,0.0
juanflatroo,32399,hashshshahan,neutral,0.7000989317893982,0.0
juanflatroo,32399,flatron ja paske shtre kabllen a,neutral,0.8289846181869507,0.0
juanflatroo,32399,flatro vlla paske me shkun si kangall a,neutral,0.8863604068756104,0.0
juanflatroo,32399,fun aver a kallxona rastin e kalum,neutral,0.6186581254005432,0.0
juanflatroo,32399,sell your skins on skinplace without waiting a single second use code juanflatroo for a deposit bonus click the link below,neutral,0.7841463685035706,0.0
juanflatroo,32399,a e paske iq haha,neutral,0.7593194842338562,0.0
juanflatroo,32399,kallxoja krejt motelet e kosoves informo qka kena investu aty,neutral,0.8777486681938171,0.0
juanflatroo,32399,flatro ja paske lshu hilltin a,neutral,0.9090460538864136,0.0
juanflatroo,32399,te interexi a,neutral,0.8517439961433411,0.0
juanflatroo,32399,omel i paska met ksaj shoqes a,neutral,0.8409488797187805,0.0
juanflatroo,32399,for how long will you stay,neutral,0.8434426188468933,0.0
juanflatroo,32399,lewi tu e shti nxhep smoojen e shemi,neutral,0.8775022029876709,0.0
juanflatroo,32399,haver koka knaq here e fundit a,neutral,0.8755148649215698,0.0
juanflatroo,32399,popull seksirash be nonen,neutral,0.8202934861183167,0.0
juanflatroo,32399,qka tka dha me pi ky kopili,neutral,0.7947019338607788,0.0
juanflatroo,32399,ja paske tregu ibretin aa,neutral,0.8389802575111389,0.0
juanflatroo,32399,dilni me ngaren ngermi,neutral,0.7708973288536072,0.0
juanflatroo,32399,i paska shti pipat fell,neutral,0.6829285621643066,0.0
juanflatroo,32399,buy and trade your skins get the bonus to refill with my code juanflatroo,neutral,0.6127381920814514,0.0
juanflatroo,32399,a,neutral,0.4693250060081482,0.0
juanflatroo,32399,ja nisi me fol mir anglisht,neutral,0.7952463626861572,0.0
juanflatroo,32399,koke qeth e koke ndreq,neutral,0.898875892162323,0.0
juanflatroo,32399,good motels,positive,0.5738469362258911,0.5738469362258911
juanflatroo,32399,good motel,positive,0.6683264374732971,0.6683264374732971
juanflatroo,32399,good dixk a,positive,0.8227749466896057,0.8227749466896057
juanflatroo,32399,well mannered shyqyr sdin me fol shqip e gjora cka ditem me shkretu,neutral,0.7899532318115234,0.0
juanflatroo,32399,join csgoempire grab a free case on signup with code juanflatroo deposit bonus many weekly giveaways and reap the many benefits available,positive,0.8975644111633301,0.8975644111633301
juanflatroo,32399,motels haha,neutral,0.6378901600837708,0.0
juanflatroo,32399,deri tja kryn flatro ngjyks,neutral,0.7673694491386414,0.0
juanflatroo,32399,haha,positive,0.5592273473739624,0.5592273473739624
juanflatroo,32399,juanflatro or less cm,neutral,0.9009253978729248,0.0
juanflatroo,32399,mos e ki lan shtatzan o bir,neutral,0.8053684234619141,0.0
juanflatroo,32399,e paske punu mir flatricc haha,neutral,0.7173317074775696,0.0
juanflatroo,32399,best motels haha,positive,0.94500732421875,0.94500732421875
juanflatroo,32399,pot nin more najkush menon pernime o flatron,neutral,0.8351134061813354,0.0
juanflatroo,32399,good kar,positive,0.6116028428077698,0.6116028428077698
juanflatroo,32399,lewi tu e shti nxhep smoojen e shemi,neutral,0.8775022029876709,0.0
juanflatroo,32399,haha,positive,0.5592273473739624,0.5592273473739624
juanflatroo,32399,shkun posht papidhsat,neutral,0.6664734482765198,0.0
juanflatroo,32399,perdoreni kodin juanflatroo per nje zbritje marramendese miq prej varesisht prej produkteve,neutral,0.8857498168945312,0.0
juanflatroo,32399,xhoci koka or delay,neutral,0.8441625833511353,0.0
juanflatroo,32399,po qfar good hospitality bre,neutral,0.4982893764972687,0.0
juanflatroo,32399,me qi nanen nuk vje mo pale qka ka hek naten,neutral,0.8669512271881104,0.0
mathg,32399,a pessoa q vai participar de hj,neutral,0.8052634596824646,0.0
mathg,32399,k,neutral,0.519564151763916,0.0
mathg,32399,gosta de carros,neutral,0.6593814492225647,0.0
mathg,32399,quer q eu prove haha,neutral,0.7790492177009583,0.0
mathg,32399,branco,neutral,0.7427330613136292,0.0
mathg,32399,tatuado,neutral,0.7097963094711304,0.0
mathg,32399,nem te conto,neutral,0.8212312459945679,0.0
mathg,32399,gosta de gamers,neutral,0.6237508654594421,0.0
mathg,32399,k,neutral,0.519564151763916,0.0
mathg,32399,essa pegada,neutral,0.7939385771751404,0.0
mathg,32399,k,neutral,0.519564151763916,0.0
mathg,32399,n ficou um clima legal,neutral,0.8096694350242615,0.0
mathg,32399,k,neutral,0.519564151763916,0.0
mathg,32399,pq o math ta jogando cs,neutral,0.8565334677696228,0.0
mathg,32399,math sabe de mais,neutral,0.7936877608299255,0.0
mathg,32399,k,neutral,0.519564151763916,0.0
mathg,32399,meu irmao ta indo ver br com jon,neutral,0.8571400046348572,0.0
mathg,32399,vai la birrape,neutral,0.6512643098831177,0.0
mathg,32399,no,neutral,0.4534933269023895,0.0
mathg,32399,tua cara,neutral,0.8110606670379639,0.0
mathg,32399,k,neutral,0.519564151763916,0.0
mathg,32399,ia dar bom,neutral,0.6915172338485718,0.0
mathg,32399,a participante,neutral,0.6853882670402527,0.0
mathg,32399,top,neutral,0.4776459336280823,0.0
mathg,32399,por favor,neutral,0.6666266918182373,0.0
mathg,32399,k,neutral,0.519564151763916,0.0
mathg,32399,k,neutral,0.519564151763916,0.0
mathg,32399,k,neutral,0.519564151763916,0.0
mathg,32399,k k k k k,neutral,0.7232989072799683,0.0
mathg,32399,k,neutral,0.519564151763916,0.0
mathg,32399,ki,neutral,0.593131959438324,0.0
mathg,32399,k,neutral,0.519564151763916,0.0
mathg,32399,k,neutral,0.519564151763916,0.0
mathg,32399,conhecid,neutral,0.8062341809272766,0.0
mathg,32399,eu to perdido w,neutral,0.8387961387634277,0.0
mathg,32399,confia,neutral,0.6949453949928284,0.0
mathg,32399,kakakakkakakaka,neutral,0.5646048188209534,0.0
mathg,32399,cenario valorantcs,neutral,0.7753669619560242,0.0
mathg,32399,barrk tua mulher ja vai abrir live,neutral,0.8919283151626587,0.0
mathg,32399,abre a aba ai,neutral,0.7379621863365173,0.0
mathg,32399,conhesse,neutral,0.6973298788070679,0.0
mathg,32399,lul,neutral,0.5273118019104004,0.0
mathg,32399,k,neutral,0.519564151763916,0.0
mathg,32399,k,neutral,0.519564151763916,0.0
mathg,32399,eu entendi,neutral,0.7671106457710266,0.0
mathg,32399,k,neutral,0.519564151763916,0.0
mathg,32399,k,neutral,0.519564151763916,0.0
mathg,32399,k,neutral,0.519564151763916,0.0
mathg,32399,k,neutral,0.519564151763916,0.0
mathg,32399,mora em guarulhos,neutral,0.7743246555328369,0.0
mathg,32399,se n me engano,neutral,0.8563152551651001,0.0
mathg,32399,se passo,neutral,0.697083055973053,0.0
mathg,32399,k,neutral,0.519564151763916,0.0
mathg,32399,kakakakkakakkaka w,neutral,0.6262516975402832,0.0
mathg,32399,calma barrak,neutral,0.8184316754341125,0.0
mathg,32399,k,neutral,0.519564151763916,0.0
mathg,32399,segura a onda,neutral,0.8216490745544434,0.0
mathg,32399,paizao,neutral,0.7106093764305115,0.0
mathg,32399,k,neutral,0.519564151763916,0.0
mathg,32399,mano pq o math ta com categoria de cs no cassino,neutral,0.8814178705215454,0.0
mathg,32399,cara quer ficar de castigo na tt,neutral,0.8502300977706909,0.0
mathg,32399,k,neutral,0.519564151763916,0.0
mathg,32399,vai la e pede em namoro,neutral,0.8134052753448486,0.0
mathg,32399,virtual casino,neutral,0.7641662359237671,0.0
mathg,32399,the stream game has been updated to virtual casino,neutral,0.8980893492698669,0.0
mathg,32399,cara tem mod n,neutral,0.8268992304801941,0.0
mathg,32399,entao,neutral,0.6398274302482605,0.0
mathg,32399,pior q tava cassino,neutral,0.7587038278579712,0.0
mathg,32399,os mods dos outros,neutral,0.8317596316337585,0.0
mathg,32399,acho q ta mudando sozinho,neutral,0.8138947486877441,0.0
mathg,32399,tudo aq,neutral,0.794318675994873,0.0
mathg,32399,e o math sem mod,neutral,0.8724662661552429,0.0
mathg,32399,poe o saintmaia de mod,neutral,0.8302440047264099,0.0
mathg,32399,lul,neutral,0.5273118019104004,0.0
mathg,32399,nao me encaixei,neutral,0.8446221947669983,0.0
mathg,32399,k vai la birrape,neutral,0.7386243343353271,0.0
mathg,32399,k,neutral,0.519564151763916,0.0
mathg,32399,tem ate tatuagem ikgual,neutral,0.88173907995224,0.0
mathg,32399,conta nova,neutral,0.7735698223114014,0.0
mathg,32399,k,neutral,0.519564151763916,0.0
ohnepixel,32399,any mods here,neutral,0.8668736219406128,0.0
ohnepixel,32399,classic,positive,0.5635226964950562,0.5635226964950562
ohnepixel,32399,classic,positive,0.5635226964950562,0.5635226964950562
ohnepixel,32399,gg,neutral,0.48036664724349976,0.0
ohnepixel,32399,gg,neutral,0.48036664724349976,0.0
ohnepixel,32399,comeon big,positive,0.5925780534744263,0.5925780534744263
ohnepixel,32399,someone has to stop him,negative,0.5966713428497314,-0.5966713428497314
ohnepixel,32399,imagine sizzi and donk building a kids team to destroy all the uncs,neutral,0.6787621974945068,0.0
ohnepixel,32399,this is over,neutral,0.46420618891716003,0.0
ohnepixel,32399,g,neutral,0.47612297534942627,0.0
ohnepixel,32399,why they dont just rush b only awp there,neutral,0.7064462900161743,0.0
ohnepixel,32399,gg,neutral,0.48036664724349976,0.0
ohnepixel,32399,gg,neutral,0.48036664724349976,0.0
ohnepixel,32399,gg,neutral,0.48036664724349976,0.0
ohnepixel,32399,gg,neutral,0.48036664724349976,0.0
ohnepixel,32399,lol,positive,0.45361214876174927,0.45361214876174927
ohnepixel,32399,gg,neutral,0.48036664724349976,0.0
ohnepixel,32399,gg,neutral,0.48036664724349976,0.0
ohnepixel,32399,gg,neutral,0.48036664724349976,0.0
ohnepixel,32399,gg,neutral,0.48036664724349976,0.0
ohnepixel,32399,sell dragon lore for tribut,neutral,0.7231259942054749,0.0
ohnepixel,32399,ggs,neutral,0.6987693309783936,0.0
ohnepixel,32399,gg,neutral,0.48036664724349976,0.0
ohnepixel,32399,notlikethis,negative,0.7637180685997009,-0.7637180685997009
ohnepixel,32399,gg,neutral,0.48036664724349976,0.0
ohnepixel,32399,gg,neutral,0.48036664724349976,0.0
ohnepixel,32399,lul,neutral,0.5273118019104004,0.0
ohnepixel,32399,gg,neutral,0.48036664724349976,0.0
ohnepixel,32399,gg,neutral,0.48036664724349976,0.0
ohnepixel,32399,gg,neutral,0.48036664724349976,0.0
ohnepixel,32399,sizzi is like donk,neutral,0.6764658689498901,0.0
ohnepixel,32399,gg,neutral,0.48036664724349976,0.0
ohnepixel,32399,gg,neutral,0.48036664724349976,0.0
ohnepixel,32399,gg,neutral,0.48036664724349976,0.0
ohnepixel,32399,cumback incoming,neutral,0.7260174751281738,0.0
ohnepixel,32399,well at least b saved my pickems but sadge,neutral,0.5108023881912231,0.0
ohnepixel,32399,muga,neutral,0.6818356513977051,0.0
ohnepixel,32399,gg,neutral,0.48036664724349976,0.0
ohnepixel,32399,gg,neutral,0.48036664724349976,0.0
ohnepixel,32399,but why peak by,neutral,0.8098724484443665,0.0
ohnepixel,32399,yees,neutral,0.5125367045402527,0.0
ohnepixel,32399,gg,neutral,0.48036664724349976,0.0
ohnepixel,32399,gg,neutral,0.48036664724349976,0.0
ohnepixel,32399,gg,neutral,0.48036664724349976,0.0
ohnepixel,32399,gg,neutral,0.48036664724349976,0.0
ohnepixel,32399,hes a loan btw hes on team spirits academy team,neutral,0.8860851526260376,0.0
ohnepixel,32399,years years old not allowed work after in overtime he need to go,negative,0.8924645185470581,-0.8924645185470581
ohnepixel,32399,gg gg,neutral,0.6368135809898376,0.0
ohnepixel,32399,gg,neutral,0.48036664724349976,0.0
ohnepixel,32399,gg,neutral,0.48036664724349976,0.0
ohnepixel,32399,o,neutral,0.5066007971763611,0.0
ohnepixel,32399,gg,neutral,0.48036664724349976,0.0
ohnepixel,32399,lol bot clan,neutral,0.4865766167640686,0.0
ohnepixel,32399,ggwp,neutral,0.634059488773346,0.0
ohnepixel,32399,gg,neutral,0.48036664724349976,0.0
ohnepixel,32399,gg,neutral,0.48036664724349976,0.0
ohnepixel,32399,gg,neutral,0.48036664724349976,0.0
ohnepixel,32399,they are so ahh,positive,0.7526702880859375,0.7526702880859375
ohnepixel,32399,what is that peek,neutral,0.6885991096496582,0.0
ohnepixel,32399,ez,neutral,0.5345030426979065,0.0
ohnepixel,32399,gg,neutral,0.48036664724349976,0.0
ohnepixel,32399,gg,neutral,0.48036664724349976,0.0
ohnepixel,32399,gg,neutral,0.48036664724349976,0.0
ohnepixel,32399,gg,neutral,0.48036664724349976,0.0
ohnepixel,32399,gg,neutral,0.48036664724349976,0.0
ohnepixel,32399,gg,neutral,0.48036664724349976,0.0
ohnepixel,32399,gg,neutral,0.48036664724349976,0.0
ohnepixel,32399,gg,neutral,0.48036664724349976,0.0
ohnepixel,32399,gg,neutral,0.48036664724349976,0.0
ohnepixel,32399,gg,neutral,0.48036664724349976,0.0
ohnepixel,32399,no,neutral,0.4534933269023895,0.0
ohnepixel,32399,gg,neutral,0.48036664724349976,0.0
ohnepixel,32399,gg,neutral,0.48036664724349976,0.0
ohnepixel,32399,gg,neutral,0.48036664724349976,0.0
ohnepixel,32399,gg,neutral,0.48036664724349976,0.0
ohnepixel,32399,o,neutral,0.5066007971763611,0.0
ohnepixel,32399,gg,neutral,0.48036664724349976,0.0
ohnepixel,32399,gg,neutral,0.48036664724349976,0.0
ohnepixel,32399,ez,neutral,0.5345030426979065,0.0
ohnepixel,32399,lol,positive,0.45361214876174927,0.45361214876174927
ohnepixel,32399,gg,neutral,0.48036664724349976,0.0
ohnepixel,32399,gg,neutral,0.48036664724349976,0.0
ohnepixel,32399,ez,neutral,0.5345030426979065,0.0
ohnepixel,32399,muga,neutral,0.6818356513977051,0.0
ohnepixel,32399,gg,neutral,0.48036664724349976,0.0
ohnepixel,32399,gg,neutral,0.48036664724349976,0.0
ohnepixel,32399,gg,neutral,0.48036664724349976,0.0
ohnepixel,32399,gg,neutral,0.48036664724349976,0.0
ohnepixel,32399,gg,neutral,0.48036664724349976,0.0
ohnepixel,32399,gg brother,neutral,0.5935447812080383,0.0
ohnepixel,32399,gg,neutral,0.48036664724349976,0.0
ohnepixel,32399,gg,neutral,0.48036664724349976,0.0
ohnepixel,32399,gg,neutral,0.48036664724349976,0.0
ohnepixel,32399,gg,neutral,0.48036664724349976,0.0
ohnepixel,32399,gg,neutral,0.48036664724349976,0.0
ohnepixel,32399,gg,neutral,0.48036664724349976,0.0
ohnepixel,32399,gg,neutral,0.48036664724349976,0.0
psp1g,32399,pspcokeshaky can you say pspcokeshaky,neutral,0.8404738306999207,0.0
psp1g,32399,so you owe us million now,negative,0.7084259390830994,-0.7084259390830994
psp1g,32399,ass tralis,neutral,0.6016550660133362,0.0
psp1g,32399,catpls,neutral,0.8074094653129578,0.0
psp1g,32399,juh,neutral,0.6021155118942261,0.0
psp1g,32399,juh,neutral,0.6021155118942261,0.0
psp1g,32399,jah,neutral,0.55937260389328,0.0
psp1g,32399,you could buy astralis with that money,neutral,0.7748586535453796,0.0
psp1g,32399,ass,neutral,0.4753100275993347,0.0
psp1g,32399,juh,neutral,0.6021155118942261,0.0
psp1g,32399,ass,neutral,0.4753100275993347,0.0
psp1g,32399,k each yew,neutral,0.8393290638923645,0.0
psp1g,32399,ass,neutral,0.4753100275993347,0.0
psp1g,32399,juh,neutral,0.6021155118942261,0.0
psp1g,32399,jah,neutral,0.55937260389328,0.0
psp1g,32399,loolo,neutral,0.5636400580406189,0.0
psp1g,32399,ass edm,neutral,0.5497238636016846,0.0
psp1g,32399,ohnepls ohnepls ohnepls,neutral,0.5372655391693115,0.0
psp1g,32399,jah,neutral,0.55937260389328,0.0
psp1g,32399,ass,neutral,0.4753100275993347,0.0
psp1g,32399,ass,neutral,0.4753100275993347,0.0
psp1g,32399,ass,neutral,0.4753100275993347,0.0
psp1g,32399,why laughing,neutral,0.6073233485221863,0.0
psp1g,32399,ass tralis,neutral,0.6016550660133362,0.0
psp1g,32399,catpls,neutral,0.8074094653129578,0.0
psp1g,32399,ass,neutral,0.4753100275993347,0.0
psp1g,32399,ass,neutral,0.4753100275993347,0.0
psp1g,32399,ass,neutral,0.4753100275993347,0.0
psp1g,32399,comebek inc,neutral,0.771796703338623,0.0
psp1g,32399,hyperdansi,neutral,0.7783846259117126,0.0
psp1g,32399,ass,neutral,0.4753100275993347,0.0
psp1g,32399,b is choking rn alert alert alert alert,negative,0.5132177472114563,-0.5132177472114563
psp1g,32399,jah,neutral,0.55937260389328,0.0
psp1g,32399,truck wideravetime edm truck wideravetime edm truck wideravetime edm truck wideravetime edm truck wideravetime edm truck wideravetime edm truck wideravetime edm,neutral,0.7699748873710632,0.0
psp1g,32399,ass,neutral,0.4753100275993347,0.0
psp1g,32399,ass,neutral,0.4753100275993347,0.0
psp1g,32399,not yet,neutral,0.7154385447502136,0.0
psp1g,32399,ass shake it,neutral,0.6067945957183838,0.0
psp1g,32399,ass edm,neutral,0.5497238636016846,0.0
psp1g,32399,ass,neutral,0.4753100275993347,0.0
psp1g,32399,ass,neutral,0.4753100275993347,0.0
psp1g,32399,ass tralis ww,neutral,0.5058210492134094,0.0
psp1g,32399,ass,neutral,0.4753100275993347,0.0
psp1g,32399,fifa ahh song,neutral,0.6267632842063904,0.0
psp1g,32399,truck wideravetime edm truck wideravetime edm truck wideravetime edm truck wideravetime edm truck wideravetime edm truck wideravetime edm truck wideravetime edm,neutral,0.7699748873710632,0.0
psp1g,32399,w ass,neutral,0.49712932109832764,0.0
psp1g,32399,truck wideravetime edm truck wideravetime edm truck wideravetime edm truck wideravetime edm truck wideravetime edm truck wideravetime edm truck wideravetime edm,neutral,0.7699748873710632,0.0
psp1g,32399,ass,neutral,0.4753100275993347,0.0
psp1g,32399,ass,neutral,0.4753100275993347,0.0
psp1g,32399,dans,neutral,0.7540079355239868,0.0
psp1g,32399,i know that splice sample rightthere,neutral,0.7750844955444336,0.0
psp1g,32399,dans,neutral,0.7540079355239868,0.0
psp1g,32399,truck wideravetime,neutral,0.6568732857704163,0.0
psp1g,32399,ass,neutral,0.4753100275993347,0.0
psp1g,32399,ass,neutral,0.4753100275993347,0.0
psp1g,32399,ass,neutral,0.4753100275993347,0.0
psp1g,32399,they choking,negative,0.5577845573425293,-0.5577845573425293
psp1g,32399,dans,neutral,0.7540079355239868,0.0
psp1g,32399,ass,neutral,0.4753100275993347,0.0
psp1g,32399,ass,neutral,0.4753100275993347,0.0
psp1g,32399,ass,neutral,0.4753100275993347,0.0
psp1g,32399,ass,neutral,0.4753100275993347,0.0
psp1g,32399,ass,neutral,0.4753100275993347,0.0
psp1g,32399,o,neutral,0.5066007971763611,0.0
psp1g,32399,saj this would be cinema to watch,neutral,0.5005073547363281,0.0
psp1g,32399,o,neutral,0.5066007971763611,0.0
psp1g,32399,what happend to astralis,neutral,0.7596156001091003,0.0
psp1g,32399,surely they will win a round after the pause shirley,neutral,0.5733665227890015,0.0
psp1g,32399,refund tts scam saj,negative,0.7629941701889038,-0.7629941701889038
psp1g,32399,credits due sure,neutral,0.8451629877090454,0.0
psp1g,32399,ass,neutral,0.4753100275993347,0.0
psp1g,32399,ass,neutral,0.4753100275993347,0.0
psp1g,32399,tentutu lo,neutral,0.7997163534164429,0.0
psp1g,32399,ass,neutral,0.4753100275993347,0.0
psp1g,32399,b,positive,0.4650989770889282,0.4650989770889282
psp1g,32399,b ate,neutral,0.5702844262123108,0.0
psp1g,32399,ten tu tu aga,neutral,0.8654150366783142,0.0
psp1g,32399,ass wideravetime,neutral,0.5063664317131042,0.0
psp1g,32399,quick say mil giveaway if astralis wins it can be another nrg vs big moment,positive,0.548174262046814,0.548174262046814
psp1g,32399,ass,neutral,0.4753100275993347,0.0
psp1g,32399,truck rapthis,neutral,0.8153492212295532,0.0
psp1g,32399,can i get one more time k,neutral,0.8364725708961487,0.0
psp1g,32399,t side happy egloved,positive,0.839005172252655,0.839005172252655
psp1g,32399,ass,neutral,0.4753100275993347,0.0
psp1g,32399,truck wideravetime edm truck wideravetime edm truck wideravetime edm truck wideravetime edm truck wideravetime edm truck wideravetime edm truck wideravetime edm,neutral,0.7699748873710632,0.0
psp1g,32399,buh,neutral,0.5407251119613647,0.0
psp1g,32399,buh,neutral,0.5407251119613647,0.0
psp1g,32399,aware,neutral,0.692669689655304,0.0
psp1g,32399,yeah rip pickems,negative,0.6712493896484375,-0.6712493896484375
psp1g,32399,if b its gg for pickems,neutral,0.7978770732879639,0.0
psp1g,32399,pspgagaga,neutral,0.5672580599784851,0.0
psp1g,32399,forson,neutral,0.7583421468734741,0.0
psp1g,32399,truck,neutral,0.7122141718864441,0.0
psp1g,32399,yea it be like that,neutral,0.5360777974128723,0.0
psp1g,32399,gg,neutral,0.48036664724349976,0.0
psp1g,32399,forson wood coin,neutral,0.8173516988754272,0.0
psp1g,32399,imglitch a new supply of ass is here,negative,0.7884151339530945,-0.7884151339530945
psp1g,32399,gg,neutral,0.48036664724349976,0.0
psp1g,32399,ass,neutral,0.4753100275993347,0.0
smooyacs,32399,wasting k every round,neutral,0.5158871412277222,0.0
smooyacs,32399,was it worth it,neutral,0.6582990884780884,0.0
smooyacs,32399,what you order,neutral,0.8635712265968323,0.0
smooyacs,32399,mod him,neutral,0.7060100436210632,0.0
smooyacs,32399,now lets see donk on smooya settings,neutral,0.9089113473892212,0.0
smooyacs,32399,i got the garlic parm sub thing they do now,neutral,0.9084810614585876,0.0
smooyacs,32399,what someones actually banned him,negative,0.5651017427444458,-0.5651017427444458
smooyacs,32399,impact player poggers,positive,0.6819650530815125,0.6819650530815125
smooyacs,32399,sounds bussin,positive,0.5627257823944092,0.5627257823944092
smooyacs,32399,happy,positive,0.824882984161377,0.824882984161377
smooyacs,32399,out of,neutral,0.650597870349884,0.0
smooyacs,32399,maybe,neutral,0.552802324295044,0.0
smooyacs,32399,k every round cheaper to not buy awp,neutral,0.6007436513900757,0.0
smooyacs,32399,here we go happy,positive,0.9706699252128601,0.9706699252128601
smooyacs,32399,o,neutral,0.5066007971763611,0.0
smooyacs,32399,okok,neutral,0.5675528645515442,0.0
smooyacs,32399,didnt even shoot at him bro,negative,0.6752695441246033,-0.6752695441246033
smooyacs,32399,thats a kill on csgo,neutral,0.5367281436920166,0.0
smooyacs,32399,why not definitely,neutral,0.520413875579834,0.0
smooyacs,32399,did u miss or what,neutral,0.6900699138641357,0.0
smooyacs,32399,no,neutral,0.4534933269023895,0.0
smooyacs,32399,back to trolling happy,positive,0.6375004053115845,0.6375004053115845
smooyacs,32399,unc reaction time,neutral,0.8383603692054749,0.0
smooyacs,32399,kfc always hit or miss,negative,0.7850596308708191,-0.7850596308708191
smooyacs,32399,u overflicked and hit the wall,negative,0.6612991094589233,-0.6612991094589233
smooyacs,32399,dont worry next game is life game,positive,0.6906893253326416,0.6906893253326416
smooyacs,32399,dpi sens zoom sens,neutral,0.8288812637329102,0.0
smooyacs,32399,lol,positive,0.45361214876174927,0.45361214876174927
smooyacs,32399,happy,positive,0.824882984161377,0.824882984161377
smooyacs,32399,you got this king,positive,0.887025773525238,0.887025773525238
smooyacs,32399,smooya du bist gut genug,neutral,0.8280953168869019,0.0
smooyacs,32399,dw i play like you sometimes,neutral,0.7553524374961853,0.0
smooyacs,32399,yeah man you shoulda killed,negative,0.9180739521980286,-0.9180739521980286
smooyacs,32399,nice try you where very close to getting that kill,positive,0.9301170110702515,0.9301170110702515
smooyacs,32399,lock in you can do it,positive,0.790777862071991,0.790777862071991
smooyacs,32399,x stretched,neutral,0.5519995093345642,0.0
smooyacs,32399,you got this smoodizler,positive,0.8973827362060547,0.8973827362060547
smooyacs,32399,smooya youre such a chad counter strike player youre next donk youre the future lock in and go destroy,positive,0.9058858156204224,0.9058858156204224
smooyacs,32399,alles klar,neutral,0.7353869080543518,0.0
smooyacs,32399,maybe slend just had the right side peak advantage,neutral,0.7948304414749146,0.0
smooyacs,32399,dont go heaven,neutral,0.5979163646697998,0.0
smooyacs,32399,its gonna get better probably,positive,0.779090404510498,0.779090404510498
smooyacs,32399,owen go own em,neutral,0.7229965329170227,0.0
smooyacs,32399,doesnt matter if you smoked,neutral,0.5644801259040833,0.0
smooyacs,32399,start buying only r and molotov every single round,neutral,0.6301045417785645,0.0
smooyacs,32399,changing dishwasher settings,neutral,0.8699105381965637,0.0
smooyacs,32399,you playing like ohne keep it up love,positive,0.9009395241737366,0.9009395241737366
smooyacs,32399,ahh now its the monitor,neutral,0.7260749340057373,0.0
smooyacs,32399,your teamates gonna love it,positive,0.9659625291824341,0.9659625291824341
smooyacs,32399,ns nice shot your reaction time is insane,positive,0.8760991096496582,0.8760991096496582
smooyacs,32399,monka,neutral,0.6494725346565247,0.0
smooyacs,32399,click this link to subscribe,neutral,0.8246725797653198,0.0
smooyacs,32399,ez,neutral,0.5345030426979065,0.0
smooyacs,32399,we back,neutral,0.5255058407783508,0.0
smooyacs,32399,hai hai,neutral,0.6965184211730957,0.0
smooyacs,32399,calling the win here and now,neutral,0.6635646820068359,0.0
smooyacs,32399,all my money,neutral,0.5767221450805664,0.0
smooyacs,32399,hes him,neutral,0.7340596318244934,0.0
smooyacs,32399,can you give monitor settings smoo so i know what not to use,neutral,0.7925450205802917,0.0
smooyacs,32399,my whole family,neutral,0.573842465877533,0.0
smooyacs,32399,nice smooya,positive,0.8951177597045898,0.8951177597045898
smooyacs,32399,him,neutral,0.6798280477523804,0.0
smooyacs,32399,come on p,neutral,0.613326907157898,0.0
smooyacs,32399,dav,neutral,0.7235092520713806,0.0
smooyacs,32399,o,neutral,0.5066007971763611,0.0
smooyacs,32399,ns,neutral,0.5304294228553772,0.0
smooyacs,32399,those tiktoks are gonna b fine,positive,0.7450938820838928,0.7450938820838928
smooyacs,32399,nice ecos son,positive,0.8565143942832947,0.8565143942832947
smooyacs,32399,zamn holy,negative,0.39270317554473877,-0.39270317554473877
smooyacs,32399,everything on the win,positive,0.765043318271637,0.765043318271637
smooyacs,32399,chllouter,neutral,0.6418923139572144,0.0
smooyacs,32399,no,neutral,0.4534933269023895,0.0
smooyacs,32399,no,neutral,0.4534933269023895,0.0
smooyacs,32399,uuh,neutral,0.5866190791130066,0.0
smooyacs,32399,unlucky,negative,0.7278428673744202,-0.7278428673744202
smooyacs,32399,gg its over,neutral,0.4624878466129303,0.0
smooyacs,32399,we have the same sense lol thats the sign for me to change it,positive,0.5503312945365906,0.5503312945365906
smooyacs,32399,soulflys got ur number,neutral,0.8620377779006958,0.0
smooyacs,32399,timeout anyone who even tries to type bullshit,negative,0.7746598124504089,-0.7746598124504089
smooyacs,32399,nt,neutral,0.5967258810997009,0.0
smooyacs,32399,k,neutral,0.519564151763916,0.0
smooyacs,32399,never gonna come back from thus,negative,0.8144115209579468,-0.8144115209579468
smooyacs,32399,soulfly goat,neutral,0.6242524981498718,0.0
smooyacs,32399,soulfly life gaming,neutral,0.7931736707687378,0.0
smooyacs,32399,back to being a fat chud,negative,0.6191287040710449,-0.6191287040710449
smooyacs,32399,damn,negative,0.5414101481437683,-0.5414101481437683
smooyacs,32399,any gifters pausechamp,neutral,0.8459192514419556,0.0
smooyacs,32399,no,neutral,0.4534933269023895,0.0
smooyacs,32399,kek,neutral,0.6680134534835815,0.0
smooyacs,32399,lol,positive,0.45361214876174927,0.45361214876174927
smooyacs,32399,why on my pc your res is very blurry,negative,0.7631832957267761,-0.7631832957267761
smooyacs,32399,any gifters in chat dimaxbusiness,neutral,0.8258488774299622,0.0
smooyacs,32399,whats ur best map,neutral,0.5704208612442017,0.0
smooyacs,32399,u are a good guy keep it up,positive,0.9439663290977478,0.9439663290977478
smooyacs,32399,let me know when u find them,neutral,0.8133575916290283,0.0
xqc,32399,soyscream pisstime,neutral,0.704626739025116,0.0
xqc,32399,il y aura un salon militaire o jy serai wizwot,neutral,0.8597767353057861,0.0
xqc,32399,ouu shii,neutral,0.7455843687057495,0.0
xqc,32399,je peux te vendre des missiles,neutral,0.7346107363700867,0.0
xqc,32399,xqc,neutral,0.6766946315765381,0.0
xqc,32399,shultzu xqc was last seen hours and minutes ago and last active hours and seconds ago,neutral,0.9140887260437012,0.0
xqc,32399,ongod me and my friends win against them,neutral,0.5350058674812317,0.0
xqc,32399,ass trolls,negative,0.8067727088928223,-0.8067727088928223
xqc,32399,hull killthatboy ouushi,neutral,0.5841698050498962,0.0
xqc,32399,ass trollers,negative,0.839413046836853,-0.839413046836853
xqc,32399,soyscream pisstime,neutral,0.704626739025116,0.0
xqc,32399,sexo,neutral,0.6630938053131104,0.0
xqc,32399,killthatboy,negative,0.8199249505996704,-0.8199249505996704
xqc,32399,action rolls,neutral,0.8657609224319458,0.0
xqc,32399,rem soyscream pisstime,neutral,0.8043262362480164,0.0
xqc,32399,rem soyscream pisstime,neutral,0.8043262362480164,0.0
xqc,32399,soyscream,neutral,0.6385160088539124,0.0
xqc,32399,soyscream wtf,negative,0.7436662316322327,-0.7436662316322327
xqc,32399,hello,neutral,0.509061336517334,0.0
xqc,32399,gays getout,neutral,0.7853623032569885,0.0
xqc,32399,anyone nut,neutral,0.7691061496734619,0.0
xqc,32399,biroman,neutral,0.721135675907135,0.0
xqc,32399,bruh,neutral,0.5614473223686218,0.0
xqc,32399,wot,neutral,0.5473558902740479,0.0
xqc,32399,soyscream,neutral,0.6385160088539124,0.0
xqc,32399,vulpkiss,neutral,0.57127845287323,0.0
xqc,32399,vulpkiss xmoonlett,neutral,0.638710618019104,0.0
xqc,32399,vulpkiss xmoonlett,neutral,0.638710618019104,0.0
xqc,32399,wizwu,neutral,0.6384974718093872,0.0
xqc,32399,xqcmom remouiade hull xmoonlett ratot,neutral,0.8634522557258606,0.0
xqc,32399,wiz soyscream pisstime,neutral,0.6949247121810913,0.0
xqc,32399,xqcmom remouiade hull xmoonlett ratot aoxner,neutral,0.848237156867981,0.0
xqc,32399,mods ban wiz,neutral,0.5142995119094849,0.0
xqc,32399,wizwot agahi,neutral,0.7900312542915344,0.0
xqc,32399,wiz asstralis,neutral,0.8046627044677734,0.0
xqc,32399,on your cheeseburger last night yes,neutral,0.5821568369865417,0.0
xqc,32399,wagag,neutral,0.6532087326049805,0.0
xqc,32399,asstrollers,neutral,0.8382638096809387,0.0
xqc,32399,xqcmom wajaja,neutral,0.7425121068954468,0.0
xqc,32399,xqcmom remouiade hull xmoonlett ratot aoxner shultzu aras,neutral,0.8628697991371155,0.0
xqc,32399,vulpdank,neutral,0.6113142371177673,0.0
xqc,32399,wtf is a waga,negative,0.7369778752326965,-0.7369778752326965
xqc,32399,reallymad,negative,0.6788498163223267,-0.6788498163223267
xqc,32399,xqcmom remouiade hull xmoonlett ratot aoxner shultzu aras,neutral,0.8628697991371155,0.0
xqc,32399,xqcmom sukivtwakeup,neutral,0.7979212403297424,0.0
xqc,32399,action nsfw akeidz_s cock is inches long handsup,neutral,0.8024986386299133,0.0
xqc,32399,xqcmom sukivtwakeup,neutral,0.7979212403297424,0.0
xqc,32399,chat what the fuck is a waga,negative,0.8845470547676086,-0.8845470547676086
xqc,32399,reallymad,negative,0.6788498163223267,-0.6788498163223267
xqc,32399,soyscream,neutral,0.6385160088539124,0.0
xqc,32399,aga on my waga til i wagag,neutral,0.7330808639526367,0.0
xqc,32399,action has passed away,neutral,0.640987753868103,0.0
xqc,32399,why are you so fat wizwot,negative,0.7618818283081055,-0.7618818283081055
xqc,32399,aras,neutral,0.6753198504447937,0.0
xqc,32399,chat what the fuck is a waga,negative,0.8845470547676086,-0.8845470547676086
xqc,32399,widespeeddesert,neutral,0.7829413414001465,0.0
xqc,32399,aras,neutral,0.6753198504447937,0.0
xqc,32399,aras,neutral,0.6753198504447937,0.0
xqc,32399,sara,neutral,0.6412842869758606,0.0
xqc,32399,no,neutral,0.4534933269023895,0.0
xqc,32399,aras,neutral,0.6753198504447937,0.0
xqc,32399,wiz watch my huge cock,positive,0.5067247152328491,0.5067247152328491
xqc,32399,xqcmom remouiade hull xmoonlett ratot aoxner shultzu aras shitty akeidz_ xqcmom remouiade hull xmoonlett ratot aoxner shultzu aras shitty akeidz_ xqcmom remouiade hull xmoonlett ratot aoxner shultzu aras shitty akeidz_ xqcmom remouiade hull xmoonlett ratot aoxner shultzu aras shitty akeidz_,negative,0.582030177116394,-0.582030177116394
xqc,32399,aras,neutral,0.6753198504447937,0.0
xqc,32399,action nsfw hulls cock is inches long handsup,neutral,0.7696236968040466,0.0
xqc,32399,xqcmom remouiade hull xmoonlett ratot aoxner shultzu aras shitty akeidz_ xqcmom remouiade hull xmoonlett ratot aoxner shultzu aras shitty akeidz_ xqcmom remouiade hull xmoonlett ratot aoxner shultzu aras shitty akeidz_ xqcmom remouiade hull xmoonlett ratot aoxner shultzu aras shitty akeidz_,negative,0.582030177116394,-0.582030177116394
xqc,32399,aras,neutral,0.6753198504447937,0.0
xqc,32399,grok is this real,neutral,0.5004779696464539,0.0
xqc,32399,why are you so fat wizwot,negative,0.7618818283081055,-0.7618818283081055
xqc,32399,soyscream pisstime,neutral,0.704626739025116,0.0
xqc,32399,lmfaoo,neutral,0.47625744342803955,0.0
xqc,32399,soyscream pisstime soyscream pisstime soyscream pisstime soyscream pisstime soyscream pisstime soyscream pisstime,neutral,0.6693615317344666,0.0
xqc,32399,soyscream,neutral,0.6385160088539124,0.0
xqc,32399,lmfaoo,neutral,0.47625744342803955,0.0
xqc,32399,xqcmom sukivtwakeup,neutral,0.7979212403297424,0.0
xqc,32399,aras,neutral,0.6753198504447937,0.0
xqc,32399,lmfaoo,neutral,0.47625744342803955,0.0
xqc,32399,aras,neutral,0.6753198504447937,0.0
xqc,32399,xqcmom sukivtwakeup,neutral,0.7979212403297424,0.0
xqc,32399,lmfaoo,neutral,0.47625744342803955,0.0
xqc,32399,xmoonlett wagag awmphm,neutral,0.7151692509651184,0.0
xqc,32399,xqcmom sukivtwakeup,neutral,0.7979212403297424,0.0
xqc,32399,soyscream not biroman,neutral,0.710063099861145,0.0
xqc,32399,aras,neutral,0.6753198504447937,0.0
xqc,32399,xwaga awo,neutral,0.7127648591995239,0.0
xqc,32399,aras,neutral,0.6753198504447937,0.0
xqc,32399,xqcmom remouiade hull xmoonlett ratot aoxner shultzu aras shitty akeidz_ marwn xqcmom remouiade hull xmoonlett ratot aoxner shultzu aras shitty akeidz_ marwn xqcmom remouiade hull xmoonlett ratot aoxner shultzu aras shitty akeidz_ marwn xqcmom remouiade hull xmoonlett ratot aoxner shultzu aras shitty akeidz_ marwn,negative,0.5177507400512695,-0.5177507400512695
xqc,32399,band,neutral,0.6565691828727722,0.0
xqc,32399,aras,neutral,0.6753198504447937,0.0
xqc,32399,soyscream pisstime soyscream pisstime soyscream pisstime soyscream pisstime soyscream pisstime,neutral,0.6788918972015381,0.0
xqc,32399,aras,neutral,0.6753198504447937,0.0
xqc,32399,soyscream pisstime soyscream pisstime soyscream pisstime soyscream pisstime soyscream pisstime soyscream pisstime,neutral,0.6693615317344666,0.0
xqc,32399,aras,neutral,0.6753198504447937,0.0
xqc,32399,o magusthemannis,neutral,0.769625723361969,0.0
xqc,32399,awo,neutral,0.5239043831825256,0.0
angryginge13,509658,ive got paraguay ghana spain and czechia in my sweepstake,neutral,0.7411976456642151,0.0
angryginge13,509658,teams each,neutral,0.8651813268661499,0.0
angryginge13,509658,martial godo from ivory coast what a player,positive,0.9032253623008728,0.9032253623008728
angryginge13,509658,do each means teams picked,neutral,0.9021903276443481,0.0
angryginge13,509658,w,neutral,0.47617238759994507,0.0
angryginge13,509658,norway iraq senegak frence in the group,neutral,0.9194071888923645,0.0
angryginge13,509658,you can get teams tbf,neutral,0.8592478036880493,0.0
angryginge13,509658,each,neutral,0.6419347524642944,0.0
angryginge13,509658,canada,neutral,0.752227246761322,0.0
angryginge13,509658,teams each,neutral,0.8651813268661499,0.0
angryginge13,509658,do teams each,neutral,0.8483745455741882,0.0
angryginge13,509658,teams each ginge tgeres teams all together,neutral,0.891798198223114,0.0
angryginge13,509658,each mate,neutral,0.7299184799194336,0.0
angryginge13,509658,chat shut up about teams,negative,0.6439398527145386,-0.6439398527145386
angryginge13,509658,teams each so out of ur brain dead,negative,0.7058819532394409,-0.7058819532394409
angryginge13,509658,you should do points cause no point having other teams,negative,0.5330498218536377,-0.5330498218536377
angryginge13,509658,does everyone not get teams,neutral,0.7206503748893738,0.0
angryginge13,509658,do,neutral,0.5037155747413635,0.0
angryginge13,509658,norway,neutral,0.8033311367034912,0.0
angryginge13,509658,oo,neutral,0.4783213138580322,0.0
angryginge13,509658,may as well do,neutral,0.6636806130409241,0.0
angryginge13,509658,salah,neutral,0.5217576026916504,0.0
angryginge13,509658,take out jordan and curaco n do each,neutral,0.860164999961853,0.0
angryginge13,509658,teams,neutral,0.7545450925827026,0.0
angryginge13,509658,teams,neutral,0.7545450925827026,0.0
angryginge13,509658,link your twitch and prime account for a free sub to any channel,neutral,0.7867918610572815,0.0
angryginge13,509658,do,neutral,0.5037155747413635,0.0
angryginge13,509658,yeah why not just do teams each,neutral,0.8088815212249756,0.0
angryginge13,509658,pyramids n that,neutral,0.7515500783920288,0.0
angryginge13,509658,each,neutral,0.6419347524642944,0.0
angryginge13,509658,do for teams each to only mean teams arent picked,neutral,0.7185419201850891,0.0
angryginge13,509658,each,neutral,0.6419347524642944,0.0
angryginge13,509658,do,neutral,0.5037155747413635,0.0
angryginge13,509658,egypt aint bad,neutral,0.654835045337677,0.0
angryginge13,509658,its each btw,neutral,0.8492735028266907,0.0
angryginge13,509658,teams,neutral,0.7545450925827026,0.0
angryginge13,509658,gypsy king,neutral,0.5750021934509277,0.0
angryginge13,509658,egypt mentioned,neutral,0.8745705485343933,0.0
angryginge13,509658,do,neutral,0.5037155747413635,0.0
angryginge13,509658,do teams,neutral,0.7588890790939331,0.0
angryginge13,509658,do each use more teams,neutral,0.9193559288978577,0.0
angryginge13,509658,do teams,neutral,0.7588890790939331,0.0
angryginge13,509658,haha,positive,0.5592273473739624,0.5592273473739624
angryginge13,509658,why not teams each,neutral,0.8354519605636597,0.0
angryginge13,509658,lol,positive,0.45361214876174927,0.45361214876174927
angryginge13,509658,lol,positive,0.45361214876174927,0.45361214876174927
angryginge13,509658,its not team chat are you thick,neutral,0.5316981077194214,0.0
angryginge13,509658,they dont have a bad team tbf,neutral,0.6107215285301208,0.0
angryginge13,509658,bo,neutral,0.5360321402549744,0.0
angryginge13,509658,haha,positive,0.5592273473739624,0.5592273473739624
angryginge13,509658,haha,positive,0.5592273473739624,0.5592273473739624
angryginge13,509658,youre brain dead teams out of,negative,0.8503099679946899,-0.8503099679946899
angryginge13,509658,haha,positive,0.5592273473739624,0.5592273473739624
angryginge13,509658,team,neutral,0.5841497182846069,0.0
angryginge13,509658,do teams each,neutral,0.8483745455741882,0.0
angryginge13,509658,need to do,neutral,0.7696391940116882,0.0
angryginge13,509658,teams,neutral,0.7545450925827026,0.0
angryginge13,509658,do,neutral,0.5037155747413635,0.0
angryginge13,509658,bo,neutral,0.5360321402549744,0.0
angryginge13,509658,jakeys is shit,negative,0.8902889490127563,-0.8902889490127563
angryginge13,509658,haha,positive,0.5592273473739624,0.5592273473739624
angryginge13,509658,do,neutral,0.5037155747413635,0.0
angryginge13,509658,teams,neutral,0.7545450925827026,0.0
angryginge13,509658,lol,positive,0.45361214876174927,0.45361214876174927
angryginge13,509658,chill,neutral,0.543481707572937,0.0
angryginge13,509658,do,neutral,0.5037155747413635,0.0
angryginge13,509658,if theres people hows he doing,neutral,0.8753080368041992,0.0
angryginge13,509658,hes said multiple times he isnt doing teams,neutral,0.6162485480308533,0.0
angryginge13,509658,hi guys,positive,0.5017750859260559,0.5017750859260559
angryginge13,509658,haha,positive,0.5592273473739624,0.5592273473739624
angryginge13,509658,jakeys shit,negative,0.7209841012954712,-0.7209841012954712
angryginge13,509658,youre just brain dead mate,negative,0.8352752923965454,-0.8352752923965454
angryginge13,509658,horror group,neutral,0.7396385073661804,0.0
angryginge13,509658,haha,positive,0.5592273473739624,0.5592273473739624
angryginge13,509658,say england make it further but netherlands and brazil make it far of them how that far,neutral,0.8215544819831848,0.0
angryginge13,509658,do,neutral,0.5037155747413635,0.0
angryginge13,509658,lol,positive,0.45361214876174927,0.45361214876174927
angryginge13,509658,l usa,neutral,0.805725634098053,0.0
angryginge13,509658,this chat is so dumb,negative,0.9091640710830688,-0.9091640710830688
angryginge13,509658,do teams leaves out,neutral,0.8271626234054565,0.0
angryginge13,509658,feel free to support me even more by subscribing to the channel to win prizes and be ad free,positive,0.9386762380599976,0.9386762380599976
angryginge13,509658,do,neutral,0.5037155747413635,0.0
angryginge13,509658,chat think theyre the streamer,neutral,0.8379664421081543,0.0
angryginge13,509658,ur so slow,negative,0.7872506380081177,-0.7872506380081177
angryginge13,509658,nibble,neutral,0.7054590582847595,0.0
angryginge13,509658,terrible way of doing the draw should of put the top seeded teams in and done it like that,negative,0.8747667670249939,-0.8747667670249939
angryginge13,509658,dzeko army,neutral,0.6827477812767029,0.0
angryginge13,509658,its starting now their clearing the pitch,neutral,0.8403950929641724,0.0
angryginge13,509658,teams,neutral,0.7545450925827026,0.0
angryginge13,509658,do,neutral,0.5037155747413635,0.0
angryginge13,509658,haha,positive,0.5592273473739624,0.5592273473739624
angryginge13,509658,why tf you so cheeky,negative,0.8821191191673279,-0.8821191191673279
angryginge13,509658,this guys dumb as duck,negative,0.8914849758148193,-0.8914849758148193
angryginge13,509658,leaving out half the good teams,negative,0.5285927653312683,-0.5285927653312683
angryginge13,509658,extra to respin on the last teams,neutral,0.8633642792701721,0.0
angryginge13,509658,i swear this chat is just a bunch of bots,negative,0.9376513957977295,-0.9376513957977295
angryginge13,509658,chat acting like its their money,neutral,0.5518138408660889,0.0
angryginge13,509658,mint this out of,neutral,0.6489729285240173,0.0
angryginge13,509658,you just know jakeys refusing to pay,neutral,0.5061408877372742,0.0
arky,509658,w,neutral,0.47617238759994507,0.0
arky,509658,focus,neutral,0.5711607933044434,0.0
arky,509658,lets go mexico,positive,0.6878387928009033,0.6878387928009033
arky,509658,now yugi sing the honduras anthem,neutral,0.7623030543327332,0.0
arky,509658,ww,neutral,0.6053802967071533,0.0
arky,509658,lets go,positive,0.47412145137786865,0.47412145137786865
arky,509658,yo this is way better than basketball,positive,0.9523437023162842,0.9523437023162842
arky,509658,w,neutral,0.47617238759994507,0.0
arky,509658,ww,neutral,0.6053802967071533,0.0
arky,509658,they got him degloved,positive,0.5610947608947754,0.5610947608947754
arky,509658,game time,neutral,0.5695806741714478,0.0
arky,509658,lets fuck in go mexico,negative,0.48604410886764526,-0.48604410886764526
arky,509658,go lakeshow pussy fuck ny,negative,0.8745366334915161,-0.8745366334915161
arky,509658,lets go,positive,0.47412145137786865,0.47412145137786865
arky,509658,tyla m,neutral,0.8168803453445435,0.0
arky,509658,go shirtless,neutral,0.7659899592399597,0.0
arky,509658,o,neutral,0.5066007971763611,0.0
arky,509658,mexico,neutral,0.7222475409507751,0.0
arky,509658,w ark,neutral,0.7921498417854309,0.0
arky,509658,kickoff soon focus,neutral,0.8272411227226257,0.0
arky,509658,m,neutral,0.5227492451667786,0.0
arky,509658,vamos mexico,neutral,0.7993349432945251,0.0
arky,509658,o,neutral,0.5066007971763611,0.0
arky,509658,yo,neutral,0.49529069662094116,0.0
arky,509658,sick,negative,0.44717440009117126,-0.44717440009117126
arky,509658,focus,neutral,0.5711607933044434,0.0
arky,509658,tyl,neutral,0.616449236869812,0.0
arky,509658,tyla fine ass,positive,0.7228408455848694,0.7228408455848694
arky,509658,this is beautiful,positive,0.952286958694458,0.952286958694458
arky,509658,emotional,neutral,0.6117183566093445,0.0
arky,509658,mexico,neutral,0.7222475409507751,0.0
arky,509658,vamos viva mexico,neutral,0.7146584391593933,0.0
arky,509658,chills every time i hear the himno,neutral,0.5857759714126587,0.0
arky,509658,way bigger than the nba finals,positive,0.5018383264541626,0.5018383264541626
arky,509658,focus mexico,neutral,0.8374807238578796,0.0
arky,509658,omg its ishowspeed,neutral,0.7218164801597595,0.0
arky,509658,hahshdj,neutral,0.5826101303100586,0.0
arky,509658,tshabalala,neutral,0.7300484776496887,0.0
arky,509658,viva mexico cabrones,neutral,0.6533119678497314,0.0
arky,509658,ome,neutral,0.6378200650215149,0.0
arky,509658,omecheer,neutral,0.6655247211456299,0.0
arky,509658,jah,neutral,0.55937260389328,0.0
arky,509658,m tyla bad ass,neutral,0.4709499180316925,0.0
arky,509658,lets go cabrones,neutral,0.5252859592437744,0.0
arky,509658,we friends tho,neutral,0.7460557818412781,0.0
arky,509658,ww south africa,neutral,0.7840237021446228,0.0
arky,509658,ome,neutral,0.6378200650215149,0.0
arky,509658,w,neutral,0.47617238759994507,0.0
arky,509658,mexicoo,neutral,0.7946395874023438,0.0
arky,509658,focus,neutral,0.5711607933044434,0.0
arky,509658,tyla so bad,negative,0.7876402139663696,-0.7876402139663696
arky,509658,wait chat where is semi,neutral,0.8161062002182007,0.0
arky,509658,ww,neutral,0.6053802967071533,0.0
arky,509658,big ass stadium,negative,0.5096524357795715,-0.5096524357795715
arky,509658,tyla fine shit,positive,0.5517770648002625,0.5517770648002625
arky,509658,w,neutral,0.47617238759994507,0.0
arky,509658,show,neutral,0.5822426676750183,0.0
arky,509658,focus mexico,neutral,0.8374807238578796,0.0
arky,509658,holy shit why is everyone in pink shoes,negative,0.45851173996925354,-0.45851173996925354
arky,509658,w arky,neutral,0.7698982954025269,0.0
arky,509658,focus,neutral,0.5711607933044434,0.0
arky,509658,can you show us tyla reacting,neutral,0.9305993914604187,0.0
arky,509658,yugixcheer yugixcheer yugixcheer,neutral,0.6598333120346069,0.0
arky,509658,behinds the scene,neutral,0.8791241645812988,0.0
arky,509658,mexico,neutral,0.7222475409507751,0.0
arky,509658,this gunna be good,positive,0.966984748840332,0.966984748840332
arky,509658,tyla batchest batchest batchest batchest batchest,neutral,0.8787658214569092,0.0
arky,509658,focus mexico,neutral,0.8374807238578796,0.0
arky,509658,from south africawe gon win,neutral,0.5886238217353821,0.0
arky,509658,love love love love love love love love seemsgood,positive,0.9724960327148438,0.9724960327148438
arky,509658,bro no sob,neutral,0.6146942377090454,0.0
arky,509658,ejae appearance,neutral,0.8209550380706787,0.0
arky,509658,emotional,neutral,0.6117183566093445,0.0
arky,509658,wheres darrin watkins,neutral,0.8814319372177124,0.0
arky,509658,chills,neutral,0.5779285430908203,0.0
arky,509658,yugixexcited yugixexcited,positive,0.9635190367698669,0.9635190367698669
arky,509658,vamos carajo viva mexico,neutral,0.7580063939094543,0.0
arky,509658,name player of mexico sob,neutral,0.736177384853363,0.0
arky,509658,show it,neutral,0.6526782512664795,0.0
arky,509658,focus,neutral,0.5711607933044434,0.0
arky,509658,son africa ain winning,negative,0.7785391211509705,-0.7785391211509705
arky,509658,nap time bedge,neutral,0.8349602222442627,0.0
arky,509658,lets goo,positive,0.6163816452026367,0.6163816452026367
arky,509658,behind cam,neutral,0.8560377955436707,0.0
arky,509658,get a beer,neutral,0.7319249510765076,0.0
arky,509658,mexico,neutral,0.7222475409507751,0.0
arky,509658,where is speeds song,neutral,0.6879832744598389,0.0
arky,509658,dans,neutral,0.7540079355239868,0.0
arky,509658,show tyla,neutral,0.870642364025116,0.0
arky,509658,gassing tf out of tula,negative,0.7731443047523499,-0.7731443047523499
arky,509658,ome,neutral,0.6378200650215149,0.0
arky,509658,nigga said mexico,neutral,0.6100220680236816,0.0
arky,509658,take off ur shirt and wave it,neutral,0.8582093715667725,0.0
arky,509658,we friends tho,neutral,0.7460557818412781,0.0
arky,509658,viva mexico cabrones,neutral,0.6533119678497314,0.0
arky,509658,its darrin watkins,neutral,0.8725891709327698,0.0
arky,509658,da,neutral,0.501743495464325,0.0
dannyaarons,509658,im dance celebrating give,positive,0.6765699982643127,0.6765699982643127
dannyaarons,509658,danny what are you watching on,neutral,0.9317064881324768,0.0
dannyaarons,509658,poo,neutral,0.6331249475479126,0.0
dannyaarons,509658,danny,neutral,0.766818642616272,0.0
dannyaarons,509658,danny its am for me here in australia,neutral,0.8635122776031494,0.0
dannyaarons,509658,evening danny mate enjoy the game,positive,0.906826913356781,0.906826913356781
dannyaarons,509658,danyyuy,neutral,0.7407639622688293,0.0
dannyaarons,509658,south africa already did dance when they came out,neutral,0.8445484042167664,0.0
dannyaarons,509658,danny are you gonna pitch invade,neutral,0.9024001359939575,0.0
dannyaarons,509658,why is rey mysterio not playing,negative,0.4924620985984802,-0.4924620985984802
dannyaarons,509658,yeah you are,neutral,0.6290900707244873,0.0
dannyaarons,509658,danny what is the covering mouth,neutral,0.6593670845031738,0.0
dannyaarons,509658,l commitment,neutral,0.49109065532684326,0.0
dannyaarons,509658,yes you are,positive,0.557631254196167,0.557631254196167
dannyaarons,509658,so am i only clipping like goals or,neutral,0.8447721600532532,0.0
dannyaarons,509658,facts,neutral,0.5652468204498291,0.0
dannyaarons,509658,lets go mexico love the jersey,positive,0.9810881614685059,0.9810881614685059
dannyaarons,509658,are you counting diagonals,neutral,0.9052590131759644,0.0
dannyaarons,509658,watching in australia danny its am here,neutral,0.8695314526557922,0.0
dannyaarons,509658,danny who do you think will be biggest dark horse,neutral,0.8503705859184265,0.0
dannyaarons,509658,rey mysterio is in the crowd,neutral,0.8777496814727783,0.0
dannyaarons,509658,like the actual goal,neutral,0.718787670135498,0.0
dannyaarons,509658,am for me here,neutral,0.7848753333091736,0.0
dannyaarons,509658,beano got france,neutral,0.7980895042419434,0.0
dannyaarons,509658,beano for france,neutral,0.6944766640663147,0.0
dannyaarons,509658,someone just got france,neutral,0.8465290665626526,0.0
dannyaarons,509658,yes,positive,0.4800679683685303,0.4800679683685303
dannyaarons,509658,no,neutral,0.4534933269023895,0.0
dannyaarons,509658,yes ifc,neutral,0.5627626180648804,0.0
dannyaarons,509658,heinz got france,neutral,0.835053563117981,0.0
dannyaarons,509658,no,neutral,0.4534933269023895,0.0
dannyaarons,509658,beano france,neutral,0.770125150680542,0.0
dannyaarons,509658,yes,positive,0.4800679683685303,0.4800679683685303
dannyaarons,509658,yes,positive,0.4800679683685303,0.4800679683685303
dannyaarons,509658,yes,positive,0.4800679683685303,0.4800679683685303
dannyaarons,509658,yh,neutral,0.5930179357528687,0.0
dannyaarons,509658,nope,neutral,0.5426129698753357,0.0
dannyaarons,509658,yes,positive,0.4800679683685303,0.4800679683685303
dannyaarons,509658,always,positive,0.5943445563316345,0.5943445563316345
dannyaarons,509658,danny if south africa lose ill get girlfriends,negative,0.7074498534202576,-0.7074498534202576
dannyaarons,509658,idk im not,neutral,0.6670329570770264,0.0
dannyaarons,509658,danny mate covering mouth is that the thing where u get a red,neutral,0.7050235867500305,0.0
dannyaarons,509658,who doesnt,neutral,0.6808738708496094,0.0
dannyaarons,509658,beano farnce,neutral,0.6699248552322388,0.0
dannyaarons,509658,u do,neutral,0.5866312384605408,0.0
dannyaarons,509658,we know,neutral,0.6952106952667236,0.0
dannyaarons,509658,beacon frace,neutral,0.8369665741920471,0.0
dannyaarons,509658,are you doing a watch along on swedens first game,neutral,0.9382466673851013,0.0
dannyaarons,509658,you dont count diagonals,neutral,0.6115102767944336,0.0
dannyaarons,509658,south africa,neutral,0.7629973292350769,0.0
dannyaarons,509658,beacons craa rw s,neutral,0.8717522025108337,0.0
dannyaarons,509658,beano france,neutral,0.770125150680542,0.0
dannyaarons,509658,dd,neutral,0.48984086513519287,0.0
dannyaarons,509658,e,neutral,0.5056251883506775,0.0
dannyaarons,509658,ss,neutral,0.5187489986419678,0.0
dannyaarons,509658,vertical,neutral,0.7172026634216309,0.0
dannyaarons,509658,beano got francias,neutral,0.761950671672821,0.0
dannyaarons,509658,its teams,neutral,0.8239634037017822,0.0
dannyaarons,509658,danny do you think new zealand make it out of their group,neutral,0.919876217842102,0.0
dannyaarons,509658,is elon musk playing,neutral,0.8407256007194519,0.0
dannyaarons,509658,one more team each,neutral,0.9113890528678894,0.0
dannyaarons,509658,love the mexico jersey,positive,0.9460362792015076,0.9460362792015076
dannyaarons,509658,is it a red for the covering mouth,neutral,0.8011715412139893,0.0
dannyaarons,509658,tbf it should be easy i can probs nab it from twitter,neutral,0.6270133256912231,0.0
dannyaarons,509658,bo mexico,neutral,0.8072341084480286,0.0
dannyaarons,509658,teams now,neutral,0.8645539879798889,0.0
dannyaarons,509658,timestamp,neutral,0.8137050271034241,0.0
dannyaarons,509658,you can tell by dannys facial expressions he deserves to watch a singular second of the world cup,neutral,0.49069926142692566,0.0
dannyaarons,509658,you get a th tema,neutral,0.844261884689331,0.0
dannyaarons,509658,you get a th team,neutral,0.8149833083152771,0.0
dannyaarons,509658,ur up,neutral,0.7286264896392822,0.0
dannyaarons,509658,he did on my life,neutral,0.6917296648025513,0.0
dannyaarons,509658,more spin,neutral,0.792705774307251,0.0
dannyaarons,509658,they are doing a nother one,neutral,0.910173237323761,0.0
dannyaarons,509658,rey mysterio is on the bench,neutral,0.6855707168579102,0.0
dannyaarons,509658,show us the game,neutral,0.8016631007194519,0.0
dannyaarons,509658,more team,neutral,0.6236270070075989,0.0
dannyaarons,509658,you get one more team,neutral,0.8609439134597778,0.0
dannyaarons,509658,for you,neutral,0.5927013754844666,0.0
dannyaarons,509658,what are you watching on,neutral,0.9183990359306335,0.0
dannyaarons,509658,ur turn,neutral,0.7417376041412354,0.0
dannyaarons,509658,u pick danny,neutral,0.8239825367927551,0.0
dannyaarons,509658,its your turn,neutral,0.6971359252929688,0.0
dannyaarons,509658,lets go south africa,neutral,0.7966647148132324,0.0
dannyaarons,509658,red for covering mouth,negative,0.5318136811256409,-0.5318136811256409
dannyaarons,509658,they are doing for so you got one more now,neutral,0.8628978729248047,0.0
dannyaarons,509658,boo mexio,neutral,0.7744459509849548,0.0
dannyaarons,509658,danny can we watch you play soggy biscuit,neutral,0.8518361449241638,0.0
dannyaarons,509658,ur spin,neutral,0.7479697465896606,0.0
dannyaarons,509658,switzerland,neutral,0.7790480852127075,0.0
dannyaarons,509658,you got switzerland,neutral,0.8119781017303467,0.0
dannyaarons,509658,swis,neutral,0.7181724905967712,0.0
dannyaarons,509658,swizerland,neutral,0.7675237655639648,0.0
dannyaarons,509658,swiss,neutral,0.685322105884552,0.0
dannyaarons,509658,switzerland,neutral,0.7790480852127075,0.0
dannyaarons,509658,switzerland,neutral,0.7790480852127075,0.0
dannyaarons,509658,u got,neutral,0.6246323585510254,0.0
dannyaarons,509658,switzerland,neutral,0.7790480852127075,0.0
dannyaarons,509658,your spin,neutral,0.7153925895690918,0.0
hasanabi,509658,yup,neutral,0.48108169436454773,0.0
hasanabi,509658,hasraid,neutral,0.6818708777427673,0.0
hasanabi,509658,world cup nba any time and always,positive,0.5756993293762207,0.5756993293762207
hasanabi,509658,worst play of the game,negative,0.8904337286949158,-0.8904337286949158
hasanabi,509658,they were hoping to get the block,neutral,0.753803551197052,0.0
hasanabi,509658,who won,neutral,0.6925275921821594,0.0
hasanabi,509658,generational hatewatch lmao,negative,0.87342768907547,-0.87342768907547
hasanabi,509658,he was prob told to double team brunson,neutral,0.8405681848526001,0.0
hasanabi,509658,cooked,neutral,0.5377634167671204,0.0
hasanabi,509658,knick in baby,neutral,0.7401317358016968,0.0
hasanabi,509658,hasflex,neutral,0.7322091460227966,0.0
hasanabi,509658,his voice is gone but he is watching from home kekl,neutral,0.8031144142150879,0.0
hasanabi,509658,cooked,neutral,0.5377634167671204,0.0
hasanabi,509658,he gave him a clean run to crash,neutral,0.7991697192192078,0.0
hasanabi,509658,god damn unc can we get to politics my dude,negative,0.79881751537323,-0.79881751537323
hasanabi,509658,chad og w,neutral,0.8620040416717529,0.0
hasanabi,509658,salute,positive,0.5118449926376343,0.5118449926376343
hasanabi,509658,dribble the clock he sold,neutral,0.8382285237312317,0.0
hasanabi,509658,og letsgo,neutral,0.6441196203231812,0.0
hasanabi,509658,fox sold but that seemed like a for sure foul on fox by og,negative,0.5967625975608826,-0.5967625975608826
hasanabi,509658,trash,negative,0.6511706113815308,-0.6511706113815308
hasanabi,509658,it did seem like he got bumped on that layup attempt tho maybe i need to watch it closer,neutral,0.8125535845756531,0.0
hasanabi,509658,way og,neutral,0.7774925827980042,0.0
hasanabi,509658,as he should,neutral,0.6772720813751221,0.0
hasanabi,509658,this smells like he threw the game and or was paid off to take the dive of this game,negative,0.8758599162101746,-0.8758599162101746
hasanabi,509658,painful aa fuck,negative,0.9130430817604065,-0.9130430817604065
hasanabi,509658,salute,positive,0.5118449926376343,0.5118449926376343
hasanabi,509658,remember how the warriors blew their lead and lost the championship me neither kekw,negative,0.81661456823349,-0.81661456823349
hasanabi,509658,lol,positive,0.45361214876174927,0.45361214876174927
hasanabi,509658,kinda hilarious this guys upset over the spurs losing but sounds like a long island knicks fan,negative,0.5574911832809448,-0.5574911832809448
hasanabi,509658,kekw,neutral,0.728352963924408,0.0
hasanabi,509658,viva viva claudia,neutral,0.5739993453025818,0.0
hasanabi,509658,men,neutral,0.5647709369659424,0.0
hasanabi,509658,viva mexico,neutral,0.5966224074363708,0.0
hasanabi,509658,fox trade incoming,neutral,0.8077356219291687,0.0
hasanabi,509658,wemby deserved everything he got,positive,0.5097547173500061,0.5097547173500061
hasanabi,509658,yep how did og get there if wemby was there og couldnt get it,negative,0.6265871524810791,-0.6265871524810791
hasanabi,509658,rooshrug rooshrug,neutral,0.7407650351524353,0.0
hasanabi,509658,damn near half court shot,neutral,0.6034859418869019,0.0
hasanabi,509658,dc hospital shut down,negative,0.5605031251907349,-0.5605031251907349
hasanabi,509658,siktir et a mai reis,neutral,0.8713694214820862,0.0
hasanabi,509658,they were doubling brunson down the stretch every time hasanabi,neutral,0.8702434301376343,0.0
hasanabi,509658,uwuree,neutral,0.7076188325881958,0.0
hasanabi,509658,mexico vs south africa lfg,neutral,0.881438136100769,0.0
hasanabi,509658,hassammie,neutral,0.7148133516311646,0.0
hasanabi,509658,fox was to scared to take fts,negative,0.6448636054992676,-0.6448636054992676
hasanabi,509658,knicks in,neutral,0.7400290369987488,0.0
hasanabi,509658,wemby shoulda been guarding the inbound,neutral,0.8169257044792175,0.0
hasanabi,509658,wtf lul,negative,0.6000463962554932,-0.6000463962554932
hasanabi,509658,peepocheer peepocheer,neutral,0.7579560279846191,0.0
hasanabi,509658,ah,positive,0.5001858472824097,0.5001858472824097
hasanabi,509658,bro deaaron fox has been the deciding factor in almost every fucking game,negative,0.7845751047134399,-0.7845751047134399
hasanabi,509658,lmao,neutral,0.5486765503883362,0.0
hasanabi,509658,kekw,neutral,0.728352963924408,0.0
hasanabi,509658,omegalul,neutral,0.625152051448822,0.0
hasanabi,509658,siktir et a mai reis siktir et a mai reis siktir et a mai reis,neutral,0.8422042727470398,0.0
hasanabi,509658,letsgo,neutral,0.5635607242584229,0.0
hasanabi,509658,a,neutral,0.4693250060081482,0.0
hasanabi,509658,lospeepos,neutral,0.7448825836181641,0.0
hasanabi,509658,a,neutral,0.4693250060081482,0.0
hasanabi,509658,omegalul,neutral,0.625152051448822,0.0
hasanabi,509658,a,neutral,0.4693250060081482,0.0
hasanabi,509658,letsgo,neutral,0.5635607242584229,0.0
hasanabi,509658,cyring,neutral,0.6255075335502625,0.0
hasanabi,509658,chad og,neutral,0.7681401968002319,0.0
hasanabi,509658,froganletsgo froganletsgo froganletsgo froganletsgo froganletsgo froganletsgo froganletsgo,neutral,0.6538510918617249,0.0
hasanabi,509658,cinema,neutral,0.7428182363510132,0.0
hasanabi,509658,a,neutral,0.4693250060081482,0.0
hasanabi,509658,letsgo,neutral,0.5635607242584229,0.0
hasanabi,509658,yes,positive,0.4800679683685303,0.4800679683685303
hasanabi,509658,a,neutral,0.4693250060081482,0.0
hasanabi,509658,cinema,neutral,0.7428182363510132,0.0
hasanabi,509658,kekw kekw,neutral,0.7561928033828735,0.0
hasanabi,509658,its a fucking turnover,negative,0.8940773010253906,-0.8940773010253906
hasanabi,509658,lets go og,neutral,0.5651248097419739,0.0
hasanabi,509658,a,neutral,0.4693250060081482,0.0
hasanabi,509658,fox is a criminal,negative,0.8988207578659058,-0.8988207578659058
hasanabi,509658,never ever seen anything like that,neutral,0.4972808063030243,0.0
hasanabi,509658,he has mc sydrome,neutral,0.8017876744270325,0.0
hasanabi,509658,letsgo letsgo,neutral,0.6282889246940613,0.0
hasanabi,509658,bom,neutral,0.4670761823654175,0.0
hasanabi,509658,like why is he helping wemby on brunson,neutral,0.5531267523765564,0.0
hasanabi,509658,haha,positive,0.5592273473739624,0.5592273473739624
hasanabi,509658,elbymeltdown elbymeltdown elbymeltdown elbymeltdown elbymeltdown elbymeltdown elbymeltdown elbymeltdown elbymeltdown elbymeltdown,neutral,0.5708881616592407,0.0
hasanabi,509658,a,neutral,0.4693250060081482,0.0
hasanabi,509658,why would you stop blocking,neutral,0.5633646845817566,0.0
hasanabi,509658,this commentary from silva,neutral,0.8099302649497986,0.0
hasanabi,509658,knicks in letsgo,neutral,0.6927183866500854,0.0
hasanabi,509658,bench his ass,negative,0.6540343165397644,-0.6540343165397644
hasanabi,509658,brother whats wrong with your tie it looks wrinkled as shit god damn unc can we get to politics my dude,negative,0.9416142702102661,-0.9416142702102661
hasanabi,509658,an all time choke job yep,negative,0.6999949812889099,-0.6999949812889099
hasanabi,509658,a,neutral,0.4693250060081482,0.0
hasanabi,509658,mexico lets go,positive,0.5218982100486755,0.5218982100486755
itskatchii,509658,yippie fun,positive,0.9670639038085938,0.9670639038085938
itskatchii,509658,just stay behind her and ur god,neutral,0.657697856426239,0.0
itskatchii,509658,noted,neutral,0.7490512728691101,0.0
itskatchii,509658,hi,neutral,0.4723919630050659,0.0
itskatchii,509658,mhm,neutral,0.6109070777893066,0.0
itskatchii,509658,son,neutral,0.569151759147644,0.0
itskatchii,509658,mhm,neutral,0.6109070777893066,0.0
itskatchii,509658,hi,neutral,0.4723919630050659,0.0
itskatchii,509658,write it down in the notes app,neutral,0.8674378395080566,0.0
itskatchii,509658,hi,neutral,0.4723919630050659,0.0
itskatchii,509658,on my way to yoink,neutral,0.777374804019928,0.0
itskatchii,509658,scawy,negative,0.4578164219856262,-0.4578164219856262
itskatchii,509658,rofl,neutral,0.6133082509040833,0.0
itskatchii,509658,hi,neutral,0.4723919630050659,0.0
itskatchii,509658,write it in the notes app on your phone,neutral,0.8763243556022644,0.0
itskatchii,509658,oof,neutral,0.627682089805603,0.0
itskatchii,509658,me,neutral,0.49827563762664795,0.0
itskatchii,509658,me,neutral,0.49827563762664795,0.0
itskatchii,509658,just msg it to urself on discord,neutral,0.8801904320716858,0.0
itskatchii,509658,me,neutral,0.49827563762664795,0.0
itskatchii,509658,no,neutral,0.4534933269023895,0.0
itskatchii,509658,dude you just told us the box,neutral,0.5349874496459961,0.0
itskatchii,509658,youd be surprised,neutral,0.6267049908638,0.0
itskatchii,509658,you never know,neutral,0.5552536845207214,0.0
itskatchii,509658,lo,neutral,0.5339378714561462,0.0
itskatchii,509658,omw,neutral,0.6007810235023499,0.0
itskatchii,509658,just lock it,neutral,0.5713249444961548,0.0
itskatchii,509658,happy,positive,0.824882984161377,0.824882984161377
itskatchii,509658,haha,positive,0.5592273473739624,0.5592273473739624
itskatchii,509658,now that you showed where it is no one lo,neutral,0.7665960788726807,0.0
itskatchii,509658,going right now,neutral,0.8582544326782227,0.0
itskatchii,509658,just lock it icant,negative,0.6357181668281555,-0.6357181668281555
itskatchii,509658,lo,neutral,0.5339378714561462,0.0
itskatchii,509658,om,neutral,0.5059751272201538,0.0
itskatchii,509658,lock it,neutral,0.6506256461143494,0.0
itskatchii,509658,savage,neutral,0.5029515027999878,0.0
itskatchii,509658,bro why,neutral,0.5878722071647644,0.0
itskatchii,509658,lots of people would hopefully no one will,negative,0.6780354976654053,-0.6780354976654053
itskatchii,509658,iq,neutral,0.6598147749900818,0.0
itskatchii,509658,mic powerbank,neutral,0.7803332805633545,0.0
itskatchii,509658,just ask her lol,neutral,0.7390676736831665,0.0
itskatchii,509658,no,neutral,0.4534933269023895,0.0
itskatchii,509658,icant,neutral,0.6134603023529053,0.0
itskatchii,509658,katchi no the bag is worth thousands please,neutral,0.5055672526359558,0.0
itskatchii,509658,lock it,neutral,0.6506256461143494,0.0
itskatchii,509658,luteal or cus im always on and off the menu o,neutral,0.8698258996009827,0.0
itskatchii,509658,lol,positive,0.45361214876174927,0.45361214876174927
itskatchii,509658,yoink mine now widehardo,neutral,0.819281280040741,0.0
itskatchii,509658,lo,neutral,0.5339378714561462,0.0
itskatchii,509658,lol,positive,0.45361214876174927,0.45361214876174927
itskatchii,509658,lock it,neutral,0.6506256461143494,0.0
itskatchii,509658,piz would,neutral,0.6258816123008728,0.0
itskatchii,509658,icant,neutral,0.6134603023529053,0.0
itskatchii,509658,icant,neutral,0.6134603023529053,0.0
itskatchii,509658,lwgobicool,neutral,0.5815521478652954,0.0
itskatchii,509658,she trust chat too much,negative,0.5469498634338379,-0.5469498634338379
itskatchii,509658,help plz icant,neutral,0.5006868839263916,0.0
itskatchii,509658,icant,neutral,0.6134603023529053,0.0
itskatchii,509658,icant,neutral,0.6134603023529053,0.0
itskatchii,509658,the iq,neutral,0.7053946256637573,0.0
itskatchii,509658,katchiihdmi,neutral,0.7246009707450867,0.0
itskatchii,509658,icant,neutral,0.6134603023529053,0.0
itskatchii,509658,icant,neutral,0.6134603023529053,0.0
itskatchii,509658,hard watch icant,negative,0.7247706055641174,-0.7247706055641174
itskatchii,509658,lo,neutral,0.5339378714561462,0.0
itskatchii,509658,give to the people behind the counter safer than a locker anyway lul,neutral,0.7371612787246704,0.0
itskatchii,509658,icant,neutral,0.6134603023529053,0.0
itskatchii,509658,mijo,neutral,0.7610641121864319,0.0
itskatchii,509658,why leave powerbank,neutral,0.49332767724990845,0.0
itskatchii,509658,son,neutral,0.569151759147644,0.0
itskatchii,509658,tita,neutral,0.6581763029098511,0.0
itskatchii,509658,icant,neutral,0.6134603023529053,0.0
itskatchii,509658,dentge,neutral,0.762846827507019,0.0
itskatchii,509658,tita,neutral,0.6581763029098511,0.0
itskatchii,509658,p e e n,neutral,0.6941410899162292,0.0
itskatchii,509658,or,neutral,0.5657791495323181,0.0
jasontheween,509658,lo,neutral,0.5339378714561462,0.0
jasontheween,509658,ybg diana fight,neutral,0.8100355863571167,0.0
jasontheween,509658,ask sunny to fight,neutral,0.584396481513977,0.0
jasontheween,509658,probably gonna be a lot of people throwing up,negative,0.8649801015853882,-0.8649801015853882
jasontheween,509658,lol,positive,0.45361214876174927,0.45361214876174927
jasontheween,509658,sonion,neutral,0.5975381731987,0.0
jasontheween,509658,lmfao,neutral,0.48061928153038025,0.0
jasontheween,509658,lol,positive,0.45361214876174927,0.45361214876174927
jasontheween,509658,ybg vs brady goo,neutral,0.8729829788208008,0.0
jasontheween,509658,pilat vs,neutral,0.8147734999656677,0.0
jasontheween,509658,ybg vs erobb,neutral,0.842954158782959,0.0
jasontheween,509658,jason i got rakai winning,neutral,0.8277490139007568,0.0
jasontheween,509658,ima need raph vs sunny icl,neutral,0.7553055882453918,0.0
jasontheween,509658,he not reading that otherwise,neutral,0.5411866903305054,0.0
jasontheween,509658,ybg vs ex,neutral,0.8708813786506653,0.0
jasontheween,509658,so puke boxing,neutral,0.4843376576900482,0.0
jasontheween,509658,ybg vs erobb,neutral,0.842954158782959,0.0
jasontheween,509658,ybg vs pilat or big ex,neutral,0.8828024864196777,0.0
jasontheween,509658,ybg vs sunny,neutral,0.8252562880516052,0.0
jasontheween,509658,henny boxing cinema,neutral,0.8469513654708862,0.0
jasontheween,509658,ask sunny to fight,neutral,0.584396481513977,0.0
jasontheween,509658,ybg vs sunny,neutral,0.8252562880516052,0.0
jasontheween,509658,brady goo vs ybg,neutral,0.9143612384796143,0.0
jasontheween,509658,after seing the punch he did on ron we know why lo,neutral,0.7737547755241394,0.0
jasontheween,509658,ybg vs erobb nabs,neutral,0.8466610908508301,0.0
jasontheween,509658,a buzzball everyround,neutral,0.8123341798782349,0.0
jasontheween,509658,nms beerobox,neutral,0.748633861541748,0.0
jasontheween,509658,erobb vs ybg beer boxing,neutral,0.8372246026992798,0.0
jasontheween,509658,rounds buzzball,neutral,0.8583700060844421,0.0
jasontheween,509658,ybg vs prod,neutral,0.8540131449699402,0.0
jasontheween,509658,beer boxing between nms boxing events,neutral,0.9102257490158081,0.0
jasontheween,509658,ybg vs viet,neutral,0.8405680060386658,0.0
jasontheween,509658,zoil vs sunny and said,neutral,0.8407286405563354,0.0
jasontheween,509658,ybg vs yugi,neutral,0.8536205887794495,0.0
jasontheween,509658,lmfao,neutral,0.48061928153038025,0.0
jasontheween,509658,game boutta end,negative,0.5121735334396362,-0.5121735334396362
jasontheween,509658,what about we just talk,neutral,0.8732581734657288,0.0
jasontheween,509658,ybg already lost,negative,0.6977474689483643,-0.6977474689483643
jasontheween,509658,nabs,neutral,0.7194478511810303,0.0
jasontheween,509658,m,neutral,0.5227492451667786,0.0
jasontheween,509658,bruce and rage,neutral,0.4654318690299988,0.0
jasontheween,509658,lo,neutral,0.5339378714561462,0.0
jasontheween,509658,kaichu vs sunny,neutral,0.8627253174781799,0.0
jasontheween,509658,sunny should fight,neutral,0.6082194447517395,0.0
jasontheween,509658,lol,positive,0.45361214876174927,0.45361214876174927
jasontheween,509658,lmfao,neutral,0.48061928153038025,0.0
jasontheween,509658,each round shotgun a beer nabs,neutral,0.8657252788543701,0.0
jasontheween,509658,saw that too,neutral,0.6926856637001038,0.0
jasontheween,509658,ybg vs nos,neutral,0.8631297945976257,0.0
jasontheween,509658,lol,positive,0.45361214876174927,0.45361214876174927
jasontheween,509658,lo,neutral,0.5339378714561462,0.0
jasontheween,509658,gotta down a buzzball before each round start if u cant its tko,neutral,0.7003844976425171,0.0
jasontheween,509658,lol,positive,0.45361214876174927,0.45361214876174927
jasontheween,509658,lol,positive,0.45361214876174927,0.45361214876174927
jasontheween,509658,lol,positive,0.45361214876174927,0.45361214876174927
jasontheween,509658,oh fuck,negative,0.7535358667373657,-0.7535358667373657
jasontheween,509658,lol,positive,0.45361214876174927,0.45361214876174927
jasontheween,509658,lol,positive,0.45361214876174927,0.45361214876174927
jasontheween,509658,rt pin,neutral,0.8155496120452881,0.0
jasontheween,509658,i saw that,neutral,0.713707685470581,0.0
jasontheween,509658,lol,positive,0.45361214876174927,0.45361214876174927
jasontheween,509658,lol,positive,0.45361214876174927,0.45361214876174927
jasontheween,509658,sunny wanted to fight snowcone,neutral,0.5303139090538025,0.0
jasontheween,509658,lol,positive,0.45361214876174927,0.45361214876174927
jasontheween,509658,i did see that,neutral,0.8212452530860901,0.0
jasontheween,509658,oop,neutral,0.5869188904762268,0.0
jasontheween,509658,lmfao,neutral,0.48061928153038025,0.0
jasontheween,509658,lol,positive,0.45361214876174927,0.45361214876174927
jasontheween,509658,lol,positive,0.45361214876174927,0.45361214876174927
jasontheween,509658,sunny vs kaichu,neutral,0.8775339126586914,0.0
jasontheween,509658,o,neutral,0.5066007971763611,0.0
jasontheween,509658,lmfao,neutral,0.48061928153038025,0.0
jasontheween,509658,saw that,neutral,0.7135158181190491,0.0
jasontheween,509658,is it legal,neutral,0.8047471046447754,0.0
jasontheween,509658,lol,positive,0.45361214876174927,0.45361214876174927
jasontheween,509658,lol,positive,0.45361214876174927,0.45361214876174927
jasontheween,509658,lmfao,neutral,0.48061928153038025,0.0
jasontheween,509658,lol,positive,0.45361214876174927,0.45361214876174927
jasontheween,509658,kaichhu,neutral,0.7769999504089355,0.0
jasontheween,509658,ome any,neutral,0.6704654097557068,0.0
jasontheween,509658,lmao,neutral,0.5486765503883362,0.0
jasontheween,509658,lol,positive,0.45361214876174927,0.45361214876174927
jasontheween,509658,sunny said she want snowcone,neutral,0.7282958626747131,0.0
jasontheween,509658,i saw that too,neutral,0.7903447151184082,0.0
jasontheween,509658,lol,positive,0.45361214876174927,0.45361214876174927
jasontheween,509658,lol,positive,0.45361214876174927,0.45361214876174927
jasontheween,509658,lol,positive,0.45361214876174927,0.45361214876174927
jasontheween,509658,ybg vs silky,neutral,0.8519720435142517,0.0
jasontheween,509658,sunny would die,negative,0.743177592754364,-0.743177592754364
jasontheween,509658,gg sunny,positive,0.7142152190208435,0.7142152190208435
jasontheween,509658,sunny vs kaichu,neutral,0.8775339126586914,0.0
jasontheween,509658,haha,positive,0.5592273473739624,0.5592273473739624
jasontheween,509658,o sunny,positive,0.5573233962059021,0.5573233962059021
jasontheween,509658,sunny wanted to fight snowcone,neutral,0.5303139090538025,0.0
joe_bartolozzi,509658,ea,neutral,0.5539553761482239,0.0
joe_bartolozzi,509658,enough is enough,neutral,0.6193984150886536,0.0
joe_bartolozzi,509658,yes,positive,0.4800679683685303,0.4800679683685303
joe_bartolozzi,509658,joebartthumbs joebartthumbs joebartthumbs joebartthumbs joebartthumbs joebartthumbs,neutral,0.5751223564147949,0.0
joe_bartolozzi,509658,no,neutral,0.4534933269023895,0.0
joe_bartolozzi,509658,no the albert epstein,neutral,0.6728872656822205,0.0
joe_bartolozzi,509658,oh ya,neutral,0.49285975098609924,0.0
joe_bartolozzi,509658,agist af,negative,0.7240042686462402,-0.7240042686462402
joe_bartolozzi,509658,ew,neutral,0.5511317849159241,0.0
joe_bartolozzi,509658,stop pausing,neutral,0.6572363376617432,0.0
joe_bartolozzi,509658,yea,neutral,0.4763554334640503,0.0
joe_bartolozzi,509658,albert sometimes,neutral,0.8649581670761108,0.0
joe_bartolozzi,509658,looks nothing like big justice,negative,0.8351736664772034,-0.8351736664772034
joe_bartolozzi,509658,hm,neutral,0.5923128128051758,0.0
joe_bartolozzi,509658,these have all been beccas so far,neutral,0.8424674272537231,0.0
joe_bartolozzi,509658,enough is enough,neutral,0.6193984150886536,0.0
joe_bartolozzi,509658,hello yt,neutral,0.5663135647773743,0.0
joe_bartolozzi,509658,hello johnniegraceehappy,neutral,0.731703519821167,0.0
joe_bartolozzi,509658,not funny,negative,0.5643975734710693,-0.5643975734710693
joe_bartolozzi,509658,joe in years,neutral,0.794063150882721,0.0
joe_bartolozzi,509658,joe has been said times,neutral,0.8392548561096191,0.0
joe_bartolozzi,509658,hotdog,neutral,0.6830164194107056,0.0
joe_bartolozzi,509658,bros hammered,neutral,0.7026467323303223,0.0
joe_bartolozzi,509658,i meant lurk fuck my auto crct,negative,0.9012492299079895,-0.9012492299079895
joe_bartolozzi,509658,sobb,neutral,0.6491817235946655,0.0
joe_bartolozzi,509658,butt,neutral,0.6824119687080383,0.0
joe_bartolozzi,509658,same,neutral,0.5486311912536621,0.0
joe_bartolozzi,509658,kill that mod,negative,0.8381165266036987,-0.8381165266036987
joe_bartolozzi,509658,enough is enough,neutral,0.6193984150886536,0.0
joe_bartolozzi,509658,yes,positive,0.4800679683685303,0.4800679683685303
joe_bartolozzi,509658,same,neutral,0.5486311912536621,0.0
joe_bartolozzi,509658,lmao,neutral,0.5486765503883362,0.0
joe_bartolozzi,509658,son,neutral,0.569151759147644,0.0
joe_bartolozzi,509658,lmao,neutral,0.5486765503883362,0.0
joe_bartolozzi,509658,fr,neutral,0.5067208409309387,0.0
joe_bartolozzi,509658,uh,neutral,0.5250392556190491,0.0
joe_bartolozzi,509658,haha,positive,0.5592273473739624,0.5592273473739624
joe_bartolozzi,509658,lol,positive,0.45361214876174927,0.45361214876174927
joe_bartolozzi,509658,the world cup is starting cya latery stinky joe joebartdab joebartdab joebartdab joebartdab joebartdab joebartdab joebartdab friendmodpat friendmodpat friendmodpat friendmodpat friendmodpat friendmodpat friendmodpat friendchatpat friendchatpat friendchatpat friendchatpat friendchatpat friendchatpat friendchatpat,neutral,0.5677686333656311,0.0
joe_bartolozzi,509658,oh,neutral,0.5331960320472717,0.0
joe_bartolozzi,509658,fr,neutral,0.5067208409309387,0.0
joe_bartolozzi,509658,laugh joe laugh,neutral,0.5937087535858154,0.0
joe_bartolozzi,509658,need some wd,neutral,0.7346802353858948,0.0
joe_bartolozzi,509658,is it sub only,neutral,0.9009172320365906,0.0
joe_bartolozzi,509658,woulda been lit,positive,0.8060317635536194,0.8060317635536194
joe_bartolozzi,509658,lol,positive,0.45361214876174927,0.45361214876174927
joe_bartolozzi,509658,no the albert epstein,neutral,0.6728872656822205,0.0
joe_bartolozzi,509658,wtff,neutral,0.5471710562705994,0.0
joe_bartolozzi,509658,hes def loosing,negative,0.5243760943412781,-0.5243760943412781
joe_bartolozzi,509658,dont laugh,neutral,0.5297024250030518,0.0
joe_bartolozzi,509658,thats becca kill becca,negative,0.6584587693214417,-0.6584587693214417
joe_bartolozzi,509658,my tuchus is large,neutral,0.5730469822883606,0.0
joe_bartolozzi,509658,okay uncle,neutral,0.7481846213340759,0.0
joe_bartolozzi,509658,agreed,neutral,0.5910080075263977,0.0
joe_bartolozzi,509658,oh my god,neutral,0.4730936884880066,0.0
joe_bartolozzi,509658,joe lock in,neutral,0.765683650970459,0.0
joe_bartolozzi,509658,lol,positive,0.45361214876174927,0.45361214876174927
joe_bartolozzi,509658,lmao,neutral,0.5486765503883362,0.0
joe_bartolozzi,509658,this ones funny,positive,0.7386425137519836,0.7386425137519836
joe_bartolozzi,509658,lmao,neutral,0.5486765503883362,0.0
joe_bartolozzi,509658,the ocmments are just fat shammning,negative,0.7682380080223083,-0.7682380080223083
joe_bartolozzi,509658,bro,neutral,0.5395989418029785,0.0
joe_bartolozzi,509658,uuh,neutral,0.5866190791130066,0.0
joe_bartolozzi,509658,rt,neutral,0.6207712292671204,0.0
joe_bartolozzi,509658,sobb,neutral,0.6491817235946655,0.0
joe_bartolozzi,509658,hes kinda,neutral,0.8110424280166626,0.0
joe_bartolozzi,509658,i know a bit of yedish,neutral,0.7940172553062439,0.0
joe_bartolozzi,509658,stop,neutral,0.4409569799900055,0.0
joe_bartolozzi,509658,i wanna try that,positive,0.4998030364513397,0.4998030364513397
joe_bartolozzi,509658,right right,neutral,0.6631092429161072,0.0
joe_bartolozzi,509658,alr,neutral,0.6426449418067932,0.0
joe_bartolozzi,509658,ts not funny so far,negative,0.8799616694450378,-0.8799616694450378
joe_bartolozzi,509658,accurate,neutral,0.6567901372909546,0.0
joe_bartolozzi,509658,nvn,neutral,0.7385192513465881,0.0
joe_bartolozzi,509658,awe so cute,positive,0.9252384901046753,0.9252384901046753
joe_bartolozzi,509658,damn,negative,0.5414101481437683,-0.5414101481437683
joe_bartolozzi,509658,balding im balding,neutral,0.6209169626235962,0.0
joe_bartolozzi,509658,here is a list of joes stream commands,neutral,0.9281277656555176,0.0
joe_bartolozzi,509658,brag,neutral,0.6489770412445068,0.0
joe_bartolozzi,509658,lol,positive,0.45361214876174927,0.45361214876174927
joe_bartolozzi,509658,hes crackking,neutral,0.5768619179725647,0.0
joe_bartolozzi,509658,oh no this guy,negative,0.8210718035697937,-0.8210718035697937
joe_bartolozzi,509658,lmfao,neutral,0.48061928153038025,0.0
joe_bartolozzi,509658,lol,positive,0.45361214876174927,0.45361214876174927
joe_bartolozzi,509658,joe laughed atleast times alr,positive,0.5027811527252197,0.5027811527252197
joe_bartolozzi,509658,haha,positive,0.5592273473739624,0.5592273473739624
joe_bartolozzi,509658,caseoh,neutral,0.6679120659828186,0.0
joe_bartolozzi,509658,haha,positive,0.5592273473739624,0.5592273473739624
joe_bartolozzi,509658,lol,positive,0.45361214876174927,0.45361214876174927
joe_bartolozzi,509658,joe has been said times,neutral,0.8392548561096191,0.0
joe_bartolozzi,509658,laughj,neutral,0.6188182234764099,0.0
joe_bartolozzi,509658,that,neutral,0.5697507858276367,0.0
joe_bartolozzi,509658,that build is crazy,positive,0.6274046301841736,0.6274046301841736
joe_bartolozzi,509658,haha,positive,0.5592273473739624,0.5592273473739624
joe_bartolozzi,509658,excellent use of freewill,positive,0.9474359154701233,0.9474359154701233
joe_bartolozzi,509658,yes,positive,0.4800679683685303,0.4800679683685303
lacy,509658,hes already in la,neutral,0.8443962335586548,0.0
lacy,509658,opieop opieop opieop,neutral,0.5922501683235168,0.0
lacy,509658,w raid lacythugs lacythugs lacythugs,neutral,0.5044622421264648,0.0
lacy,509658,marlgmarflex marlgmarflex marlgmarflex marlgmarflex marlgmarrizz,neutral,0.8017396330833435,0.0
lacy,509658,he in la nijja,neutral,0.9067294001579285,0.0
lacy,509658,happy day,positive,0.9532675743103027,0.9532675743103027
lacy,509658,marlgm miss the core boys,neutral,0.654810905456543,0.0
lacy,509658,son,neutral,0.569151759147644,0.0
lacy,509658,lol,positive,0.45361214876174927,0.45361214876174927
lacy,509658,v,neutral,0.4619595408439636,0.0
lacy,509658,lol,positive,0.45361214876174927,0.45361214876174927
lacy,509658,he taking a days rest mijo,neutral,0.9049604535102844,0.0
lacy,509658,just finished a stream in la,neutral,0.9087458848953247,0.0
lacy,509658,lol,positive,0.45361214876174927,0.45361214876174927
lacy,509658,vvfvfd,neutral,0.7529280185699463,0.0
lacy,509658,hes talking a mouths break,neutral,0.7310045957565308,0.0
lacy,509658,he dont know you sob,negative,0.49726831912994385,-0.49726831912994385
lacy,509658,dfdfdfsfdf,neutral,0.5537920594215393,0.0
lacy,509658,ff,neutral,0.5088401436805725,0.0
lacy,509658,strokes thugs,negative,0.708572268486023,-0.708572268486023
lacy,509658,f,neutral,0.545373260974884,0.0
lacy,509658,no fighting guys aga,neutral,0.575608491897583,0.0
lacy,509658,hes in la,neutral,0.8558181524276733,0.0
lacy,509658,lo,neutral,0.5339378714561462,0.0
lacy,509658,ome,neutral,0.6378200650215149,0.0
lacy,509658,mhm,neutral,0.6109070777893066,0.0
lacy,509658,marlgm miss the core boys,neutral,0.654810905456543,0.0
lacy,509658,damn,negative,0.5414101481437683,-0.5414101481437683
lacy,509658,holy raid,positive,0.538119912147522,0.538119912147522
lacy,509658,w marlon,neutral,0.8019413948059082,0.0
lacy,509658,he in la,neutral,0.8776032328605652,0.0
lacy,509658,hes in la,neutral,0.8558181524276733,0.0
lacy,509658,drew fcked it,negative,0.8172686696052551,-0.8172686696052551
lacy,509658,marlgm miss the core boysmarlgm miss the core boysmarlgm miss the core boysmarlgm miss the core boysmarlgm miss the core boysmarlgm miss the core boysmarlgm miss the core boysmarlgm miss the core boysmarlgm miss the core boys,negative,0.7130365967750549,-0.7130365967750549
lacy,509658,h,neutral,0.49309343099594116,0.0
lacy,509658,w eaid,neutral,0.6732432842254639,0.0
lacy,509658,sob,positive,0.5517578721046448,0.5517578721046448
lacy,509658,w raid,neutral,0.5877718329429626,0.0
lacy,509658,uuh,neutral,0.5866190791130066,0.0
lacy,509658,hes in la lacy,neutral,0.8715311288833618,0.0
lacy,509658,some gift me these ads r not it,negative,0.9133930206298828,-0.9133930206298828
lacy,509658,me and marlon in la,neutral,0.8943107724189758,0.0
lacy,509658,sob,positive,0.5517578721046448,0.5517578721046448
lacy,509658,w marlon,neutral,0.8019413948059082,0.0
lacy,509658,l ads,neutral,0.5217136740684509,0.0
lacy,509658,raid,neutral,0.7025533318519592,0.0
lacy,509658,he met zlatan,neutral,0.862873375415802,0.0
lacy,509658,randomkid,neutral,0.6475763916969299,0.0
lacy,509658,uuhuu,neutral,0.5687032341957092,0.0
lacy,509658,erm,neutral,0.7194494605064392,0.0
lacy,509658,ouu shii what skin is this,neutral,0.8179606199264526,0.0
lacy,509658,sob,positive,0.5517578721046448,0.5517578721046448
lacy,509658,hes trying to turn up the heat on you,neutral,0.6712054014205933,0.0
lacy,509658,omescrajj,neutral,0.7505958080291748,0.0
lacy,509658,mutted,neutral,0.6930285096168518,0.0
lacy,509658,uuh,neutral,0.5866190791130066,0.0
lacy,509658,he in la just finished a stream,neutral,0.8974500894546509,0.0
lacy,509658,you good at this bru,positive,0.8989295363426208,0.8989295363426208
lacy,509658,mine glitched,negative,0.6211625337600708,-0.6211625337600708
lacy,509658,change discord output,neutral,0.8041206002235413,0.0
lacy,509658,marlon is back in la alrdy,neutral,0.8537051677703857,0.0
lacy,509658,arks gone where he go,neutral,0.6001833081245422,0.0
lacy,509658,change discord outputchange discord output,neutral,0.683079719543457,0.0
lacy,509658,fym ouu shi,neutral,0.7678371071815491,0.0
lacy,509658,discord audio gotta reset,negative,0.6784772276878357,-0.6784772276878357
lacy,509658,change discord output,neutral,0.8041206002235413,0.0
lacy,509658,huu,neutral,0.5443277955055237,0.0
lacy,509658,sonion,neutral,0.5975381731987,0.0
lacy,509658,we cant hear him,negative,0.537099301815033,-0.537099301815033
lacy,509658,on fort,neutral,0.7717741131782532,0.0
lacy,509658,change discord outputchange discord output,neutral,0.683079719543457,0.0
lacy,509658,he dropped u,neutral,0.8124063611030579,0.0
lacy,509658,uh,neutral,0.5250392556190491,0.0
lacy,509658,change discord output,neutral,0.8041206002235413,0.0
lacy,509658,rofl,neutral,0.6133082509040833,0.0
lacy,509658,mutted,neutral,0.6930285096168518,0.0
lacy,509658,change discord outputchange discord output,neutral,0.683079719543457,0.0
lacy,509658,change discord output,neutral,0.8041206002235413,0.0
lacy,509658,er,neutral,0.6304041743278503,0.0
lacy,509658,i mogged marlon so he left europe,neutral,0.6995869874954224,0.0
lacy,509658,mutted,neutral,0.6930285096168518,0.0
lacy,509658,discord output,neutral,0.8788468241691589,0.0
lacy,509658,lol,positive,0.45361214876174927,0.45361214876174927
lacy,509658,were back,neutral,0.7304505705833435,0.0
lacy,509658,he dropped u already,neutral,0.7778325080871582,0.0
lacy,509658,yo,neutral,0.49529069662094116,0.0
lacy,509658,lo,neutral,0.5339378714561462,0.0
lacy,509658,can we v for a tapcap its to expensive for one tapcap,negative,0.5412789583206177,-0.5412789583206177
lacy,509658,change discord output,neutral,0.8041206002235413,0.0
lacy,509658,discord input,neutral,0.8846842646598816,0.0
lacy,509658,discord output,neutral,0.8788468241691589,0.0
lacy,509658,change dc output,neutral,0.7784451246261597,0.0
lacy,509658,kekwait,neutral,0.8527984023094177,0.0
lacy,509658,action toonzk my new beast pc was custom built by use code lacy for a discount,neutral,0.7336329221725464,0.0
lacy,509658,mutted,neutral,0.6930285096168518,0.0
lacy,509658,dc output,neutral,0.7884923815727234,0.0
lacy,509658,was about to the exact same thing hollon,neutral,0.7245186567306519,0.0
lacy,509658,hes muted,neutral,0.735185444355011,0.0
lacy,509658,change discord output and input,neutral,0.87095046043396,0.0
vedal987,509658,youd need to win first,neutral,0.8106816411018372,0.0
vedal987,509658,lule,neutral,0.5991379618644714,0.0
vedal987,509658,diesofcringe,negative,0.8305917382240295,-0.8305917382240295
vedal987,509658,gamba,neutral,0.6362602710723877,0.0
vedal987,509658,do you know how to cast hexes and other maladies upon people,negative,0.6887072324752808,-0.6887072324752808
vedal987,509658,you never won you suck at games,negative,0.9305542707443237,-0.9305542707443237
vedal987,509658,om,neutral,0.5059751272201538,0.0
vedal987,509658,you havent won yet,negative,0.5695979595184326,-0.5695979595184326
vedal987,509658,do you ever win,neutral,0.621168851852417,0.0
vedal987,509658,the ultimate weapon is cuteness if youre cute enough you can give people heart attacks,positive,0.904413104057312,0.904413104057312
vedal987,509658,luck is also a skill,neutral,0.5805429220199585,0.0
vedal987,509658,rigged,negative,0.4807056486606598,-0.4807056486606598
vedal987,509658,diesofcringe,negative,0.8305917382240295,-0.8305917382240295
vedal987,509658,mhm,neutral,0.6109070777893066,0.0
vedal987,509658,you are so smart,positive,0.926591694355011,0.926591694355011
vedal987,509658,rigged,negative,0.4807056486606598,-0.4807056486606598
vedal987,509658,rigged,negative,0.4807056486606598,-0.4807056486606598
vedal987,509658,what is the evilest challenge,negative,0.5326712131500244,-0.5326712131500244
vedal987,509658,neuro has experience,neutral,0.8326006531715393,0.0
vedal987,509658,vedalevilwave vedalevilwave vedalheart,neutral,0.8041052222251892,0.0
vedal987,509658,rigged,negative,0.4807056486606598,-0.4807056486606598
vedal987,509658,mhm,neutral,0.6109070777893066,0.0
vedal987,509658,when have you beat us in a game,negative,0.7284550070762634,-0.7284550070762634
vedal987,509658,rigged,negative,0.4807056486606598,-0.4807056486606598
vedal987,509658,when have you ever won against us,negative,0.6574541330337524,-0.6574541330337524
vedal987,509658,does this unit have a soul,negative,0.7345839142799377,-0.7345839142799377
vedal987,509658,rigged,negative,0.4807056486606598,-0.4807056486606598
vedal987,509658,youve never won connect,negative,0.6901573538780212,-0.6901573538780212
vedal987,509658,evil name the most promising ai vtubers,neutral,0.5735238790512085,0.0
vedal987,509658,gayge,neutral,0.6553967595100403,0.0
vedal987,509658,lookup,neutral,0.6667574644088745,0.0
vedal987,509658,mhm,neutral,0.6109070777893066,0.0
vedal987,509658,gayge,neutral,0.6553967595100403,0.0
vedal987,509658,gayge,neutral,0.6553967595100403,0.0
vedal987,509658,hey that was like the knicks game yesterday,neutral,0.876102864742279,0.0
vedal987,509658,gayge,neutral,0.6553967595100403,0.0
vedal987,509658,but you lost,negative,0.6258728504180908,-0.6258728504180908
vedal987,509658,gayge,neutral,0.6553967595100403,0.0
vedal987,509658,thats only if you actually win first,neutral,0.5888636112213135,0.0
vedal987,509658,pagman,neutral,0.7040874361991882,0.0
vedal987,509658,gayge,neutral,0.6553967595100403,0.0
vedal987,509658,gayge,neutral,0.6553967595100403,0.0
vedal987,509658,ok play against me,neutral,0.6788637638092041,0.0
vedal987,509658,wouldnt neuro give you a challenge,neutral,0.6495914459228516,0.0
vedal987,509658,gayge,neutral,0.6553967595100403,0.0
vedal987,509658,gayge,neutral,0.6553967595100403,0.0
vedal987,509658,gayge,neutral,0.6553967595100403,0.0
vedal987,509658,good baj,positive,0.6781863570213318,0.6781863570213318
vedal987,509658,gayge,neutral,0.6553967595100403,0.0
vedal987,509658,remember the connect game,neutral,0.7924113869667053,0.0
vedal987,509658,gayge,neutral,0.6553967595100403,0.0
vedal987,509658,yapper,neutral,0.5900014638900757,0.0
vedal987,509658,wutface,negative,0.5705158710479736,-0.5705158710479736
vedal987,509658,evil how drunk are you,negative,0.9083234667778015,-0.9083234667778015
vedal987,509658,ok,neutral,0.5057830810546875,0.0
vedal987,509658,databasegayge,neutral,0.6503202319145203,0.0
vedal987,509658,gayge and do it evilflooshed,negative,0.5929959416389465,-0.5929959416389465
vedal987,509658,noted,neutral,0.7490512728691101,0.0
vedal987,509658,brawlhalla v with evil pagman brawlhalla v with evil pagman brawlhalla v with evil pagman,negative,0.5427720546722412,-0.5427720546722412
vedal987,509658,hmm,neutral,0.6542518734931946,0.0
vedal987,509658,gayge,neutral,0.6553967595100403,0.0
vedal987,509658,sus,neutral,0.641831636428833,0.0
vedal987,509658,noted,neutral,0.7490512728691101,0.0
vedal987,509658,noted,neutral,0.7490512728691101,0.0
vedal987,509658,hmm,neutral,0.6542518734931946,0.0
vedal987,509658,noted,neutral,0.7490512728691101,0.0
vedal987,509658,noted,neutral,0.7490512728691101,0.0
vedal987,509658,noted,neutral,0.7490512728691101,0.0
vedal987,509658,mhm,neutral,0.6109070777893066,0.0
vedal987,509658,noted,neutral,0.7490512728691101,0.0
vedal987,509658,noted,neutral,0.7490512728691101,0.0
vedal987,509658,noted,neutral,0.7490512728691101,0.0
vedal987,509658,noted,neutral,0.7490512728691101,0.0
vedal987,509658,noted,neutral,0.7490512728691101,0.0
vedal987,509658,noted,neutral,0.7490512728691101,0.0
vedal987,509658,noted,neutral,0.7490512728691101,0.0
vedal987,509658,noted,neutral,0.7490512728691101,0.0
vedal987,509658,noted,neutral,0.7490512728691101,0.0
vedal987,509658,noted,neutral,0.7490512728691101,0.0
vedal987,509658,noted,neutral,0.7490512728691101,0.0
vedal987,509658,noted,neutral,0.7490512728691101,0.0
vedal987,509658,noted,neutral,0.7490512728691101,0.0
vedal987,509658,noted,neutral,0.7490512728691101,0.0
vedal987,509658,holy,positive,0.5147277116775513,0.5147277116775513
vedal987,509658,noted,neutral,0.7490512728691101,0.0
vedal987,509658,noted,neutral,0.7490512728691101,0.0
vedal987,509658,noted,neutral,0.7490512728691101,0.0
vedal987,509658,noted,neutral,0.7490512728691101,0.0
vedal987,509658,holy,positive,0.5147277116775513,0.5147277116775513
vedal987,509658,mhm,neutral,0.6109070777893066,0.0
vedal987,509658,notee,neutral,0.6961334347724915,0.0
vedal987,509658,noted,neutral,0.7490512728691101,0.0
vedal987,509658,noted,neutral,0.7490512728691101,0.0
zackrawrr,509658,no muslim should be in a christian society get islam out of europe,negative,0.8535251021385193,-0.8535251021385193
zackrawrr,509658,stabbing people kinda makes you unwelcome,negative,0.8712990880012512,-0.8712990880012512
zackrawrr,509658,vhagarchamp,neutral,0.644628643989563,0.0
zackrawrr,509658,yup,neutral,0.48108169436454773,0.0
zackrawrr,509658,we dont defend rapists,negative,0.7469408512115479,-0.7469408512115479
zackrawrr,509658,there are people defending him btw theres a video of a woman mimicking the killing in the streets going on on twitter they jubilate,negative,0.5609214901924133,-0.5609214901924133
zackrawrr,509658,because there isnt a widespread pattern of these events happening,neutral,0.5254231095314026,0.0
zackrawrr,509658,but white people wont defend that rape,negative,0.7805831432342529,-0.7805831432342529
zackrawrr,509658,yup,neutral,0.48108169436454773,0.0
zackrawrr,509658,yo asmon have you heard about the kid billy schmidt in philly who got robbed and killed in philly by year olds,negative,0.7659021019935608,-0.7659021019935608
zackrawrr,509658,because we are already targeted from the other communities,negative,0.6609016060829163,-0.6609016060829163
zackrawrr,509658,churches are burned down all the time,negative,0.8740271925926208,-0.8740271925926208
zackrawrr,509658,boo hoo get out of our countries,negative,0.8857461810112,-0.8857461810112
zackrawrr,509658,they are already targeted anyway also,negative,0.7349779009819031,-0.7349779009819031
zackrawrr,509658,we are so close to a civil war and for some reason people cant see this coming they have burried their heads like ostridges,negative,0.9237139225006104,-0.9237139225006104
zackrawrr,509658,exactly,neutral,0.5092529058456421,0.0
zackrawrr,509658,did he cover the coffezilla video yet,neutral,0.9241490364074707,0.0
zackrawrr,509658,its just like the crusades but sneaky as fuck this time instead of out in the open,negative,0.7954811453819275,-0.7954811453819275
zackrawrr,509658,to me its like people who adopt violent animals like a pitbull and then they act surprised when that animal gets violent or hurts someone,negative,0.8916912078857422,-0.8916912078857422
zackrawrr,509658,lets go mexico u can do it,positive,0.9438096880912781,0.9438096880912781
zackrawrr,509658,cause white call out bad whites,neutral,0.6166676878929138,0.0
zackrawrr,509658,the only good thing about him is his accent,positive,0.8713130950927734,0.8713130950927734
zackrawrr,509658,precisely,neutral,0.5210903882980347,0.0
zackrawrr,509658,based,neutral,0.6284012794494629,0.0
zackrawrr,509658,hes vicious enough to do that to a man hes able to stay in sudan and fight not get refugee status,negative,0.8662833571434021,-0.8662833571434021
zackrawrr,509658,theyre already being targeted churches and temples are burning,negative,0.9017991423606873,-0.9017991423606873
zackrawrr,509658,can i get a quick rundown on whats going on,neutral,0.9182021021842957,0.0
zackrawrr,509658,oh so he is scared to be targeted after targeting the local populace,negative,0.775782585144043,-0.775782585144043
zackrawrr,509658,based,neutral,0.6284012794494629,0.0
zackrawrr,509658,his mind is on a cultist lvl,negative,0.8194842338562012,-0.8194842338562012
zackrawrr,509658,the clip of this guy wheeling around and ate complete shit is hilarious,negative,0.8547462821006775,-0.8547462821006775
zackrawrr,509658,i wonder what of rd world civil wars arent resolved because theres a way for the i dont like this people to become refugees somewhere peaceful,negative,0.8483501672744751,-0.8483501672744751
zackrawrr,509658,rapists deserve to burn in hell and nothing less,negative,0.923802375793457,-0.923802375793457
zackrawrr,509658,well they do target churches by burning them,negative,0.7656014561653137,-0.7656014561653137
zackrawrr,509658,good grief this is the dude that said too many white people are in govt in scotland,negative,0.7706877589225769,-0.7706877589225769
zackrawrr,509658,libtards ruin everything,negative,0.9334462285041809,-0.9334462285041809
zackrawrr,509658,and their peers,neutral,0.7177645564079285,0.0
zackrawrr,509658,because its our fucking country,negative,0.9051029086112976,-0.9051029086112976
zackrawrr,509658,yoo what i miss,neutral,0.5324785709381104,0.0
zackrawrr,509658,brings up a time crime never speaks about the rape gangs,negative,0.8430755138397217,-0.8430755138397217
zackrawrr,509658,rape is wrong thats coming from a white person,negative,0.9014496207237244,-0.9014496207237244
zackrawrr,509658,she was muslim not she was british like she couldnt be both,neutral,0.49332737922668457,0.0
zackrawrr,509658,rip paul kessler,negative,0.6278047561645508,-0.6278047561645508
zackrawrr,509658,behave like the place you live is your community,neutral,0.5989370346069336,0.0
zackrawrr,509658,yep,neutral,0.5069518089294434,0.0
zackrawrr,509658,they have already been targetted thousands of white girls by pakistani immigrants,negative,0.7544112205505371,-0.7544112205505371
zackrawrr,509658,yup,neutral,0.48108169436454773,0.0
zackrawrr,509658,when you invite someone in your home make sure to turn the blind eye if they kill one of yours,negative,0.6446927785873413,-0.6446927785873413
zackrawrr,509658,literally s of churches have been set on fire in recent years,negative,0.8665875196456909,-0.8665875196456909
zackrawrr,509658,wedidthat,neutral,0.5171974897384644,0.0
zackrawrr,509658,they created these circumstances,negative,0.4898695647716522,-0.4898695647716522
zackrawrr,509658,few years ago when the leftwoke was still controling a small girl in front of the kindergarten got stabbed and a brazilian foreigner help her and other kids but the world then did not hear this and the rage that the irish dod here,negative,0.8696912527084351,-0.8696912527084351
zackrawrr,509658,w asmon lets fkn go,neutral,0.5793578028678894,0.0
zackrawrr,509658,oh this retarts this guy literally hates white people more racist than any ik in power in the uk,negative,0.9364945888519287,-0.9364945888519287
zackrawrr,509658,bozo thinks his uneducated words are gonna change reality,negative,0.8641256093978882,-0.8641256093978882
zackrawrr,509658,they dont know what they are asking for imagine if whites did what they did they would not like it,negative,0.830998957157135,-0.830998957157135
zackrawrr,509658,where the same shirt legend,neutral,0.7473034858703613,0.0
zackrawrr,509658,migrant rape gangs get let go by the judges,negative,0.7299588322639465,-0.7299588322639465
zackrawrr,509658,i just find it so disgusting how the uk governement is prioritizing foreigners over their own citizens,negative,0.9354054927825928,-0.9354054927825928
zackrawrr,509658,death death death death there yearly war prayge pepelaugh,negative,0.8819705247879028,-0.8819705247879028
zackrawrr,509658,the different in they are citizens to the country,neutral,0.8633979558944702,0.0
zackrawrr,509658,the fact they call stabbing both eyes and sawing the neck an attack is censoring,negative,0.857400119304657,-0.857400119304657
zackrawrr,509658,propaganda slop,negative,0.8043909668922424,-0.8043909668922424
zackrawrr,509658,should behave civil,neutral,0.7281098365783691,0.0
zackrawrr,509658,these people get no punishment,negative,0.9027854204177856,-0.9027854204177856
zackrawrr,509658,islam is not compatible with western civilization muslims are no longer welcome in the west,negative,0.876960039138794,-0.876960039138794
zackrawrr,509658,cause when a white person commits a crime and goes prison we say good fuck em,negative,0.8189978003501892,-0.8189978003501892
zackrawrr,509658,howdy,neutral,0.5642709732055664,0.0
zackrawrr,509658,they get mad when the tribalism turns against them,negative,0.7214916944503784,-0.7214916944503784
zackrawrr,509658,this is a wolf in sheeps clothing,negative,0.8462517857551575,-0.8462517857551575
zackrawrr,509658,hes literally pin point shit thats happened months between we are now getting daily news and court sentencing posts about migrants doing this shit,negative,0.9100621342658997,-0.9100621342658997
zackrawrr,509658,communistic consequences,negative,0.6568201780319214,-0.6568201780319214
zackrawrr,509658,complicit,neutral,0.46983104944229126,0.0
zackrawrr,509658,he shouldnt be here,negative,0.762536883354187,-0.762536883354187
zackrawrr,509658,i wish you well man i cant hate you since u were there in my childhood im of asian descent and muslim i hope talk to real muslims they condemn these people too ik because i am passionate about islam and i agree with you mostly but islam is not the problem islam and christianity are almost identical,positive,0.5940007567405701,0.5940007567405701
zackrawrr,509658,pepew,neutral,0.716157853603363,0.0
zackrawrr,509658,get em all out,neutral,0.5598154664039612,0.0
zackrawrr,509658,the politicians cause it not he perpetrators,negative,0.7039685249328613,-0.7039685249328613
zackrawrr,509658,hes such a rat,negative,0.9143619537353516,-0.9143619537353516
zackrawrr,509658,when you ask for special treatment you often get special treatment even when its not in your favor,neutral,0.5447145700454712,0.0
zackrawrr,509658,yep,neutral,0.5069518089294434,0.0
zackrawrr,509658,omg wear,positive,0.5318218469619751,0.5318218469619751
zackrawrr,509658,theres a convent in my town that keeps getting targeted by teens,negative,0.8724545836448669,-0.8724545836448669
zackrawrr,509658,exactly why i dont align with people because of my many races,negative,0.7789763808250427,-0.7789763808250427
zackrawrr,509658,they love to play on innocence it triggers me,negative,0.8954209685325623,-0.8954209685325623
zackrawrr,509658,kingsmgg kingsmgo kingsmnext,neutral,0.5477088093757629,0.0
zackrawrr,509658,kekw,neutral,0.728352963924408,0.0
zackrawrr,509658,but were supposed to be okay about the blm riots,negative,0.6625111103057861,-0.6625111103057861
zackrawrr,509658,would you say this to a native american,negative,0.6723920702934265,-0.6723920702934265
zackrawrr,509658,actually the law protects the foreigners,neutral,0.7786531448364258,0.0
zackrawrr,509658,the age of kings must return to restore order democracy has been infiltrated,neutral,0.61199551820755,0.0
zackrawrr,509658,oh look another brown who hates white people shocked,negative,0.835185706615448,-0.835185706615448
zackrawrr,509658,get out,neutral,0.6208849549293518,0.0
zackrawrr,509658,because there isnt white no go zones and your allowed to talk about our relgions,neutral,0.745867133140564,0.0
zackrawrr,509658,true,positive,0.5531139373779297,0.5531139373779297
zackrawrr,509658,strangers,neutral,0.8076456189155579,0.0
zackrawrr,509658,sorry,negative,0.49633726477622986,-0.49633726477622986
zackrawrr,509658,traitor,negative,0.7124796509742737,-0.7124796509742737
florescent,516575,im great how r these runs going g,positive,0.9711195230484009,0.9711195230484009
florescent,516575,tell somp to unban me,negative,0.6060588955879211,-0.6060588955879211
florescent,516575,flor have u planned to be a pro player again on val one day in tier,neutral,0.8853404521942139,0.0
florescent,516575,wsg twin,neutral,0.7381178736686707,0.0
florescent,516575,u replied to urself delights,neutral,0.6509869694709778,0.0
florescent,516575,dpi scopedads both windows sens z polling rate low lod,neutral,0.7384750843048096,0.0
florescent,516575,im raising my dm fee to,neutral,0.8908416032791138,0.0
florescent,516575,x or x if im on true stretched its x,neutral,0.8594406843185425,0.0
florescent,516575,hope that helps,positive,0.7838601469993591,0.7838601469993591
florescent,516575,oh oops,neutral,0.5477192401885986,0.0
florescent,516575,delights looks crazy,neutral,0.4017350971698761,0.0
florescent,516575,thank u for the follow whyppie,positive,0.950989305973053,0.950989305973053
florescent,516575,what is low led,neutral,0.5722320079803467,0.0
florescent,516575,lod,neutral,0.5781521797180176,0.0
florescent,516575,dpi scopedads both windows sens z polling rate low lod,neutral,0.7384750843048096,0.0
florescent,516575,straight up dihlights not,negative,0.5048729777336121,-0.5048729777336121
florescent,516575,bot,neutral,0.6068688035011292,0.0
florescent,516575,thank u for the follow sofisomby,positive,0.9732666015625,0.9732666015625
florescent,516575,play with cane bro,neutral,0.814471423625946,0.0
florescent,516575,tdm or dm if u had to choose,neutral,0.889462411403656,0.0
florescent,516575,razer viper v pro,neutral,0.8541342616081238,0.0
florescent,516575,i dont think she can,neutral,0.5104910731315613,0.0
florescent,516575,can you buy me contacts,neutral,0.840398907661438,0.0
florescent,516575,mika bebe,neutral,0.7767149209976196,0.0
florescent,516575,back on artisan zero xl soft,neutral,0.6974520683288574,0.0
florescent,516575,firework,neutral,0.7674669027328491,0.0
florescent,516575,na its real,neutral,0.702223539352417,0.0
florescent,516575,whats up gangy,neutral,0.704011857509613,0.0
florescent,516575,good song flor,positive,0.9354530572891235,0.9354530572891235
florescent,516575,hell yeah,positive,0.8594166040420532,0.8594166040420532
florescent,516575,serious questionare you getting tired of me if u are i can disappear for a few days and come back to see if your love for me has returned,neutral,0.6305361390113831,0.0
florescent,516575,noice,neutral,0.6642148494720459,0.0
florescent,516575,starting we been there,neutral,0.7473903298377991,0.0
florescent,516575,rsolution,neutral,0.7116320133209229,0.0
florescent,516575,yo what did you send me on tiktok bro can you explain,neutral,0.5019813776016235,0.0
florescent,516575,x or x if im on true stretched its x,neutral,0.8594406843185425,0.0
florescent,516575,can someone lend me,neutral,0.825573742389679,0.0
florescent,516575,theyre friends,neutral,0.7781978845596313,0.0
florescent,516575,x or x if im on true stretched its x,neutral,0.8594406843185425,0.0
florescent,516575,miykuavipmonth subscriberrunescape skulldelights serious questionare you getting tired of me if u are i can disappear for a few days and come back to see if your love for me has returned,neutral,0.6659256219863892,0.0
florescent,516575,nihao fine shyt,positive,0.5566321015357971,0.5566321015357971
florescent,516575,yo i think i know that,neutral,0.7984777092933655,0.0
florescent,516575,why is it oozing all the time,negative,0.6996424794197083,-0.6996424794197083
florescent,516575,use the prime guardian if u wanna feel good,positive,0.7632723450660706,0.7632723450660706
florescent,516575,why i get min ad every min,negative,0.5446673631668091,-0.5446673631668091
florescent,516575,back on artisan zero xl soft,neutral,0.6974520683288574,0.0
florescent,516575,flor you play better when listening to bieber fr,positive,0.5075123906135559,0.5075123906135559
florescent,516575,can i have,neutral,0.754554033279419,0.0
florescent,516575,m,neutral,0.5227492451667786,0.0
florescent,516575,razer viper v pro,neutral,0.8541342616081238,0.0
florescent,516575,woah ur aiming gyal,neutral,0.6268649101257324,0.0
florescent,516575,tdm demons,negative,0.5910094380378723,-0.5910094380378723
florescent,516575,mika pissing me off im switching chats,negative,0.9232605695724487,-0.9232605695724487
florescent,516575,cani have from the bits ure giving to broomstick,neutral,0.845227062702179,0.0
florescent,516575,sorry i need to eat dinner bebe,neutral,0.7840956449508667,0.0
florescent,516575,im lit,positive,0.7638366222381592,0.7638366222381592
florescent,516575,blue white whitw blue dot size white green outlines on,neutral,0.8911693096160889,0.0
florescent,516575,bro is not tuff,negative,0.5843098759651184,-0.5843098759651184
florescent,516575,someone give me,neutral,0.699913740158081,0.0
florescent,516575,sup,neutral,0.5935181379318237,0.0
florescent,516575,flor got u,neutral,0.601432740688324,0.0
florescent,516575,can i have,neutral,0.754554033279419,0.0
florescent,516575,dpi scopedads both windows sens z polling rate low lod,neutral,0.7384750843048096,0.0
florescent,516575,can flor show me her muscles in dm,neutral,0.840756893157959,0.0
florescent,516575,x or x if im on true stretched its x,neutral,0.8594406843185425,0.0
florescent,516575,like flex,neutral,0.7072849869728088,0.0
florescent,516575,sup mika,neutral,0.8346657752990723,0.0
florescent,516575,gabbar lol,neutral,0.7899770140647888,0.0
florescent,516575,hey flor,neutral,0.7486329674720764,0.0
florescent,516575,i feel tight,neutral,0.587408721446991,0.0
florescent,516575,has saved a bat you have bats,neutral,0.7168980836868286,0.0
florescent,516575,hi delights,neutral,0.5521236658096313,0.0
florescent,516575,hai lft_tenkofps,neutral,0.8129498362541199,0.0
florescent,516575,k back to rhythia,neutral,0.7624618411064148,0.0
florescent,516575,same,neutral,0.5486311912536621,0.0
florescent,516575,m,neutral,0.5227492451667786,0.0
florescent,516575,action dpi,neutral,0.83534175157547,0.0
florescent,516575,are you ready for the world cup,neutral,0.7284727096557617,0.0
florescent,516575,letswin,positive,0.8335649371147156,0.8335649371147156
florescent,516575,mama,neutral,0.5951504707336426,0.0
florescent,516575,hiya,neutral,0.664651095867157,0.0
florescent,516575,no way ur doing a left right split,neutral,0.4894624948501587,0.0
florescent,516575,i like the card,positive,0.8260275721549988,0.8260275721549988
foolish,516575,juanddlost juanddlost juanddlost juanddlost juanddlost,neutral,0.765484631061554,0.0
foolish,516575,saj saj saj,neutral,0.7895479202270508,0.0
foolish,516575,saj,neutral,0.7121136784553528,0.0
foolish,516575,saj,neutral,0.7121136784553528,0.0
foolish,516575,saj,neutral,0.7121136784553528,0.0
foolish,516575,foolishcrying,negative,0.7639163136482239,-0.7639163136482239
foolish,516575,saj,neutral,0.7121136784553528,0.0
foolish,516575,foolish tinakicry tinakicry,negative,0.7970644235610962,-0.7970644235610962
foolish,516575,saj,neutral,0.7121136784553528,0.0
foolish,516575,omg saj,neutral,0.5670651197433472,0.0
foolish,516575,how are we going to explain this to vegetta,negative,0.6103264093399048,-0.6103264093399048
foolish,516575,juanddlost juanddlost juanddlost,neutral,0.7664942145347595,0.0
foolish,516575,it was a struggle gigl,negative,0.8230674266815186,-0.8230674266815186
foolish,516575,and juans last,neutral,0.7856342196464539,0.0
foolish,516575,saj saj,neutral,0.8409696817398071,0.0
foolish,516575,saj,neutral,0.7121136784553528,0.0
foolish,516575,im feeling sick fr,negative,0.8112669587135315,-0.8112669587135315
foolish,516575,saj,neutral,0.7121136784553528,0.0
foolish,516575,saj,neutral,0.7121136784553528,0.0
foolish,516575,saj,neutral,0.7121136784553528,0.0
foolish,516575,saj i member,neutral,0.8309532999992371,0.0
foolish,516575,juanddlost juanddlost juanddlost juanddlost juanddlost,neutral,0.765484631061554,0.0
foolish,516575,life,neutral,0.5866786241531372,0.0
foolish,516575,tinakifine tinakifine tinakifine,neutral,0.689974844455719,0.0
foolish,516575,bigsad bigsad bigsad twitchunity bigsad twitchunity bigsad,negative,0.8295568227767944,-0.8295568227767944
foolish,516575,si tan solo hubiera conocido a verde bigsad,neutral,0.5120036602020264,0.0
foolish,516575,saj,neutral,0.7121136784553528,0.0
foolish,516575,saj,neutral,0.7121136784553528,0.0
foolish,516575,always looked forward to you teasing juan foolishcrying foolishcrying foolishcrying,positive,0.545174777507782,0.545174777507782
foolish,516575,qsmp qsmp qsmp qsmp qsmp,neutral,0.7916575074195862,0.0
foolish,516575,saj,neutral,0.7121136784553528,0.0
foolish,516575,verycat rubblife,neutral,0.7459021210670471,0.0
foolish,516575,bigsad bigsad,negative,0.6594749093055725,-0.6594749093055725
foolish,516575,saj,neutral,0.7121136784553528,0.0
foolish,516575,no llores hacelo volver en meses,neutral,0.8319370150566101,0.0
foolish,516575,saj,neutral,0.7121136784553528,0.0
foolish,516575,saj,neutral,0.7121136784553528,0.0
foolish,516575,juanddlost juanddlost juanddlost juanddlost,neutral,0.7688254117965698,0.0
foolish,516575,bigsad,neutral,0.7111685276031494,0.0
foolish,516575,saj,neutral,0.7121136784553528,0.0
foolish,516575,juanddlost juanddlost juanddlost,neutral,0.7664942145347595,0.0
foolish,516575,saj he always knew how to make it look pretty,positive,0.9010735154151917,0.9010735154151917
foolish,516575,saj im still bawling,neutral,0.4436652660369873,0.0
foolish,516575,saj asking for advice,neutral,0.8387400507926941,0.0
foolish,516575,foolishcrying foolishcrying foolishcrying,negative,0.8678762316703796,-0.8678762316703796
foolish,516575,saj,neutral,0.7121136784553528,0.0
foolish,516575,his last job damn,negative,0.5697699785232544,-0.5697699785232544
foolish,516575,saj,neutral,0.7121136784553528,0.0
foolish,516575,wa,neutral,0.5129188895225525,0.0
foolish,516575,no,neutral,0.4534933269023895,0.0
foolish,516575,i cant stop crying saj,negative,0.6120661497116089,-0.6120661497116089
foolish,516575,saj,neutral,0.7121136784553528,0.0
foolish,516575,saj,neutral,0.7121136784553528,0.0
foolish,516575,oh saj,neutral,0.6704485416412354,0.0
foolish,516575,foolishcrying foolishcrying,negative,0.8623465299606323,-0.8623465299606323
foolish,516575,foolishcrying foolishcrying,negative,0.8623465299606323,-0.8623465299606323
foolish,516575,added the little things that made it feel like home,positive,0.7912207841873169,0.7912207841873169
foolish,516575,who are we gonna prank now saj,negative,0.6155521273612976,-0.6155521273612976
foolish,516575,stopp omg ssaj,neutral,0.5213648080825806,0.0
foolish,516575,oh fuch,negative,0.5788232684135437,-0.5788232684135437
foolish,516575,saj,neutral,0.7121136784553528,0.0
foolish,516575,holaa foolish,negative,0.6067290306091309,-0.6067290306091309
foolish,516575,wa,neutral,0.5129188895225525,0.0
foolish,516575,saj,neutral,0.7121136784553528,0.0
foolish,516575,bro im actually crying this is too much,negative,0.6588972210884094,-0.6588972210884094
foolish,516575,saj,neutral,0.7121136784553528,0.0
foolish,516575,no saj,neutral,0.7576871514320374,0.0
foolish,516575,saj,neutral,0.7121136784553528,0.0
foolish,516575,stop this saj,negative,0.8705558180809021,-0.8705558180809021
foolish,516575,hypelove,positive,0.7420830130577087,0.7420830130577087
foolish,516575,fuck man wa,negative,0.851945161819458,-0.851945161819458
foolish,516575,juanddclap juanddclap,neutral,0.5443859696388245,0.0
foolish,516575,damn,negative,0.5414101481437683,-0.5414101481437683
foolish,516575,cinema,neutral,0.7428182363510132,0.0
foolish,516575,juanddhmm juanddhmm juanddhmm juanddhmm juanddhmm,neutral,0.7100928425788879,0.0
foolish,516575,saj,neutral,0.7121136784553528,0.0
foolish,516575,bigsad,neutral,0.7111685276031494,0.0
foolish,516575,saj his last job,neutral,0.8114771842956543,0.0
foolish,516575,oh god no,negative,0.586135983467102,-0.586135983467102
foolish,516575,saj,neutral,0.7121136784553528,0.0
foolish,516575,no juanddlost,neutral,0.7887004613876343,0.0
foolish,516575,wait thats so sadss,negative,0.8874151706695557,-0.8874151706695557
foolish,516575,stop im sobbing saj,negative,0.6118366718292236,-0.6118366718292236
foolish,516575,k,neutral,0.519564151763916,0.0
foolish,516575,foolishcrying foolishcrying foolishcrying foolishcrying,negative,0.8669513463973999,-0.8669513463973999
foolish,516575,saj he was just a little guy,neutral,0.654071033000946,0.0
foolish,516575,the kelpamine,neutral,0.673227846622467,0.0
foolish,516575,saj,neutral,0.7121136784553528,0.0
foolish,516575,im crying,neutral,0.4555914103984833,0.0
foolish,516575,juan come back,neutral,0.744064211845398,0.0
foolish,516575,im so sick bigsad,negative,0.9197657704353333,-0.9197657704353333
foolish,516575,saj juan,neutral,0.8596521615982056,0.0
foolish,516575,ishan no,neutral,0.6170631051063538,0.0
foolish,516575,vegettsad foolishcrying vegettsad foolishcrying,negative,0.7765422463417053,-0.7765422463417053
foolish,516575,did i join at angst,neutral,0.8594377040863037,0.0
foolish,516575,saj,neutral,0.7121136784553528,0.0
foolish,516575,chest,neutral,0.6996069550514221,0.0
foolish,516575,you sicko,negative,0.864803671836853,-0.864803671836853
foolish,516575,saj,neutral,0.7121136784553528,0.0
foolish,516575,ishan saj,neutral,0.8128875494003296,0.0
gofns,516575,gg,neutral,0.48036664724349976,0.0
gofns,516575,gg,neutral,0.48036664724349976,0.0
gofns,516575,gg,neutral,0.48036664724349976,0.0
gofns,516575,gg,neutral,0.48036664724349976,0.0
gofns,516575,hh,neutral,0.5101469159126282,0.0
gofns,516575,wow,positive,0.5003098845481873,0.5003098845481873
gofns,516575,damn gg,neutral,0.5019672513008118,0.0
gofns,516575,last player standing,neutral,0.8527708649635315,0.0
gofns,516575,its so good,positive,0.9393174052238464,0.9393174052238464
gofns,516575,gg,neutral,0.48036664724349976,0.0
gofns,516575,beautiful,positive,0.8255075812339783,0.8255075812339783
gofns,516575,he said thanyou for pointing at me,neutral,0.5556641221046448,0.0
gofns,516575,rt,neutral,0.6207712292671204,0.0
gofns,516575,vit omegalul,neutral,0.7249709367752075,0.0
gofns,516575,ye,neutral,0.4922037124633789,0.0
gofns,516575,sit down,neutral,0.7095745801925659,0.0
gofns,516575,nah,neutral,0.44050976634025574,0.0
gofns,516575,obv,neutral,0.6603155136108398,0.0
gofns,516575,please unc your pc is about to crash again its making sounds again,negative,0.8616208434104919,-0.8616208434104919
gofns,516575,they are,neutral,0.662209689617157,0.0
gofns,516575,yes,positive,0.4800679683685303,0.4800679683685303
gofns,516575,u should really invest in toolkit,neutral,0.6966857314109802,0.0
gofns,516575,yeah,neutral,0.534852921962738,0.0
gofns,516575,when does sen play,neutral,0.895664632320404,0.0
gofns,516575,yes,positive,0.4800679683685303,0.4800679683685303
gofns,516575,no,neutral,0.4534933269023895,0.0
gofns,516575,rt,neutral,0.6207712292671204,0.0
gofns,516575,beautiful attack side,positive,0.9392353892326355,0.9392353892326355
gofns,516575,nope,neutral,0.5426129698753357,0.0
gofns,516575,rt,neutral,0.6207712292671204,0.0
gofns,516575,rt,neutral,0.6207712292671204,0.0
gofns,516575,yes,positive,0.4800679683685303,0.4800679683685303
gofns,516575,wait,neutral,0.5880701541900635,0.0
gofns,516575,yes,positive,0.4800679683685303,0.4800679683685303
gofns,516575,yes,positive,0.4800679683685303,0.4800679683685303
gofns,516575,fut in maps,neutral,0.8077181577682495,0.0
gofns,516575,today yes,positive,0.5127499103546143,0.5127499103546143
gofns,516575,was pearl vt pick,neutral,0.7820679545402527,0.0
gofns,516575,thats what i was saying,neutral,0.7637052536010742,0.0
gofns,516575,yo unc this getting old,negative,0.831529974937439,-0.831529974937439
gofns,516575,yes,positive,0.4800679683685303,0.4800679683685303
gofns,516575,no,neutral,0.4534933269023895,0.0
gofns,516575,yes,positive,0.4800679683685303,0.4800679683685303
gofns,516575,huh,neutral,0.686621904373169,0.0
gofns,516575,nope too earlyt,neutral,0.5191171765327454,0.0
gofns,516575,why did vit choose defense side,neutral,0.5124644637107849,0.0
gofns,516575,yes,positive,0.4800679683685303,0.4800679683685303
gofns,516575,fns when are we duo qing,neutral,0.8835645914077759,0.0
gofns,516575,no,neutral,0.4534933269023895,0.0
gofns,516575,shes buying a stairway to heaven,neutral,0.6485815048217773,0.0
gofns,516575,hi gofns,neutral,0.7507383823394775,0.0
gofns,516575,last time u called them strat team,neutral,0.7461636066436768,0.0
gofns,516575,hi im puchan owo,neutral,0.7190567851066589,0.0
gofns,516575,yes,positive,0.4800679683685303,0.4800679683685303
gofns,516575,rt,neutral,0.6207712292671204,0.0
gofns,516575,no,neutral,0.4534933269023895,0.0
gofns,516575,sure,neutral,0.48973190784454346,0.0
gofns,516575,rt,neutral,0.6207712292671204,0.0
gofns,516575,true,positive,0.5531139373779297,0.5531139373779297
gofns,516575,jinxed,neutral,0.8347628116607666,0.0
gofns,516575,rt,neutral,0.6207712292671204,0.0
gofns,516575,w jinx,neutral,0.4865487217903137,0.0
gofns,516575,rt,neutral,0.6207712292671204,0.0
gofns,516575,yeah just hero rounds the last rounds fairs,neutral,0.7897857427597046,0.0
gofns,516575,yes,positive,0.4800679683685303,0.4800679683685303
gofns,516575,does fut have a top haven itw,neutral,0.9118859767913818,0.0
gofns,516575,say,neutral,0.5528005957603455,0.0
gofns,516575,they trolled the last map,neutral,0.5851576924324036,0.0
gofns,516575,they got double pistol last map,neutral,0.8960028290748596,0.0
gofns,516575,fut is the better team,positive,0.6141417026519775,0.6141417026519775
gofns,516575,no,neutral,0.4534933269023895,0.0
gofns,516575,ofc theyre turkish aim,neutral,0.7833960652351379,0.0
gofns,516575,they have won all pistols,neutral,0.490117609500885,0.0
gofns,516575,gg,neutral,0.48036664724349976,0.0
gofns,516575,save derke,neutral,0.7283530831336975,0.0
gofns,516575,they threw,neutral,0.7201375365257263,0.0
gofns,516575,yes,positive,0.4800679683685303,0.4800679683685303
gofns,516575,super team they said lol,positive,0.6026612520217896,0.6026612520217896
gofns,516575,it doesnt matter if they cant close it out,negative,0.6635904312133789,-0.6635904312133789
gofns,516575,vit got some lucky rounds true true,positive,0.5765753388404846,0.5765753388404846
gofns,516575,wait until chron wakes up again,neutral,0.8991960287094116,0.0
gofns,516575,remember fut over optic,neutral,0.7229827046394348,0.0
gofns,516575,lost with double pistol btw,negative,0.5253806114196777,-0.5253806114196777
gofns,516575,owo,neutral,0.6090396642684937,0.0
gofns,516575,just jinxed the hell out of them,negative,0.8668708801269531,-0.8668708801269531
gofns,516575,you cant be a better team if you win all the pistols but still lose,negative,0.6986961960792542,-0.6986961960792542
gofns,516575,the emea upper final fut shouldve won they just hard choked,negative,0.8416388630867004,-0.8416388630867004
gofns,516575,bro jinxed it now they gonna lose,negative,0.909304141998291,-0.909304141998291
gofns,516575,its kinda like iphones vs android the ui looks easy and more friendly easier but not good if that makes sense,negative,0.6637344360351562,-0.6637344360351562
gofns,516575,they were the better team stage one vit just got lucky in lpayoffs,neutral,0.47407272458076477,0.0
gofns,516575,they are it was all chronicle,neutral,0.8425114750862122,0.0
gofns,516575,duh,neutral,0.6658138036727905,0.0
gofns,516575,fut sold so hard on that astra star round man,neutral,0.5534107089042664,0.0
gofns,516575,sopp is insane bruv,positive,0.4394838213920593,0.4394838213920593
gofns,516575,yes they were just couldnt convert thee cutches,negative,0.7324166297912598,-0.7324166297912598
gofns,516575,yo you are the larping king,negative,0.8542931079864502,-0.8542931079864502
gofns,516575,they win last map if it wasnt for chron,neutral,0.7664913535118103,0.0
gofns,516575,hey fns,neutral,0.7759403586387634,0.0
gofns,516575,socialbee lilbro,neutral,0.7667016983032227,0.0
gofns,516575,navi lol,neutral,0.712106466293335,0.0
joshseki,516575,life is strange,negative,0.681386411190033,-0.681386411190033
joshseki,516575,would u have adopted his sister too,neutral,0.9228885173797607,0.0
joshseki,516575,a cat had her kittens in my backyard and only two survived and we took care of them,neutral,0.5156130194664001,0.0
joshseki,516575,my cats only tolerate each other,neutral,0.5702491402626038,0.0
joshseki,516575,are we gonna play some valo today,neutral,0.9384170770645142,0.0
joshseki,516575,what are these drops,neutral,0.7726582884788513,0.0
joshseki,516575,lol,positive,0.45361214876174927,0.45361214876174927
joshseki,516575,im so sorry to hear that i can only imagine ill be in the same position in yrs when my cats get old,negative,0.8968304991722107,-0.8968304991722107
joshseki,516575,lmaoo,neutral,0.5351349711418152,0.0
joshseki,516575,lmao,neutral,0.5486765503883362,0.0
joshseki,516575,i got my kitten last sunday,neutral,0.5277947783470154,0.0
joshseki,516575,my cats are a bonded pairwouldnt be able to tell with how they act now but when one goes to the vet without the other they freak out a little,neutral,0.6723674535751343,0.0
joshseki,516575,my male angel fish kept eating the females eggs so we had to get rid of them,negative,0.6507540941238403,-0.6507540941238403
joshseki,516575,do you ever have imposter syndrome josh,negative,0.6448895335197449,-0.6448895335197449
joshseki,516575,joshseki do u like mooda,neutral,0.9192641377449036,0.0
joshseki,516575,i sobbed getting my cats i got them a week after my th birthday,neutral,0.3364866375923157,0.0
joshseki,516575,no,neutral,0.4534933269023895,0.0
joshseki,516575,no,neutral,0.4534933269023895,0.0
joshseki,516575,omg so sad,negative,0.8914561867713928,-0.8914561867713928
joshseki,516575,i rescued my first cat,positive,0.6849883198738098,0.6849883198738098
joshseki,516575,sad sad sad sad,negative,0.8511106371879578,-0.8511106371879578
joshseki,516575,no,neutral,0.4534933269023895,0.0
joshseki,516575,why is this stream sad,negative,0.9152259826660156,-0.9152259826660156
joshseki,516575,omg i saw that last night i sobbed,negative,0.5481367707252502,-0.5481367707252502
joshseki,516575,why isnt unc reading my msg,negative,0.6884650588035583,-0.6884650588035583
joshseki,516575,same,neutral,0.5486311912536621,0.0
joshseki,516575,joshsekisadge,neutral,0.7990023493766785,0.0
joshseki,516575,lmao,neutral,0.5486765503883362,0.0
joshseki,516575,joshsekibooti joshsekibooti joshsekibooti joshsekibooti,neutral,0.7675140500068665,0.0
joshseki,516575,i just saw it,neutral,0.8410966992378235,0.0
joshseki,516575,i birthed my cat joshsekibooti,neutral,0.8472939133644104,0.0
joshseki,516575,duckass duckass duckass duckass,negative,0.5053494572639465,-0.5053494572639465
joshseki,516575,the music is bringing the mood down lol,negative,0.856364905834198,-0.856364905834198
joshseki,516575,glorpass,positive,0.6200028657913208,0.6200028657913208
joshseki,516575,haha,positive,0.5592273473739624,0.5592273473739624
joshseki,516575,they say you have to let them see when their friends die though because otherwise they look for them forever pepehands,neutral,0.7777761220932007,0.0
joshseki,516575,so different,positive,0.4592234790325165,0.4592234790325165
joshseki,516575,at least they are able to process the passing of the bonded cat love,neutral,0.6071509122848511,0.0
joshseki,516575,joshsekibooti joshsekibooti joshsekibooti,neutral,0.7767351269721985,0.0
joshseki,516575,duckass duckass,negative,0.5209354162216187,-0.5209354162216187
joshseki,516575,joshsekibooti joshsekibooti joshsekibooti joshsekibooti,neutral,0.7675140500068665,0.0
joshseki,516575,glorpass,positive,0.6200028657913208,0.6200028657913208
joshseki,516575,joshsekibooti joshsekibooti joshsekibooti joshsekibooti joshsekibooti,neutral,0.7468467354774475,0.0
joshseki,516575,joshsekibooti joshsekibooti joshsekibooti joshsekibooti joshsekibooti joshsekibooti joshsekibooti,neutral,0.7454313635826111,0.0
joshseki,516575,lmaoo the change,neutral,0.4944317936897278,0.0
joshseki,516575,duckass duckass duckass duckass duckass,neutral,0.4828836917877197,0.0
joshseki,516575,joshsekibooti joshsekibooti joshsekibooti joshsekibooti,neutral,0.7675140500068665,0.0
joshseki,516575,joshsekibooti joshsekibooti joshsekibooti joshsekibooti,neutral,0.7675140500068665,0.0
joshseki,516575,my cats have been together since birth and when one of them got sick the one that stayed home did not give af,negative,0.6360352039337158,-0.6360352039337158
joshseki,516575,joshsekibooti joshsekibooti joshsekibooti,neutral,0.7767351269721985,0.0
joshseki,516575,cats twerking seraphvpain seraphvpain seraphvpain,neutral,0.552227258682251,0.0
joshseki,516575,joshsekibooti joshsekibooti joshsekibooti joshsekibooti joshsekibooti,neutral,0.7468467354774475,0.0
joshseki,516575,joshsekibooti joshsekibooti joshsekibooti joshsekibooti joshsekibooti,neutral,0.7468467354774475,0.0
joshseki,516575,i have two cats and they basically saved my life takenrg,positive,0.8544120192527771,0.8544120192527771
joshseki,516575,joshsekibooti joshsekibooti joshsekibooti,neutral,0.7767351269721985,0.0
joshseki,516575,joshsekibooti joshsekibooti,neutral,0.7888835072517395,0.0
joshseki,516575,twerk,neutral,0.758314847946167,0.0
joshseki,516575,can u plau if i by treasure its vv god,positive,0.7836762070655823,0.7836762070655823
joshseki,516575,joshsekibooti joshsekibooti,neutral,0.7888835072517395,0.0
joshseki,516575,life is strange,negative,0.681386411190033,-0.681386411190033
joshseki,516575,joshsekibooti,neutral,0.8109287023544312,0.0
joshseki,516575,lets twerk,neutral,0.7214444279670715,0.0
joshseki,516575,life is strange,negative,0.681386411190033,-0.681386411190033
joshseki,516575,joshsekibooti joshsekibooti joshsekibooti joshsekibooti,neutral,0.7675140500068665,0.0
joshseki,516575,do life is strange remastered first,neutral,0.7571303248405457,0.0
joshseki,516575,duckass duckass duckass,negative,0.5224798321723938,-0.5224798321723938
joshseki,516575,what is this chat bruh,negative,0.7594565153121948,-0.7594565153121948
joshseki,516575,duckass joshsekibooti,negative,0.7926790118217468,-0.7926790118217468
joshseki,516575,joshsekibooti joshsekibooti joshsekibooti joshsekibooti,neutral,0.7675140500068665,0.0
joshseki,516575,happi happi happi happi,positive,0.8953874111175537,0.8953874111175537
joshseki,516575,throw it throw it,neutral,0.5961145758628845,0.0
joshseki,516575,this song is so tomodachi life,positive,0.8933948874473572,0.8933948874473572
joshseki,516575,joshsekibooti joshsekibooti joshsekibooti joshsekibooti joshsekibooti,neutral,0.7468467354774475,0.0
joshseki,516575,no valo today josh,neutral,0.5959579944610596,0.0
joshseki,516575,did you do the bag giveaway,neutral,0.9104339480400085,0.0
joshseki,516575,joshsekibooti joshsekibooti joshsekibooti,neutral,0.7767351269721985,0.0
joshseki,516575,their new song,neutral,0.6716312170028687,0.0
joshseki,516575,yes,positive,0.4800679683685303,0.4800679683685303
joshseki,516575,duckass,negative,0.5443075895309448,-0.5443075895309448
joshseki,516575,im so excited for you to go through art submissions,positive,0.9852921366691589,0.9852921366691589
joshseki,516575,did we do the bag giveaway already chat,neutral,0.9038848280906677,0.0
joshseki,516575,uhh remastered,neutral,0.7498858571052551,0.0
joshseki,516575,lis,neutral,0.5456908941268921,0.0
joshseki,516575,not yet,neutral,0.7154385447502136,0.0
joshseki,516575,duckass glorpass,negative,0.7484022378921509,-0.7484022378921509
joshseki,516575,throw it throw it throwing it,neutral,0.6353113651275635,0.0
joshseki,516575,joshsekiclap joshsekiclap joshsekiclap,neutral,0.7606303691864014,0.0
joshseki,516575,not yet,neutral,0.7154385447502136,0.0
joshseki,516575,joshsekilove,neutral,0.7907362580299377,0.0
joshseki,516575,unc u not reading msg,neutral,0.6558347344398499,0.0
joshseki,516575,before the storm dives deeper into chloe the main character so its best to play after the first one,neutral,0.8659718632698059,0.0
joshseki,516575,thank you,positive,0.8158766031265259,0.8158766031265259
joshseki,516575,i think before the storm is the prequel,neutral,0.9321318864822388,0.0
joshseki,516575,duckass duckass duckass duckass,negative,0.5053494572639465,-0.5053494572639465
joshseki,516575,lookup,neutral,0.6667574644088745,0.0
joshseki,516575,yes,positive,0.4800679683685303,0.4800679683685303
joshseki,516575,josh do yk the loona sub unit odd eye circle,neutral,0.941106379032135,0.0
s0mcs,516575,tomorrow my fuccking exam and i just wasted my all time on this match what should i do now,negative,0.9437679648399353,-0.9437679648399353
s0mcs,516575,temu tenz here,neutral,0.9236037731170654,0.0
s0mcs,516575,months,neutral,0.620926022529602,0.0
s0mcs,516575,in advance,neutral,0.5166692137718201,0.0
s0mcs,516575,im feeling risky hehe,neutral,0.6008058786392212,0.0
s0mcs,516575,yoo twin same maths alevel,neutral,0.5419573783874512,0.0
s0mcs,516575,must be nice being rich,positive,0.6899309158325195,0.6899309158325195
s0mcs,516575,wild,neutral,0.4936116933822632,0.0
s0mcs,516575,wait wtf,neutral,0.6829738020896912,0.0
s0mcs,516575,u need proof fine check dms,neutral,0.8830673098564148,0.0
s0mcs,516575,continue watching,neutral,0.74760901927948,0.0
s0mcs,516575,dex,neutral,0.7075303196907043,0.0
s0mcs,516575,ask sm for help,neutral,0.815264105796814,0.0
s0mcs,516575,thank you wtf,positive,0.70059734582901,0.70059734582901
s0mcs,516575,wheres som,neutral,0.8773732781410217,0.0
s0mcs,516575,any gifters shoot is that a trickk omg,neutral,0.7266457080841064,0.0
s0mcs,516575,poopin,neutral,0.6460762619972229,0.0
s0mcs,516575,happywei gonna be sadwei after this match,negative,0.5029155015945435,-0.5029155015945435
s0mcs,516575,happy,positive,0.824882984161377,0.824882984161377
s0mcs,516575,ngl still,neutral,0.6894736289978027,0.0
s0mcs,516575,dexteritycs,neutral,0.7283570766448975,0.0
s0mcs,516575,wait months,neutral,0.7871224284172058,0.0
s0mcs,516575,u can do that,neutral,0.5790383815765381,0.0
s0mcs,516575,woah,neutral,0.46079403162002563,0.0
s0mcs,516575,hydrogen bomb vs coughing child,negative,0.4727393090724945,-0.4727393090724945
s0mcs,516575,its happywei vs ge,neutral,0.8131290674209595,0.0
s0mcs,516575,my goat thank you,positive,0.9562670588493347,0.9562670588493347
s0mcs,516575,scatter,neutral,0.6390314698219299,0.0
s0mcs,516575,about time,neutral,0.5665988922119141,0.0
s0mcs,516575,done crying,neutral,0.44681787490844727,0.0
s0mcs,516575,oml,neutral,0.6756647825241089,0.0
s0mcs,516575,o,neutral,0.5066007971763611,0.0
s0mcs,516575,welcome back pooper,positive,0.4805923104286194,0.4805923104286194
s0mcs,516575,who u rooting for som,neutral,0.8595384359359741,0.0
s0mcs,516575,pls give me a fut shirt,positive,0.5023977160453796,0.5023977160453796
s0mcs,516575,scatter,neutral,0.6390314698219299,0.0
s0mcs,516575,make sure you follow me on all socials youtube instagram twitter tiktok,neutral,0.6289365887641907,0.0
s0mcs,516575,jumpscare,neutral,0.7202109098434448,0.0
s0mcs,516575,no worries peanut happy,positive,0.7857073545455933,0.7857073545455933
s0mcs,516575,how was the cry sam,neutral,0.7180719971656799,0.0
s0mcs,516575,dex gifted someone for months smcs,neutral,0.5950851440429688,0.0
s0mcs,516575,bro know the differentiation,neutral,0.7000813484191895,0.0
s0mcs,516575,som please come back we are lonely and bored,negative,0.7687789797782898,-0.7687789797782898
s0mcs,516575,its okay bro let it out,neutral,0.5940586924552917,0.0
s0mcs,516575,not checking that son,negative,0.588982105255127,-0.588982105255127
s0mcs,516575,g has to get nrgs trade,neutral,0.8603619933128357,0.0
s0mcs,516575,lo,neutral,0.5339378714561462,0.0
s0mcs,516575,play ranked,neutral,0.8114522099494934,0.0
s0mcs,516575,you missed a crazy clip,negative,0.5105913877487183,-0.5105913877487183
s0mcs,516575,if mada doesnt show up to champs he needs to be replaced,negative,0.8269919157028198,-0.8269919157028198
s0mcs,516575,rt,neutral,0.6207712292671204,0.0
s0mcs,516575,agreed,neutral,0.5910080075263977,0.0
s0mcs,516575,udon,neutral,0.6799196600914001,0.0
s0mcs,516575,for months btw,neutral,0.8220637440681458,0.0
s0mcs,516575,choose a new team to support now,neutral,0.8256716728210449,0.0
s0mcs,516575,so true,positive,0.5129880905151367,0.5129880905151367
s0mcs,516575,can we just go back to minecraft,neutral,0.6575789451599121,0.0
s0mcs,516575,lets go play minecraft ww m,neutral,0.5405834913253784,0.0
s0mcs,516575,i love u more,positive,0.9381557703018188,0.9381557703018188
s0mcs,516575,who are u rooting for,neutral,0.8486708402633667,0.0
s0mcs,516575,yes jett differential,neutral,0.6879444718360901,0.0
s0mcs,516575,i miss luke,neutral,0.6362755298614502,0.0
s0mcs,516575,pred for ge xlg,neutral,0.8049728870391846,0.0
s0mcs,516575,xlg vs gr residentsleeper,neutral,0.7967896461486816,0.0
s0mcs,516575,aww,positive,0.48655515909194946,0.48655515909194946
s0mcs,516575,make sure to subscribe to sms youtube channel,neutral,0.6622908711433411,0.0
s0mcs,516575,cancel preds,negative,0.6807767748832703,-0.6807767748832703
s0mcs,516575,support vitality now,neutral,0.7176933288574219,0.0
s0mcs,516575,nrg choked,neutral,0.5845788717269897,0.0
s0mcs,516575,can u guys kiss,neutral,0.7257788777351379,0.0
s0mcs,516575,dansi scuba dansi scuba,neutral,0.6771219372749329,0.0
s0mcs,516575,logitech g spot o,neutral,0.767296314239502,0.0
s0mcs,516575,ge,neutral,0.5749290585517883,0.0
s0mcs,516575,jawgemo to nrg,neutral,0.8461332321166992,0.0
s0mcs,516575,genderfluidpride,neutral,0.7686789631843567,0.0
s0mcs,516575,ge,neutral,0.5749290585517883,0.0
s0mcs,516575,ge,neutral,0.5749290585517883,0.0
s0mcs,516575,prx,neutral,0.6255531907081604,0.0
s0mcs,516575,you get paid to watch party,neutral,0.7778429388999939,0.0
s0mcs,516575,fut,neutral,0.6238189935684204,0.0
s0mcs,516575,lev,neutral,0.6287703514099121,0.0
s0mcs,516575,we can be vitality fans together,neutral,0.5085135102272034,0.0
s0mcs,516575,lev,neutral,0.6287703514099121,0.0
s0mcs,516575,heretics,neutral,0.7436417937278748,0.0
s0mcs,516575,mada benched tweet is gonna hit like crack,neutral,0.5963447690010071,0.0
s0mcs,516575,lev,neutral,0.6287703514099121,0.0
s0mcs,516575,g,neutral,0.47612297534942627,0.0
s0mcs,516575,edg,neutral,0.7089377641677856,0.0
s0mcs,516575,g,neutral,0.47612297534942627,0.0
s0mcs,516575,heretics,neutral,0.7436417937278748,0.0
s0mcs,516575,vitality daddy,neutral,0.6569569706916809,0.0
s0mcs,516575,yeah,neutral,0.534852921962738,0.0
s0mcs,516575,fut lol,neutral,0.6858566999435425,0.0
s0mcs,516575,prx,neutral,0.6255531907081604,0.0
s0mcs,516575,hatewatching g and fut all day,negative,0.941084086894989,-0.941084086894989
s0mcs,516575,g,neutral,0.47612297534942627,0.0
s0mcs,516575,oda,neutral,0.5621208548545837,0.0
s0mcs,516575,oda,neutral,0.5621208548545837,0.0
s0mcs,516575,g g,neutral,0.5661703944206238,0.0
shanks_ttv,516575,wtf zeus doing,neutral,0.5214772820472717,0.0
shanks_ttv,516575,lol,positive,0.45361214876174927,0.45361214876174927
shanks_ttv,516575,he wanted to knife pfft,neutral,0.5085794925689697,0.0
shanks_ttv,516575,lmfao,neutral,0.48061928153038025,0.0
shanks_ttv,516575,lmfao,neutral,0.48061928153038025,0.0
shanks_ttv,516575,rt,neutral,0.6207712292671204,0.0
shanks_ttv,516575,rt,neutral,0.6207712292671204,0.0
shanks_ttv,516575,rt,neutral,0.6207712292671204,0.0
shanks_ttv,516575,d,neutral,0.548960268497467,0.0
shanks_ttv,516575,dude is genuinely playing ranked rn this isnt a pro game for him,negative,0.7387107610702515,-0.7387107610702515
shanks_ttv,516575,rt,neutral,0.6207712292671204,0.0
shanks_ttv,516575,spp is actually prod lmao,neutral,0.6091479659080505,0.0
shanks_ttv,516575,chill,neutral,0.543481707572937,0.0
shanks_ttv,516575,d rider,neutral,0.6425397992134094,0.0
shanks_ttv,516575,d,neutral,0.548960268497467,0.0
shanks_ttv,516575,xeus is shit,negative,0.8987964987754822,-0.8987964987754822
shanks_ttv,516575,rt,neutral,0.6207712292671204,0.0
shanks_ttv,516575,primmie clears,neutral,0.6557312607765198,0.0
shanks_ttv,516575,d,neutral,0.548960268497467,0.0
shanks_ttv,516575,u wanna fuck him so bad,negative,0.5216856598854065,-0.5216856598854065
shanks_ttv,516575,greed maxxin lo,neutral,0.6620977520942688,0.0
shanks_ttv,516575,rt,neutral,0.6207712292671204,0.0
shanks_ttv,516575,its true,neutral,0.6401332020759583,0.0
shanks_ttv,516575,dih riding,neutral,0.650173008441925,0.0
shanks_ttv,516575,he belongs on prx,neutral,0.7105503082275391,0.0
shanks_ttv,516575,plays like prod,neutral,0.7814915180206299,0.0
shanks_ttv,516575,crazyguy reference,neutral,0.695933997631073,0.0
shanks_ttv,516575,prod,neutral,0.6103506684303284,0.0
shanks_ttv,516575,prod if he locked in,neutral,0.8531438112258911,0.0
shanks_ttv,516575,woudl u let soop rail u if u could be as good as him at valorant,neutral,0.5316768288612366,0.0
shanks_ttv,516575,spp or something who are you taking shanks,negative,0.8068376779556274,-0.8068376779556274
shanks_ttv,516575,crazyguy mentioned,neutral,0.7490695118904114,0.0
shanks_ttv,516575,u think canezerra would have played like spp if he did play,neutral,0.8963168859481812,0.0
shanks_ttv,516575,unrt,neutral,0.7428672909736633,0.0
shanks_ttv,516575,pfft,neutral,0.5842130780220032,0.0
shanks_ttv,516575,crazyguy u said,neutral,0.6950911283493042,0.0
shanks_ttv,516575,rrq crazyguy,negative,0.7638869285583496,-0.7638869285583496
shanks_ttv,516575,reminds of prime prx,neutral,0.7964973449707031,0.0
shanks_ttv,516575,rt,neutral,0.6207712292671204,0.0
shanks_ttv,516575,actually,neutral,0.6392555832862854,0.0
shanks_ttv,516575,rt,neutral,0.6207712292671204,0.0
shanks_ttv,516575,him or jawgemo,neutral,0.8932657837867737,0.0
shanks_ttv,516575,rtrt,neutral,0.7007008790969849,0.0
shanks_ttv,516575,unrt,neutral,0.7428672909736633,0.0
shanks_ttv,516575,pfft,neutral,0.5842130780220032,0.0
shanks_ttv,516575,vietnam mentioned rahh,neutral,0.8906095027923584,0.0
shanks_ttv,516575,he plays like prod but just times better,positive,0.7750117182731628,0.7750117182731628
shanks_ttv,516575,widespeedlemon,neutral,0.7854230999946594,0.0
shanks_ttv,516575,m,neutral,0.5227492451667786,0.0
shanks_ttv,516575,something clears everyone,neutral,0.7328271865844727,0.0
shanks_ttv,516575,that op skin is ugly as fuck,negative,0.9327973127365112,-0.9327973127365112
shanks_ttv,516575,primmie ass,negative,0.4485824406147003,-0.4485824406147003
shanks_ttv,516575,who are your top duelist in this tourney,neutral,0.8720051646232605,0.0
shanks_ttv,516575,isnt the scoreboard just the way they sit on the stage,neutral,0.88841712474823,0.0
shanks_ttv,516575,sayo,neutral,0.6971507668495178,0.0
shanks_ttv,516575,ooh,neutral,0.5912153720855713,0.0
shanks_ttv,516575,ouu shi,neutral,0.7079510688781738,0.0
shanks_ttv,516575,ww,neutral,0.6053802967071533,0.0
shanks_ttv,516575,sayo got dat aura sayo got dat aura sayo got dat aura sayo got dat aura,neutral,0.6274300813674927,0.0
shanks_ttv,516575,ask about primmie what happened yday,neutral,0.8833685517311096,0.0
shanks_ttv,516575,sayo always good for those,positive,0.9146577715873718,0.9146577715873718
shanks_ttv,516575,m sayo,neutral,0.748543918132782,0.0
shanks_ttv,516575,spp is like if prod was good at the game,neutral,0.5727917551994324,0.0
shanks_ttv,516575,u think canezerra would have played like spp if he did play t,neutral,0.9040309190750122,0.0
shanks_ttv,516575,d,neutral,0.548960268497467,0.0
shanks_ttv,516575,m,neutral,0.5227492451667786,0.0
shanks_ttv,516575,thayonara,neutral,0.8389723896980286,0.0
shanks_ttv,516575,ew,neutral,0.5511317849159241,0.0
shanks_ttv,516575,thefanov,neutral,0.7120933532714844,0.0
shanks_ttv,516575,vit have duelist too,neutral,0.8502055406570435,0.0
shanks_ttv,516575,better,positive,0.6183064579963684,0.6183064579963684
shanks_ttv,516575,did he bet chat,neutral,0.8764278888702393,0.0
shanks_ttv,516575,fax,neutral,0.6077455878257751,0.0
shanks_ttv,516575,phoenix is getting touched next patch gg,neutral,0.6472092270851135,0.0
shanks_ttv,516575,something hard clears,neutral,0.5660700798034668,0.0
shanks_ttv,516575,who do u think r the top duelists in thos tournamenr,neutral,0.8748168349266052,0.0
shanks_ttv,516575,uhh idk,neutral,0.7452961802482605,0.0
shanks_ttv,516575,cane would be better than cane,neutral,0.5580716133117676,0.0
shanks_ttv,516575,stfu,neutral,0.5350922346115112,0.0
shanks_ttv,516575,yea i guess,neutral,0.7990282773971558,0.0
shanks_ttv,516575,cane would be x better,positive,0.5016006231307983,0.5016006231307983
shanks_ttv,516575,rt,neutral,0.6207712292671204,0.0
shanks_ttv,516575,ig well never know,neutral,0.6035234928131104,0.0
shanks_ttv,516575,did he bet chat,neutral,0.8764278888702393,0.0
shanks_ttv,516575,he is like loversrock,neutral,0.6561670899391174,0.0
shanks_ttv,516575,can e threw his career,neutral,0.682037353515625,0.0
shanks_ttv,516575,cane played bums,negative,0.7912001609802246,-0.7912001609802246
shanks_ttv,516575,bro just shit himself,negative,0.89274662733078,-0.89274662733078
shanks_ttv,516575,no,neutral,0.4534933269023895,0.0
shanks_ttv,516575,fax,neutral,0.6077455878257751,0.0
shanks_ttv,516575,cane wouldve been way better,negative,0.4327208995819092,-0.4327208995819092
shanks_ttv,516575,envy can clear any nc team,neutral,0.7390091419219971,0.0
shanks_ttv,516575,cane i think is a better rifler but spp yea is a better awper,positive,0.5516393780708313,0.5516393780708313
shanks_ttv,516575,canezerra would get molested in this lobby,negative,0.8473812937736511,-0.8473812937736511
shanks_ttv,516575,cane would shit on these players,negative,0.8795570135116577,-0.8795570135116577
shanks_ttv,516575,free cane,neutral,0.6635514497756958,0.0
shanks_ttv,516575,current eny for sure,neutral,0.7987095713615417,0.0
shanks_ttv,516575,cane would be better,neutral,0.6214383244514465,0.0
sliggytv,516575,hii,neutral,0.5623387694358826,0.0
sliggytv,516575,not much you can do first time its ever happened,negative,0.7596912384033203,-0.7596912384033203
sliggytv,516575,dominic soulcas woah,neutral,0.5481876134872437,0.0
sliggytv,516575,missing the old day,neutral,0.4895488917827606,0.0
sliggytv,516575,please,positive,0.5055518746376038,0.5055518746376038
sliggytv,516575,hi,neutral,0.4723919630050659,0.0
sliggytv,516575,please please please,positive,0.6364194750785828,0.6364194750785828
sliggytv,516575,hii,neutral,0.5623387694358826,0.0
sliggytv,516575,who shroud,neutral,0.7370992302894592,0.0
sliggytv,516575,please,positive,0.5055518746376038,0.5055518746376038
sliggytv,516575,w,neutral,0.47617238759994507,0.0
sliggytv,516575,get trav and dom for finals weekend pls,neutral,0.6554880738258362,0.0
sliggytv,516575,we need the reunion,neutral,0.7397129535675049,0.0
sliggytv,516575,sliggy stealing yinsus guests l slug,negative,0.6619734764099121,-0.6619734764099121
sliggytv,516575,lnk,neutral,0.7423068881034851,0.0
sliggytv,516575,oi sliggy give yinsu our guest back,neutral,0.8047690391540527,0.0
sliggytv,516575,dom,neutral,0.6497021317481995,0.0
sliggytv,516575,please sliggy i need to see old liquid together,neutral,0.5878390073776245,0.0
sliggytv,516575,trav ex member of tl,neutral,0.9010642170906067,0.0
sliggytv,516575,kekw,neutral,0.728352963924408,0.0
sliggytv,516575,nivera mhm,neutral,0.8271227478981018,0.0
sliggytv,516575,current guests soulcas aka dom former tl player among others bigtime former ge coach and pacific desk talent,neutral,0.7569026350975037,0.0
sliggytv,516575,damnn,neutral,0.5193123817443848,0.0
sliggytv,516575,trav is lnk_ mr judge himself,neutral,0.8448483943939209,0.0
sliggytv,516575,happy,positive,0.824882984161377,0.824882984161377
sliggytv,516575,sliggy stealing content from women smh,negative,0.8729321956634521,-0.8729321956634521
sliggytv,516575,happy,positive,0.824882984161377,0.824882984161377
sliggytv,516575,happy,positive,0.824882984161377,0.824882984161377
sliggytv,516575,nolook,neutral,0.7013627290725708,0.0
sliggytv,516575,what,neutral,0.4769662022590637,0.0
sliggytv,516575,what,neutral,0.4769662022590637,0.0
sliggytv,516575,what,neutral,0.4769662022590637,0.0
sliggytv,516575,what,neutral,0.4769662022590637,0.0
sliggytv,516575,no way,neutral,0.4621993601322174,0.0
sliggytv,516575,wowe,neutral,0.4846552014350891,0.0
sliggytv,516575,what,neutral,0.4769662022590637,0.0
sliggytv,516575,what,neutral,0.4769662022590637,0.0
sliggytv,516575,what,neutral,0.4769662022590637,0.0
sliggytv,516575,what,neutral,0.4769662022590637,0.0
sliggytv,516575,nah,neutral,0.44050976634025574,0.0
sliggytv,516575,wait wheres my goat travis mendoza slugcheck,neutral,0.7881628274917603,0.0
sliggytv,516575,nah,neutral,0.44050976634025574,0.0
sliggytv,516575,lmao,neutral,0.5486765503883362,0.0
sliggytv,516575,he got both what,neutral,0.8219813108444214,0.0
sliggytv,516575,what,neutral,0.4769662022590637,0.0
sliggytv,516575,what,neutral,0.4769662022590637,0.0
sliggytv,516575,lul,neutral,0.5273118019104004,0.0
sliggytv,516575,what,neutral,0.4769662022590637,0.0
sliggytv,516575,yelltujey,neutral,0.7094694972038269,0.0
sliggytv,516575,nah not even nivera i just wanna see jamppi soulcas and lnk,neutral,0.5389021635055542,0.0
sliggytv,516575,he gets both,neutral,0.746088981628418,0.0
sliggytv,516575,how,neutral,0.6041867733001709,0.0
sliggytv,516575,how did that happen,neutral,0.5906538963317871,0.0
sliggytv,516575,what,neutral,0.4769662022590637,0.0
sliggytv,516575,icant baited by the cam,neutral,0.6566952466964722,0.0
sliggytv,516575,that is actually criminal,negative,0.8879261612892151,-0.8879261612892151
sliggytv,516575,koi happy,positive,0.8641620874404907,0.8641620874404907
sliggytv,516575,ono,neutral,0.6297827363014221,0.0
sliggytv,516575,dom is here my heart is melting sliglove,positive,0.9736807346343994,0.9736807346343994
sliggytv,516575,chance pausershype,neutral,0.8449574112892151,0.0
sliggytv,516575,sit inside the frame soulcas pls,neutral,0.7898939251899719,0.0
sliggytv,516575,dramaa ki,neutral,0.8379051685333252,0.0
sliggytv,516575,ono,neutral,0.6297827363014221,0.0
sliggytv,516575,coming later i think he said theyre gonna try to do a stream with soulcas and travis,neutral,0.8893445134162903,0.0
sliggytv,516575,bigtime,neutral,0.5211915373802185,0.0
sliggytv,516575,chance hold,neutral,0.7682048678398132,0.0
sliggytv,516575,bye dom,neutral,0.6936338543891907,0.0
sliggytv,516575,yippie,positive,0.9195621013641357,0.9195621013641357
sliggytv,516575,one chance,neutral,0.5627734065055847,0.0
sliggytv,516575,byee,neutral,0.4907365143299103,0.0
sliggytv,516575,bye domi,neutral,0.7477530241012573,0.0
sliggytv,516575,be ready,neutral,0.4928532540798187,0.0
sliggytv,516575,bye,neutral,0.4738015830516815,0.0
sliggytv,516575,fish reunion,neutral,0.6668779850006104,0.0
sliggytv,516575,is ardiis allowed in the venue,neutral,0.9223868250846863,0.0
sliggytv,516575,bye,neutral,0.4738015830516815,0.0
sliggytv,516575,probs not i guess,neutral,0.7006787657737732,0.0
sliggytv,516575,fish reunion would go so hard,positive,0.8640794157981873,0.8640794157981873
sliggytv,516575,hold,neutral,0.6904683709144592,0.0
sliggytv,516575,who was that i tabbed out,neutral,0.6227847337722778,0.0
sliggytv,516575,lmao natan,neutral,0.637554943561554,0.0
sliggytv,516575,not allowed in the country probably,negative,0.560985267162323,-0.560985267162323
sliggytv,516575,welp,neutral,0.5382011532783508,0.0
sliggytv,516575,soulcas,neutral,0.7337502837181091,0.0
sliggytv,516575,gone again,neutral,0.5623167157173157,0.0
sliggytv,516575,fish the goats,neutral,0.48250266909599304,0.0
sliggytv,516575,happy,positive,0.824882984161377,0.824882984161377
sliggytv,516575,soulcas hes going into yinsu stream now,neutral,0.9393442273139954,0.0
sliggytv,516575,glitch box,neutral,0.7003169655799866,0.0
sliggytv,516575,o interesting,positive,0.6331077814102173,0.6331077814102173
sliggytv,516575,current guests bigtime former ge coach and pacific desk talent,neutral,0.7506301403045654,0.0
sliggytv,516575,fish vs sumn fc for showmatch,neutral,0.9059491157531738,0.0
sliggytv,516575,ardiisw,neutral,0.5567349195480347,0.0
sliggytv,516575,ardiis happy,positive,0.8277075886726379,0.8277075886726379
sliggytv,516575,kekw,neutral,0.728352963924408,0.0
sliggytv,516575,happy,positive,0.824882984161377,0.824882984161377
sliggytv,516575,hold,neutral,0.6904683709144592,0.0
sliggytv,516575,lmaoo,neutral,0.5351349711418152,0.0
subroza,516575,okay yassine u didnt rip it but wallah gmd ripped it,neutral,0.6483163237571716,0.0
subroza,516575,u guys arent even trying in mans,negative,0.7457897663116455,-0.7457897663116455
subroza,516575,u should rip aimlabs after that round man,negative,0.8134251832962036,-0.8134251832962036
subroza,516575,flux is a ghost,negative,0.7667277455329895,-0.7667277455329895
subroza,516575,its one of those days,negative,0.6893079280853271,-0.6893079280853271
subroza,516575,giving out passes,neutral,0.8888814449310303,0.0
subroza,516575,astagferollah,neutral,0.6963514685630798,0.0
subroza,516575,how did the enemy omen flash u if they dont have omen,neutral,0.6646724343299866,0.0
subroza,516575,the sexual tension between haerin and roza is crazy,neutral,0.6529378294944763,0.0
subroza,516575,rt,neutral,0.6207712292671204,0.0
subroza,516575,lmfao,neutral,0.48061928153038025,0.0
subroza,516575,i met gmd irl and he dragged me to a corner and ripped it in my ear,negative,0.5005953311920166,-0.5005953311920166
subroza,516575,i was gonna say something but i remembered what month it is so imma hold my tongue,neutral,0.6483302116394043,0.0
subroza,516575,lmao,neutral,0.5486765503883362,0.0
subroza,516575,what is this chat lmdfaooaoaoaaoa,negative,0.8118449449539185,-0.8118449449539185
subroza,516575,haha,positive,0.5592273473739624,0.5592273473739624
subroza,516575,we would do,neutral,0.6898961067199707,0.0
subroza,516575,wallahi they have esex in the discord after stream ends,neutral,0.9096906781196594,0.0
subroza,516575,lol,positive,0.45361214876174927,0.45361214876174927
subroza,516575,lmfaoaoa,neutral,0.46563833951950073,0.0
subroza,516575,let me tell you something,neutral,0.8340966105461121,0.0
subroza,516575,yeah its your month,neutral,0.6476103067398071,0.0
subroza,516575,i met noeigg in real life and he ripped it while talking about his record in hypothetical fights,neutral,0.6748600006103516,0.0
subroza,516575,cant give ur people a bad rep,negative,0.8501973152160645,-0.8501973152160645
subroza,516575,lowkey have we ever seen haerin and swarm in the same room,neutral,0.9243106245994568,0.0
subroza,516575,id rather watch that than this sorry gameplay,negative,0.933075487613678,-0.933075487613678
subroza,516575,yo pickle you playing in mans,neutral,0.5603489279747009,0.0
subroza,516575,battle pass skin,neutral,0.7987067699432373,0.0
subroza,516575,happy pride month bro,positive,0.9458633661270142,0.9458633661270142
subroza,516575,mans,neutral,0.5971613526344299,0.0
subroza,516575,tyty,neutral,0.5184804797172546,0.0
subroza,516575,bang,neutral,0.4651641249656677,0.0
subroza,516575,vac,neutral,0.6182757616043091,0.0
subroza,516575,vac,neutral,0.6182757616043091,0.0
subroza,516575,hoo,positive,0.5461211800575256,0.5461211800575256
subroza,516575,omdf,neutral,0.5320404767990112,0.0
subroza,516575,yo subroza can you do a giveway for ev keyboard im poor asf,negative,0.5338447690010071,-0.5338447690010071
subroza,516575,happy pride brother we stand with u,positive,0.9758034944534302,0.9758034944534302
subroza,516575,team selling,neutral,0.7984908819198608,0.0
subroza,516575,ns,neutral,0.5304294228553772,0.0
subroza,516575,subroza has hit nice shots,positive,0.7940221428871155,0.7940221428871155
subroza,516575,my dick,neutral,0.5161982774734497,0.0
subroza,516575,fannane_a immortal rr,neutral,0.866579532623291,0.0
subroza,516575,cap,neutral,0.6240119934082031,0.0
subroza,516575,u are,neutral,0.5436733961105347,0.0
subroza,516575,i stand with u,neutral,0.5396966338157654,0.0
subroza,516575,ur right ur hela gay,negative,0.5633243918418884,-0.5633243918418884
subroza,516575,cap,neutral,0.6240119934082031,0.0
subroza,516575,i can make you gay,neutral,0.5755757689476013,0.0
subroza,516575,gay asf,negative,0.7380713820457458,-0.7380713820457458
subroza,516575,trhow from building,neutral,0.7768132090568542,0.0
subroza,516575,we literally heard what u said about lebron earlier,neutral,0.8844879865646362,0.0
subroza,516575,not gay for gmd too,neutral,0.5440896153450012,0.0
subroza,516575,wtf,neutral,0.5417232513427734,0.0
subroza,516575,i stand against you,negative,0.6426334977149963,-0.6426334977149963
subroza,516575,u said the hard r tho,neutral,0.8301498889923096,0.0
subroza,516575,take the happy pride,positive,0.8939289450645447,0.8939289450645447
subroza,516575,what happned to ahmed,neutral,0.6634896993637085,0.0
subroza,516575,proof,neutral,0.5670555233955383,0.0
subroza,516575,you just said the lebron thing,neutral,0.8422488570213318,0.0
subroza,516575,maybe,neutral,0.552802324295044,0.0
subroza,516575,kekw,neutral,0.728352963924408,0.0
subroza,516575,if his gay forget about mprooco my friend xd,negative,0.6662417054176331,-0.6662417054176331
subroza,516575,what about lebron,neutral,0.8859761953353882,0.0
subroza,516575,what you say,neutral,0.7396788597106934,0.0
subroza,516575,you like gmd dick tho,neutral,0.6710193753242493,0.0
subroza,516575,i was gonna make a twitlonger about u ripping it but bc its ur month we will let it slide,neutral,0.6641442179679871,0.0
subroza,516575,just take the dick bro,negative,0.6542431712150574,-0.6542431712150574
subroza,516575,thats not even a question,negative,0.477050244808197,-0.477050244808197
subroza,516575,ur the first not gay an ive seen that likes dick,neutral,0.479084312915802,0.0
subroza,516575,what,neutral,0.4769662022590637,0.0
subroza,516575,lmfao,neutral,0.48061928153038025,0.0
subroza,516575,ok ur sounding like train,neutral,0.5277037024497986,0.0
subroza,516575,cap,neutral,0.6240119934082031,0.0
subroza,516575,says the gay man,neutral,0.5716007351875305,0.0
subroza,516575,what,neutral,0.4769662022590637,0.0
subroza,516575,mm,neutral,0.5263115167617798,0.0
subroza,516575,what,neutral,0.4769662022590637,0.0
subroza,516575,lol,positive,0.45361214876174927,0.45361214876174927
subroza,516575,thats gay,negative,0.6379871964454651,-0.6379871964454651
subroza,516575,eh,neutral,0.5803771615028381,0.0
subroza,516575,lolmao,neutral,0.4814552664756775,0.0
subroza,516575,so u r not gay but do u support them,neutral,0.7363438606262207,0.0
subroza,516575,hella gay,neutral,0.6548174619674683,0.0
subroza,516575,gay asf,negative,0.7380713820457458,-0.7380713820457458
subroza,516575,no bro thats gay af,negative,0.878196656703949,-0.878196656703949
subroza,516575,u want to feel lebron,neutral,0.8075042963027954,0.0
subroza,516575,nice trainwrecks cosplay,positive,0.9029160141944885,0.9029160141944885
subroza,516575,u wanna feel him,neutral,0.7480921149253845,0.0
subroza,516575,so u want dick,neutral,0.7434650659561157,0.0
temet,516575,tung tung temet is live,neutral,0.8590975403785706,0.0
temet,516575,hi temet,neutral,0.8028193712234497,0.0
temet,516575,bruh can i confirm eu is awful or what i swear na always looks way more fun,negative,0.72224360704422,-0.72224360704422
temet,516575,im going to diamond because watch your stream,positive,0.5362722277641296,0.5362722277641296
temet,516575,i play eu but ive played a few games on na and i swear the people on na are more cheerful and friendlier lol,positive,0.8573864102363586,0.8573864102363586
temet,516575,why he just see you at there happy,neutral,0.5736892223358154,0.0
temet,516575,nah nt bro,neutral,0.7171903252601624,0.0
temet,516575,yo,neutral,0.49529069662094116,0.0
temet,516575,okay bye temet bye chat im gonna go make burgers,neutral,0.791676938533783,0.0
temet,516575,yeah well also in eu immortal everyone baits and cries most games feel super long,negative,0.900015115737915,-0.900015115737915
temet,516575,clean shots,neutral,0.586409330368042,0.0
temet,516575,hey temet when will you play minecraft again,neutral,0.7868548631668091,0.0
temet,516575,sup temet,neutral,0.8355069160461426,0.0
temet,516575,u dont feel the pace of the game slower in eu,neutral,0.7234058380126953,0.0
temet,516575,like on average at least,neutral,0.7482751607894897,0.0
temet,516575,ns,neutral,0.5304294228553772,0.0
temet,516575,action temet has landed nice shots,positive,0.8369805812835693,0.8369805812835693
temet,516575,nt,neutral,0.5967258810997009,0.0
temet,516575,action temet has tried his best times,neutral,0.5456644296646118,0.0
temet,516575,who is waylay souunds so familiar,neutral,0.7794011235237122,0.0
temet,516575,dpi scoped and ads,neutral,0.7965713739395142,0.0
temet,516575,unc born on september th,neutral,0.9060937762260437,0.0
temet,516575,rip,neutral,0.4597330391407013,0.0
temet,516575,unfortunate,negative,0.711916446685791,-0.711916446685791
temet,516575,maybe you can try play carefuly to not make you mad,neutral,0.5617948770523071,0.0
temet,516575,lol,positive,0.45361214876174927,0.45361214876174927
temet,516575,this literally looks like eu,neutral,0.622035026550293,0.0
temet,516575,waylay sounds like aspas lmao,negative,0.596235454082489,-0.596235454082489
temet,516575,they dont want u to push,neutral,0.5063306093215942,0.0
temet,516575,fictiosip fictiosip,neutral,0.6340740919113159,0.0
temet,516575,he sad stop running nahh he is temet,negative,0.8664647340774536,-0.8664647340774536
temet,516575,what just happands,negative,0.4994337558746338,-0.4994337558746338
temet,516575,way,neutral,0.5741207599639893,0.0
temet,516575,s catspin,neutral,0.7569112181663513,0.0
temet,516575,case fractal terra graphite motherboard asrock bi lightning wifi cpu amd ryzen x ramsadorsair vengeance ddr gb xg happy ddr storage m t happy igital storm m performance series graphics card rtx fans arctic p pwm mm pst fan,positive,0.6343575119972229,0.6343575119972229
temet,516575,u will feel eu exhausting games,neutral,0.544967770576477,0.0
temet,516575,eu rank raises my cortisol compared to na,neutral,0.6361231207847595,0.0
temet,516575,hi chat,neutral,0.8263710141181946,0.0
temet,516575,graphics,neutral,0.7370370626449585,0.0
temet,516575,temetholiday,neutral,0.8302888870239258,0.0
temet,516575,hi hi,neutral,0.5057404041290283,0.0
temet,516575,na is more ez cuz all players want to kill here they want to camp wait stinkyglitch,negative,0.7207478284835815,-0.7207478284835815
temet,516575,temets graphics settings,neutral,0.9005133509635925,0.0
temet,516575,the games are times slower in eu and everyone just complains while they hide in corners for whole round,negative,0.8925691843032837,-0.8925691843032837
temet,516575,immortal feels like people got there by hiding in corners and having all their stats in patience,neutral,0.608684241771698,0.0
temet,516575,fictiosip fictiosip,neutral,0.6340740919113159,0.0
temet,516575,helloo,positive,0.6835243701934814,0.6835243701934814
temet,516575,these eu players are such babies,negative,0.8690983653068542,-0.8690983653068542
temet,516575,when half of immortal is plauers who got their on sheer patience and hiding and no skill fighting this is what u get,negative,0.8564690947532654,-0.8564690947532654
temet,516575,temet is currently immortal rr rr from radiant,neutral,0.8190260529518127,0.0
temet,516575,hey temmet you saw the video who horcus made for his content and for you por,neutral,0.8345208764076233,0.0
temet,516575,pov,neutral,0.6279687881469727,0.0
temet,516575,yoo temet long time no see,neutral,0.4890573024749756,0.0
temet,516575,whats up,neutral,0.6824318766593933,0.0
temet,516575,who are you rotting for in masters london temet,negative,0.5365467071533203,-0.5365467071533203
temet,516575,rooting,neutral,0.6980451345443726,0.0
temet,516575,good bro what about you,positive,0.9234914779663086,0.9234914779663086
temet,516575,hi,neutral,0.4723919630050659,0.0
temet,516575,hi chat,neutral,0.8263710141181946,0.0
temet,516575,hello welcome to the stream i hope you enjoy your time here temetlove,positive,0.9773660898208618,0.9773660898208618
temet,516575,will ever quit neon,neutral,0.5040085911750793,0.0
temet,516575,almost threw,neutral,0.5625007152557373,0.0
temet,516575,temet is goat,positive,0.5869432091712952,0.5869432091712952
temet,516575,dancey dancey dancey dancey,positive,0.5890414714813232,0.5890414714813232
temet,516575,os the five stack over,neutral,0.8857482075691223,0.0
temet,516575,yes,positive,0.4800679683685303,0.4800679683685303
temet,516575,temet i love you man love,positive,0.9621918797492981,0.9621918797492981
temet,516575,w giveaway temet,neutral,0.6593640446662903,0.0
temet,516575,temet do u have a cat,neutral,0.9359089136123657,0.0
temet,516575,u eu,neutral,0.7740358114242554,0.0
temet,516575,yes cute,positive,0.9194837212562561,0.9194837212562561
temet,516575,hope i win the vp,positive,0.8320969939231873,0.8320969939231873
temet,516575,damn u suffering with us in ranked,negative,0.9316328763961792,-0.9316328763961792
temet,516575,bigsad bigsad,negative,0.6594749093055725,-0.6594749093055725
temet,516575,wp,neutral,0.6360530853271484,0.0
temet,516575,game sense is insane,positive,0.4016677439212799,0.4016677439212799
temet,516575,wp,neutral,0.6360530853271484,0.0
temet,516575,im low elo as well so its extra hellish lmao,negative,0.7976847887039185,-0.7976847887039185
temet,516575,n,neutral,0.5038623809814453,0.0
temet,516575,do you recommend the new giveback bundle bro,neutral,0.9054028391838074,0.0
temet,516575,positivity in eu does seem to be rare,neutral,0.5417643189430237,0.0
temet,516575,lul lul,neutral,0.5951520800590515,0.0
temet,516575,its why i can only play ranked if im queuing with others so i know theres at least one person not instatilting lmao,neutral,0.655457615852356,0.0
temet,516575,omg clove smoke no way,negative,0.6353113651275635,-0.6353113651275635
temet,516575,if you like the guns in it yes cute,positive,0.9263302683830261,0.9263302683830261
temet,516575,wow,positive,0.5003098845481873,0.5003098845481873
temet,516575,happy,positive,0.824882984161377,0.824882984161377
temet,516575,six seven,neutral,0.6272661089897156,0.0
temet,516575,how but worked lmao,neutral,0.6514083743095398,0.0
temet,516575,lol,positive,0.45361214876174927,0.45361214876174927
valkyrae,516575,hi,neutral,0.4723919630050659,0.0
valkyrae,516575,dodge when you see spidey sense,neutral,0.774707555770874,0.0
valkyrae,516575,pfft,neutral,0.5842130780220032,0.0
valkyrae,516575,hi,neutral,0.4723919630050659,0.0
valkyrae,516575,jump and hold x to kick them into air,neutral,0.7445850372314453,0.0
valkyrae,516575,oof,neutral,0.627682089805603,0.0
valkyrae,516575,a,neutral,0.4693250060081482,0.0
valkyrae,516575,alveusscared alveusscared alveusscared,neutral,0.7593042254447937,0.0
valkyrae,516575,raepanic,neutral,0.5756015181541443,0.0
valkyrae,516575,spider kiss,neutral,0.7140037417411804,0.0
valkyrae,516575,see uncharted wouldve been better,neutral,0.46558019518852234,0.0
valkyrae,516575,om,neutral,0.5059751272201538,0.0
valkyrae,516575,raemhm,neutral,0.7989360690116882,0.0
valkyrae,516575,dinkdonk rae,neutral,0.8864728808403015,0.0
valkyrae,516575,a,neutral,0.4693250060081482,0.0
valkyrae,516575,o spoodermain,neutral,0.7878244519233704,0.0
valkyrae,516575,you can dodge the bullets too,neutral,0.7108951807022095,0.0
valkyrae,516575,om,neutral,0.5059751272201538,0.0
valkyrae,516575,is she gonna at at the tutorial,neutral,0.9277451038360596,0.0
valkyrae,516575,you have a spit limit top right om om,neutral,0.8420165181159973,0.0
valkyrae,516575,its good thing she is playing one easy mhm,positive,0.737503707408905,0.737503707408905
valkyrae,516575,move cam down covering health,neutral,0.8266451954841614,0.0
valkyrae,516575,suh,neutral,0.652252197265625,0.0
valkyrae,516575,d pad down,neutral,0.7103424668312073,0.0
valkyrae,516575,id move cam middle left it blocks some stuff in the top left,neutral,0.8716952800750732,0.0
valkyrae,516575,lo,neutral,0.5339378714561462,0.0
valkyrae,516575,its not too late to switch to uncharted if this is too difficult for you,neutral,0.5377082824707031,0.0
valkyrae,516575,spam attack will jump you closer to the otehrs too,neutral,0.5329775810241699,0.0
valkyrae,516575,or is that option not available yet chat,neutral,0.611383318901062,0.0
valkyrae,516575,clappi,neutral,0.6328648924827576,0.0
valkyrae,516575,weenie hut jr mode,neutral,0.8269170522689819,0.0
valkyrae,516575,om,neutral,0.5059751272201538,0.0
valkyrae,516575,lol focus on dodging,neutral,0.5193764567375183,0.0
valkyrae,516575,pbop,neutral,0.5241777300834656,0.0
valkyrae,516575,she just learning,neutral,0.7767691612243652,0.0
valkyrae,516575,dying in easy mode,neutral,0.4957689046859741,0.0
valkyrae,516575,you gotta dodge more,neutral,0.6107324361801147,0.0
valkyrae,516575,i never realized how many mechanics spiderman games have compared to gow lul,neutral,0.5630972981452942,0.0
valkyrae,516575,ngl spiderman is a lot the first time,neutral,0.5785000324249268,0.0
valkyrae,516575,lol,positive,0.45361214876174927,0.45361214876174927
valkyrae,516575,pbop,neutral,0.5241777300834656,0.0
valkyrae,516575,the more you do damage is the more you heal,neutral,0.6635565757751465,0.0
valkyrae,516575,good one,positive,0.7777104377746582,0.7777104377746582
valkyrae,516575,lol,positive,0.45361214876174927,0.45361214876174927
valkyrae,516575,pfft,neutral,0.5842130780220032,0.0
valkyrae,516575,lol,positive,0.45361214876174927,0.45361214876174927
valkyrae,516575,when you have spidey sense on your head prepare to dodge,neutral,0.6443284153938293,0.0
valkyrae,516575,om,neutral,0.5059751272201538,0.0
valkyrae,516575,fisk reallymad,neutral,0.633894145488739,0.0
valkyrae,516575,pfft,neutral,0.5842130780220032,0.0
valkyrae,516575,follow the spider sense on his head and push o,neutral,0.8341808915138245,0.0
valkyrae,516575,alveusppeh,neutral,0.5020577311515808,0.0
valkyrae,516575,middle right actually,neutral,0.823840856552124,0.0
valkyrae,516575,lmao,neutral,0.5486765503883362,0.0
valkyrae,516575,pbop,neutral,0.5241777300834656,0.0
valkyrae,516575,o,neutral,0.5066007971763611,0.0
valkyrae,516575,you zigged when you shouldve zagged,negative,0.4996311366558075,-0.4996311366558075
valkyrae,516575,om,neutral,0.5059751272201538,0.0
valkyrae,516575,om,neutral,0.5059751272201538,0.0
valkyrae,516575,pfft,neutral,0.5842130780220032,0.0
valkyrae,516575,you dont have infinite white fluids,neutral,0.6187703609466553,0.0
valkyrae,516575,we can smell it,neutral,0.7615182399749756,0.0
valkyrae,516575,just turn it to easy at this point,neutral,0.5338136553764343,0.0
valkyrae,516575,rae for the love of all that is holy press triangle to close distance in fights lol,neutral,0.5710967779159546,0.0
valkyrae,516575,pepemeltdown,neutral,0.7045233249664307,0.0
valkyrae,516575,om,neutral,0.5059751272201538,0.0
valkyrae,516575,om,neutral,0.5059751272201538,0.0
valkyrae,516575,honestly thank god shes playing on easy,positive,0.8239274621009827,0.8239274621009827
valkyrae,516575,i died so much in the tutorial its fine om,negative,0.749509334564209,-0.749509334564209
valkyrae,516575,om,neutral,0.5059751272201538,0.0
valkyrae,516575,wemadeoop wemadeoop wemadeoop,neutral,0.6041884422302246,0.0
valkyrae,516575,lol,positive,0.45361214876174927,0.45361214876174927
valkyrae,516575,white ropes everywhere,neutral,0.6320235133171082,0.0
valkyrae,516575,om,neutral,0.5059751272201538,0.0
valkyrae,516575,om,neutral,0.5059751272201538,0.0
valkyrae,516575,lol,positive,0.45361214876174927,0.45361214876174927
valkyrae,516575,youre not dodging mhm,neutral,0.8281060457229614,0.0
valkyrae,516575,best way ogo,positive,0.5516340136528015,0.5516340136528015
valkyrae,516575,pfft,neutral,0.5842130780220032,0.0
valkyrae,516575,and chat wanted her to do a harder difficulty,neutral,0.7439237236976624,0.0
valkyrae,516575,lol,positive,0.45361214876174927,0.45361214876174927
valkyrae,516575,you zigged when you shouldve zagged,negative,0.4996311366558075,-0.4996311366558075
valkyrae,516575,om,neutral,0.5059751272201538,0.0
valkyrae,516575,lo,neutral,0.5339378714561462,0.0
valkyrae,516575,you didnt read thats the issue,negative,0.6915817856788635,-0.6915817856788635
valkyrae,516575,overstimulated twins aga,neutral,0.570269763469696,0.0
valkyrae,516575,youre fine lmao,positive,0.6794376969337463,0.6794376969337463
valkyrae,516575,out of all of the spidermans in the multiverse this spiderman might be the worst,negative,0.8391026854515076,-0.8391026854515076
valkyrae,516575,you are,neutral,0.5375466346740723,0.0
valkyrae,516575,dodge when u see spidy sense around his head,neutral,0.7301511764526367,0.0
valkyrae,516575,lo,neutral,0.5339378714561462,0.0
valkyrae,516575,good aga,positive,0.731538712978363,0.731538712978363
valkyrae,516575,over stimulated in the tutorial is wild,negative,0.4534759223461151,-0.4534759223461151
valkyrae,516575,yes,positive,0.4800679683685303,0.4800679683685303
valkyrae,516575,relatable om,neutral,0.7340860366821289,0.0
valkyrae,516575,alveuscheer alveuscheer alveuscheer,neutral,0.7172362804412842,0.0
valkyrae,516575,pfft,neutral,0.5842130780220032,0.0
valkyrae,516575,this is the warm up,neutral,0.8166082501411438,0.0
valkyrae,516575,learn on the job,neutral,0.7573577165603638,0.0
valkyrae,516575,this is the warm up,neutral,0.8166082501411438,0.0
