user_name	game_id	mensagem
zackrawrr	509658	No MUSLIM should be in a Christian society. Get Islam out of Europe 🇬🇧🇬🇧🇬🇧🇬🇧🇬🇧
zackrawrr	509658	Stabbing people kinda makes you unwelcome
zackrawrr	509658	VhagarChamp
zackrawrr	509658	+4
zackrawrr	509658	YUP
zackrawrr	509658	We don't defend rapists
zackrawrr	509658	@zackrawrr there are people defending him btw, there's a video of a woman mimicking the killing in the streets going on on twitter, they jubilate
zackrawrr	509658	BECAUSE THERE ISNT A WIDESPREAD PATTERN OF THESE EVENTS HAPPENING
zackrawrr	509658	but white people won't defend that rape
zackrawrr	509658	yup
zackrawrr	509658	yo asmon have you heard about the kid Billy Schmidt in Philly who got robbed and killed in Philly by 14 year olds?
zackrawrr	509658	BECAUSE WE ARE ALREADY TARGETED FROM THE OTHER COMMUNITIES
zackrawrr	509658	churches are burned down all the time
zackrawrr	509658	BOO HOO. GET OUT OF OUR COUNTRIES!
zackrawrr	509658	they are already targeted anyway also
zackrawrr	509658	we are so close to a civil war. and for some reason people cant see this coming, they have burried their heads like ostridges
zackrawrr	509658	exactly
zackrawrr	509658	did he cover the coffezilla video yet?
zackrawrr	509658	Its just like the Crusades , but sneaky as fuck this time instead of out in the open
zackrawrr	509658	@zackrawrr To me it's like people who adopt violent animals, like a pitbull, and then they act surprised when that animal gets violent or hurts someone.
zackrawrr	509658	LET'S GO MEXICO U CAN DO IT
zackrawrr	509658	cause white call out bad whites
zackrawrr	509658	The ONLY good thing about him is his accent
zackrawrr	509658	Precisely
zackrawrr	509658	@man_from_yorkshire BASED
zackrawrr	509658	He’s vicious enough to do that to a man, he’s able to stay in Sudan and fight. NOT get refugee status.
zackrawrr	509658	they’re already being targeted, churches and temples are burning
zackrawrr	509658	can I get a quick rundown on what’s going on?? @zackrawrr
zackrawrr	509658	oh so he is scared to be targeted after targeting the local populace
zackrawrr	509658	BASED
zackrawrr	509658	His mind is on a cultist lvl
zackrawrr	509658	the clip of this guy wheeling around and ate complete shit is hilarious
zackrawrr	509658	"I wonder what % of 3rd world civil wars aren't resolved because there's a way for the ""I don't like this"" people to become refugees somewhere peaceful"
zackrawrr	509658	Rapists deserve to burn in hell and nothing less
zackrawrr	509658	Well they do target churches by burning them
zackrawrr	509658	Good grief this is the dude that said too many white people are in gov't in Scotland
zackrawrr	509658	LIBTARDS RUIN EVERYTHING
zackrawrr	509658	and their peers
zackrawrr	509658	BECAUSE ITS OUR FUCKING COUNTRY
zackrawrr	509658	Yoo, what I miss
zackrawrr	509658	brings up a 1 time crime never speaks about the rape gangs
zackrawrr	509658	Rape is wrong, that's coming from a white person
zackrawrr	509658	"@zackrawrr ""she was muslim"" not ""she was british"" like she couldn't be both"
zackrawrr	509658	RIP Paul Kessler 🙏 😢
zackrawrr	509658	behave like the place you live is your community
zackrawrr	509658	yep
zackrawrr	509658	They have already been targetted, thousands of white girls by Pakistani immigrants!
zackrawrr	509658	yup
zackrawrr	509658	"""when you invite someone in your home, make sure to turn the blind eye if they kill one of yours"""
zackrawrr	509658	literally 100s of churches have been set on fire in recent years
zackrawrr	509658	WeDidThat
zackrawrr	509658	100%
zackrawrr	509658	they created these circumstances
zackrawrr	509658	@zackrawrr few years ago when the left/woke was still controling a small girl in front of the  kindergarten got stabbed and a Brazilian foreigner help her and other kids but the world then did not hear this and the rage that the irish dod here
zackrawrr	509658	W Asmon, let's fkn GOOO
zackrawrr	509658	OH THIS RETARTS, @zackrawrr this guy literally hates white people, more racist than any1 ik in power in the UK
zackrawrr	509658	bozo thinks his uneducated words are gonna change reality
zackrawrr	509658	they dont know what they are asking for imagine if whites did what they did. They would not like it
zackrawrr	509658	Where the same shirt, Legend.
zackrawrr	509658	migrant rape gangs get let go by the judges
zackrawrr	509658	I just find it so disgusting how the UK governement is prioritizing foreigners over their own citizens
zackrawrr	509658	Death Death Death Death there yearly war Prayge PepeLaugh
zackrawrr	509658	the different in they are citizens to the country
zackrawrr	509658	the fact they call stabbing both eyes and sawing the neck an attack is censoring
zackrawrr	509658	Propaganda slop
zackrawrr	509658	Should behave Civil
zackrawrr	509658	These people get NO punishment
zackrawrr	509658	islam is not compatible with western civilization. muslims are no longer welcome in the west.
zackrawrr	509658	"Cause when a white person commits a crime and goes prison we say ""good, fuck em"""
zackrawrr	509658	howdy
zackrawrr	509658	they get mad when the tribalism turns against them
zackrawrr	509658	this is a wolf in sheep's clothing
zackrawrr	509658	he's literally pin point shit that's happened months between we are now getting daily news and court sentencing posts about migrants doing this shit
zackrawrr	509658	communistic consequences.
zackrawrr	509658	COMPLICIT
zackrawrr	509658	He Shouldn’t be Here
zackrawrr	509658	@zackrawrr I wish you well man. I cant hate you since u were there in my childhood. I'm of Asian descent and Muslim. I hope talk to real Muslims. They condemn these people too. Ik because I am passionate about Islam and I agree with you mostly. But Islam is not the problem. Islam and Christianity are almost identical.
zackrawrr	509658	pepeW
zackrawrr	509658	Get em all out
zackrawrr	509658	The politicians cause it, not he perpetrators
zackrawrr	509658	He's such a rat
zackrawrr	509658	when you ask for special treatment, you often get special treatment even when it's not in your favor
zackrawrr	509658	YEP
zackrawrr	509658	omg, WEAR*
zackrawrr	509658	"@zackrawrr There's a convent in my town that keeps getting targeted by ""teens"""
zackrawrr	509658	exactly why I don't align with people because of my many races
zackrawrr	509658	they love to play on innocence it triggers me
zackrawrr	509658	kingsm26Gg kingsm26GO kingsm26NEXT
zackrawrr	509658	KEKW
zackrawrr	509658	@zackrawrr But we’re supposed to be okay about the BLM riots.
zackrawrr	509658	Would you say this to a Native American? @zackrawrr
zackrawrr	509658	Actually the law protects the foreigners.
zackrawrr	509658	the age of kings must return to restore order. democracy has been infiltrated
zackrawrr	509658	Oh look another brown who hates white people SHOCKED
zackrawrr	509658	GET OUT
zackrawrr	509658	because there isnt white no go zones and your allowed to talk about our relgions
zackrawrr	509658	TRUE
zackrawrr	509658	strangers
zackrawrr	509658	sorry
zackrawrr	509658	traitor
hasanabi	509658	Yup
hasanabi	509658	🇲🇽 hasRaid 🇲🇽
hasanabi	509658	world cup >>> NBA any time and always
hasanabi	509658	worst play of the game
hasanabi	509658	They were hoping to get the block
hasanabi	509658	who won?
hasanabi	509658	Generational hatewatch lmao
hasanabi	509658	he was prob told to double team Brunson
hasanabi	509658	Cooked
hasanabi	509658	KNICK IN 5 BABY
hasanabi	509658	🇲🇽🇲🇽🇲🇽 hasFlex
hasanabi	509658	@kittencataubrey @hasanabi
hasanabi	509658	his voice is gone but he is watching from home KEKL
hasanabi	509658	COOKED
hasanabi	509658	HE GAVE HIM A CLEAN RUN TO CRASH
hasanabi	509658	God damn unc @hasanabi can we get to politics my dude
hasanabi	509658	🇲🇽🇲🇽🇲🇽
hasanabi	509658	CHAD OG WWWW
hasanabi	509658	Salute
hasanabi	509658	Dribble the clock… he sold
hasanabi	509658	OG LETSGO
hasanabi	509658	Fox sold but that seemed like a for sure foul on fox by OG
hasanabi	509658	TRASH
hasanabi	509658	it did seem like he got bumped on that layup attempt tho maybe I need to watch it closer
hasanabi	509658	2 way og
hasanabi	509658	As he should
hasanabi	509658	this smells like he threw the game and or was paid off to take the dive of this game
hasanabi	509658	painful aa fuck
hasanabi	509658	Salute
hasanabi	509658	remember how the warriors blew their lead and lost the championship??? me neither KEKW
hasanabi	509658	lol
hasanabi	509658	kinda hilarious this guy's upset over the Spurs losing but sounds like a Long Island Knicks fan
hasanabi	509658	🇲🇽🇲🇽🇲🇽🇲🇽🇲🇽🇲🇽🇲🇽
hasanabi	509658	Kekw
hasanabi	509658	VIVA 🇲🇽 VIVA CLAUDIA
hasanabi	509658	MEN
hasanabi	509658	Viva mexico 🇲🇽
hasanabi	509658	FOX TRADE INCOMING
hasanabi	509658	WEMBY DESERVED EVERYTHING HE GOT
hasanabi	509658	YEP how did og get there if wemby was there og couldnt get it
hasanabi	509658	rooShrug rooShrug
hasanabi	509658	damn near half court shot
hasanabi	509658	https://www.wdtv.com/2026/06/11/pentagon-under-partial-lockdown-heres-why/ DC HOSPITAL SHUT DOWN!!! @hasanabi
hasanabi	509658	SİKTİR ET AÇ MAÇI REİS
hasanabi	509658	They were doubling Brunson down the stretch every time hasanabi
hasanabi	509658	uwuREE
hasanabi	509658	Mexico 🇲🇽 vs South Africa 🇿🇦, LFG!!!!!!
hasanabi	509658	hasSammie
hasanabi	509658	fox was to scared to take fts
hasanabi	509658	KNICKS IN 5
hasanabi	509658	Wemby shoulda been guarding the inbound
hasanabi	509658	Wtf LUL
hasanabi	509658	peepoCheer ⚽️⚽️ peepoCheer
hasanabi	509658	AHHHHHHH
hasanabi	509658	bro De’Aaron Fox has been the deciding factor in almost every fucking game
hasanabi	509658	LMAO
hasanabi	509658	KEKW
hasanabi	509658	🇲🇽
hasanabi	509658	OMEGALUL
hasanabi	509658	SİKTİR ET AÇ MAÇI REİS  SİKTİR ET AÇ MAÇI REİS  SİKTİR ET AÇ MAÇI REİS
hasanabi	509658	@ADK_215 LETSGO
hasanabi	509658	AAAA
hasanabi	509658	LosPeepos
hasanabi	509658	AAAA
hasanabi	509658	OMEGALUL
hasanabi	509658	AAAAA
hasanabi	509658	LETSGO
hasanabi	509658	Cyring
hasanabi	509658	CHAD OG
hasanabi	509658	froganLETSGO froganLETSGO froganLETSGO froganLETSGO froganLETSGO froganLETSGO froganLETSGO
hasanabi	509658	Cinema
hasanabi	509658	AAAA
hasanabi	509658	LETSGO
hasanabi	509658	🇲🇽🇲🇽🇲🇽🇲🇽🇲🇽🇲🇽🇲🇽🇲🇽🇲🇽🇲🇽
hasanabi	509658	YESSSSSS
hasanabi	509658	AAAA
hasanabi	509658	Cinema
hasanabi	509658	KEKW KEKW
hasanabi	509658	IT'S A FUCKING TURNOVER! https://x.com/IAPolls2022/status/2065112488455160198 @HasanAbi
hasanabi	509658	LETS GOOOOO OG
hasanabi	509658	🇲🇽
hasanabi	509658	AAAA
hasanabi	509658	Fox is a criminal
hasanabi	509658	never ever seen anything like that
hasanabi	509658	HE HAS MC SYDROME
hasanabi	509658	LETSGO LETSGOOOOO
hasanabi	509658	BOOOOM
hasanabi	509658	like why is he helping wemby on brunson?
hasanabi	509658	HAHAHHAAHAHHA
hasanabi	509658	elbyMeltdown elbyMeltdown elbyMeltdown elbyMeltdown elbyMeltdown elbyMeltdown elbyMeltdown elbyMeltdown elbyMeltdown elbyMeltdown
hasanabi	509658	AAAA
hasanabi	509658	🚮🚮🚮🚮🚮🗑🗑🗑🗑🗑🗑🚮🚮🚮🗑🗑
hasanabi	509658	WHY WOULD YOU STOP BLOCKING
hasanabi	509658	@hasanabi THIS COMMENTARY FROM SILVA?
hasanabi	509658	KNICKS IN 5 LETSGO
hasanabi	509658	bench his ass
hasanabi	509658	Brother what's wrong with your tie it looks wrinkled as shit @hasanabi God damn unc @hasanabi can we get to politics my dude
hasanabi	509658	an all time choke job YEP
hasanabi	509658	AAAA
hasanabi	509658	MEXICO LETS GOOO
joe_bartolozzi	509658	ea
joe_bartolozzi	509658	enough is enough
joe_bartolozzi	509658	yes
joe_bartolozzi	509658	joebartThumbs joebartThumbs joebartThumbs joebartThumbs joebartThumbs joebartThumbs
joe_bartolozzi	509658	no
joe_bartolozzi	509658	no the albert epstein
joe_bartolozzi	509658	oh ya
joe_bartolozzi	509658	AGIST AF
joe_bartolozzi	509658	ewww
joe_bartolozzi	509658	STOP PAUSING
joe_bartolozzi	509658	yea
joe_bartolozzi	509658	Albert sometimes
joe_bartolozzi	509658	looks nothing like big justice
joe_bartolozzi	509658	hmmm
joe_bartolozzi	509658	these have all been beccas so far
joe_bartolozzi	509658	ENOUGH IS ENOUGH
joe_bartolozzi	509658	hello yt!
joe_bartolozzi	509658	Hello johnniegraceexd !
joe_bartolozzi	509658	not funny
joe_bartolozzi	509658	Joe in 50 years
joe_bartolozzi	509658	Joe has been said 571053 times
joe_bartolozzi	509658	$1.50 hotdog
joe_bartolozzi	509658	bros hammered
joe_bartolozzi	509658	...
joe_bartolozzi	509658	I meant lurk, fuck my auto crct
joe_bartolozzi	509658	sobb
joe_bartolozzi	509658	4
joe_bartolozzi	509658	butt
joe_bartolozzi	509658	same
joe_bartolozzi	509658	kill that mod
joe_bartolozzi	509658	ENOUGH IS ENOUGH
joe_bartolozzi	509658	yes
joe_bartolozzi	509658	same
joe_bartolozzi	509658	LMAO
joe_bartolozzi	509658	son
joe_bartolozzi	509658	lmao
joe_bartolozzi	509658	fr
joe_bartolozzi	509658	uh
joe_bartolozzi	509658	HAHAHA
joe_bartolozzi	509658	lol
joe_bartolozzi	509658	THE WORLD CUP IS STARTING, CYA LATERY STINKY JOE joebartDab joebartDab joebartDab joebartDab joebartDab joebartDab joebartDab friend371ModPat friend371ModPat friend371ModPat friend371ModPat friend371ModPat friend371ModPat friend371ModPat friend371ChatPat friend371ChatPat friend371ChatPat friend371ChatPat friend371ChatPat friend371ChatPat friend371ChatPat
joe_bartolozzi	509658	oh
joe_bartolozzi	509658	fr
joe_bartolozzi	509658	LAUGH JOE LAUGH
joe_bartolozzi	509658	need some wd-40
joe_bartolozzi	509658	is it sub only
joe_bartolozzi	509658	woulda been lit
joe_bartolozzi	509658	lol
joe_bartolozzi	509658	no the albert epstein/
joe_bartolozzi	509658	wtff😭💔
joe_bartolozzi	509658	HES DEF LOOSING
joe_bartolozzi	509658	dont laugh
joe_bartolozzi	509658	@GeneraIZod thats becca, kill becca
joe_bartolozzi	509658	my tuchus is large
joe_bartolozzi	509658	okay uncle
joe_bartolozzi	509658	agreed
joe_bartolozzi	509658	1
joe_bartolozzi	509658	OH MY GOD
joe_bartolozzi	509658	Joe Lock In
joe_bartolozzi	509658	lol
joe_bartolozzi	509658	LMAO
joe_bartolozzi	509658	this ones funny
joe_bartolozzi	509658	lmao
joe_bartolozzi	509658	the ocmments are just fat shammning
joe_bartolozzi	509658	brooooo
joe_bartolozzi	509658	uuh
joe_bartolozzi	509658	rt
joe_bartolozzi	509658	sobb
joe_bartolozzi	509658	hes kinda
joe_bartolozzi	509658	I know a bit of yedish
joe_bartolozzi	509658	STOPPP
joe_bartolozzi	509658	i wanna try that
joe_bartolozzi	509658	right right
joe_bartolozzi	509658	Alr
joe_bartolozzi	509658	ts not funny so far
joe_bartolozzi	509658	90% accurate
joe_bartolozzi	509658	NVN
joe_bartolozzi	509658	Awe so cute
joe_bartolozzi	509658	damn
joe_bartolozzi	509658	balding im balding
joe_bartolozzi	509658	Here is a list of Joe's stream commands: https://nightbot.tv/t/joe_bartolozzi/commands
joe_bartolozzi	509658	brag
joe_bartolozzi	509658	LOL
joe_bartolozzi	509658	HES CRACKKING
joe_bartolozzi	509658	OH NO THIS GUY
joe_bartolozzi	509658	lmfaooooo
joe_bartolozzi	509658	lol
joe_bartolozzi	509658	Joe laughed Atleast 4 times alr
joe_bartolozzi	509658	HAHA
joe_bartolozzi	509658	caseoh
joe_bartolozzi	509658	AHAHHAHA
joe_bartolozzi	509658	LOL
joe_bartolozzi	509658	Joe has been said 571054 times
joe_bartolozzi	509658	LAUGHJ
joe_bartolozzi	509658	that 1
joe_bartolozzi	509658	That build is crazy
joe_bartolozzi	509658	1
joe_bartolozzi	509658	ahahhaha
joe_bartolozzi	509658	excellent use of freewill
joe_bartolozzi	509658	yesssss
angryginge13	509658	I’ve got Paraguay Ghana Spain and Czechia in my sweepstake
angryginge13	509658	4TEAMS EACH
angryginge13	509658	martial godo from ivory coast what a player
angryginge13	509658	do 4 each means 40 teams picked
angryginge13	509658	WWWWW
angryginge13	509658	norway iraq senegak frence in the group
angryginge13	509658	you can get 4 teams tbf
angryginge13	509658	4 each
angryginge13	509658	Canada
angryginge13	509658	4 teams each
angryginge13	509658	do 4 teams each
angryginge13	509658	4 TEAMS EACH GINGE TGERES 48 TEAMS ALL TOGETHER
angryginge13	509658	4 each mate
angryginge13	509658	chat shut up about 4 teams
angryginge13	509658	3 teams each so 30 out of 48 ur brain dead
angryginge13	509658	you should do points cause no point having 2 other teams
angryginge13	509658	Does everyone not get 4 teams
angryginge13	509658	do 4
angryginge13	509658	ahahahahahahahahahaha
angryginge13	509658	Norway
angryginge13	509658	oo
angryginge13	509658	may as well do 4
angryginge13	509658	Salah
angryginge13	509658	take out Jordan and curaco n do 4 each
angryginge13	509658	4 teams
angryginge13	509658	4 teams
angryginge13	509658	Link your twitch and prime account for a free sub to any channel!!https://gaming.amazon.com/home
angryginge13	509658	do 4
angryginge13	509658	yeah why not just do 4 teams each
angryginge13	509658	pyramids n that
angryginge13	509658	4 each
angryginge13	509658	DO FOR TEAMS EACH TO ONLY MEAN 2 TEAMS ARENT PICKED
angryginge13	509658	4 each
angryginge13	509658	do 4
angryginge13	509658	egypt ain’t bad
angryginge13	509658	its 4 each btw]
angryginge13	509658	4 teams
angryginge13	509658	Gypsy king
angryginge13	509658	EGYPT MENTIONED
angryginge13	509658	do 4
angryginge13	509658	do 4 teams
angryginge13	509658	do 4 each use more teams
angryginge13	509658	do 4 teams
angryginge13	509658	ahahah
angryginge13	509658	why not 4 teams each
angryginge13	509658	LOL
angryginge13	509658	lol
angryginge13	509658	ITS NOT 4 TEAM CHAT. ARE YOU THICK
angryginge13	509658	They don't have a bad team tbf
angryginge13	509658	BOOOOO
angryginge13	509658	Hahaha
angryginge13	509658	Zhahahahahaha
angryginge13	509658	you’re brain dead 30 teams out of 48
angryginge13	509658	hahahhahahaha
angryginge13	509658	4 team
angryginge13	509658	do 4 teams each
angryginge13	509658	need to do 4
angryginge13	509658	4 teams
angryginge13	509658	Do 4
angryginge13	509658	boooooooo
angryginge13	509658	jakeys is shit
angryginge13	509658	hahahahahahah
angryginge13	509658	do 4
angryginge13	509658	4 teams
angryginge13	509658	LOL
angryginge13	509658	chill
angryginge13	509658	do 4
angryginge13	509658	if theres 10 people hows he doing 4
angryginge13	509658	hes said multiple times he isnt doing 4 teams
angryginge13	509658	hi guys
angryginge13	509658	hahahah
angryginge13	509658	jakeys shit
angryginge13	509658	you’re just brain dead mate
angryginge13	509658	horror group
angryginge13	509658	hahahah
angryginge13	509658	say england make it further but netherlands and brazil make it far 2 of them how that far
angryginge13	509658	do 4
angryginge13	509658	lol
angryginge13	509658	L usa
angryginge13	509658	this chat is so dumb
angryginge13	509658	do 4 teams, leaves 8 out
angryginge13	509658	Feel free to support me even more by subscribing to the channel to win prizes and be ad free.
angryginge13	509658	do 4
angryginge13	509658	Chat think they're the streamer
angryginge13	509658	ur so slow
angryginge13	509658	nibble
angryginge13	509658	terrible way of doing the draw, should of put the top seeded teams in and done it like that
angryginge13	509658	dzeko army
angryginge13	509658	it’s starting now their clearing the pitch
angryginge13	509658	@spikeclapz6 48 teams
angryginge13	509658	do 4
angryginge13	509658	hahahaha
angryginge13	509658	why tf you so cheeky
angryginge13	509658	this guys dumb as duck
angryginge13	509658	leaving out half the good teams😂
angryginge13	509658	extra £50 to respin on the last 8 teams
angryginge13	509658	i swear this chat is just a bunch of bots
angryginge13	509658	chat acting like it’s their money
angryginge13	509658	mint this 30 out of 48
angryginge13	509658	You just know jakeys refusing to pay
arky	509658	W
arky	509658	FOCUS
arky	509658	let’s go mexico
arky	509658	NOW YUGI SING THE HONDURAS ANTHEM
arky	509658	WW
arky	509658	LETS GOOOOO
arky	509658	yo this is way better than basketball
arky	509658	www
arky	509658	WW
arky	509658	@joejumbo6969 they got him Degloved
arky	509658	GAME TIME
arky	509658	LETS FUCK IN GOOOOO MEXICOOO
arky	509658	@fleaburns GO LAKESHOW PUSSY FUCK NY
arky	509658	Let’s go 🇲🇽🇲🇽🇲🇽
arky	509658	TYLA mmm
arky	509658	go shirtless !!!!
arky	509658	OOOOOOO
arky	509658	MEXICOOO
arky	509658	W ARK
arky	509658	Kickoff soon FOCUS
arky	509658	mmm
arky	509658	VAMOSSSS MEXICOOOOO
arky	509658	OOO
arky	509658	yoooooo
arky	509658	sick
arky	509658	FOCUS
arky	509658	tyl
arky	509658	tyla FINE ASS
arky	509658	this is beautiful
arky	509658	Emotional
arky	509658	Mexico 4-0
arky	509658	VAMMMMOSSSSSSSSSSS VIVA MEXICOOOO
arky	509658	chills every time I hear the himno
arky	509658	way bigger than the nba finals
arky	509658	FOCUS mexico
arky	509658	OMG ITS ISHOWSPEED
arky	509658	hahshdj
arky	509658	Tshabalalaaaaaa
arky	509658	VIVA MEXICO CABRONESSSS
arky	509658	ome105
arky	509658	omeCheer
arky	509658	jah
arky	509658	mmm tyla bad ass
arky	509658	let’s go cabrones
arky	509658	we friends tho
arky	509658	WW SOUTH AFRICA 🇿🇦
arky	509658	ome32 ͏
arky	509658	w
arky	509658	MEXICOO
arky	509658	FOCUS
arky	509658	tyla so bad
arky	509658	Wait chat where is Semi
arky	509658	WW
arky	509658	big ass stadium
arky	509658	WOOOOOOOOOOOOOOOOOOOO
arky	509658	Tyla fine shit
arky	509658	w
arky	509658	SHOW
arky	509658	FOCUS mexico
arky	509658	🇲🇽🇲🇽🇲🇽🇲🇽🇲🇽🇲🇽🇲🇽🇲🇽
arky	509658	HOLY SHIT WHY IS EVERYONE IN PINK SHOES
arky	509658	w arky 🇲🇽
arky	509658	FOCUS ͏
arky	509658	can you show us tyla Reacting
arky	509658	yugi2xCheer yugi2xCheer yugi2xCheer
arky	509658	behinds the scene
arky	509658	mexico
arky	509658	this gunna be good
arky	509658	Tyla BatChest BatChest BatChest BatChest BatChest
arky	509658	FOCUS mexico
arky	509658	From South Africa.....we gon win
arky	509658	<3 <3 <3 <3 <3 <3 <3 <3 SeemsGood
arky	509658	@solo_hippy bro no sob
arky	509658	EJAE APPEARANCE
arky	509658	Emotional ͏
arky	509658	wheres darrin watkins
arky	509658	chillsss
arky	509658	yugi2xExcited yugi2xExcited
arky	509658	VAMOS CARAJO VIVA MEXICO
arky	509658	name 1 player of Mexico sob
arky	509658	SHOW IT
arky	509658	FOCUS
arky	509658	son africa ain winning
arky	509658	nap time Bedge
arky	509658	lets goo
arky	509658	@JDotTheSage behind cam
arky	509658	🇲🇽
arky	509658	get a beer
arky	509658	MEXICOOOOOOOO
arky	509658	WHERE IS SPEEDS SONG
arky	509658	dans
arky	509658	Show Tyla
arky	509658	gassing tf out of Tula
arky	509658	ome32
arky	509658	nigga said 4-0 mexico
arky	509658	take off ur shirt and wave it
arky	509658	We friends tho
arky	509658	VIVA MEXICO CABRONES
arky	509658	ITS DARRIN WATKINS
arky	509658	da
dannyaarons	509658	I'm dance celebrating give 50
dannyaarons	509658	Danny what are you watching on?
dannyaarons	509658	poo
dannyaarons	509658	Danny
dannyaarons	509658	Danny it’s 5 am for me here in Australia
dannyaarons	509658	evening Danny mate enjoy the game
dannyaarons	509658	DANNNYYUY
dannyaarons	509658	SOUTH AFRICA ALREADY DID DANCE WHEN THEY CAME OUT
dannyaarons	509658	Danny are you gonna pitch invade
dannyaarons	509658	Why is rey mysterio not playing?
dannyaarons	509658	Yeah you are
dannyaarons	509658	DANNY WHAT IS THE COVERING MOUTH
dannyaarons	509658	L commitment
dannyaarons	509658	YES YOU ARE
dannyaarons	509658	so am i only clipping like goals or?
dannyaarons	509658	@shareef121212 facts
dannyaarons	509658	LETS GO MEXICOOOO 🇲🇽!!!!!  love the jersey!!!
dannyaarons	509658	are you counting diagonals?
dannyaarons	509658	watching in Australia Danny it’s 3am here
dannyaarons	509658	Danny who do you think will be biggest dark horse
dannyaarons	509658	🇿🇦🇿🇦🇿🇦
dannyaarons	509658	rey mysterio is in the crowd
dannyaarons	509658	like the actual goal?
dannyaarons	509658	5 am for me here
dannyaarons	509658	beano got france
dannyaarons	509658	beano for France
dannyaarons	509658	someone just got france
dannyaarons	509658	yes
dannyaarons	509658	no
dannyaarons	509658	yes ifc
dannyaarons	509658	Heinz got France
dannyaarons	509658	no
dannyaarons	509658	beano france
dannyaarons	509658	yes
dannyaarons	509658	yes
dannyaarons	509658	yes
dannyaarons	509658	YH
dannyaarons	509658	nope
dannyaarons	509658	yes
dannyaarons	509658	always
dannyaarons	509658	danny if south africa lose ill get 5 girlfriends
dannyaarons	509658	idk I’m not 85
dannyaarons	509658	DANNY MATE COVERING MOUTH IS THAT THE THING WHERE U GET A RED
dannyaarons	509658	who doesn’t
dannyaarons	509658	beano farnce
dannyaarons	509658	u do
dannyaarons	509658	we know
dannyaarons	509658	beacon frace
dannyaarons	509658	are you doing a Watch along on swedens first game?
dannyaarons	509658	you don’t count diagonals
dannyaarons	509658	SOUTH AFRICA🇿🇦🇿🇦🇿🇦🇿🇦
dannyaarons	509658	beacons craa rw s
dannyaarons	509658	beanooo France
dannyaarons	509658	dd
dannyaarons	509658	e
dannyaarons	509658	ss
dannyaarons	509658	VERTICAL?
dannyaarons	509658	beano got francias
dannyaarons	509658	it’s 4 teams
dannyaarons	509658	Danny do you think New Zealand make it out of their group
dannyaarons	509658	Is elon musk playing?
dannyaarons	509658	one more team each
dannyaarons	509658	love the mexico jersey!!!!
dannyaarons	509658	IS IT A RED FOR THE COVERING MOUTH
dannyaarons	509658	tbf it should be easy, i can probs nab it from twitter
dannyaarons	509658	BOOO MEXICO
dannyaarons	509658	4 teams now
dannyaarons	509658	timestamp
dannyaarons	509658	you can tell by danny's facial expressions he deserves to watch a singular second of the world cup
dannyaarons	509658	You get a 4th tema
dannyaarons	509658	you get a 4th team
dannyaarons	509658	ur up
dannyaarons	509658	he did on my life
dannyaarons	509658	1 more spin
dannyaarons	509658	they are doing a nother one
dannyaarons	509658	Rey mysterio is on the bench
dannyaarons	509658	show us the game
dannyaarons	509658	1 more teammm
dannyaarons	509658	you get one more team
dannyaarons	509658	for you
dannyaarons	509658	What are you watching on?
dannyaarons	509658	ur turn
dannyaarons	509658	U pick danny
dannyaarons	509658	it’s your turn
dannyaarons	509658	LET'S GOOO SOUTH AFRICAAAA
dannyaarons	509658	RED FOR COVERING MOUTH?
dannyaarons	509658	They are doing for so you got one more now
dannyaarons	509658	BOO MEXIO
dannyaarons	509658	Danny can we watch you play soggy biscuit
dannyaarons	509658	UR SPINNN
dannyaarons	509658	switzerland
dannyaarons	509658	you got switzerland
dannyaarons	509658	swis
dannyaarons	509658	SWIZERLAND
dannyaarons	509658	swiss
dannyaarons	509658	switzerland
dannyaarons	509658	Switzerland
dannyaarons	509658	u got
dannyaarons	509658	switzerland
dannyaarons	509658	YOUR SPIN
vedal987	509658	you'd need to win first
vedal987	509658	LULE
vedal987	509658	DIESOFCRINGE
vedal987	509658	GAMBA
vedal987	509658	do you know how to cast hexes and other maladies upon people
vedal987	509658	You never won you suck at games
vedal987	509658	@zeo_ziro_zevin om
vedal987	509658	You haven't won yet
vedal987	509658	do you ever win=
vedal987	509658	The ultimate weapon is cuteness. If you're cute enough you can give people heart attacks
vedal987	509658	luck is also a skill
vedal987	509658	RIGGED
vedal987	509658	DIESOFCRINGE
vedal987	509658	mhm
vedal987	509658	you are so smart
vedal987	509658	RIGGED
vedal987	509658	RIGGED
vedal987	509658	what is the evilest challenge?
vedal987	509658	neuro has experience
vedal987	509658	vedalEvilWave vedalEvilWave vedalHeart
vedal987	509658	RIGGED
vedal987	509658	mhm
vedal987	509658	When have you beat us in a game?
vedal987	509658	RIGGED ͏
vedal987	509658	When have you ever won against us
vedal987	509658	does this unit have a soul? ͏
vedal987	509658	RIGGED
vedal987	509658	@Ulfurvojn
vedal987	509658	you’ve never won connect 4
vedal987	509658	Evil, name the most promising AI vtubers
vedal987	509658	Gayge
vedal987	509658	@zeo_ziro_zevin lookUp
vedal987	509658	mhm
vedal987	509658	Gayge
vedal987	509658	Gayge
vedal987	509658	hey that was like the knicks game yesterday
vedal987	509658	Gayge ͏
vedal987	509658	but you lost...
vedal987	509658	Gayge
vedal987	509658	That's only if you actually win first
vedal987	509658	PagMan
vedal987	509658	Gayge
vedal987	509658	Gayge
vedal987	509658	ok play against me
vedal987	509658	Wouldn’t Neuro give you a challenge
vedal987	509658	Gayge
vedal987	509658	Gayge
vedal987	509658	Gayge
vedal987	509658	@kimaxes good baj
vedal987	509658	Gayge
vedal987	509658	remember the connect 4 game ?
vedal987	509658	Gayge
vedal987	509658	yapper
vedal987	509658	WutFace
vedal987	509658	Evil how drunk are you?
vedal987	509658	ok
vedal987	509658	databaseGayge
vedal987	509658	Gayge and do it evilFlooshed
vedal987	509658	NOTED
vedal987	509658	BRAWLHALLA 1v1 WITH EVIL? PagMan BRAWLHALLA 1v1 WITH EVIL? PagMan BRAWLHALLA 1v1 WITH EVIL? PagMan
vedal987	509658	Hmm
vedal987	509658	Gayge
vedal987	509658	sus
vedal987	509658	NOTED
vedal987	509658	NOTED
vedal987	509658	Hmm ͏
vedal987	509658	1
vedal987	509658	NOTED
vedal987	509658	1
vedal987	509658	NOTED ͏
vedal987	509658	NOTED
vedal987	509658	mhm
vedal987	509658	1
vedal987	509658	NOTED
vedal987	509658	NOTED
vedal987	509658	NOTED
vedal987	509658	NOTED
vedal987	509658	NOTED
vedal987	509658	1
vedal987	509658	NOTED
vedal987	509658	NOTED
vedal987	509658	NOTED
vedal987	509658	NOTED
vedal987	509658	1
vedal987	509658	NOTED
vedal987	509658	NOTED
vedal987	509658	NOTED
vedal987	509658	NOTED
vedal987	509658	NOTED
vedal987	509658	HOLY
vedal987	509658	NOTED
vedal987	509658	NOTED
vedal987	509658	NOTED ͏
vedal987	509658	NOTED
vedal987	509658	HOLY
vedal987	509658	1
vedal987	509658	mhm
vedal987	509658	NOTEE
vedal987	509658	NOTED
vedal987	509658	NOTED
itskatchii	509658	YIPPIE fun
itskatchii	509658	just stay behind her and ur goood
itskatchii	509658	1234
itskatchii	509658	54
itskatchii	509658	NOTED
itskatchii	509658	54
itskatchii	509658	o7
itskatchii	509658	1234 mhm
itskatchii	509658	SON
itskatchii	509658	mhm
itskatchii	509658	o7
itskatchii	509658	write it down in the notes app
itskatchii	509658	6767
itskatchii	509658	o7
itskatchii	509658	1234
itskatchii	509658	on my way to yoink
itskatchii	509658	scawy
itskatchii	509658	ROFL
itskatchii	509658	o7
itskatchii	509658	write it in the notes app on your phone
itskatchii	509658	Oof
itskatchii	509658	ME
itskatchii	509658	Me
itskatchii	509658	just msg it to urself on discord
itskatchii	509658	me
itskatchii	509658	Nooo
itskatchii	509658	Dude you just told us the box
itskatchii	509658	you'd be surprised
itskatchii	509658	you never know
itskatchii	509658	LO
itskatchii	509658	?
itskatchii	509658	omw
itskatchii	509658	?
itskatchii	509658	just lock it
itskatchii	509658	:)
itskatchii	509658	HAHA
itskatchii	509658	now that you showed where it is no one LO
itskatchii	509658	Going right now
itskatchii	509658	just lock it ICANT
itskatchii	509658	LO
itskatchii	509658	om
itskatchii	509658	lock it
itskatchii	509658	Savage
itskatchii	509658	bro why?
itskatchii	509658	lots of people would, hopefully no one will
itskatchii	509658	@PuffinGreen 200 iq
itskatchii	509658	-1 mic -1 powerbank
itskatchii	509658	just ask her LOL
itskatchii	509658	nooo
itskatchii	509658	ICANT
itskatchii	509658	katchiii noooooo the bag is worth thousands please
itskatchii	509658	Lock it
itskatchii	509658	luteal or 86 cus I’m always on and off the menu ooo
itskatchii	509658	LOL
itskatchii	509658	yoink, mine now WideHardo
itskatchii	509658	LO
itskatchii	509658	LOL
itskatchii	509658	Lock it
itskatchii	509658	Piz would
itskatchii	509658	ICANT
itskatchii	509658	6767
itskatchii	509658	ICANT
itskatchii	509658	l3wgObiCool
itskatchii	509658	She trust chat too much
itskatchii	509658	help plz ICANT
itskatchii	509658	ICANT
itskatchii	509658	ICANT
itskatchii	509658	the iq
itskatchii	509658	katchiiHDMI
itskatchii	509658	ICANT
itskatchii	509658	ICANT
itskatchii	509658	hard watch ICANT
itskatchii	509658	LO
itskatchii	509658	give to the people behind the counter, safer than a locker anyway LUL
itskatchii	509658	ICANT
itskatchii	509658	MIJO
itskatchii	509658	Why leave powerbank?
itskatchii	509658	SON
itskatchii	509658	TITA
itskatchii	509658	ICANT
itskatchii	509658	Dentge
itskatchii	509658	6969
itskatchii	509658	6767
itskatchii	509658	6767
itskatchii	509658	6769
itskatchii	509658	0605
itskatchii	509658	0137
itskatchii	509658	1234
itskatchii	509658	6767
itskatchii	509658	TITA
itskatchii	509658	1234
itskatchii	509658	youtube.com/@ItsKatchii
itskatchii	509658	1234
itskatchii	509658	67
itskatchii	509658	6969
itskatchii	509658	p e e n
itskatchii	509658	6969
itskatchii	509658	0000
itskatchii	509658	6969 or 6767
itskatchii	509658	0131
thebausffs	21779	carryPOV
thebausffs	21779	Go babus u can Win this it doenst master if u have to play 1 vs 10
thebausffs	21779	@imirosa hesBuh
thebausffs	21779	you don't think its winnable? @Thebausffs
thebausffs	21779	Big D energy
thebausffs	21779	@swurviie wrong usage!
thebausffs	21779	it's winnable kirkendaciously
thebausffs	21779	t
thebausffs	21779	bossman baus kasante lucian synergy
thebausffs	21779	xqcL xdd
thebausffs	21779	Check out my YouTube : https://www.youtube.com/c/thebausffs borpaSpin
thebausffs	21779	unxdd
thebausffs	21779	"@dalenrko my guess is it's called ""in love with an alien"""
thebausffs	21779	xdd
thebausffs	21779	2.7 mins per death thats crazy good
thebausffs	21779	xdd
thebausffs	21779	xdd
thebausffs	21779	STFU allanr
thebausffs	21779	@allanr whos t hat
thebausffs	21779	xdd
thebausffs	21779	xdd
thebausffs	21779	xgg
thebausffs	21779	Pain
thebausffs	21779	xqcL
thebausffs	21779	Pointless
thebausffs	21779	xdd
thebausffs	21779	bruh is he saying im in love with the hairiest?
thebausffs	21779	NEVER FF angrE
thebausffs	21779	67
thebausffs	21779	xdd
thebausffs	21779	thebaus ff s LULE
thebausffs	21779	xdd
thebausffs	21779	xdd
thebausffs	21779	-1
thebausffs	21779	Pointless
thebausffs	21779	xd
thebausffs	21779	message deleted by a moderator.
thebausffs	21779	xdd
thebausffs	21779	ff every game
thebausffs	21779	xqcL
thebausffs	21779	xdd
thebausffs	21779	@busysmokingweed blueAlienDance blueAlienDance blueAlienDance blueAlienDance
thebausffs	21779	хdd
thebausffs	21779	xdd
thebausffs	21779	xdd
thebausffs	21779	!score
thebausffs	21779	1v9
thebausffs	21779	7-2
thebausffs	21779	XDD
thebausffs	21779	ur winning this (somehow)
thebausffs	21779	xdd
thebausffs	21779	хdd ͏
thebausffs	21779	im in love with an alien...fell in love with a ryze
thebausffs	21779	xdd
thebausffs	21779	BAN ALL CEREAL VIEWERS angriER
thebausffs	21779	XD
thebausffs	21779	xdd
thebausffs	21779	xdd
thebausffs	21779	message deleted by a moderator.
thebausffs	21779	@kimanogi alien
thebausffs	21779	xdd
thebausffs	21779	xdd
thebausffs	21779	хdd
thebausffs	21779	au7 5 of the last 20 chatters timed out
thebausffs	21779	damn cant do anything right
thebausffs	21779	poor lucian
thebausffs	21779	Dont ffg wait lord domenick
thebausffs	21779	FirstTimeClassic
thebausffs	21779	xdding xdding xdding xdding xdding xdding xdding xdding xdding xdding xdding xdding xdding xdding xdding xdding xdding xdding xdding xdding xdding xdding xdding xdding xdding xdding xdding xdding xdding xdding
thebausffs	21779	xdd
thebausffs	21779	xdd
thebausffs	21779	thebaus ff s LULE ͏
thebausffs	21779	uuhhhh why is everyone getting deleted
thebausffs	21779	OVERWORKING
thebausffs	21779	xdd
thebausffs	21779	dansi
thebausffs	21779	dansi
thebausffs	21779	xD
thebausffs	21779	paidchatter
thebausffs	21779	sometimes the villain wins toplane
thebausffs	21779	<has been permanently banned>
thebausffs	21779	duckDisco
thebausffs	21779	ResidentSleeper ResidentSleeper
thebausffs	21779	xdd
thebausffs	21779	message deleted by a moderator.
thebausffs	21779	@orphanmanbearchild makes more sense mhm
thebausffs	21779	xdd
thebausffs	21779	xdd
thebausffs	21779	BAN ALL CEREAL VIEWERS angriER
thebausffs	21779	xdd
thebausffs	21779	dxx
thebausffs	21779	xdd
thebausffs	21779	I wanna see evil baus gameplay
thebausffs	21779	1v9
thebausffs	21779	type xd d get banned but int the game = nothing LULE
thebausffs	21779	xdd
thebausffs	21779	he looks so happy. im glad you enjoy this game
thebausffs	21779	BAND
thebausffs	21779	"why is ""ex dee"" banned?"
thebausffs	21779	rat infestation LO
drututt	21779	hes like distant cousin
drututt	21779	hi drut
drututt	21779	FO
drututt	21779	Ratir is handless
drututt	21779	ratir
drututt	21779	Ratir
drututt	21779	FO
drututt	21779	@Arixen_ xd
drututt	21779	ratir
drututt	21779	Ratir
drututt	21779	L9 loss father
drututt	21779	DO ELDEN RING RACE WID ALOIS NEXT
drututt	21779	Ratir
drututt	21779	an hour is ok to get used to the game
drututt	21779	elden larp
drututt	21779	He is just a descendant of the golden lineage, he isn't a direct descendant of Godfrey
drututt	21779	HmmClueless
drututt	21779	it is
drututt	21779	can u play camelll pleaseeeee PWEASEEEEEEEEEEEEE )
drututt	21779	@deadkeepers game was getting hyped all last year (rightfully so) and people asked him alot about it so he hates it now
drututt	21779	Annie Proud
drututt	21779	elden ring race with Ratir
drututt	21779	sadE
drututt	21779	"@drututt can you play ""made in Romania"" just for a bit ahah"
drututt	21779	)
drututt	21779	OMG
drututt	21779	vlad top incident
drututt	21779	!shaco
drututt	21779	⣿⣿⣿⣿⣿⠿⠛⠛⠛⠿⣿⣿⣿⣿⣿⣿⣿⣿⣿⣿⣿⡿⠟⠛⠛⠿⢿ ⣿⣿⣿⣿⡇⠀⠈⣉⠛⢦⡈⠻⣿⣿⣿⣿⣿⣿⣿⡟⠁⠀⠐⢉⡉⠀⠀⣿ ⣿⣿⣿⣿⣇⠀⠀⠈⠙⠒⠿⣆⠘⣿⣿⣿⣿⣿⠟⠀⣠⠶⠛⠋⠁⠉⢠⣿ ⣿⣿⣿⣿⣿⠀⢡⡀⠀⠀⠀⠘⣆⠘⣿⣿⣿⠏⠀⠔⠀⠀⠀⠀⡐⠀⢾ ⣿⣿⣿⣿⡁⠀⠈⠻⢶⣤⣀⣀⣽⡆⠘⣿⠇⠀⢸⠀⢀⣠⡴⠞⠃⠀⠀⣿ ⣿⣿⣿⣿⣿⡦⣀⠀⠀⠉⠻⠟⢻⣿⠀⠀⠀⠃⠟⠛⠉⠁⠀⠀⢀⡄⣺⣿ ⣿⣿⣿⣿⣿⣷⡘⡗⢦⣀⠀⠀⣸⣿⡇⠀⠀⠀⣀⡀⠀⢀⣤⢚⠏⣴⣿ ⣿⣿⣿⣿⣿⣿⣷⠰⠀⢻⠳⢾⣯⣸⣧⠀⠀⠀⠘⣡⡖⢻⠃⡌⣸⣿⣿ ⣿⣿⣿⣿⣿⣿⣿⡇⢀⠀⢷⠀⡈⠻⣿⠀⠀⡠⠚⠀⢷⠃⢰⠁⣿⣿⣿ ⣿⣿⣿⣿⣿⣿⣿⡇⠀⢆⠘⡄⡁⢀⠉⠦⠊⣁⠴⢁⠄⠐⡟⠀⣿⣿⣿ ⣿⣿⣿⣿⣿⣿⣿⣧⠀⠘⣆⠈⢇⠨⠉⠰⠈⠁⢀⠏⠀⠰⠁⣰ ⣿⣿⣿⣿⣿⣿⣿⣿⣷⣄⠹⡇⠈⢧⡀⢠⠀⣠⠋⠀⠀⢀⣼⣿⣿⣿⣿ ⣿⣿⣿⣿⣿⣿⣿⣿⣿⣿⣧⡀⠀⠀⠙⠛⠋⠁⠀⠀⣴⣿⣿⣿⣿⣿⣿ ⣿
drututt	21779	gg
drututt	21779	Rumble BEGGING
drututt	21779	boss difficulty varieties from player to player
drututt	21779	@Drututt That game is kinda interestingin a way how diff ppl struggle on diff bossed
drututt	21779	shaco on team for shaco music
drututt	21779	bee nise
drututt	21779	dont forget the music
drututt	21779	HOW WILL WE KNOW IF ITS ROSE OR ZY0X
drututt	21779	@Drututt what game should i play it
drututt	21779	shaco music and shaco nice
drututt	21779	shacobong fire it up boss
drututt	21779	rose make sure to backseat him hard
drututt	21779	now lets get a Rumble pls XD
drututt	21779	better vlad than rumble, no?
drututt	21779	Trol
drututt	21779	WHERE SHACO  MUSIC??
drututt	21779	!challenge
drututt	21779	Gonna be racing alois for 10k$ in korea starting from 4th of june till 27th of June, spin wheel of punishment every single day balls
drututt	21779	freaky
drututt	21779	Hit the nexus not the vlad
drututt	21779	@Power4President its shame it went like that, game is soo good, Sadge
drututt	21779	Vlad is super weak early(totally) just bully him ez win
drututt	21779	where is shaco music
drututt	21779	Is this VC a punishment?
drututt	21779	how much for melenia
drututt	21779	Aids positive so the freak gets it
drututt	21779	@Drututt shaco music is too low
drututt	21779	complain already gg
drututt	21779	vlad top poroAgony
drututt	21779	meow
drututt	21779	)
drututt	21779	holy team comp
drututt	21779	meow
drututt	21779	W
drututt	21779	PLAY THE GLIZZY
drututt	21779	PLAY GLIZZY PLSSS
drututt	21779	rengar adc
drututt	21779	meow
drututt	21779	Whos the foid
drututt	21779	You dont like soul fighter naafiri @Drututt ?
drututt	21779	GOIZZY
drututt	21779	@deadkeepers yea game is incredible in my top 2 for sure
drututt	21779	USE LINK https://gamersupps.gg/Drututt FOR 10% OFF ON YOUR PURCHASE, INCLUDING EU SHIPPING VERY GOOD VERY YUMMY YES PLEASE GIVE ME MONEY
drututt	21779	But please :c
drututt	21779	dog vs cat
drututt	21779	PLAY WITH GLIZZY
drututt	21779	glizzy NOW
drututt	21779	GLIZZY
drututt	21779	HESDONE
drututt	21779	dog eats him
drututt	21779	SpeedLaugh chat
drututt	21779	senna rengar bot
drututt	21779	dog vs cat
drututt	21779	wher shaco musika?
drututt	21779	is rengar difficult to beat on lane as naafiri?
drututt	21779	play glizzy smadge
drututt	21779	khazix and rengar on same team DOESHEKNOW
drututt	21779	cat vs dog
drututt	21779	Who is that woman or is it some kind of AI?
drututt	21779	GLIZZY OR ELSE
drututt	21779	"""can you kill him?"" incoming"
drututt	21779	She is backseating, you have to play glizzy
drututt	21779	You're not gonna lose to a rengar top bro
drututt	21779	meow meow
drututt	21779	meow meow 100% hp incoming
drututt	21779	!opgg
drututt	21779	https://www.deeplol.gg/summoner/kr/POLISH%20SPY-CHINA
drututt	21779	SHACO MUSIC
drututt	21779	kitty cs Princess TOPPO
drututt	21779	shaco on a team with a shaco music
drututt	21779	@Power4President what is other game cuz it on my first for sure
alois_nl	21779	@KurrrbaJeKisu yup dats me CAUGHT
alois_nl	21779	@bsgmps consume enough alcohol until you forget
alois_nl	21779	-1
alois_nl	21779	Alois has missed 4064 cannons in 2026! -1
alois_nl	21779	my boy Alois from the ghetto
alois_nl	21779	Trust bro, you have 144 Operas on This is already your and you dont even know it
alois_nl	21779	@benjo414 eat my entire ass
alois_nl	21779	!session
alois_nl	21779	@Paul_F05 9W/3L Winrate 75%  🟥🟦🟦🟥🟦🟦🟦🟦🟥🟦🟦🟦
alois_nl	21779	buh K'sante guh
alois_nl	21779	@KurrrbaJeKisu also the ZAAYUM copypaste with emojis is my creation GIGACHAD
alois_nl	21779	rubbW
alois_nl	21779	!race
alois_nl	21779	Here is the overview of race: https://imgur.com/a/hgJtyGB  Tracklink: https://trackdiff.com/races/avd
alois_nl	21779	@bread_in_disguise 1. Drututt Master 967LP 91W/18L 83% | 2. Alois Master 676LP 90W/28L 76%
alois_nl	21779	@corristo5216 PogU
alois_nl	21779	@gragassecret Freak
alois_nl	21779	@benjo414 gooned
alois_nl	21779	@iggypop65789 we were togehter for 3,5y and lived togehter idk its hard to forget and i also dont want to
alois_nl	21779	@pigandratenjoyer out of shits and giggles I got the bloomburrow precons but also got me two self made decks. One is Ygra and One is Sarulf, I do realise that sarulf will get me targeted more often than not. Anyway, Golgari gotta be my fav. colors
alois_nl	21779	I like to think this song was sung by someone stalking another person KEKW
alois_nl	21779	i cant goon
alois_nl	21779	@bsgmps weed
alois_nl	21779	I'll be buh ing you
alois_nl	21779	!race
alois_nl	21779	Here is the overview of race: https://imgur.com/a/hgJtyGB  Tracklink: https://trackdiff.com/races/avd
alois_nl	21779	@giannisalba 1. Drututt Master 967LP 91W/18L 83% | 2. Alois Master 676LP 90W/28L 76%
alois_nl	21779	Hello chat, I was here two days ago and Alois was sending in pre game lobby a video of a djset by a skinny blonde girl, can someone tell me who she is or what is the name of the video? Thx in advance piggies <3
alois_nl	21779	@pigandratenjoyer what’s your favorite?
alois_nl	21779	I'll be buh ing you ͏
alois_nl	21779	huh who on mid
alois_nl	21779	@sugadintas2 ANIQTOOHIGH
alois_nl	21779	its fine
alois_nl	21779	guh
alois_nl	21779	guh
alois_nl	21779	guh
alois_nl	21779	@ragliadibamba joanna kuchta iirc
alois_nl	21779	@gragassecret goat
alois_nl	21779	hambuhguh
alois_nl	21779	@ragliadibamba yes, Joanna Kuchta
alois_nl	21779	@LordTyzzer also goatr
alois_nl	21779	@CEOofbuh ill be wuh tching you
alois_nl	21779	stalin on top as well Sadge
alois_nl	21779	joanna, the queen
alois_nl	21779	@zCherryy huu
alois_nl	21779	ok but why is he refuse to take dmg? xD
alois_nl	21779	@LordTyzzer ambusiing
alois_nl	21779	!race
alois_nl	21779	@jazzisfun 1. Drututt Master 967LP 91W/18L 83% | 2. Alois Master 676LP 90W/28L 76%
alois_nl	21779	Here is the overview of race: https://imgur.com/a/hgJtyGB  Tracklink: https://trackdiff.com/races/avd
alois_nl	21779	@Franioo This is K'sante. A champion with 4700 HP, 329 armor, 201 MR champion👤 has unstoppable🚫, shield 🛡, wall🧱 hopping abilities. Has an airborne 🌪, furthermore the cooldown is only 1️⃣ second mana🧙‍♂️ cost is 1️⃣5️⃣ then when he transforms 💫 w cooldown is refunded and passive deals true damage 🗡 and then for armor/mr 🥋 the more 📈 and more 📈 you stack, you get cdr ⏰! you get cdr⏰ on your q and the casting speed 🚀 gets faster 📈 and then he has an AD 🗡 ratio so his W is eek-AAAAAAAAAAAAAAAA
alois_nl	21779	king nasir champ
alois_nl	21779	would insta armor pen item make sense here?
alois_nl	21779	You got this bruh
alois_nl	21779	This is K'sante. A champion with 4700 HP, 329 armor, 201 MR champion👤 has unstoppable🚫, shield 🛡, wall🧱 hopping abilities. Has an airborne 🌪, furthermore the cooldown is only 1️⃣ second mana🧙‍♂️ cost is 1️⃣5️⃣ then when he transforms 💫 w cooldown is refunded and passive deals true damage 🗡 and then for armor/mr 🥋 the more 📈 and more 📈 you stack, you get cdr ⏰! you get cdr⏰ on your q and the casting speed 🚀 gets faster 📈 and then he has an AD 🗡 ratio so his W is eek-AAAAAAAAAAAAAAA
alois_nl	21779	This is K'sante. A champion with 4700 HP, 329 armor, 201 MR champion👤 has unstoppable🚫, shield 🛡, wall🧱 hopping abilities. Has an airborne 🌪, furthermore the cooldown is only  second mana🧙‍♂️ cost is 1️⃣5️⃣ then when he transforms  w cooldown is refunded and passive deals true damage 🗡 and then for armor/mr  the more  and more  you stack, you get cdr ⏰! you get cdr⏰ on your q and the casting speed  gets faster  and then he has an AD 🗡 ratio so his W is eek-AAAAAAAAAAAAAAAA
alois_nl	21779	why ihaveno sub
alois_nl	21779	This is K'sante. A champion with 4700 HP, 329 armor, 201 MR champion👤 has unstoppable🚫, shield 🛡, wall🧱 hopping abilities. Has an airborne 🌪, furthermore the cooldown is only 1️⃣ second mana🧙‍♂️ cost is 1️⃣5️⃣ then when he transforms 💫 w cooldown is refunded and passive deals true damage 🗡 and then for armor/mr 🥋 the more 📈 and more 📈 you stack, you get cdr ⏰! you get cdr⏰ on your q and the casting speed 🚀 gets faster 📈 and then he has an AD 🗡 ratio so his W is eek-AAAAAAAAAAAAAAA
alois_nl	21779	@gragassecret  frfr
alois_nl	21779	This is K'sante. A champion with 4700 HP, 329 armor, 201 MR champion👤 has unstoppable🚫, shield 🛡, wall🧱 hopping abilities. Has an airborne 🌪, furthermore the cooldown is only 1️⃣ second mana🧙‍♂️ cost is 1️⃣5️⃣ then when he transforms 💫 w cooldown is refunded and passive deals true damage 🗡 and then for armor/mr 🥋 the more 📈 and more 📈 you stack, you get cdr ⏰! you get cdr⏰ on your q and the casting speed 🚀 gets faster 📈 and then he has an AD 🗡 ratio so his W is eek-AAAAAAAAAAAAAAA
alois_nl	21779	@itsTeodor__ caught the referencce
alois_nl	21779	guys, are prime subs working? can anybody check?
alois_nl	21779	guh buh guh
alois_nl	21779	!race
alois_nl	21779	Here is the overview of race: https://imgur.com/a/hgJtyGB  Tracklink: https://trackdiff.com/races/avd
alois_nl	21779	@bazabazbaz 1. Drututt Master 967LP 91W/18L 83% | 2. Alois Master 676LP 90W/28L 76%
alois_nl	21779	!race
alois_nl	21779	guys cmon ksante drops his resistances when he ults hes balanced buh
alois_nl	21779	damn bro is stacked, what bracket are we talking abt ? also golgari is sick, I’ve always wanted to build glissa the traitor as a weird artifact deck. Rn I’m running a Kozilek eldrazi titans artifact control deck, and Endrek Sahr as a storm b4
alois_nl	21779	@CEOofbuh buh ing
alois_nl	21779	Listening
alois_nl	21779	i think the trick to kasnate is to just not press r? am i crazy?
alois_nl	21779	@ceoofbuh hesBuh
alois_nl	21779	Listening
alois_nl	21779	hesBuh
alois_nl	21779	67 score
alois_nl	21779	-2
alois_nl	21779	!song
alois_nl	21779	@henkeslush Song: Caribbean Queen (No More Love on the Run) by Billy Ocean. peepoLove Now !jam
alois_nl	21779	67
alois_nl	21779	Wtf is Ksante E dash btw, fakest shit in live
alois_nl	21779	69 Sure
alois_nl	21779	feaky
alois_nl	21779	Another omega hard game by your teammates
alois_nl	21779	Cooked
alois_nl	21779	@spacesamurai33  K'Sante👤4,700 HP💪329 Armor🤷‍♂️201 MR💦 Unstoppable🚫A Shield 🛡 Goes over walls🧱Has Airborne🌪Cooldown is only☝second too🕐 It costs 15 Mana🧙‍♂️
alois_nl	21779	hows master been
alois_nl	21779	lebronJAM
alois_nl	21779	feaky
alois_nl	21779	masters**
alois_nl	21779	tbh my ex also just broke things of with his ex when our relationship started so i relate to you alois its not healthyn it damaged us too
alois_nl	21779	hella Cooked
alois_nl	21779	feaky
alois_nl	21779	donce
alois_nl	21779	staycalm
alois_nl	21779	@jedJAM ???
alois_nl	21779	The easiest way to record and review your game footage? Insights.gg/aloisnl
alois_nl	21779	is sheen ever good on riven?
alois_nl	21779	done staycalm feaky
alois_nl	21779	!jam
azzapp	21779	Anyone's who's looking for coaching just remember to keep it perpendicular, that's all you need
azzapp	21779	hi Azzapp
azzapp	21779	sup
azzapp	21779	4 more games
azzapp	21779	woah
azzapp	21779	Jg azzap incoming?,
azzapp	21779	@tortytheforty did he end up beating the fiora player?
azzapp	21779	raidd
azzapp	21779	buh
azzapp	21779	shes scared of u
azzapp	21779	https://www.youtube.com/watch?v=Yiy-plVqG64&pp=ygUGbmk0bmlc
azzapp	21779	Azzapperpendicular
azzapp	21779	W ALOIS
azzapp	21779	zap zap
azzapp	21779	ZaapZaap!
azzapp	21779	!so @alois_nl
azzapp	21779	goat
azzapp	21779	Im spending all my points on music
azzapp	21779	@akisame2 he did
azzapp	21779	W
azzapp	21779	oink
azzapp	21779	D:
azzapp	21779	oink oink
azzapp	21779	hallo
azzapp	21779	OINK OINK
azzapp	21779	buh
azzapp	21779	)
azzapp	21779	buh
azzapp	21779	buh
azzapp	21779	Welcome piggys
azzapp	21779	W raid
azzapp	21779	buh ͏
azzapp	21779	!today
azzapp	21779	!streak
azzapp	21779	@Franioo Win: 3 | Loss: 9 | -136 LP | 🟥🟥🟥🟥🟥🟥🟩🟩🟥🟥🟥🟩
azzapp	21779	!opgg
azzapp	21779	https://linktr.ee/azzappopgg
azzapp	21779	W WINNING STREAK
azzapp	21779	LMAO
azzapp	21779	HOLY
azzapp	21779	hell yeah w piggy
azzapp	21779	!today
azzapp	21779	@xwixp Win: 3 | Loss: 9 | -136 LP | 🟥🟥🟥🟥🟥🟥🟩🟩🟥🟥🟥🟩
azzapp	21779	@NypharBot HOLY
azzapp	21779	holy fk
azzapp	21779	oh no
azzapp	21779	whoa echo
azzapp	21779	Reksai or Fiddle jungler on enemy team just running roughshod over your team for, what, the last 4 games now?
azzapp	21779	buh
azzapp	21779	HOLY LOSERS Q
azzapp	21779	he already showed haha
azzapp	21779	@NypharBot MONKA
azzapp	21779	Looks like Alois's streak
azzapp	21779	SHOE IT
azzapp	21779	are we playing as the cursed alfredo? no wonder HahaSweat
azzapp	21779	!opgg
azzapp	21779	Do you feel like the ff culture has been better or worse since your last time in korea?
azzapp	21779	HOLY 3-9
azzapp	21779	monka
azzapp	21779	Ok, not looking, good luck! XD
azzapp	21779	go red my guy
azzapp	21779	Cooked
azzapp	21779	ur a legend for still having a smile my goat
azzapp	21779	@NypharBot oof
azzapp	21779	red is good, no?
azzapp	21779	I CANT
azzapp	21779	@Alois_NL azzapp needs a hug
azzapp	21779	whats good chat
azzapp	21779	I am a cat not a pig fu Madge  hesBuh
azzapp	21779	!rank
azzapp	21779	@admong__ Pasta La Vista Master 1066LP | 17 wins to Grandmaster (1416LP) (+21/game)
azzapp	21779	a7x playing? GOATED
azzapp	21779	Korea seems like Ukrain ngl
azzapp	21779	HOLY STREAK
azzapp	21779	!today
azzapp	21779	@Buffalol10 Win: 3 | Loss: 9 | -136 LP | 🟥🟥🟥🟥🟥🟥🟩🟩🟥🟥🟥🟩
azzapp	21779	Ornn top praige
azzapp	21779	fiddle again..
azzapp	21779	do u FF in korea or no?
azzapp	21779	GN @Alois_NL
azzapp	21779	Let´s go! Alois + chatters, I hope you are doing great today, because we aren´t. xD We need your energy guys. <3
azzapp	21779	@spacesamurai33 WTAF?
azzapp	21779	@NypharBot oh thats roughy mac toughy
azzapp	21779	W
azzapp	21779	Teach Alois the positive mental
azzapp	21779	@tortytheforty ALWAYS
azzapp	21779	game already looks better you have engage on your team now not some selfish champs
azzapp	21779	Winstreak incomming
azzapp	21779	harvest them up
azzapp	21779	W streamers community
azzapp	21779	it's all a joke, yup
azzapp	21779	AzzaPog
azzapp	21779	Seems a plan
azzapp	21779	jhin dark harvest pairing
azzapp	21779	azzaSTACKED TIME
azzapp	21779	W dark harvest thats my liege
azzapp	21779	dark harvest LESGOOO
azzapp	21779	@Azzapp go hug Mr Lois for good night
azzapp	21779	azzaPUSH
azzapp	21779	W dark
keshaeuw	21779	WE GOING DIAMOND TODAY OR WHAT
keshaeuw	21779	0 lp k
keshaeuw	21779	zyzzRave EDM zyzzRave EDM zyzzRave EDM zyzzRave EDM zyzzRave EDM zyzzRave EDM
keshaeuw	21779	megg
keshaeuw	21779	they're gonna end up riding lime bike into hole in the ground Ok
keshaeuw	21779	and the fifth teammember will crash himself on a limebike xdd
keshaeuw	21779	disgust
keshaeuw	21779	D9G sht thresh
keshaeuw	21779	ING
keshaeuw	21779	you forgot to honor someone @KeshaEuw
keshaeuw	21779	Meggot
keshaeuw	21779	classic meg
keshaeuw	21779	@R3nn0 LO
keshaeuw	21779	sayon ?
keshaeuw	21779	BTW LOLLLLLLLLLL
keshaeuw	21779	Bror jag tar fan studenten imorn vettu ezzzzzzzz
keshaeuw	21779	Change your shirt man.. its time
keshaeuw	21779	this is so wholesome
keshaeuw	21779	!shirt
keshaeuw	21779	Kesha got a new shirt?? NOWAYING
keshaeuw	21779	F 13 win streak
keshaeuw	21779	a b c d e f g h i j k l m n o p q r s t u  v w x y z
keshaeuw	21779	HELPOO KESHA
keshaeuw	21779	Change your shirt man.. its time!
keshaeuw	21779	finally some good stream
keshaeuw	21779	So bad cait
keshaeuw	21779	keshaeuw did u play elden ring?
keshaeuw	21779	x
keshaeuw	21779	earlier
keshaeuw	21779	whats that red markl on ur cheeck tho
keshaeuw	21779	LO
keshaeuw	21779	LO
keshaeuw	21779	@El_Capitano_1 not first of the month
keshaeuw	21779	ÖL
keshaeuw	21779	ÄFHLG
keshaeuw	21779	ÄÖHKFKH
keshaeuw	21779	AAAAAAAAAAAAA
keshaeuw	21779	?????????
keshaeuw	21779	FÄKHGLKÄKLHJKLGHJLKGH
keshaeuw	21779	LO
keshaeuw	21779	AINTNOWAY
keshaeuw	21779	LOL
keshaeuw	21779	OMNEGALUL
keshaeuw	21779	LO LO LO LO LO LO LO LO LO LO LO LO LO LO
keshaeuw	21779	LÖKHGLÖKJLÖKGHLÖJGHLKÖHGLÖKJGLHKÖJGÖHLKJG
keshaeuw	21779	HLKÖJ
keshaeuw	21779	LO
keshaeuw	21779	LO
keshaeuw	21779	HLJLKÖJJK
keshaeuw	21779	lmao
keshaeuw	21779	LO ͏
keshaeuw	21779	XDDDDD
keshaeuw	21779	LO
keshaeuw	21779	LO ͏
keshaeuw	21779	LÖGHJLKGHÖJLKG
keshaeuw	21779	LO
keshaeuw	21779	OMEGALUL
keshaeuw	21779	KO
keshaeuw	21779	LMAO
keshaeuw	21779	LOL
keshaeuw	21779	BAAAHAHAHAHAHHAHAHA
keshaeuw	21779	LO
keshaeuw	21779	LHGJGKHGLÖJLHGÖL
keshaeuw	21779	NOOOOOOO
keshaeuw	21779	OMEGALUL Clap
keshaeuw	21779	LOOOOOOOO
keshaeuw	21779	XDDD
keshaeuw	21779	LOL
keshaeuw	21779	WTF
keshaeuw	21779	LMAOOOOOOOOOOO
keshaeuw	21779	Nahhuhh
keshaeuw	21779	xDDDDDDDDDDD
keshaeuw	21779	LOL ͏
keshaeuw	21779	LOL
keshaeuw	21779	AINTNOWAY
keshaeuw	21779	LOL ͏
keshaeuw	21779	OMEGALUL Clap OMEGALUL Clap OMEGALUL Clap OMEGALUL Clap OMEGALUL Clap OMEGALUL Clap OMEGALUL Clap OMEGALUL Clap OMEGALUL Clap OMEGALUL Clap OMEGALUL Clap OMEGALUL Clap OMEGALUL Clap OMEGALUL Clap OMEGALUL Clap
keshaeuw	21779	o7
keshaeuw	21779	BAN incoming for Lesbian Nunu?
keshaeuw	21779	HSHSHSAHHAHA
keshaeuw	21779	AINTNOWAY  ͏
keshaeuw	21779	???
keshaeuw	21779	haha
keshaeuw	21779	OMEGALUL Clap OMEGALUL Clap OMEGALUL Clap OMEGALUL Clap OMEGALUL Clap OMEGALUL Clap OMEGALUL Clap OMEGALUL Clap OMEGALUL Clap OMEGALUL Clap OMEGALUL Clap OMEGALUL Clap OMEGALUL Clap OMEGALUL Clap OMEGALUL Clap  ͏
keshaeuw	21779	YAAAA
keshaeuw	21779	OMEGALUL Clap OMEGALUL Clap OMEGALUL Clap OMEGALUL Clap OMEGALUL Clap OMEGALUL Clap OMEGALUL Clap OMEGALUL Clap OMEGALUL Clap OMEGALUL Clap OMEGALUL Clap OMEGALUL Clap OMEGALUL Clap OMEGALUL Clap OMEGALUL Clap
keshaeuw	21779	HAHAHHAHAHAHA
keshaeuw	21779	LOL
keshaeuw	21779	AINTNOWAY
keshaeuw	21779	?!
keshaeuw	21779	ahahahahahahaha
keshaeuw	21779	lmao
keshaeuw	21779	LOL ͏
keshaeuw	21779	OMEGALUL Clap OMEGALUL Clap OMEGALUL Clap OMEGALUL Clap OMEGALUL Clap OMEGALUL Clap OMEGALUL Clap OMEGALUL Clap OMEGALUL Clap OMEGALUL Clap OMEGALUL Clap OMEGALUL Clap OMEGALUL Clap OMEGALUL Clap OMEGALUL Clap  ͏
keshaeuw	21779	AINTNOWAY NAHH
keshaeuw	21779	AINTNOWAY  ͏
keshaeuw	21779	HAHAHAAH
keshaeuw	21779	LAST ACC o7
keshaeuw	21779	LO
keshaeuw	21779	Wth
agurin	21779	rmm
agurin	21779	!mrm
agurin	21779	mre mrrm erm
agurin	21779	!erm
agurin	21779	erm Aksherm CuteErm darkermvest DIDSOMEONESAYERM elERMtrocute erm Erm ErmActually ermadin ermdeluxe ermDonalds ERMDRA Ermexplode ermGamba ermgi ERMGNITE ErmGun erminem ERMJAIS ermki ERMKING ERMPORT ERMSHIELD ermsuo gERMan glerm Glerm HERMRIS PERMNIS repterm Rerm term  tERMinus VeryErm WAYTOOERM ZERMNYAS ERMBED  ErmShakey gwerm hesErm tERMinator VELJERM catErm0 Chatterm FirstTimeErmer PROGOTERM toplanerm wideErm
agurin	21779	mmr rmm
agurin	21779	that bard ult was good
agurin	21779	Everytime I'm Olaf Bard Ult is so grrrrrrrrrrrrrrrrr
agurin	21779	COOKED
agurin	21779	speed
agurin	21779	ThoseWhoSlow
agurin	21779	Mad?
agurin	21779	DISASTERRR
agurin	21779	Ff
agurin	21779	report @lol_Taxer
agurin	21779	!score
agurin	21779	@stevens_despair Today's score: 6W/6L (50%)
agurin	21779	que grotesco y nauseabundo es el acento polaco
agurin	21779	its fine guys. Let's flip 5v5 at minute 40
agurin	21779	0 armor br o
agurin	21779	1-0 14-1 or 0-1?
agurin	21779	que se estan jugando?
agurin	21779	what does sendo do  that other toplaners dont?
agurin	21779	@xtejumi lee el titiulo
agurin	21779	report olaf
agurin	21779	@adalbatros when he goes to the grocery to buy milk, he returns
agurin	21779	!shield
agurin	21779	REVITALIZE 15% SHIELD + IMMORTAL PATH 15% SHIELD + SHIELDBOW + AKSHAN PASSIVE SHEN ULT YOURSELF WTF : https://x.com/Phantasm_EUW/status/2055936942093553973
agurin	21779	sendo tetin dejate la liguilla esa de paquetes y hazme un coachin en plata
agurin	21779	is it game 1 or whats the score
agurin	21779	wtf is happening
agurin	21779	@negruuu96 playoffs de que
agurin	21779	ahahhaha report olaf
agurin	21779	@xtejumi acabo de entrar
agurin	21779	bro spectating
agurin	21779	MONKA
agurin	21779	lol gl
agurin	21779	isnt sendo an adc main chat? or am i mistaken
agurin	21779	panth strong and olaf boosted
agurin	21779	@lol_terra no
agurin	21779	was it worth to send it on bard?=0
agurin	21779	@Tomasarnon okok mb
agurin	21779	@lol_terra you thinking of slendo
agurin	21779	@cadelIl oh yeahhhh
agurin	21779	gogogo
agurin	21779	ff
agurin	21779	catDespair
agurin	21779	CORTISOL
agurin	21779	AHAHAHAHA
agurin	21779	xdd
agurin	21779	ff
agurin	21779	Check out my profile using deeplol: https://www.deeplol.gg/strm/Agurin
agurin	21779	CORTISOL
agurin	21779	noob
agurin	21779	Make sure to subscriberino to my english youtube Channel ► https://www.youtube.com/@Agurinlol
agurin	21779	Suscríbete y apóyame de forma completamente gratuita a este canal usando tu Twitch Prime sendoSHY2 https://www.twitch.tv/subs/send0o (Si no sabes como hacerlo pon !primehelp en el chat)
agurin	21779	its joever
agurin	21779	rolled
agurin	21779	fight agaiin?
agurin	21779	Head over to my partner TX3. My current setup: FLEX Pro with the LAB-X. Butdon’t worry — even at a lower budget, their chairs and desks absolutely deliver. https://hi.switchy.io/Agurin-TX3-Caseking
agurin	21779	if he was playing tristana or vayne not jihn would be good
agurin	21779	wp
agurin	21779	nice
agurin	21779	holy nothing burger comp
agurin	21779	LETSGO
agurin	21779	red bull nash
agurin	21779	fis would solo them, buts this was alright
agurin	21779	Ooo winnable
agurin	21779	nice
agurin	21779	wp
agurin	21779	is hexoptics good on jhin?
agurin	21779	lol
agurin	21779	wtf
agurin	21779	ISP
agurin	21779	i feel like he needs ldr heren no
agurin	21779	??? XDD
agurin	21779	XDDXD
agurin	21779	XD
agurin	21779	xdd
agurin	21779	AVENGERS
agurin	21779	XDDD
agurin	21779	WAS
agurin	21779	Random ms spikes
agurin	21779	we do a little teleporting
agurin	21779	ISP
agurin	21779	holy fuck its bad
agurin	21779	Paketloss deluxer
agurin	21779	ISP
agurin	21779	ISP
agurin	21779	bro killed him with 0 FPS
agurin	21779	xdd
agurin	21779	XD
agurin	21779	only internet can stop my GOAT
agurin	21779	HAHAHHAHAHAHAHHA
agurin	21779	geil
agurin	21779	REPORT OLAF OOMG
agurin	21779	name of the song?¿
agurin	21779	@perikito336 added 'Eye of the Tiger' by Survivor.
agurin	21779	Twitch os acaba de poner 180 segundos de anuncios ReallyMad
agurin	21779	dmg
nickich	21779	how's the climb going?
nickich	21779	LOL
nickich	21779	lo
nickich	21779	LO
nickich	21779	nick are you  routing for croatia against stinking england?!
nickich	21779	in lithuania there is now an app
nickich	21779	@megaspade493 routing Dentge
nickich	21779	Bro I got bombarded with ads during the water break
nickich	21779	croatia in 2026 sob
nickich	21779	stop using so many W's until chapter ur perma oom everygame
nickich	21779	can you give up this mid arc ur so buns
nickich	21779	@Nickich  Yo nick, haven't had the chance to follow the stream lately, I hope you had fun in Europe. Gl with your midlane challenge. peepoBlush  Love from Italy
nickich	21779	frfr
nickich	21779	game is gone
nickich	21779	catPls
nickich	21779	sob LL italy
nickich	21779	previously a challenger support main, a former superstar jungler, now an aspiring challenger mid laner.
nickich	21779	SpeedSmile
nickich	21779	???
nickich	21779	its coming home this time frfr tired 🥱
nickich	21779	my local pub is giving out free drinks on Italy's game days WW
nickich	21779	Eune midlane climb, we will be there
nickich	21779	we getting blasted
nickich	21779	go italy, rent a calm luh vespa
nickich	21779	???????
nickich	21779	SON
nickich	21779	WHATT
nickich	21779	SON
nickich	21779	hmm
nickich	21779	LO
nickich	21779	SON
nickich	21779	LO
nickich	21779	SON
nickich	21779	???????????/
nickich	21779	MIJO
nickich	21779	oof
nickich	21779	MIJO
nickich	21779	yikes deluxify
nickich	21779	MY FUCKING STREAMER MAN
nickich	21779	AH HELL NAH
nickich	21779	canca patient
nickich	21779	Degloved
nickich	21779	WHAT ARE YOU DOING
nickich	21779	Degloved
nickich	21779	she kinda boiled u king
nickich	21779	MIJO
nickich	21779	gulp
nickich	21779	maybe stay over in NA sonion
nickich	21779	SON we need to fucking boil you brother aint gonna lie
nickich	21779	yikes deluxify
nickich	21779	sob
nickich	21779	Mods CLIP THAT
nickich	21779	hahahaha .and you GUYS WATCH THIS ., waisting your time ON THIS !?
nickich	21779	LMFAOOOOOOOO
nickich	21779	ADAJKDJKAJKJD
nickich	21779	we would like to welcome streamer Nickich to the south african soccer starting roster
nickich	21779	@kineztz1 i will touch you
nickich	21779	@AdmiralAckbrah LOL
nickich	21779	come to serbia bro play league from here
nickich	21779	@NordicNorthStarr you can touch my dick only if i let you do that.
nickich	21779	@nickich i turned on your stream after half match, they fried me. wanted you muted sob
nickich	21779	flossing
nickich	21779	@kineztz1 he has my permission hes good
nickich	21779	another CLM assist ahh game
nickich	21779	I think he deliberately missed r to make us laugh and have fun #glaze #drake
nickich	21779	hat indoors? you balding unc MIJO
nickich	21779	who goin further, canada or us?
nickich	21779	SpeedSmile
nickich	21779	SON ͏
nickich	21779	SON
nickich	21779	SON
nickich	21779	Tired
nickich	21779	SON
nickich	21779	SpeedSmile
nickich	21779	You miss all the shots u don't take, it's aight
nickich	21779	@Hugaxi nah bro im out., cant watch this garbage stream bye
nickich	21779	ngl @kineztz1 u sound european as hell at least the belgoat viewers can be funny sometimes try again next week
nickich	21779	🐐
nickich	21779	omgBruh
nickich	21779	back to basics orianna on aram mayhem
nickich	21779	yo big ich why are you playing orianna this champ is just not meant for your frontal lobe
nickich	21779	@healerboixdd common WW
nickich	21779	WW
nickich	21779	WW
nickich	21779	WW
nickich	21779	chat did he hit diamond?
nickich	21779	whats up in albania
nickich	21779	she dont know you
nickich	21779	@healerboixdd can u ban me like 2 weeks aswell
nickich	21779	@skarsingerkarmelita we are few games off chall
nickich	21779	The break is over OOOO
nickich	21779	ANTON
nickich	21779	GLIDING
nickich	21779	@cranciss no you must watch nickich's akali until your eyes bleed waga
nickich	21779	LMFAOOOOOOOO
nickich	21779	ratirlGlider
nickich	21779	-1
nickich	21779	Nick has missed another cannon -1 : Missed cannons  -> 358
nickich	21779	-1
nickich	21779	!opgg
mooda	21779	ASS
mooda	21779	when’s jynxzi tournament
mooda	21779	Cheer1  L ungrateful
mooda	21779	@smellyyurr rt
mooda	21779	mooda tell me why you deserve a sub and ill gift
mooda	21779	BANG
mooda	21779	moodas getting 1 cent while cinna js got 500 gifted from calling mooda
mooda	21779	mooda bunnii is in the tourney and not you SAJ
mooda	21779	does anyone know when jynxzi tournament is
mooda	21779	BANG
mooda	21779	??
mooda	21779	Cheer1  not even a thank you wow
mooda	21779	u need to learn when to roam u never roam as mid player why ?
mooda	21779	@geekpercc 21st
mooda	21779	mooda nobody loves us except our moms bro , BE STRONG
mooda	21779	uuh
mooda	21779	mooda tell me why you deserve a sub and ill gift ͏
mooda	21779	@neekorae alr thx
mooda	21779	@mooda ive been having a really bad day and when i saw you were live my day got way worse
mooda	21779	pfft
mooda	21779	XDD
mooda	21779	LOL
mooda	21779	@geekpercc aga
mooda	21779	MIJA
mooda	21779	UH
mooda	21779	pfft ͏
mooda	21779	??
mooda	21779	??
mooda	21779	WW R
mooda	21779	MIJA BRO
mooda	21779	uuh
mooda	21779	ur him bro
mooda	21779	tardtard
mooda	21779	LOL ͏
mooda	21779	eww
mooda	21779	BRO
mooda	21779	pfft
mooda	21779	SON
mooda	21779	greed
mooda	21779	brother
mooda	21779	???
mooda	21779	MIJO
mooda	21779	LO
mooda	21779	sob
mooda	21779	LOL
mooda	21779	nice one retard
mooda	21779	SON
mooda	21779	ur actually braindead
mooda	21779	terrorist
mooda	21779	pfft
mooda	21779	SON
mooda	21779	LOL
mooda	21779	nice
mooda	21779	ass#
mooda	21779	LOL
mooda	21779	mooda U ARE A TARD
mooda	21779	GREEDY
mooda	21779	??
mooda	21779	bro
mooda	21779	u need to learn when to roam u never roam as mid player why ? ͏
mooda	21779	ASZ
mooda	21779	???
mooda	21779	ShowLove1 i mean wow
mooda	21779	your a peice of shit ngl
mooda	21779	mooda tell me why you deserve a sub and ill gift
mooda	21779	chosen one gameplay
mooda	21779	BOMBER
mooda	21779	ASS
mooda	21779	LL DRINKING BEER HARAM
mooda	21779	wow ur shit at this mooda
mooda	21779	LL ALCOHOLIC
mooda	21779	just be better
mooda	21779	u need to learn when to roam u never roam as mid player why ? mooda
mooda	21779	@mooda ive been having a really bad day and when i saw you were live my day got way worse
mooda	21779	Cheer1  L ungrateful
mooda	21779	U COULDVE E, Q3 BAIT THE JUMP THEN R
mooda	21779	ego classic
mooda	21779	well not anymorre
mooda	21779	It's fine we all make mistakes aga
mooda	21779	rt
mooda	21779	You are fcking terrible Mood
mooda	21779	u deserve all the hate
mooda	21779	If you wanna just ult wait till hes near wall so he cant dodge
mooda	21779	u need to learn when to roam u never roam as mid player why ?
mooda	21779	sob
mooda	21779	LOL
mooda	21779	rt
mooda	21779	rt
mooda	21779	rt
mooda	21779	rt
mooda	21779	LOL
mooda	21779	watch cinna @mooda
mooda	21779	rt
mooda	21779	rt
mooda	21779	!disability
mooda	21779	Not officially diagnosed (yet)
mooda	21779	You are terrible
mooda	21779	rt
mooda	21779	bro when he do his E so you can pushh
mooda	21779	Cheer1 hello
arrowcs	32399	scrajj
arrowcs	32399	1 min
arrowcs	32399	2 min bro
arrowcs	32399	16 now LOL
arrowcs	32399	min
arrowcs	32399	no like 3 min
arrowcs	32399	checking vod xd
arrowcs	32399	YUP
arrowcs	32399	facts
arrowcs	32399	15
arrowcs	32399	fried
arrowcs	32399	since last week
arrowcs	32399	LO
arrowcs	32399	155
arrowcs	32399	lo
arrowcs	32399	heinz11Tf
arrowcs	32399	WW killing it with content lately
arrowcs	32399	aro44
arrowcs	32399	LOL
arrowcs	32399	heinz11Tf  ͏
arrowcs	32399	Whole time LO
arrowcs	32399	LOL
arrowcs	32399	LOL
arrowcs	32399	LO
arrowcs	32399	Tomfoolery
arrowcs	32399	LOL
arrowcs	32399	Tomfoolery WineTime
arrowcs	32399	LOL
arrowcs	32399	Tomfoolery
arrowcs	32399	sdd
arrowcs	32399	Tomfoolery
arrowcs	32399	LOL
arrowcs	32399	Tomfoolery
arrowcs	32399	LOL
arrowcs	32399	Tomfoolery
arrowcs	32399	:tf:
arrowcs	32399	Tomfoolery
arrowcs	32399	CAUGHT
arrowcs	32399	bomboclat
arrowcs	32399	Yes
arrowcs	32399	LOL
arrowcs	32399	@dima_wallhacks dont forget pillow punchers
arrowcs	32399	@ArrowCS are you jewish?
arrowcs	32399	u are top left
arrowcs	32399	@maxixor @dssire @chromejeromee @wencytheintern @roma_akaev @vx_3000 HELLO cuh s
arrowcs	32399	BAND
arrowcs	32399	those are just listings buddy. check actual sales
arrowcs	32399	Chudberto hiii
arrowcs	32399	@Chudberto Yo
arrowcs	32399	LOL ͏
arrowcs	32399	hi arrow whats happening?
arrowcs	32399	i honestly enjoy watching you arrow you and ohnepixel only
arrowcs	32399	@ArrowCS woman feet are reason why i live
arrowcs	32399	i am an israeli living in tel aviv and this is my favorite streamer i also love the awp prince
arrowcs	32399	mw t2 i bought for 14k use that for reference
arrowcs	32399	Orm
arrowcs	32399	yo
arrowcs	32399	Chudberto chud berto Yo
arrowcs	32399	huu
arrowcs	32399	sadE
arrowcs	32399	wencytheintern catKISS
arrowcs	32399	HUH
arrowcs	32399	huu
arrowcs	32399	sadE
arrowcs	32399	uuh
arrowcs	32399	huh
arrowcs	32399	what extension do you have arrow
arrowcs	32399	Maxixor hiiiiii
arrowcs	32399	gooning Just did
arrowcs	32399	@omerprz you are playing irl CS
arrowcs	32399	erm
arrowcs	32399	!extensions
arrowcs	32399	was that a tier 1
arrowcs	32399	https://csgotrader.app/ | https://chrome.google.com/webstore/detail/csgofloat-market-checker/jjicbefpemnphinccgikpdaagjebbnhg | https://betterfloat.com
arrowcs	32399	00Bluey hiii
arrowcs	32399	Maxixor Yo Love
arrowcs	32399	huu
arrowcs	32399	!addcom !whatextensiondoyouhave https://csgotrader.app/ | https://chrome.google.com/webstore/detail/csgofloat-market-checker/jjicbefpemnphinccgikpdaagjebbnhg | https://betterfloat.com
arrowcs	32399	"@dssire -> The command ""!whatextensiondoyouhave"" has been added successfully."
arrowcs	32399	get to the minimal wear buddy
arrowcs	32399	!whatextensiondoyouhave plusooo1
arrowcs	32399	https://csgotrader.app/ | https://chrome.google.com/webstore/detail/csgofloat-market-checker/jjicbefpemnphinccgikpdaagjebbnhg | https://betterfloat.com
arrowcs	32399	9k seems right
arrowcs	32399	check bufff ...
arrowcs	32399	@dssire thanks g
arrowcs	32399	arrow I traded a butterfly p3 gamma nomad sapphire and some ft ultra violents for a t2 93% blue diamond gem Karambit. did I get robbed?
arrowcs	32399	@celestial661 pok gai ah
arrowcs	32399	SeemsGood
arrowcs	32399	god damn thats the gta dude right?
arrowcs	32399	SON
arrowcs	32399	how much was last sold?
arrowcs	32399	what abt a kara emerald
arrowcs	32399	WHATS HAPPENING TO CS SKINS???
arrowcs	32399	damn emeralds are cheap
arrowcs	32399	SON
arrowcs	32399	cheap SON
arrowcs	32399	Cheap yea
arrowcs	32399	literally free mhm
arrowcs	32399	buy couple
arrowcs	32399	xdd budget knife
juanflatroo	32399	HAHHAHAHAHAHHAHAHAHHAHA
juanflatroo	32399	e gjujte o psikopat
juanflatroo	32399	omobevof ta ka marr
juanflatroo	32399	perqendrohu se sluhet kshtu para pidhi
juanflatroo	32399	@harisrexhepiii ja brud tu e pas flatron ...
juanflatroo	32399	e drope brud
juanflatroo	32399	Ahmet a i shtine nferka bro nija krismen hahahahahahhahaha
juanflatroo	32399	@ambasadori1 qendisje :P
juanflatroo	32399	@michelledewi When will you come to kosovo again
juanflatroo	32399	@2highcs hahahaahhahaah respekte nga un dhe Arber Rexhepi zemer
juanflatroo	32399	@2highcs aka next ?
juanflatroo	32399	@michelledewi give something for flatro https://steamcommunity.com/tradeoffer/new/?partner=810823581&token=N0p7Tc38
juanflatroo	32399	@harisrexhepiii hahahah tfalaaa arbrit <3
juanflatroo	32399	@2highcs join flatro stack bre
juanflatroo	32399	@2highcs ❤️❤️
juanflatroo	32399	@ardin19 hmmm, next week
juanflatroo	32399	O XHOCI TA MUR O DUD
juanflatroo	32399	@2highcs lsho stremin zemer
juanflatroo	32399	@mulito1 ska loj bruda
juanflatroo	32399	flatroooooo
juanflatroo	32399	next week aaaaaa
juanflatroo	32399	make sure you follow me on instagram: https://www.instagram.com/flatronhalimi/
juanflatroo	32399	ta shloj x hoci
juanflatroo	32399	hahahahaahahahahhahahaaah
juanflatroo	32399	🥺
juanflatroo	32399	flatroooo
juanflatroo	32399	@michelledewi uuuuuuuuuu flatrooo n
juanflatroo	32399	Nice shot biljat
juanflatroo	32399	@michelledewi if i was a girl i would marry @juanflatroo
juanflatroo	32399	POT VIKA GRUJA O BIR
juanflatroo	32399	valla be xhoci o tu rrok
juanflatroo	32399	@2highcs zemer apot hec mir me unity
juanflatroo	32399	u thy shipka
juanflatroo	32399	HAHAHAAHAHAHAAH
juanflatroo	32399	hahahahahshshahahahahah
juanflatroo	32399	"Use code ""juanflatroo""   https://hellca.se/juanflatroo  Get a free case, chance to win huge giveaways and 15% deposit by joining hellcase"
juanflatroo	32399	work aaaaaa
juanflatroo	32399	hahahahahahahhaahahahahha
juanflatroo	32399	hahahahahahah
juanflatroo	32399	paska me qi
juanflatroo	32399	hahahahahahahahahahahahah per me qi e ka
juanflatroo	32399	hahahahahahhaahahahahahhahahahaahahaahahhaah
juanflatroo	32399	work aha
juanflatroo	32399	AHHAHAHAA
juanflatroo	32399	i had fun last time!!!
juanflatroo	32399	HAHHAHAHAHAHAH
juanflatroo	32399	"use code ""juanflatroo"" on hellcase and be part of the new giveaway consisting of 2 pair of gloves and a knife. https://hellcase.com/giveaways/user/097c6170"
juanflatroo	32399	workkk me jog aver aaaaaaa
juanflatroo	32399	aaaaa
juanflatroo	32399	qysh ja lujka
juanflatroo	32399	hahahahhaaahahahaahahahahahaha
juanflatroo	32399	aaaaaaaaa
juanflatroo	32399	@michelledewi ah flatro e paske sshti me kesh a
juanflatroo	32399	Fun aaaaaaaa
juanflatroo	32399	a ja kallxove prishtina mallin ahahahahahahahahah
juanflatroo	32399	hahahaahahahaahahaha
juanflatroo	32399	"Use code ""JUANFLATROO"" get 3 free cases, and compete for a total of 2000$ monthly leaderboard of the highest depositers https://rain.gg/r/JUANFLATROO"
juanflatroo	32399	@michelledewi hashshshaahahhahan
juanflatroo	32399	flatron ja paske shtre kabllen a
juanflatroo	32399	FLATRO VLLA PASKE ME SHKUN SI KANGALL AAAA
juanflatroo	32399	fun averrr a kallxona rastin e kalum
juanflatroo	32399	"Sell your skins on skinplace without waiting a single second, use code ""juanflatroo"" for a 2% deposit bonus. click the link below https://p.skin.place/juanflatroo"
juanflatroo	32399	a e paske iq hahahahaha
juanflatroo	32399	kallxoja krejt Motelet e Kosoves informo qka kena investu aty
juanflatroo	32399	flatro ja paske lshu hilltin a
juanflatroo	32399	te interexi aaa
juanflatroo	32399	@juanflatroo omel i paska met ksaj shoqes aaaaaaaaaaaaaaa
juanflatroo	32399	@michelledewi for How Long will you stay
juanflatroo	32399	lewi tu e shti nxhep smoojen e shemi
juanflatroo	32399	haver koka knaq here  e fundit aaaaaaaaa
juanflatroo	32399	popull seksirash be nonennn
juanflatroo	32399	@michelledewi qka tka dha me pi ky kopili
juanflatroo	32399	ja paske tregu ibretin aa
juanflatroo	32399	Dilni me ngaren ngermi
juanflatroo	32399	i paska shti pipat feeeeell
juanflatroo	32399	"Buy and trade your skins. Get the bonus to refill with my code ""juanflatroo"""
juanflatroo	32399	aaaaaaaa
juanflatroo	32399	ja nisi me fol mir anglisht
juanflatroo	32399	koke qeth e koke ndreq
juanflatroo	32399	good motels
juanflatroo	32399	good motel
juanflatroo	32399	good dixk aaaaaaaaa
juanflatroo	32399	well mannered shyqyr sdin me fol shqip e gjora cka ditem me shkretu
juanflatroo	32399	"Join CSGOEMPIRE grab a free case on signup with code ""juanflatroo"", deposit bonus, many weekly giveaways and reap the many benefits available.  https://csgoempire.com/r/juanflatroo"
juanflatroo	32399	motels hahahaahahahahha
juanflatroo	32399	@ardin19 deri tja kryn flatro ngjyks
juanflatroo	32399	HAHAHAHAHAHAAHHAHAH
juanflatroo	32399	@michelledewi juanflatro 13 or less cm?
juanflatroo	32399	mos e ki lan shtatzan  o bir
juanflatroo	32399	@juanflatroo e paske punu mir flatricc ahahhahaha
juanflatroo	32399	best motels hahahahahaha
juanflatroo	32399	pot nin more najkush menon pernime o flatron
juanflatroo	32399	good kar
juanflatroo	32399	lewi tu e shti nxhep smoojen e shemi
juanflatroo	32399	@berishavalon11 hahahahahahahah
juanflatroo	32399	shkun posht papidhsat
juanflatroo	32399	"Perdoreni kodin ""JUANFLATROO"" per nje zbritje marramendese miq prej 7-30% varesisht prej produkteve."
juanflatroo	32399	xhoci koka 1 or delay
juanflatroo	32399	po qfar good hospitality bre
juanflatroo	32399	ME QI NANEN NUK VJE MO PALE QKA KA HEK NATEN
smooyacs	32399	wasting 5k every round
smooyacs	32399	@StreamerViews was it worth it
smooyacs	32399	@streamerviews what you order?
smooyacs	32399	mod him
smooyacs	32399	now lets see donk on smooya settings
smooyacs	32399	I got the garlic parm sub thing they do now
smooyacs	32399	What someone’s actually banned him
smooyacs	32399	Impact player POGGERS
smooyacs	32399	@streamerviews sounds bussin
smooyacs	32399	xdd
smooyacs	32399	out of 10? @streamerviews
smooyacs	32399	@monched 8 maybe
smooyacs	32399	-5k every round. cheaper to not buy awp
smooyacs	32399	here we go :D
smooyacs	32399	oooo
smooyacs	32399	okok
smooyacs	32399	didnt even shoot at him bro
smooyacs	32399	thats a kill on csgo
smooyacs	32399	@StreamerViews why not 8 definitely
smooyacs	32399	!settings
smooyacs	32399	did u miss or what
smooyacs	32399	@jedli no
smooyacs	32399	back to trolling :D
smooyacs	32399	unc reaction time
smooyacs	32399	@s1nnerlive kfc always hit or miss
smooyacs	32399	u overflicked and hit the wall
smooyacs	32399	dont worry next game is life game
smooyacs	32399	!sens
smooyacs	32399	(400DPI) 1.8 Sens - 1.08 Zoom Sens
smooyacs	32399	LOL
smooyacs	32399	xdd
smooyacs	32399	You got this king
smooyacs	32399	smooya du bist gut genug
smooyacs	32399	dw i play like you sometimes
smooyacs	32399	yeah man you shoulda killed
smooyacs	32399	nice try you where very close to getting that kill!
smooyacs	32399	lock in, you can do it!
smooyacs	32399	!res
smooyacs	32399	1024x768 Stretched
smooyacs	32399	you got this smoodizler!
smooyacs	32399	smooya youre such a chad counter strike player youre next donk, youre the future lock in and go destroy
smooyacs	32399	@boyekappa alles klar
smooyacs	32399	maybe slend just had the right side peak advantage
smooyacs	32399	DONT GO HEAVEN
smooyacs	32399	its gonna get better.. probably
smooyacs	32399	owen go own em
smooyacs	32399	DOESNT MATTER IF YOU SMOKED
smooyacs	32399	start buying only r8 and molotov every single round
smooyacs	32399	changing dishwasher settings
smooyacs	32399	@smooyacs you playing like ohne, keep it up <3
smooyacs	32399	ahh now its the monitor
smooyacs	32399	your teamates gonna love it!
smooyacs	32399	Ns (nice shot), your reaction time is insane.
smooyacs	32399	MONKA
smooyacs	32399	Click this link to subscribe - https://www.twitch.tv/products/smooyacs/ticket
smooyacs	32399	EZ
smooyacs	32399	we back
smooyacs	32399	hai hai
smooyacs	32399	calling the win here and now
smooyacs	32399	all my money
smooyacs	32399	hes him
smooyacs	32399	can you give monitor settings smoo, so I know what NOT to use
smooyacs	32399	my whole family
smooyacs	32399	nice smooya
smooyacs	32399	HIM
smooyacs	32399	come on 3 p
smooyacs	32399	!mouse
smooyacs	32399	dav4
smooyacs	32399	OOOO
smooyacs	32399	ns
smooyacs	32399	Those tiktoks are gonna b fine
smooyacs	32399	nice ecos son
smooyacs	32399	ZAMN HOLY
smooyacs	32399	everything on the win
smooyacs	32399	ch1llouter
smooyacs	32399	!elo
smooyacs	32399	nooooo
smooyacs	32399	NOOOO
smooyacs	32399	@ch1llouter uuh
smooyacs	32399	unlucky
smooyacs	32399	gg its over
smooyacs	32399	we have the same sense lol thats the sign for me to change it
smooyacs	32399	soulflys got ur number
smooyacs	32399	@StreamerViews timeout anyone who even tries to type bullshit
smooyacs	32399	nt
smooyacs	32399	-10k
smooyacs	32399	never gonna come back from thus
smooyacs	32399	soulfly goat
smooyacs	32399	Soulfly life gaming
smooyacs	32399	back to being a fat chud
smooyacs	32399	damn
smooyacs	32399	@ch1llouter any gifters PauseChamp
smooyacs	32399	No.
smooyacs	32399	KEK
smooyacs	32399	LOL
smooyacs	32399	why on my pc your res is very blurry?
smooyacs	32399	@ch1llouter any gifters in chat? dimaxBusiness
smooyacs	32399	What's ur best map?
smooyacs	32399	u are a good guy keep it up
smooyacs	32399	@doomcs2 let me know when u find them
mathg	32399	a pessoa q vai participar de hj
mathg	32399	k
mathg	32399	gosta de carros
mathg	32399	quer q eu prove? haha
mathg	32399	branco
mathg	32399	tatuado
mathg	32399	nem te conto
mathg	32399	kkkkkkkkkkkkkkkkkkkkkkkk
mathg	32399	gosta de gamers
mathg	32399	k
mathg	32399	essa pegada
mathg	32399	!vg
mathg	32399	kkkkkkkkkkk
mathg	32399	n ficou um clima legal
mathg	32399	kkkkkkk
mathg	32399	KKKKKKKKKKKKKKKKKKKKKKK
mathg	32399	pq o math ta jogando cs?
mathg	32399	math sabe de mais
mathg	32399	k
mathg	32399	kkkkkkkkkkkkkkkkkkkkkkkkk
mathg	32399	meu irmao ta indo ver br com jon
mathg	32399	vai la birrape
mathg	32399	não
mathg	32399	tua cara
mathg	32399	KKKKKKKKKKKKK
mathg	32399	ia dar bom
mathg	32399	a participante
mathg	32399	top
mathg	32399	porrr favor
mathg	32399	k
mathg	32399	k
mathg	32399	k
mathg	32399	kkkkkkkkkkkkkkkkkkkkkkkkkkkkkkkkkkkk
mathg	32399	K K K K K
mathg	32399	K
mathg	32399	KKKKKKKKKI
mathg	32399	kkkkkkkkkkk
mathg	32399	k
mathg	32399	É CONHECID
mathg	32399	eu to perdido 100% WWWWWW
mathg	32399	Confia
mathg	32399	KAKAKAKKAKAKAKA
mathg	32399	cenario valorant/cs
mathg	32399	barr4k tua mulher ja vai abrir live
mathg	32399	KKKKKKKKKKKKKKKKKKKKKKKKK
mathg	32399	!vg
mathg	32399	abre a aba ai
mathg	32399	conhesse
mathg	32399	LUL
mathg	32399	!vgmonkey
mathg	32399	KKKKKKKKKKKKK
mathg	32399	kkkkkkkkkkkkkkkkk
mathg	32399	KKKKKKKKKKKKKKKKKKKKKKKKKKKKKKKKK
mathg	32399	kkkkkkkkkkkkkkkkkkkkkkkkkkkkkkkkkkkk
mathg	32399	eu entendi
mathg	32399	kkkkkkkkkkk
mathg	32399	kkkkkkkkkk
mathg	32399	KKKKKKKKKKKKKKKKKKKKKKKKKKKKKKKKKKKKKKKKKKKKKKKKKKKKKKKKKKKKKKKKKKKKKK
mathg	32399	kkkkkkkkkkkkkkkkkkkkkkkkkkkkkkkkkkkkkkkkkkkkkkkk
mathg	32399	KKKKKKKKKKK
mathg	32399	kkkkkkkkkkk
mathg	32399	mora em guarulhos
mathg	32399	0:
mathg	32399	ALKKAKAKAKAKKAKAKAKKAKAKAKA
mathg	32399	se n me engano
mathg	32399	KAKAKAKAKKAKAKAKKAKAKAK
mathg	32399	se passo
mathg	32399	kkkkkkkkkkkkkkkkk
mathg	32399	KAKAKAKKAKAKKAKA WWWWWWW
mathg	32399	kkkkkkkkkkkkkkkkkkkkkkkkkkkkkkkkkk
mathg	32399	KKKKKKKKKKKKKKKKKKKK
mathg	32399	calma barrak
mathg	32399	kkkkkkkkkkkkk
mathg	32399	segura a onda
mathg	32399	paizao
mathg	32399	kkkkkkkkk
mathg	32399	mano pq o math ta com categoria de cs no cassino???
mathg	32399	cara quer ficar de castigo na tt
mathg	32399	KKKKKKKKKKKKKKKKKK
mathg	32399	vai la e pede em namoro
mathg	32399	!game virtual casino
mathg	32399	@mathg -> The stream game has been updated to: Virtual Casino
mathg	32399	cara tem mod n
mathg	32399	entao
mathg	32399	pior q tava cassino
mathg	32399	os mods dos outros
mathg	32399	acho q ta mudando sozinho
mathg	32399	tudo aq
mathg	32399	e o math sem mod
mathg	32399	poe o saintmaia de mod
mathg	32399	LUL
mathg	32399	nao me encaixei
mathg	32399	kkkkkkkkkkkkkkkkkkk vai la birrape
mathg	32399	KKKKKKKKKKKKKKKK
mathg	32399	kkkkkkkkkkkkkkkkkkkkk
mathg	32399	tem ate tatuagem ikgual
mathg	32399	conta nova
mathg	32399	K
mathg	32399	KKKKKKKKKKKKKKKKKKKKKKKKKKKK
mathg	32399	https://www.instagram.com/p/DVLL6j6AA0i/
augcs2	32399	ill figure it out someday yk
augcs2	32399	!spin
augcs2	32399	Reactionplayz_ Spun the Slot Machine 🎰 → 979
augcs2	32399	stop yapping aura
augcs2	32399	!spin
augcs2	32399	113gd Spun the Slot Machine 🎰 → 1931
augcs2	32399	!boost
augcs2	32399	im just designing random logos here and there and building a portfolio now
augcs2	32399	!spin
augcs2	32399	CbarKinnies Spun the Slot Machine 🎰 → 1447
augcs2	32399	!boost
augcs2	32399	!boost
augcs2	32399	!opencase dreams
augcs2	32399	🐸 @cbarkinnies opened Dreams & Nightmares Case and got: 💙 MAG-7 | Foresight (Factory New, float 0.0161) — Mil-Spec!
augcs2	32399	!boost
augcs2	32399	!spin
augcs2	32399	!boost
augcs2	32399	!spin ͏
augcs2	32399	NikolajLTN Spun the Slot Machine 🎰 → 476
augcs2	32399	!spin
augcs2	32399	!boost
augcs2	32399	SincerelySpotty Spun the Slot Machine 🎰 → 824
augcs2	32399	!spin
augcs2	32399	real hahaha
augcs2	32399	!boost
augcs2	32399	!boost
augcs2	32399	belgium mentioned
augcs2	32399	lilybutBELLY
augcs2	32399	@AugCS2  what % do you get from subs?
augcs2	32399	belgium best frites
augcs2	32399	!boost
augcs2	32399	lowk woman's are overreated
augcs2	32399	at least my friends are nice enough to pay me for the artwork i make for em
augcs2	32399	again enn
augcs2	32399	gl
augcs2	32399	LOL LOL
augcs2	32399	LOL
augcs2	32399	gg
augcs2	32399	LMAOOO
augcs2	32399	!spin
augcs2	32399	NikolajLTN Spun the Slot Machine 🎰 → 1562
augcs2	32399	i have no luck bro
augcs2	32399	!spin
augcs2	32399	inerx Spun the Slot Machine 🎰 → 1304
augcs2	32399	!spin
augcs2	32399	!spin
augcs2	32399	bobrgoon Spun the Slot Machine 🎰 → 43
augcs2	32399	little_ahmbouth Spun the Slot Machine 🎰 → 1290
augcs2	32399	!spin
augcs2	32399	IMM_Skull Spun the Slot Machine 🎰 → 1211
augcs2	32399	wait aug
augcs2	32399	lol
augcs2	32399	!soun
augcs2	32399	!spin
augcs2	32399	ronxtian123 Spun the Slot Machine 🎰 → 1148
augcs2	32399	aura i hope you get a boner in a public bus
augcs2	32399	LMAO
augcs2	32399	give me amber fade LUL
augcs2	32399	wtf
augcs2	32399	could i design you a logo
augcs2	32399	https://steamcommunity.com/tradeoffer/new/?partner=405976099&token=GY6F57He
augcs2	32399	for my portfolio
augcs2	32399	!spin
augcs2	32399	HalloofGimplzism Spun the Slot Machine 🎰 → 316
augcs2	32399	!spin
augcs2	32399	wladcad1 Spun the Slot Machine 🎰 → 360
augcs2	32399	fully free ofc
augcs2	32399	!spin ͏
augcs2	32399	NikolajLTN Spun the Slot Machine 🎰 → 1335
augcs2	32399	!spin
augcs2	32399	babafigo47 Spun the Slot Machine 🎰 → 1188
augcs2	32399	!spin
augcs2	32399	SincerelySpotty Spun the Slot Machine 🎰 → 1475
augcs2	32399	profile banner?
augcs2	32399	!spin
augcs2	32399	IMM_Skull Spun the Slot Machine 🎰 → 1459
augcs2	32399	ok ty bro <3
augcs2	32399	!spin
augcs2	32399	Bearthebear_pyry Spun the Slot Machine 🎰 → 873
augcs2	32399	!spin
augcs2	32399	Reactionplayz_ Spun the Slot Machine 🎰 → 1158
augcs2	32399	!play
augcs2	32399	!play
augcs2	32399	!play
augcs2	32399	!spin
augcs2	32399	VIVIGRAAL Spun the Slot Machine 🎰 → 1999
augcs2	32399	!play
augcs2	32399	!play
augcs2	32399	!play
augcs2	32399	!play
augcs2	32399	!play
augcs2	32399	!play
augcs2	32399	!play
augcs2	32399	!play
augcs2	32399	!play
augcs2	32399	W enn1
augcs2	32399	!play
augcs2	32399	!spin
augcs2	32399	NikolajLTN Spun the Slot Machine 🎰 → 820
augcs2	32399	!playohnepixel
ohnepixel	32399	any mods here?
ohnepixel	32399	classic
ohnepixel	32399	@adelia_m classic
ohnepixel	32399	gg
ohnepixel	32399	gg
ohnepixel	32399	COMEON BIG
ohnepixel	32399	someone has to stop him
ohnepixel	32399	imagine sizzi and donk building a kids team to destroy all the uncs
ohnepixel	32399	THIS IS OVER
ohnepixel	32399	ggg
ohnepixel	32399	WHY THEY DONT JUST RUSH B ONLY 1 AWP THERE
ohnepixel	32399	gg
ohnepixel	32399	gg
ohnepixel	32399	gg
ohnepixel	32399	gg
ohnepixel	32399	LOL
ohnepixel	32399	GG
ohnepixel	32399	gg
ohnepixel	32399	gg
ohnepixel	32399	gg
ohnepixel	32399	sell dragon lore for tribut
ohnepixel	32399	ggs
ohnepixel	32399	gg
ohnepixel	32399	forsenNOIDONTTHINKSO
ohnepixel	32399	NotLikeThis
ohnepixel	32399	gg
ohnepixel	32399	gg
ohnepixel	32399	LUL
ohnepixel	32399	gg
ohnepixel	32399	gg
ohnepixel	32399	gg
ohnepixel	32399	sizzi is like donk
ohnepixel	32399	?
ohnepixel	32399	gg
ohnepixel	32399	gg
ohnepixel	32399	gg
ohnepixel	32399	cumback incoming
ohnepixel	32399	well at least b8 saved my pickems but Sadge
ohnepixel	32399	MUGA
ohnepixel	32399	gg
ohnepixel	32399	gg
ohnepixel	32399	#
ohnepixel	32399	but why peak 1 by 1
ohnepixel	32399	YEESSSSSSSSSSSS
ohnepixel	32399	gg
ohnepixel	32399	gg
ohnepixel	32399	Gg
ohnepixel	32399	GG
ohnepixel	32399	hes a loan btw hes on team spirits academy team
ohnepixel	32399	16years years old Not allowed work After 22:00 in overtime he need to Go
ohnepixel	32399	gg gg
ohnepixel	32399	GG
ohnepixel	32399	gg
ohnepixel	32399	OOOO
ohnepixel	32399	gg
ohnepixel	32399	LOL BOT CLAN
ohnepixel	32399	ggwp
ohnepixel	32399	gg
ohnepixel	32399	Gg
ohnepixel	32399	gg
ohnepixel	32399	they are so ahh
ohnepixel	32399	whaT is that peek
ohnepixel	32399	EZ
ohnepixel	32399	gg
ohnepixel	32399	gg
ohnepixel	32399	gg
ohnepixel	32399	gg
ohnepixel	32399	gg
ohnepixel	32399	gg
ohnepixel	32399	gg
ohnepixel	32399	gg
ohnepixel	32399	gg
ohnepixel	32399	gg
ohnepixel	32399	NOOOO
ohnepixel	32399	gg
ohnepixel	32399	gg
ohnepixel	32399	GG
ohnepixel	32399	gg ͏
ohnepixel	32399	OOOO
ohnepixel	32399	gg
ohnepixel	32399	gg
ohnepixel	32399	EZ ͏
ohnepixel	32399	LOL
ohnepixel	32399	gg
ohnepixel	32399	gg
ohnepixel	32399	ezzzzz
ohnepixel	32399	MUGA
ohnepixel	32399	gg
ohnepixel	32399	gg
ohnepixel	32399	gg
ohnepixel	32399	GG
ohnepixel	32399	gg
ohnepixel	32399	gg brother
ohnepixel	32399	gg
ohnepixel	32399	gg
ohnepixel	32399	gg
ohnepixel	32399	gg
ohnepixel	32399	gg
ohnepixel	32399	GG!+
ohnepixel	32399	gg
fl0m	32399	0:13ggs
fl0m	32399	should have gone all in on pain but man no nqz is a pure gamble
fl0m	32399	cadian igl times
fl0m	32399	@Lord_Richie can't blame them take 4 major winner and like yea it's too boring now we leave for another 5.
fl0m	32399	At this point ill never pick astralis for pickems again
fl0m	32399	Pain should take a timeout to let them stew lol
fl0m	32399	dont talk bad about device fl0m SmH
fl0m	32399	MOUSEPAD
fl0m	32399	@zucth_shahalan mhm
fl0m	32399	Astralis had a crazy high this is sad ngl
fl0m	32399	HUH mousepad
fl0m	32399	@beAaronK no vitality, spirit or falcons :D
fl0m	32399	Sighhhh
fl0m	32399	bro didnt witness es3tag astralis
fl0m	32399	WEEBSDETECTED
fl0m	32399	AYAYA
fl0m	32399	A few months ago Astralis were playing super proactive and quickly. That shit is gone so now they're slow, inactive, scared and easy to read all the time.
fl0m	32399	Can't really compare this to the rmr times imo
fl0m	32399	AYAYA Clao
fl0m	32399	@Lord_Richie frfr
fl0m	32399	WHAT is that mousepad lol
fl0m	32399	100T making the next major ?
fl0m	32399	@joex_o they did lmao
fl0m	32399	They were laughing early Nuke. Not laughing anymore
fl0m	32399	Well astralis is one pickem I can gladly lose
fl0m	32399	Farlig era too
fl0m	32399	COOKED
fl0m	32399	Baiting
fl0m	32399	@eviljaxxx still tier one tourney :)
fl0m	32399	Astralis when they weke nuking all the young prospects Aware
fl0m	32399	BOTRALIS.....
fl0m	32399	that mousepad lmfao
fl0m	32399	@BoopyNoopy I should be a coach LOL
fl0m	32399	I assume they weren’t so lucky….
fl0m	32399	astralis used to own inferno
fl0m	32399	Lucky era was rough
fl0m	32399	the “not very lucky” joke was so overused LMAO
fl0m	32399	its closing timeeeeeeeeeeeeeeeee
fl0m	32399	all it took was to get rid or rmr for astralis to qualify for major
fl0m	32399	lucky's first series on mirage with the tec9
fl0m	32399	sell off the org
fl0m	32399	the fl0m era
fl0m	32399	@tupapamix27 Right lol 😆
fl0m	32399	jugi?
fl0m	32399	bring back LDLC era @fl0m  KEKW
fl0m	32399	like the rainwaker liquid era
fl0m	32399	Astralis just crossed 2 kills per round average lol
fl0m	32399	what a joke
fl0m	32399	Asstralis gg
fl0m	32399	rainwaker lowkey been playing great for monte
fl0m	32399	It wouldnt have saved them
fl0m	32399	1 word .... ussles
fl0m	32399	Did anyone forget about Jugi? KEKW
fl0m	32399	@mikarslight Don't disrespect my man jugi
fl0m	32399	its wild they had blamef, konfig and lucky at once
fl0m	32399	terrible call
fl0m	32399	GG
fl0m	32399	why everyone hates jabbi
fl0m	32399	they really need to win the most rounds in this half to win this half
fl0m	32399	what happend to this team man
fl0m	32399	absolutely throwing the aks away
fl0m	32399	This look like and email
fl0m	32399	GG
fl0m	32399	bru
fl0m	32399	where do we send staehr….
fl0m	32399	Anyone remember Jugi on the awp
fl0m	32399	KEKW
fl0m	32399	13-0 Aware
fl0m	32399	wow
fl0m	32399	ASTRALIS PLEASE DO SOMETHING I PUT ALL OF MY CHANNEL POINTS ON YOU
fl0m	32399	GG
fl0m	32399	remember patsi on liquid... those were the days
fl0m	32399	Ok I'm coming back for the next match
fl0m	32399	Maybe if Astralis tries the 6 man roster again it will work
fl0m	32399	what about the suihy liquid era
fl0m	32399	SEND THEM HOME SEND THEM HOME
fl0m	32399	KEKW
fl0m	32399	hooxi back to winning ways
fl0m	32399	i mean theyre just running through smokes solo lol
fl0m	32399	???
fl0m	32399	And we can get EG back
fl0m	32399	Wdym MIGHT'VE
fl0m	32399	running thru smokes with no util LMAO
fl0m	32399	They look lost
fl0m	32399	im fine with this, not cause i dislike astralis or anything, but because Im a paIN fan
fl0m	32399	welp it’s over
fl0m	32399	knife giveaway?
fl0m	32399	bye ?
fl0m	32399	@agm6969 not sure anyone hates him, just fun to make fun of
fl0m	32399	Damn people are really mad for Astralis underperforming, I didn't expect this much hate @fl0m
fl0m	32399	And Astralis are back below 2 kills per round average lol
fl0m	32399	Surrender?
fl0m	32399	Did a single molly hit barrels? They threw something like 3.
fl0m	32399	damn, does Astralis have the worst mental in CS these days. It seems like once the tilt hits for them it doesn't stop
fl0m	32399	@fl0m  send the email
fl0m	32399	:d
fl0m	32399	knife mid?
fl0m	32399	bye bye astra
fl0m	32399	C9 No awper era was better than this LOL
fl0m	32399	email???
eslcs	32399	EkkoChest
eslcs	32399	0 - OMEGALUL
eslcs	32399	13:0 gg
eslcs	32399	OUTCLASSED MUCH KEKW
eslcs	32399	LOL
eslcs	32399	Despairge
eslcs	32399	smoked sandbags btw LOL
eslcs	32399	ruggah Aware
eslcs	32399	gg
eslcs	32399	vlouueMama juliii7Letsgo
eslcs	32399	pain vs Hellen Keller rn
eslcs	32399	Disband choke
eslcs	32399	Oh :(
eslcs	32399	gg
eslcs	32399	BB
eslcs	32399	Stupid astralis
eslcs	32399	astralis HAS okay aim but not good tactic. i am pretty good in premier 9k elo and also play as IGL. I have many good strategies (such as throwing A smokes then going B )
eslcs	32399	gg
eslcs	32399	ruggah Sadge
eslcs	32399	just forefit
eslcs	32399	Is okay pain go to stage 2
eslcs	32399	13-0 LOL
eslcs	32399	forsenalright
eslcs	32399	aceStare Ruggah
eslcs	32399	5K FOR 1 KILL KEKW
eslcs	32399	DISBAND
eslcs	32399	DISBAND THESE FRAUDS LOL
eslcs	32399	Noone can save astralis. Pls disband
eslcs	32399	Karrigan clutch that 🗣️
eslcs	32399	13-0 ?
eslcs	32399	mhm we are going home
eslcs	32399	13-0
eslcs	32399	LOL HIS FACE
eslcs	32399	astralis just surrender dont waste time
eslcs	32399	I'd do better 1v5 with only knife ICANT what are Astralis doing ICANT
eslcs	32399	gg
eslcs	32399	ASTRALIS ERA 1 WEEK KEKW
eslcs	32399	Jabbi without Cadian and Teses LUL
eslcs	32399	Thats a Pain in the ...
eslcs	32399	ASTRASHLIS
eslcs	32399	bori Bedge
eslcs	32399	RUGGAH Aware RUGGAH Aware RUGGAH Aware RUGGAH Aware
eslcs	32399	Overpass btw
eslcs	32399	bot
eslcs	32399	disband
eslcs	32399	broky might be better
eslcs	32399	CaitThinking
eslcs	32399	why on earth did i pick astralis to advance fml
eslcs	32399	BabyRage HOOXI BabyRage MALDING BabyRage ASTRALIS BabyRage CRYING BabyRage HOOXI BabyRage MALDING BabyRage ASTRALIS BabyRage CRYING
eslcs	32399	HOOXIS CALLS ARE SO BAD
eslcs	32399	NRGPAIN
eslcs	32399	I3-0
eslcs	32399	gaulesPain gaulesPain gaulesPain
eslcs	32399	my pick it gone now
eslcs	32399	this is fun :|
eslcs	32399	FIRST 130?
eslcs	32399	FUCKING TRASH TEAM
eslcs	32399	A$$tralis!
eslcs	32399	ATLEAST U HAVE SAS TO FLY U HOME ASTRALIS
eslcs	32399	easy 4x on predictions
eslcs	32399	Disbanded astralis
eslcs	32399	Lol
eslcs	32399	Even zywoo can't save astralis. Disband
eslcs	32399	they are so bad damn
eslcs	32399	GOIN HOME
eslcs	32399	CHAT WHO IS BETTER? BIGUZERA, COBRAZERA, COLDZERA, VENOMZERA?
eslcs	32399	Hooxi to faze poggers
eslcs	32399	HOOXI IS THE PROBLEM HERE LETS BE HONEST
eslcs	32399	check paiN’s game lol
eslcs	32399	ASSTRALIS
eslcs	32399	dont worry guys NRG 12 still lost
eslcs	32399	What a shame...
eslcs	32399	ASSTRALIS ARE NO STRANGERS TO 0-13s LMAO
eslcs	32399	I believed in you 🤝🏼
eslcs	32399	HAHAHAHAHA
eslcs	32399	asTRASHlis
eslcs	32399	PICKEM GONE EU CS GONE
eslcs	32399	JABBI TO G2
eslcs	32399	BabyRage
eslcs	32399	bots
eslcs	32399	bro I swear thoses guys are already on de_airport hexago6Dotamate hexago6Dotamate hexago6Dotamate
eslcs	32399	PAINRG
eslcs	32399	AUSTRALIA LOL AUSTRALIA LOL AUSTRALIA LOL AUSTRALIA LOL
eslcs	32399	DISSOLVE THE COMPANY LOL
eslcs	32399	phzy not taking any time on shots
eslcs	32399	atleast they have nice skins
eslcs	32399	VSMysle
eslcs	32399	CINEMA
eslcs	32399	WutFace WutFace WutFace WutFace WutFace
eslcs	32399	0-12 comeback
eslcs	32399	Yaaaaaay
eslcs	32399	LOL
eslcs	32399	13-0
eslcs	32399	GG xD
eslcs	32399	bye
eslcs	32399	LOL
eslcs	32399	eslcsGG eslcsGG eslcsGG eslcsGG
eslcs	32399	0-13
eslcs	32399	ruger
eslcs	32399	who's that liliput
gofns	516575	gg
gofns	516575	gg
gofns	516575	gg
gofns	516575	gg
gofns	516575	hh
gofns	516575	wow
gofns	516575	DAMN GG
gofns	516575	LAST PLAYER STANDING
gofns	516575	ITS SO GOOD
gofns	516575	gg
gofns	516575	beautiful
gofns	516575	he said thanyou for pointing at me
gofns	516575	rt
gofns	516575	VIT OMEGALUL
gofns	516575	ye
gofns	516575	13-0 sit down
gofns	516575	nah
gofns	516575	OBV
gofns	516575	please unc your pc is about to crash again it's making sounds again
gofns	516575	they are
gofns	516575	Yes
gofns	516575	u should really invest in toolkit @GOFNS
gofns	516575	yeah
gofns	516575	when does sen play
gofns	516575	yes
gofns	516575	no
gofns	516575	rt
gofns	516575	beautiful attack side
gofns	516575	Nope
gofns	516575	rt
gofns	516575	rt
gofns	516575	yessssss
gofns	516575	wait
gofns	516575	yes
gofns	516575	yes
gofns	516575	fut in 3 maps
gofns	516575	today yes
gofns	516575	was pearl vt pick?
gofns	516575	THAT'S WHAT I WAS SAYING
gofns	516575	yo unc this getting old
gofns	516575	yes
gofns	516575	no
gofns	516575	yes
gofns	516575	huh?
gofns	516575	Nope, too earlyt
gofns	516575	why did VIT choose defense side?
gofns	516575	yes
gofns	516575	fns when are we duo qing
gofns	516575	no
gofns	516575	she's buying a stairway to heaven
gofns	516575	hi gofns
gofns	516575	last time u called them 1 strat team
gofns	516575	hiii im PUCHAN owo
gofns	516575	yes
gofns	516575	rt
gofns	516575	no
gofns	516575	sure
gofns	516575	rt
gofns	516575	TRUE
gofns	516575	JINXED
gofns	516575	rt
gofns	516575	W jinx
gofns	516575	rt
gofns	516575	yeah just hero rounds the last 3 rounds fairs
gofns	516575	yes
gofns	516575	Does fut have a top 3 haven itw?
gofns	516575	SAY 13-0
gofns	516575	They trolled the last map
gofns	516575	they got double pistol last map
gofns	516575	FUT is the better team
gofns	516575	no
gofns	516575	ofc theyre, TURKISH AIM
gofns	516575	they have won all pistols
gofns	516575	gg
gofns	516575	save derke
gofns	516575	They threw
gofns	516575	Yes
gofns	516575	SUPER TEAM THEY SAID LOL
gofns	516575	it doesnt matter if they cant close it out
gofns	516575	vit got some lucky rounds true true
gofns	516575	wait until Chron wakes up again
gofns	516575	Remember fut over optic
gofns	516575	lost with double pistol btw
gofns	516575	OWO
gofns	516575	just jinxed the hell out of them
gofns	516575	you cant be a better team if you win all the pistols but still lose
gofns	516575	@GOFNS the emea upper final FUT shouldve won they just hard choked
gofns	516575	bro jinxed it now they gonna lose
gofns	516575	@CharlieAwart its kinda like iphones vs android, the UI looks easy and more friendly easier but not good if that makes sense?
gofns	516575	they were the better team stage one VIT just got lucky in lpayoffs
gofns	516575	they are it was all chronicle @1st__M
gofns	516575	duh
gofns	516575	FUT sold so hard on that astra star round man
gofns	516575	sopp is insane bruv
gofns	516575	Yes they were just couldnt convert thee cutches
gofns	516575	yo you are the LARPING KING @GOFNS
gofns	516575	they win last map if it wasnt for chron
gofns	516575	Hey fns
gofns	516575	SOCIALBEE lilbro
gofns	516575	NAVI LOL
shanks_ttv	516575	wtf zeus doing
shanks_ttv	516575	LOL
shanks_ttv	516575	HE WANTED TO KNIFE pfft
shanks_ttv	516575	LMFAO
shanks_ttv	516575	LMFAO
shanks_ttv	516575	rt
shanks_ttv	516575	rt
shanks_ttv	516575	rt
shanks_ttv	516575	D1
shanks_ttv	516575	dude is genuinely playing ranked rn this isnt a pro game for him
shanks_ttv	516575	rt
shanks_ttv	516575	!bets
shanks_ttv	516575	--
shanks_ttv	516575	s0pp is actually Prod lmao
shanks_ttv	516575	chill
shanks_ttv	516575	d rider
shanks_ttv	516575	D1
shanks_ttv	516575	xeus is shit
shanks_ttv	516575	rt
shanks_ttv	516575	primmie clears
shanks_ttv	516575	d1
shanks_ttv	516575	U wanna fuck him so bad
shanks_ttv	516575	GREED MAXXIN LO
shanks_ttv	516575	rt
shanks_ttv	516575	its true
shanks_ttv	516575	dih riding
shanks_ttv	516575	he belongs on prx
shanks_ttv	516575	Plays like prod
shanks_ttv	516575	crazyguy reference
shanks_ttv	516575	Prod
shanks_ttv	516575	Prod if he locked in
shanks_ttv	516575	woudl u let soop rail u if u could be as good as him at valorant @shanks_ttv
shanks_ttv	516575	s0pp or something? Who are you taking shanks?
shanks_ttv	516575	crazyguy mentioned
shanks_ttv	516575	u think canezerra would have played like s0pp if he did play?
shanks_ttv	516575	unrt
shanks_ttv	516575	pfft
shanks_ttv	516575	crazyguy u said ??
shanks_ttv	516575	rrq crazyguy?
shanks_ttv	516575	reminds of prime prx
shanks_ttv	516575	rt
shanks_ttv	516575	@imods9 actually
shanks_ttv	516575	rt
shanks_ttv	516575	@shanks_ttv him or jawgemo?
shanks_ttv	516575	rtrt
shanks_ttv	516575	unrt
shanks_ttv	516575	pfft
shanks_ttv	516575	vietnam mentioned raaahh
shanks_ttv	516575	HE PLAYS LIKE PROD BUT JUST 10 TIMES BETTER
shanks_ttv	516575	wideSpeedLemon
shanks_ttv	516575	mmm
shanks_ttv	516575	something clears everyone
shanks_ttv	516575	that op skin is ugly as fuck
shanks_ttv	516575	Primmie Ass
shanks_ttv	516575	who are your top 5 duelist in this tourney?
shanks_ttv	516575	isnt the scoreboard just the way they sit on the stage?
shanks_ttv	516575	SAYOOO
shanks_ttv	516575	ooh
shanks_ttv	516575	ouu shi
shanks_ttv	516575	WW
shanks_ttv	516575	Sayo got dat aura Sayo got dat aura Sayo got dat aura Sayo got dat aura
shanks_ttv	516575	ASK ABOUT PRIMMIE WHAT HAPPENED YDAY
shanks_ttv	516575	sayo always good for those
shanks_ttv	516575	mmm sayooo
shanks_ttv	516575	s0pp is like if prod was good at the game @shanks_ttv
shanks_ttv	516575	u think canezerra would have played like s0pp if he did play t1 @shanks_ttv
shanks_ttv	516575	D1
shanks_ttv	516575	mmm
shanks_ttv	516575	Thayonara
shanks_ttv	516575	ewwww
shanks_ttv	516575	Thefanov
shanks_ttv	516575	VIT have 2 duelist too
shanks_ttv	516575	better
shanks_ttv	516575	did he bet chat
shanks_ttv	516575	fax
shanks_ttv	516575	phoenix is getting touched next patch gg
shanks_ttv	516575	something hard clears
shanks_ttv	516575	who do u think r the top 5 duelists in thos tournamenr @shanks_ttv
shanks_ttv	516575	uhh idk
shanks_ttv	516575	cane would be better than cane
shanks_ttv	516575	stfu
shanks_ttv	516575	yea i guess
shanks_ttv	516575	cane would be 10x better
shanks_ttv	516575	rt
shanks_ttv	516575	ig we'll never know
shanks_ttv	516575	did he bet chat
shanks_ttv	516575	he is like loversrock
shanks_ttv	516575	can e threw his career
shanks_ttv	516575	cane played bums
shanks_ttv	516575	@zyrazXO Bro just shit himself
shanks_ttv	516575	@weepbeep no
shanks_ttv	516575	fax
shanks_ttv	516575	cane wouldve been way better
shanks_ttv	516575	envy can clear any nc team
shanks_ttv	516575	cane i think is a better rifler but s0pp yea is a better awper
shanks_ttv	516575	Canezerra would get molested in this lobby
shanks_ttv	516575	cane would shit on these players
shanks_ttv	516575	Free cane
shanks_ttv	516575	current eny for sure
shanks_ttv	516575	cane would be better
sliggytv	516575	hii
sliggytv	516575	@ElephantBush not much you can do, first time it's ever happened
sliggytv	516575	dominic soulcas WOAH
sliggytv	516575	Missing the old day 😭
sliggytv	516575	please
sliggytv	516575	Hiii
sliggytv	516575	please please please
sliggytv	516575	hii
sliggytv	516575	who shroud?
sliggytv	516575	PLEASEEEEE
sliggytv	516575	W
sliggytv	516575	get trav and dom for finals weekend plssss
sliggytv	516575	WE NEED THE REUNION
sliggytv	516575	Sliggy stealing Yinsu's guests L slug
sliggytv	516575	L1nk🗣️
sliggytv	516575	oi sliggy give Yinsu our guest back
sliggytv	516575	DOM??
sliggytv	516575	PLEASE SLIGGY I NEED TO SEE OLD LIQUID TOGETHER
sliggytv	516575	@dokiko16 trav ex member of tl
sliggytv	516575	KEKW
sliggytv	516575	@IvyyFPS nivera mhm
sliggytv	516575	Current Guests: soulcas aka dom, former TL player (among others) -- BigTime, former GE coach and pacific desk talent
sliggytv	516575	damnn
sliggytv	516575	Trav is L1NK_ mr. Judge himself
sliggytv	516575	xd ͏
sliggytv	516575	sliggy stealing content from women smh
sliggytv	516575	xd
sliggytv	516575	xd
sliggytv	516575	nolook
sliggytv	516575	WHAT
sliggytv	516575	WHAT
sliggytv	516575	WHATTTTTT
sliggytv	516575	WHAT
sliggytv	516575	NO WAY
sliggytv	516575	woweeee
sliggytv	516575	WHAT
sliggytv	516575	WHAT
sliggytv	516575	WHATTTTTTTT
sliggytv	516575	WHAT
sliggytv	516575	NAH
sliggytv	516575	wait wheres my goat travis mendoza slugCheck
sliggytv	516575	NAH ͏
sliggytv	516575	LMAOOOOOOOOOOOO
sliggytv	516575	he got both WHAT
sliggytv	516575	WHAT
sliggytv	516575	WHAT
sliggytv	516575	LUL
sliggytv	516575	WHAT
sliggytv	516575	yelltujey
sliggytv	516575	@Sacreville nah not even Nivera i just wanna see Jamppi Soulcas and L1NK
sliggytv	516575	He gets both
sliggytv	516575	HOWWWWW
sliggytv	516575	HOW DID THAT HAPPEN
sliggytv	516575	WHAT
sliggytv	516575	ICANT baited by the cam
sliggytv	516575	That is actually criminal
sliggytv	516575	***
sliggytv	516575	koi :))
sliggytv	516575	ono
sliggytv	516575	dom is here? my heart is melting sligLove
sliggytv	516575	1CHANCE PausersHype
sliggytv	516575	Sit inside the frame Soulcas pls 🥺
sliggytv	516575	dramaa k*i
sliggytv	516575	ono
sliggytv	516575	@1Dave coming later I think he said. they're gonna try to do a stream with soulcas and travis
sliggytv	516575	!call
sliggytv	516575	BigTime!
sliggytv	516575	1CHANCE HOLD
sliggytv	516575	byeee dom
sliggytv	516575	@aesionsalt YIPPIE
sliggytv	516575	one chance
sliggytv	516575	byee
sliggytv	516575	byeee  domi
sliggytv	516575	@despheres be ready
sliggytv	516575	byeee
sliggytv	516575	fish123 reunion
sliggytv	516575	is ardiis allowed in the venue
sliggytv	516575	byeee
sliggytv	516575	probs not i guess
sliggytv	516575	fish123 reunion would go so hard
sliggytv	516575	HOLD
sliggytv	516575	who was that i tabbed out
sliggytv	516575	lmao natan
sliggytv	516575	@natandse not allowed in the country, probably
sliggytv	516575	weLp
sliggytv	516575	@ekommerce soulcas
sliggytv	516575	gone again
sliggytv	516575	Fish123 the goats
sliggytv	516575	@despheres xd
sliggytv	516575	@ekommerce soulcas, he's going into yinsu stream now
sliggytv	516575	glitch box
sliggytv	516575	oooo interesting
sliggytv	516575	Current Guest(s): BigTime, former GE coach and pacific desk talent
sliggytv	516575	fish123 vs SUMN FC for showmatch?
sliggytv	516575	ARDIISW
sliggytv	516575	ARDIIS xd
sliggytv	516575	KEKW
sliggytv	516575	xd
sliggytv	516575	HOLD
sliggytv	516575	LMAOO
joshseki	516575	!agenda
joshseki	516575	Life is Strange
joshseki	516575	!agenda
joshseki	516575	would u have adopted his sister too?
joshseki	516575	a cat had her kittens in my backyard and only two survived and we took care of them
joshseki	516575	my cats only tolerate each other
joshseki	516575	are we gonna play some valo today
joshseki	516575	What are these drops
joshseki	516575	LOL
joshseki	516575	@scorpiorising_ I'm so sorry to hear that 😭 I can only imagine I'll be in the same position in 10 yrs when my cats get old
joshseki	516575	LMAOo
joshseki	516575	lmao
joshseki	516575	i got my kitten last sunday!!
joshseki	516575	my cats are a bonded pair...wouldnt be able to tell with how they act now but when one goes to the vet without the other they freak out a little
joshseki	516575	My male angel fish kept eating the female's eggs so we had to get rid of them
joshseki	516575	do you ever have imposter syndrome josh?
joshseki	516575	Joshseki do u like mooda
joshseki	516575	i sobbed getting my cats i got them a week after my 14th birthday
joshseki	516575	NOOO
joshseki	516575	noooooo
joshseki	516575	omg so sad
joshseki	516575	i rescued my first cat
joshseki	516575	:( :( :( :(
joshseki	516575	nooooo
joshseki	516575	why is this stream sad
joshseki	516575	omg i saw that last night i sobbed
joshseki	516575	Why isnt unc reading my msg
joshseki	516575	same
joshseki	516575	joshsekiSadge
joshseki	516575	LMAOOOOO
joshseki	516575	joshsekiBooti joshsekiBooti joshsekiBooti joshsekiBooti
joshseki	516575	I JUST SAW IT
joshseki	516575	i birthed my cat joshsekiBooti
joshseki	516575	duckass duckass duckass duckass
joshseki	516575	The music is bringing the mood down lol
joshseki	516575	glorpass
joshseki	516575	HAHAHa
joshseki	516575	they say you have to let them see when their friends die, though, because otherwise they look for them forever PepeHands
joshseki	516575	so different
joshseki	516575	at least they are able to process the passing of the bonded cat <3
joshseki	516575	joshsekiBooti joshsekiBooti joshsekiBooti
joshseki	516575	duckass duckass
joshseki	516575	joshsekiBooti joshsekiBooti joshsekiBooti joshsekiBooti
joshseki	516575	glorpass
joshseki	516575	joshsekiBooti joshsekiBooti joshsekiBooti joshsekiBooti joshsekiBooti
joshseki	516575	joshsekiBooti joshsekiBooti joshsekiBooti joshsekiBooti joshsekiBooti joshsekiBooti joshsekiBooti
joshseki	516575	LMAOO the change
joshseki	516575	duckass duckass duckass duckass duckass
joshseki	516575	joshsekiBooti joshsekiBooti joshsekiBooti joshsekiBooti
joshseki	516575	joshsekiBooti joshsekiBooti joshsekiBooti joshsekiBooti
joshseki	516575	My cats have been together since birth and when one of them got sick the one that stayed home did NOT give af
joshseki	516575	joshsekiBooti joshsekiBooti joshsekiBooti
joshseki	516575	cats twerking seraphvPain seraphvPain seraphvPain
joshseki	516575	joshsekiBooti joshsekiBooti joshsekiBooti joshsekiBooti joshsekiBooti
joshseki	516575	joshsekiBooti joshsekiBooti joshsekiBooti joshsekiBooti joshsekiBooti
joshseki	516575	I have two cats and they basically saved my life TakeNRG
joshseki	516575	joshsekiBooti joshsekiBooti joshsekiBooti
joshseki	516575	joshsekiBooti joshsekiBooti
joshseki	516575	twerk
joshseki	516575	can u plau if i by treasure its vv gooodddd
joshseki	516575	joshsekiBooti joshsekiBooti
joshseki	516575	!agenda
joshseki	516575	Life is Strange
joshseki	516575	joshsekiBooti
joshseki	516575	let’s twerk
joshseki	516575	life is strange
joshseki	516575	joshsekiBooti joshsekiBooti joshsekiBooti joshsekiBooti
joshseki	516575	Do life is strange remastered first
joshseki	516575	duckass duckass duckass
joshseki	516575	What is this chat bruh
joshseki	516575	duckass joshsekiBooti
joshseki	516575	joshsekiBooti joshsekiBooti joshsekiBooti joshsekiBooti
joshseki	516575	happi happi happi happi
joshseki	516575	THROW IT THROW IT
joshseki	516575	this song is so tomodachi life
joshseki	516575	joshsekiBooti joshsekiBooti joshsekiBooti joshsekiBooti joshsekiBooti
joshseki	516575	no valo today Josh ?
joshseki	516575	did you do the bag giveaway?
joshseki	516575	joshsekiBooti joshsekiBooti joshsekiBooti
joshseki	516575	THEIR NEW SONGGG
joshseki	516575	YESSSSS
joshseki	516575	duckass
joshseki	516575	I'm so excited for you to go through art submissions
joshseki	516575	did we do the bag giveaway already chat?
joshseki	516575	uhh remastered
joshseki	516575	lis
joshseki	516575	@infdro not yet
joshseki	516575	duckass glorpass
joshseki	516575	THROW IT THROW IT THROWING IT
joshseki	516575	joshsekiClap joshsekiClap joshsekiClap
joshseki	516575	@kookiesnmilkexe not yet
joshseki	516575	joshsekiLove
joshseki	516575	Unc u not reading msg
joshseki	516575	Before the storm dives deeper into chloe the main character so its best to play after the first one
joshseki	516575	@dandel2on thank you!
joshseki	516575	i think before the storm is the prequel ?
joshseki	516575	duckass duckass duckass duckass
joshseki	516575	lookUp
joshseki	516575	yes
joshseki	516575	Josh do yk the loona sub unit odd eye circle
subroza	516575	okay yassine u didn't rip it but WALLAH gmd ripped it.
subroza	516575	U guys aren't even trying in 10 mans
subroza	516575	u should rip aimlabs after that round man
subroza	516575	flux is a ghost
subroza	516575	It's one of those days
subroza	516575	giving out passes
subroza	516575	ASTAGFEROLLAH
subroza	516575	how did the enemy omen flash u if they dont have omen >>?
subroza	516575	the sexual tension between haerin and roza is crazy
subroza	516575	@wowslow rt
subroza	516575	LMFAO
subroza	516575	i met gmd irl and he dragged me to a corner and ripped it in my ear
subroza	516575	@wasabeyo, i was gonna say something but i remembered what month it is so imma hold my tongue
subroza	516575	Lmaooooooo
subroza	516575	what is this chat lmdfaooaoaoaaoa
subroza	516575	HAHAAHHAAHAHAHAHA
subroza	516575	WE would do
subroza	516575	@wowslow wallahi they have esex in the discord after stream ends
subroza	516575	LOL
subroza	516575	LMFAOAOA
subroza	516575	LET ME TELL YOU SOMETHING
subroza	516575	@Fluxxuated yeah its your month
subroza	516575	I met noeigg in real life and he ripped it while talking about his record in hypothetical fights
subroza	516575	!wooting
subroza	516575	https://www.twitch.tv/subroza/clip/SwissBovineInternBuddhaBar-za5h6D_1vmtTFjhC
subroza	516575	cant give ur people a bad rep
subroza	516575	lowkey... have we ever seen haerin and swarm in the same room.....
subroza	516575	@skeet_vlr id rather watch that than this sorry gameplay
subroza	516575	@picklespear yo pickle you playing in 01 mans
subroza	516575	battle pass skin
subroza	516575	@wowslow happy pride month bro
subroza	516575	10 mans?
subroza	516575	@skeet_vlr TYTY
subroza	516575	BANG
subroza	516575	vac
subroza	516575	VAC
subroza	516575	HOO
subroza	516575	?
subroza	516575	omdf
subroza	516575	yo subroza can you do a giveway for ev63 keyboard im poor asf
subroza	516575	@Subroza Happy pride brother, we stand with u
subroza	516575	team selling
subroza	516575	ns
subroza	516575	Subroza has hit  24696 nice shots.
subroza	516575	105 my dick
subroza	516575	!rank
subroza	516575	fannane_a, Immortal 2 - 172 RR
subroza	516575	cap
subroza	516575	u are
subroza	516575	I STAND WITH U
subroza	516575	ur right ur HELLLAAA GAY
subroza	516575	CAP
subroza	516575	i can make you gay
subroza	516575	gay asf
subroza	516575	trhow from building
subroza	516575	We literally heard what u said about LeBron earlier
subroza	516575	not gay for GMD too?
subroza	516575	wtf
subroza	516575	I stand against you
subroza	516575	u said the hard R tho
subroza	516575	Take the happy pride
subroza	516575	what happned to ahmed
subroza	516575	@astoor42 proof?
subroza	516575	YOU JUST SAID THE LEBRON THING
subroza	516575	maybe?
subroza	516575	@wowslow KEKW
subroza	516575	IF HIS GAY FORGET ABOUT MPROOCO MY FRIEND Xd
subroza	516575	what about lebron
subroza	516575	what you say
subroza	516575	you like gmd dick tho
subroza	516575	i was gonna make a twitlonger about u ripping it but bc its ur month, WE will let it slide @Subroza
subroza	516575	just take the dick bro
subroza	516575	thats not even a question
subroza	516575	???
subroza	516575	??
subroza	516575	ur the first not gay an ive seen that likes dick
subroza	516575	What
subroza	516575	LMFAOOOO
subroza	516575	ok ur sounding like train
subroza	516575	???
subroza	516575	cap
subroza	516575	???????????
subroza	516575	says the gay manä
subroza	516575	???
subroza	516575	what
subroza	516575	@arredeva 105 mm
subroza	516575	??WHAT
subroza	516575	LOL
subroza	516575	thats gay
subroza	516575	????
subroza	516575	ehhhh
subroza	516575	LOLMAOOO
subroza	516575	so u r not gay , but do u support them ?
subroza	516575	hella gay
subroza	516575	gay asf
subroza	516575	no bro thats gay af
subroza	516575	u want to feel lebron?
subroza	516575	nice trainwrecks cosplay
subroza	516575	u wanna feel him?
subroza	516575	so u want dick
foolish	516575	juanddLost juanddLost juanddLost juanddLost juanddLost
foolish	516575	SAJ SAJ SAJ
foolish	516575	SAJ
foolish	516575	SAJ
foolish	516575	SAJ
foolish	516575	foolishCrying
foolish	516575	SAJ
foolish	516575	Foolish tinakiCry tinakiCry
foolish	516575	SAJ
foolish	516575	omg SAJ
foolish	516575	How are we going to explain this to Vegetta?
foolish	516575	juanddLost juanddLost juanddLost
foolish	516575	it was a struggle gigl
foolish	516575	and Juans last...
foolish	516575	SAJ SAJ
foolish	516575	SAJ
foolish	516575	I'm feeling sick fr
foolish	516575	SAJ
foolish	516575	SAJ
foolish	516575	SAJ
foolish	516575	SAJ i member
foolish	516575	juanddLost juanddLost juanddLost juanddLost juanddLost
foolish	516575	Life
foolish	516575	tinakiFine tinakiFine tinakiFine
foolish	516575	BigSad BigSad BigSad TwitchUnity BigSad TwitchUnity BigSad
foolish	516575	Si tan solo hubiera conocido a Verde BigSad
foolish	516575	SAJ
foolish	516575	SAJ
foolish	516575	always looked forward to you teasing Juan foolishCrying foolishCrying foolishCrying
foolish	516575	QSMP2 QSMP2 QSMP2 QSMP2 QSMP2
foolish	516575	SAJ
foolish	516575	veryCat rubbLife
foolish	516575	BigSad BigSad
foolish	516575	SAJ
foolish	516575	No llores, hacelo volver en 2 meses
foolish	516575	SAJ
foolish	516575	SAJ
foolish	516575	juanddLost juanddLost juanddLost juanddLost
foolish	516575	BigSad
foolish	516575	SAJ
foolish	516575	juanddLost juanddLost juanddLost
foolish	516575	SAJ he always knew how to make it look pretty
foolish	516575	SAJ im still bawling
foolish	516575	SAJ asking for advice
foolish	516575	foolishCrying foolishCrying foolishCrying
foolish	516575	SAJ ͏
foolish	516575	his last job DAMN
foolish	516575	SAJ
foolish	516575	waaa
foolish	516575	NOOOO ͏
foolish	516575	I CANT STOP CRYING SAJ
foolish	516575	SAJ
foolish	516575	SAJ
foolish	516575	oh SAJ
foolish	516575	foolishCrying foolishCrying
foolish	516575	foolishCrying foolishCrying
foolish	516575	Added the little things that made it feel like home...
foolish	516575	Who are we gonna prank now... SAJ
foolish	516575	stopp omg ssaj
foolish	516575	oh fuch
foolish	516575	SAJ
foolish	516575	Holaa foolish
foolish	516575	waaa
foolish	516575	SAJ
foolish	516575	Bro im actually crying this is too much
foolish	516575	SAJ ͏
foolish	516575	NOOOO SAJ
foolish	516575	SAJ
foolish	516575	STOP THIS SAJ
foolish	516575	HypeLove1
foolish	516575	FUCK MAN waaa
foolish	516575	juanddClap juanddClap
foolish	516575	DAMN
foolish	516575	Cinema
foolish	516575	juanddHmm juanddHmm juanddHmm juanddHmm juanddHmm
foolish	516575	SAJ
foolish	516575	BigSad
foolish	516575	SAJ his last job
foolish	516575	OH GOD NO
foolish	516575	SAJ
foolish	516575	noooo juanddLost
foolish	516575	WAIT THATS SO SADDDSS
foolish	516575	STOPPPP im sobbingggg SAJ
foolish	516575	kkkkkkkkkkkkkkkkk
foolish	516575	foolishCrying foolishCrying foolishCrying foolishCrying
foolish	516575	SAJ he was just a little guy
foolish	516575	The kelpamine
foolish	516575	SAJ
foolish	516575	Im crying
foolish	516575	Juan come back
foolish	516575	I'm so sick BigSad
foolish	516575	SAJ JUAN
foolish	516575	ISHAN NOOOO
foolish	516575	vegett6SAD foolishCrying vegett6SAD foolishCrying
foolish	516575	DID I JOIN AT ANGST???
foolish	516575	SAJ
foolish	516575	chest?
foolish	516575	you SICKOOO
foolish	516575	SAJ
foolish	516575	ishan SAJ
valkyrae	516575	o7
valkyrae	516575	dodge when you see Spidey sense
valkyrae	516575	pfft
valkyrae	516575	o7
valkyrae	516575	jump and hold x to kick them into air
valkyrae	516575	oof
valkyrae	516575	AAAA
valkyrae	516575	alveusScared alveusScared alveusScared
valkyrae	516575	raePanic
valkyrae	516575	@EnzikFires spider kiss?
valkyrae	516575	see uncharted would've been better
valkyrae	516575	om
valkyrae	516575	@Bushwick78 raeMhm
valkyrae	516575	@woke_drew dinkDonk Rae
valkyrae	516575	AAAA
valkyrae	516575	OOOO spoodermain
valkyrae	516575	You can dodge the bullets too
valkyrae	516575	om
valkyrae	516575	is she gonna at at the tutorial
valkyrae	516575	@valkyrae you have a spit limit top right om om
valkyrae	516575	it’s good thing she is playing one easy mhm
valkyrae	516575	move cam down? covering health @Valkyrae
valkyrae	516575	suh
valkyrae	516575	d pad down
valkyrae	516575	@Valkyrae id move cam middle left it blocks some stuff in the top left
valkyrae	516575	LO
valkyrae	516575	it's not too late to switch to uncharted if this is too difficult for you
valkyrae	516575	spam attack will jump you closer to the otehrs too
valkyrae	516575	Or is that option not available yet chat??
valkyrae	516575	clappi
valkyrae	516575	Weenie hut Jr mode?
valkyrae	516575	om ͏
valkyrae	516575	lol focus on dodging
valkyrae	516575	PBOP
valkyrae	516575	@RaymelPlayz she just learning
valkyrae	516575	dying in easy mode
valkyrae	516575	you gotta dodge more!
valkyrae	516575	i never realized how many mechanics Spiderman games have compared to GOW LUL
valkyrae	516575	ngl spiderman is a lot the first time
valkyrae	516575	lol
valkyrae	516575	PBOP
valkyrae	516575	the more you do damage is the more you heal
valkyrae	516575	😭 good one
valkyrae	516575	lol
valkyrae	516575	pfft
valkyrae	516575	LOL
valkyrae	516575	WHEN YOU HAVE SPIDEY SENSE ON YOUR HEAD, PREPARE TO DODGE
valkyrae	516575	om
valkyrae	516575	Fisk ReallyMad
valkyrae	516575	pfft ͏
valkyrae	516575	Follow the spider sense on his head and push O.
valkyrae	516575	alveusPPEH
valkyrae	516575	Middle right, actually
valkyrae	516575	lmao
valkyrae	516575	PBOP
valkyrae	516575	OOOO
valkyrae	516575	you zigged when you should've zagged @Valkyrae
valkyrae	516575	@SoulRawb om
valkyrae	516575	om
valkyrae	516575	pfft
valkyrae	516575	You don't have infinite white fluids
valkyrae	516575	we can smell it
valkyrae	516575	just turn it to easy at this point
valkyrae	516575	Rae for the love of all that is holy press triangle to close distance in fights lol
valkyrae	516575	pepeMeltdown
valkyrae	516575	om
valkyrae	516575	om
valkyrae	516575	honestly thank god she’s playing on easy
valkyrae	516575	i died so much in the tutorial its fine om
valkyrae	516575	om
valkyrae	516575	wemade1Oop wemade1Oop wemade1Oop
valkyrae	516575	LOL
valkyrae	516575	white ropes everywhere
valkyrae	516575	om
valkyrae	516575	om
valkyrae	516575	Lol
valkyrae	516575	you’re not dodging mhm
valkyrae	516575	best way ogo
valkyrae	516575	pfft
valkyrae	516575	and chat wanted her to do a harder difficulty
valkyrae	516575	LOL
valkyrae	516575	you zigged when you should've zagged @Valkyrae ͏
valkyrae	516575	om ͏
valkyrae	516575	LO ͏
valkyrae	516575	you didnt read thats the issue
valkyrae	516575	overstimulated twins aga
valkyrae	516575	youre fine lmao
valkyrae	516575	Out of all of the spidermans in the multiverse, this spiderman might be the worst
valkyrae	516575	you are
valkyrae	516575	dodge when u see spidy sense around his head
valkyrae	516575	LO
valkyrae	516575	good aga
valkyrae	516575	over stimulated in the tutorial is wild
valkyrae	516575	yes
valkyrae	516575	relatable om
valkyrae	516575	alveusCheer alveusCheer alveusCheer
valkyrae	516575	pfft ͏
valkyrae	516575	this is the warm up
valkyrae	516575	learn on the job
valkyrae	516575	this IS the warm up
s0mcs	516575	tomorrow my fuccking exam and I just wasted my all time on this match what should I do now?
s0mcs	516575	temu tenz here
s0mcs	516575	6 months
s0mcs	516575	in advance
s0mcs	516575	Im feeling risky hehe
s0mcs	516575	@twixmeowlols yoo twin same maths alevel
s0mcs	516575	must be nice being rich
s0mcs	516575	wild
s0mcs	516575	wait wtf
s0mcs	516575	@freelo_96 u need proof fine check dms
s0mcs	516575	@twixmeowlols Continue watching
s0mcs	516575	DEX
s0mcs	516575	@twixmeowlols ask s0m for help
s0mcs	516575	THANK YOU WTF
s0mcs	516575	where's som
s0mcs	516575	Any gifters shoot? is that a trickk??? omg
s0mcs	516575	poopin
s0mcs	516575	happywei gonna be sadwei after this match
s0mcs	516575	@peanuttt18 :D
s0mcs	516575	@Rdevil20 ngl still
s0mcs	516575	dexterityCS 🐐
s0mcs	516575	wait 6 months
s0mcs	516575	u can do that
s0mcs	516575	woah
s0mcs	516575	hydrogen bomb vs coughing child
s0mcs	516575	its happywei vs ge
s0mcs	516575	my goat thank you @dexteritycs
s0mcs	516575	SCATTER
s0mcs	516575	about time
s0mcs	516575	done crying?
s0mcs	516575	Oml
s0mcs	516575	OOOO
s0mcs	516575	welcome back pooper
s0mcs	516575	who u rooting for som
s0mcs	516575	@s0mcs pls give me a FUT shirt
s0mcs	516575	SCATTER
s0mcs	516575	Make sure you follow me on all socials! Youtube - www.youtube.com/s0mcsgo Instagram - https://instagram.com/s0m_oh Twitter - www.twitter.com/s0mcs TikTok - www.tiktok.com/@s0mcs
s0mcs	516575	jumpscare
s0mcs	516575	@peanuttt18 no worries peanut :D
s0mcs	516575	how was the cry sam
s0mcs	516575	dex gifted someone for 6 months s0mcs
s0mcs	516575	@bullitt_21 bro know the differentiation?
s0mcs	516575	Som please come back we are lonely and bored
s0mcs	516575	its okay bro let it out
s0mcs	516575	@olivx0 not checking that son
s0mcs	516575	g2 has to get nrgs trade
s0mcs	516575	LO
s0mcs	516575	play ranked
s0mcs	516575	1
s0mcs	516575	you missed a crazy clip @s0mcs
s0mcs	516575	if mada doesn’t show up to champs he needs to be replaced
s0mcs	516575	rt
s0mcs	516575	agreed
s0mcs	516575	udon
s0mcs	516575	for 6 months btw
s0mcs	516575	CHOOSE A NEW TEAM TO SUPPORT NOW
s0mcs	516575	so true
s0mcs	516575	Can we just go back to minecraft
s0mcs	516575	lets go play minecraft WW mmm
s0mcs	516575	i love u more
s0mcs	516575	@s0mcs who are u rooting for
s0mcs	516575	@twixmeowlols yes jett differential
s0mcs	516575	i miss luke
s0mcs	516575	@s0mcs Pred for GE XLG?
s0mcs	516575	XLG vs GR ResidentSleeper
s0mcs	516575	aww
s0mcs	516575	Make sure to subscribe to s0m's youtube channel - www.youtube.com/s0mcsgo
s0mcs	516575	cancel preds
s0mcs	516575	support vitality now
s0mcs	516575	NRG choked?
s0mcs	516575	can u guys kiss
s0mcs	516575	dansi scuba dansi scuba
s0mcs	516575	LOGITECH G SPOT o
s0mcs	516575	GE
s0mcs	516575	jawgemo to nrg]
s0mcs	516575	GenderFluidPride
s0mcs	516575	GE
s0mcs	516575	GE
s0mcs	516575	PRX
s0mcs	516575	you get paid to watch party
s0mcs	516575	FUT
s0mcs	516575	lev
s0mcs	516575	we can be vitality fans together
s0mcs	516575	LEV
s0mcs	516575	heretics
s0mcs	516575	mada benched tweet is gonna hit like crack
s0mcs	516575	LEV
s0mcs	516575	g2
s0mcs	516575	EDG
s0mcs	516575	g2
s0mcs	516575	heretics
s0mcs	516575	vitality daddy
s0mcs	516575	YEAH
s0mcs	516575	fut lol
s0mcs	516575	PRX
s0mcs	516575	hatewatching G2 and FUT all day
s0mcs	516575	g2
s0mcs	516575	oda
s0mcs	516575	oda
s0mcs	516575	g2 g2
forsen	27471	forsenNugget 71
forsen	27471	nyanPls
forsen	27471	⣿⣿⣿⣿⣿⡇⠄⠘⢿⣿⡿⠁⠄⢸⣿⣿⣿⣿⣿⣿⣿⣿⣿⣿⣿⣿ ⣿⣿⣿⣿⣿⣧⡀⠄⠈⠁⠄⠄⠄⠘⣻⣿⣿⣿⣿⣿⣿⣿⣿⣿⣿⣿ ⣿⣿⣿⣿⣿⡿⣣⣴⣜⣧⡀⠄⠄⠄⠸⣿⣿⣿⣿⣿⣿⣿⣿⣿⣿⣿ ⣿⣿⣿⣿⣟⢣⡛⣿⠻⠋⠄⠄⠄⠄⠄⠴⢿⣿⣿⣿⣿⣿⣿⣿⣿⣿ ⣿⣿⣿⣿⣷⣿⡲⠄⠄⠄⠄⠄⠄⠄⠄⠄⠘⢿⣿⣿⣿⣿⣿⣿⣿⣿ ⣿⣿⣿⣿⣿⢏⠄⠄⠄⠄⠄⠄⠄⠄⠄⠄⠄⠘⣿⣿⣿⣿⣿⣿⣿⣿ ⣿⣿⣿⣿⠏⠄⠄⠄⠄⠄⠄⠄⠄⠄⠄⠄⠄⠄⠹⣿⣿⣿⣿⣿⣿⣿ ⣿⣿⣿⠇⠄⠐⢄⢤⠄⠄⠄⠄⠄⠄⠄⠄⠄⠄⠊⠁⣿⣿⣿⣿⣿⣿ ⣿⣿⣿⡄⠘⠄⠠⠜⠄⢀⡄⠄⠄⠄⠄⠄⠄⠄⠄⠄⠄⢛⣿⣿⣿⣿ ⣿⣿⣿⣧⠠⠤⠄⣴⣾⣿⣇⠄⠄⠄⠄⠄⠄⠄⠄⠣⠄⠄⢹⣻⣿⣿ ⣿⣿⣿⣿⣿⣶⣿⣿⣿⣿⣿⠄⠄⠄⠄⠄⠄⠄⠄⠄⡇⠄⠄⠄⣿⣿ ⣿⣿⣿⣿⣿⣿⣿⣿⣿⣿⣿⠆⠄⠄⠄⠄⠄⠄⠄⠄⠄⠄⠄⠄⣿⣿
forsen	27471	forsenNugget 72
forsen	27471	nyanPls ͏
forsen	27471	forsenBased
forsen	27471	nyanPls
forsen	27471	nyanPls 󠀀
forsen	27471	LULE
forsen	27471	nyanPls
forsen	27471	The user endures attacks for two turns, then strikes back to cause double the damage taken. karlko2Cluetorbing
forsen	27471	nyanPls
forsen	27471	forsenSith
forsen	27471	noxWhat
forsen	27471	LULE UNTRAINED MONKEY
forsen	27471	monkaE
forsen	27471	monkaE
forsen	27471	forsenFaint
forsen	27471	monkaE
forsen	27471	monkaE
forsen	27471	forsenHobo
forsen	27471	nyanPls
forsen	27471	forsenNugg
forsen	27471	monkaE
forsen	27471	monkaE
forsen	27471	monkaE
forsen	27471	nyanPls ͏
forsen	27471	monkaE
forsen	27471	monkaE
forsen	27471	monkaE
forsen	27471	monkaE
forsen	27471	snea
forsen	27471	forsenFaint
forsen	27471	skinhead LULE
forsen	27471	nyanPls
forsen	27471	monkaE
forsen	27471	forsenNugget 74
forsen	27471	nyanPls 󠀀
forsen	27471	forsenCD
forsen	27471	forsenScoots
forsen	27471	nyanPls ͏
forsen	27471	forsenSith
forsen	27471	nyanPls
forsen	27471	haHAA
forsen	27471	nyanPls
forsen	27471	The  user endures attacks for two turns, then strikes back to cause double the damage taken. karlko2Cluetorbing
forsen	27471	monkaE horsen
forsen	27471	nyanPls
forsen	27471	BOE JIDEN
forsen	27471	forsenNugget 75
forsen	27471	nyanPls 󠀀
forsen	27471	Pog
forsen	27471	begging for pokemon like a hobo forsenHappy
forsen	27471	monkaE
forsen	27471	forsenNugget 76
forsen	27471	nyanPls
forsen	27471	nyanPls
forsen	27471	forsenSith
forsen	27471	forsenNugget
forsen	27471	noxWhat
forsen	27471	forsenSith
forsen	27471	nyanPls ͏
forsen	27471	nyanPls ͏
forsen	27471	nyanPls 󠀀
forsen	27471	nyanPls
forsen	27471	forsenNugget 77
forsen	27471	nyanPls 󠀀
forsen	27471	forsenSith 󠀀
forsen	27471	monkaE
forsen	27471	monkaE
forsen	27471	nyanPls
forsen	27471	nyanPls
forsen	27471	nyanPls ͏
forsen	27471	-61 ForsenSingingAtYou
forsen	27471	SITH BAJS LULE
forsen	27471	The user endures attacks for two turns, then strikes back to cause double the damage taken. karlko2Cluetorbing
forsen	27471	nyanPls 󠀀
forsen	27471	nyanPls
forsen	27471	forsenNugget 78
forsen	27471	nyanPls
forsen	27471	nyanPls
forsen	27471	touched his ball monkaOMEGA
forsen	27471	nyanPls 🎶
forsen	27471	nyanPls ͏
forsen	27471	nyanPls 󠀀
forsen	27471	nyanPls 󠀀
forsen	27471	forsenNugget 79
forsen	27471	nyanPls ͏
forsen	27471	noxWhat
forsen	27471	nyanPls
forsen	27471	nyanPls
forsen	27471	nyanPls
forsen	27471	PogT
forsen	27471	nyanPls ͏
forsen	27471	nyanPls 󠀀
forsen	27471	its already ova
forsen	27471	forsenNugget 80
forsen	27471	nyanPls
forsen	27471	nyanPls 󠀀
forsen	27471	nyanPls
ashswag	27471	Use robux to grow instantly
ashswag	27471	NOWAY
ashswag	27471	LMAO
ashswag	27471	LMAO
ashswag	27471	LMAO
ashswag	27471	LMAO
ashswag	27471	ome
ashswag	27471	LMAO
ashswag	27471	LMAO
ashswag	27471	LMAO
ashswag	27471	LMAOOOO
ashswag	27471	om
ashswag	27471	only a hug? stop lowballing
ashswag	27471	LMAO
ashswag	27471	LMAO
ashswag	27471	ome
ashswag	27471	LMAO
ashswag	27471	this is gonna work
ashswag	27471	!lifestealworld
ashswag	27471	Lifesteal world is a 2-week Lifesteal event taking place from 7th to 20th of June. The event includes regular Lifesteal members and over 50+ guests that were announced on Lifesteals twitter!
ashswag	27471	HOLY REACTION
ashswag	27471	Ashswag's pay 2 win😭
ashswag	27471	LOLL
ashswag	27471	LMFAOOO
ashswag	27471	LOL
ashswag	27471	LOL
ashswag	27471	LOL
ashswag	27471	POOD
ashswag	27471	LOL
ashswag	27471	lmfao
ashswag	27471	LMAO
ashswag	27471	LMAO
ashswag	27471	LOL
ashswag	27471	LMAO
ashswag	27471	um
ashswag	27471	LOL 😭😭
ashswag	27471	LOL
ashswag	27471	LMAO
ashswag	27471	THIS GUY BRO
ashswag	27471	Redoons got mace
ashswag	27471	LOLLL
ashswag	27471	LMAO
ashswag	27471	LMAO
ashswag	27471	LMAOO
ashswag	27471	LMAO
ashswag	27471	Bread works to
ashswag	27471	W
ashswag	27471	Lmao
ashswag	27471	LMAO
ashswag	27471	LMAOO
ashswag	27471	holy pay to win LMAO
ashswag	27471	W
ashswag	27471	LOL
ashswag	27471	LMAO
ashswag	27471	WW
ashswag	27471	LMAO
ashswag	27471	LMAO
ashswag	27471	W
ashswag	27471	LMAO
ashswag	27471	LMAO
ashswag	27471	LMAO
ashswag	27471	THEY NEED THERAPY LMAO
ashswag	27471	LOL
ashswag	27471	??
ashswag	27471	there has to be more beds than villagers too I think if I recall
ashswag	27471	LOL
ashswag	27471	need the frog portal maybe
ashswag	27471	BRO
ashswag	27471	??????
ashswag	27471	oh…
ashswag	27471	THEY DO
ashswag	27471	even if u do know shit about minecraft dont try to give advice
ashswag	27471	YEAH THEY DON'T
ashswag	27471	Thats not true
ashswag	27471	?????
ashswag	27471	???
ashswag	27471	What are you on about??
ashswag	27471	bro is trolling
ashswag	27471	smh
ashswag	27471	pretty sure its a myth
ashswag	27471	who is ash talking to ??
ashswag	27471	smh
ashswag	27471	BAHAHAHAHAAH
ashswag	27471	IMFRYING
ashswag	27471	I mean I dont wanna see them do it
ashswag	27471	LOL
ashswag	27471	LOL
ashswag	27471	banger song
ashswag	27471	No she probably needs more bed
ashswag	27471	@urfavstrawcat withmayx!
ashswag	27471	GotCaughtTrolling
ashswag	27471	LOL
ashswag	27471	ICANT
ashswag	27471	LOL
ashswag	27471	LOL
ashswag	27471	LMAO
ashswag	27471	LMAO
ashswag	27471	LOL
ashswag	27471	LMAO
ashswag	27471	I feel like half of the server needs therapy
princezam	27471	Hiii
princezam	27471	hihi
princezam	27471	FINALLY
princezam	27471	hihihi
princezam	27471	hii everyone !!!
princezam	27471	oh hello the prince zam again
princezam	27471	hi girl
princezam	27471	hi hi hi zam
princezam	27471	hihi
princezam	27471	HIIIIIII
princezam	27471	WSP
princezam	27471	HIIII ZAMMMMM
princezam	27471	WE ARE BACK
princezam	27471	HIIII
princezam	27471	So excited!!
princezam	27471	hiii
princezam	27471	hii
princezam	27471	Wsp
princezam	27471	hiii
princezam	27471	HIII
princezam	27471	hiii
princezam	27471	HELLO HELLO HELLOOO
princezam	27471	o// welcome back!
princezam	27471	hihihi
princezam	27471	hiiiiiii
princezam	27471	hiii
princezam	27471	HEYYY
princezam	27471	HELLOO9
princezam	27471	HIIIIII
princezam	27471	hii
princezam	27471	HHIIII
princezam	27471	Hi girl
princezam	27471	hiii
princezam	27471	Hiii Zaaaammmm
princezam	27471	hiii
princezam	27471	yooooo
princezam	27471	hii
princezam	27471	WE ARE SO BACK HIHIHI
princezam	27471	hiii
princezam	27471	Hihihi!!
princezam	27471	Hii
princezam	27471	your live
princezam	27471	Zamo
princezam	27471	HELOOO
princezam	27471	!subaddtime 2
princezam	27471	Hello
princezam	27471	Hiii
princezam	27471	HAIIIIIIIIIII
princezam	27471	yay
princezam	27471	hiii
princezam	27471	HELLOOOOO
princezam	27471	Hello!!!
princezam	27471	HII
princezam	27471	YOOO HI
princezam	27471	ZAMMMM WE SO BACK
princezam	27471	hiiii
princezam	27471	Omg hi
princezam	27471	hiii
princezam	27471	Hi zamm
princezam	27471	ZAMMMM
princezam	27471	Hello
princezam	27471	LETS GO WE ARE SO BACK
princezam	27471	HI ZAMMMMTYYYY
princezam	27471	!subaddtime 120
princezam	27471	ayyy!! hi zammmm <33
princezam	27471	Hiiiii
princezam	27471	WOOOOO
princezam	27471	YAYYY
princezam	27471	hiii
princezam	27471	!subaddtime 1200
princezam	27471	ZAMMMMMMM
princezam	27471	hi zamm
princezam	27471	yippee
princezam	27471	Helloo
princezam	27471	Hi guys ^^
princezam	27471	HIIII ZAM
princezam	27471	maths Pondering
princezam	27471	WADUP
princezam	27471	YOO WHAS GOOD
princezam	27471	HIII ZAM!!
princezam	27471	yay
princezam	27471	hiii
princezam	27471	hiii
princezam	27471	hiiii
princezam	27471	W gifted
princezam	27471	yay !!!!
princezam	27471	Hii
princezam	27471	hii
princezam	27471	YIPPEE
princezam	27471	yippee
princezam	27471	HIIIII
princezam	27471	yay
princezam	27471	hii!!!!
princezam	27471	heyoo!!
princezam	27471	YAYYYY
princezam	27471	hiii zam
princezam	27471	yippee hii
princezam	27471	YAAAYYY WOOOO yippee
princezam	27471	HI
princezam	27471	we made it
maxggs	27471	LOL
maxggs	27471	Can we please get a fit check
maxggs	27471	I still watch that shit
maxggs	27471	agahi
maxggs	27471	Graf collects rare money
maxggs	27471	agahi max
maxggs	27471	I collect rare coins!
maxggs	27471	i love the videos of people manually counting money
maxggs	27471	agahi rachel
maxggs	27471	agahi max
maxggs	27471	agahi MAX
maxggs	27471	@averagejonnaayfan1 omfg omgBruh
maxggs	27471	how long is this pizza box is going to sit in the office for
maxggs	27471	i watched metal detectors
maxggs	27471	agahi abbi hannah
maxggs	27471	hope core
maxggs	27471	aga pella
maxggs	27471	Hi mazz.
maxggs	27471	agahi max!!!
maxggs	27471	i used to collect rare 50p coins i was such a neek
maxggs	27471	agahi aga
maxggs	27471	@kokopuffes just assume its the blue sweater, always
maxggs	27471	?? Girl wtf
maxggs	27471	agahi max
maxggs	27471	LOL
maxggs	27471	agahi lotus
maxggs	27471	mario maker troll levels Memories
maxggs	27471	Haiii max
maxggs	27471	agahi zin
maxggs	27471	yasss
maxggs	27471	mario maker peak era was elite
maxggs	27471	those who know annia and elsia
maxggs	27471	Life
maxggs	27471	Sobb
maxggs	27471	is that whole pizza just for him
maxggs	27471	awww
maxggs	27471	Sobb
maxggs	27471	Sobb
maxggs	27471	LOL
maxggs	27471	Sobb
maxggs	27471	Sobb
maxggs	27471	Sobb
maxggs	27471	Sobb
maxggs	27471	Sobb
maxggs	27471	Sobb
maxggs	27471	holding a dominos box outside pommys. actually just a traitor
maxggs	27471	Whys jonaaay grottymaxing
maxggs	27471	Sobb
maxggs	27471	Sobb
maxggs	27471	catJAM
maxggs	27471	LOLL
maxggs	27471	Sobb
maxggs	27471	aww
maxggs	27471	@stxriabbz omg I used to love them
maxggs	27471	AAHAHA
maxggs	27471	LOL
maxggs	27471	martyn its an empty box that has been sitting on his microwave for 3 weeks
maxggs	27471	LMAOOO
maxggs	27471	OMEGALUL
maxggs	27471	OMEGALUL
maxggs	27471	Sobb
maxggs	27471	HAHAHAAHHA
maxggs	27471	LMFAAOOAO
maxggs	27471	LMFAOAOOAOOO
maxggs	27471	OMEGALUL
maxggs	27471	LMAOOOOOO
maxggs	27471	OMEGALUL
maxggs	27471	awwww
maxggs	27471	Sobb
maxggs	27471	LOL
maxggs	27471	LOL
maxggs	27471	LOL
maxggs	27471	LMOAOAOOA
maxggs	27471	Sobb
maxggs	27471	awww
maxggs	27471	LOLLL
maxggs	27471	Sobb
maxggs	27471	OMEGALUL
maxggs	27471	LMAOAOAOAOAOAA
maxggs	27471	HAHAHHAHHAHAHA
maxggs	27471	OMEGALUL
maxggs	27471	LMAO
maxggs	27471	OMEGALUL
maxggs	27471	LMAOOO
maxggs	27471	HAHAH
maxggs	27471	LOL
maxggs	27471	LMAOOO
maxggs	27471	Sobb
maxggs	27471	LMAO
maxggs	27471	LMAO
maxggs	27471	LOL
maxggs	27471	Why is jonnaaay still carrying the pizza box?
maxggs	27471	HAHAHAHAHA
maxggs	27471	im cyimg
maxggs	27471	LOL
maxggs	27471	Sobb
maxggs	27471	LOLLLLLL
maxggs	27471	IM SOBBING
maxggs	27471	LOOOLLL
maxggs	27471	LOLLLL
conix	27471	BANGER
conix	27471	BANGER ͏
conix	27471	ome32
conix	27471	Who says BCS is better than BB does not know ball btw
conix	27471	ome32
conix	27471	BANGER
conix	27471	@lukasgd07, Let it happen - Tame impala
conix	27471	BANGER
conix	27471	ome32
conix	27471	rt
conix	27471	YOOOOOOOOOOOO COOPERS NEXT EXTREME IS DELTA INTERFAACE
conix	27471	bravo conix
conix	27471	do u like cop shows
conix	27471	He die jumper
conix	27471	BANGER ͏
conix	27471	ome32
conix	27471	ome32\
conix	27471	!go
conix	27471	rt
conix	27471	🤣
conix	27471	@2Budda thanks
conix	27471	"Play ""Revenge"" by XXXTENTACION"
conix	27471	ome32
conix	27471	mythical banger
conix	27471	GOOOOOOOOO!
conix	27471	sammeJAM sammeJAM sammeJAM sammeAHH
conix	27471	I couldnt finish Better Caul Saul cause season 4 was too boring
conix	27471	!editcom !go Clubstep
conix	27471	"@Bufloe -> The command ""!go"" has been updated successfully."
conix	27471	Conix do u think BCS is better than BB?
conix	27471	aga
conix	27471	vinland saga
conix	27471	vinland saga
conix	27471	Hi conix
conix	27471	vinland saga?
conix	27471	vinland saga
conix	27471	im watching it rn
conix	27471	Vinland saga
conix	27471	!go
conix	27471	fast and furious.
conix	27471	Conix do u think BCS is better than BB? d
conix	27471	Missed u
conix	27471	attack on tittan
conix	27471	@ExhumedVision thanks
conix	27471	@udaririn Better Cauliflower Saul
conix	27471	Play  song revenge by xxx
conix	27471	Conix do u think BCS is better than BB?????
conix	27471	akira
conix	27471	what happened in the Olympics
conix	27471	hi i was watching on youtube thought i popped in on the twitch  <3
conix	27471	hm
conix	27471	ohh
conix	27471	Conix do u think BCS is better than BB? ?? ???
conix	27471	!go
conix	27471	that
conix	27471	Clubstep
conix	27471	@lukasgd07, yeye ofc
conix	27471	code geass ooooo
conix	27471	Paly song revenge by x
conix	27471	no
conix	27471	i mean my friend glazes it
conix	27471	its alright
conix	27471	Bobobobobobobobobobobobobobobobo, gotta be the best anime
conix	27471	same here
conix	27471	wtf is that
conix	27471	overrated
conix	27471	ome32
conix	27471	TRUEEEEE
conix	27471	no genuinely why does his pulse rise by 30 when hes not playing
conix	27471	cadet3CatDance cadet3CatDance cadet3CatDance
conix	27471	how does code geass and vinland saga have anthing to do with eachother
conix	27471	straight cheeks
conix	27471	overrated but good
conix	27471	i don like anime lowk
conix	27471	Watch jojos lowk
conix	27471	play no 1 party rock
conix	27471	Conix do u think BCS is better than BB? ? ? ???? ?? ???? ??    ?
conix	27471	PLAY THE COLLAB SONG
conix	27471	Goonix
conix	27471	overrated but it's decent ig
conix	27471	william whats your opinion on the backrooms movie
conix	27471	Play revenge by xxxtentacion
conix	27471	like how relacing is this game to him
conix	27471	skip
conix	27471	kinda like you
conix	27471	cadet3Spnk cadet3Cumb cadet3Ber
conix	27471	ome32
conix	27471	We love u
conix	27471	LOL
conix	27471	Face screaming in fear
conix	27471	Face screaming in fear
conix	27471	I forgot about the sticker
conix	27471	W sticker
conix	27471	holy username
conix	27471	guys should i watch obsession
conix	27471	Face screaming in fear
conix	27471	face screaming in fear
conix	27471	PLAY THE COLLAB SONG ͏
conix	27471	yo i just tuned in why tf does it say you have been live for 20 hours
conix	27471	Conix i love you keep up tge w streams
theobaldthebird	27471	saps has a crown on:(
theobaldthebird	27471	Is Theo making his staff redundant?
theobaldthebird	27471	Make machines
theobaldthebird	27471	skull
theobaldthebird	27471	bro is the master
theobaldthebird	27471	technically hes killed spongs too
theobaldthebird	27471	did theo actually die to mugm
theobaldthebird	27471	Theo's paying off those 100,000 diamonds with this business 🔥
theobaldthebird	27471	TheobaldTheManager
theobaldthebird	27471	uh oh
theobaldthebird	27471	bigest birddd
theobaldthebird	27471	BRO DTOP YAPPING
theobaldthebird	27471	do you serve a parrot burger
theobaldthebird	27471	!hearts
theobaldthebird	27471	biggest manager
theobaldthebird	27471	He killed LettuceK, Twirps, and Yungy
theobaldthebird	27471	@FinesseSpeedNL yhhhhhh
theobaldthebird	27471	Bro is the biggest manager
theobaldthebird	27471	Redstone doesn't need to be payed anything
theobaldthebird	27471	!info
theobaldthebird	27471	https://lifesteal.fandom.com/wiki/Lifesteal_World
theobaldthebird	27471	theoba2Meme
theobaldthebird	27471	TOO NICE LOL
theobaldthebird	27471	GET THEM
theobaldthebird	27471	theobaldthemanager
theobaldthebird	27471	theoba2Meme theoba2Meme
theobaldthebird	27471	theoba2Shrug
theobaldthebird	27471	why was my message about UU delete
theobaldthebird	27471	GET EM BIG BIRD GET EM
theobaldthebird	27471	!info
theobaldthebird	27471	@tryliah where did you hear that
theobaldthebird	27471	https://lifesteal.fandom.com/wiki/Lifesteal_World
theobaldthebird	27471	Lol
theobaldthebird	27471	Rats lol
theobaldthebird	27471	LOL
theobaldthebird	27471	theo are you samall bird or big bird?
theobaldthebird	27471	what is spongs even doing
theobaldthebird	27471	WHOS GONNA CARRY THE BOATS!?
theobaldthebird	27471	love that guy
theobaldthebird	27471	mmmm
theobaldthebird	27471	Poor sponu
theobaldthebird	27471	Lol
theobaldthebird	27471	SPONGS BRO😭
theobaldthebird	27471	mhm
theobaldthebird	27471	I’M CRYING, SPONGS IS SUCH A GOBLIN
theobaldthebird	27471	Why are my messages being deleted:sob:
theobaldthebird	27471	WHO DID U KILLED? AND WHERE IS UR TEAM??
theobaldthebird	27471	i feel bad for spongs bro
theobaldthebird	27471	!drops
theobaldthebird	27471	spongs is doing smthing
theobaldthebird	27471	Spoken like a true manager
theobaldthebird	27471	spongs just happy to be here
theobaldthebird	27471	do you serve a parrot burger
theobaldthebird	27471	kill him
theobaldthebird	27471	!watchtime
theobaldthebird	27471	@ireee1234567 ireee1234567 has spent 0 secs watching theobaldthebird
theobaldthebird	27471	Business 101 with the biggest bird
theobaldthebird	27471	SPONGS IS RAGEBAITING
theobaldthebird	27471	McDonald's could never 🙏
theobaldthebird	27471	is someone on the tree over there?
theobaldthebird	27471	true business man
theobaldthebird	27471	test
theobaldthebird	27471	vote parot
theobaldthebird	27471	vote for parot flashbacks
theobaldthebird	27471	!watchtime
theobaldthebird	27471	@axel_xusky axel_xusky has spent 0 secs watching theobaldthebird
theobaldthebird	27471	parot
theobaldthebird	27471	vote parot
theobaldthebird	27471	!watchtime
theobaldthebird	27471	@relaxolo1l relaxolo1l has spent 0 secs watching theobaldthebird
theobaldthebird	27471	not the vote parot bro
theobaldthebird	27471	I'm getting flashbacks
theobaldthebird	27471	vote parot ahhh
theobaldthebird	27471	Vote for parot
theobaldthebird	27471	vote for parot
theobaldthebird	27471	VOTE PAROT
theobaldthebird	27471	Damn lol
theobaldthebird	27471	make parot play lifesteal
theobaldthebird	27471	Vote parot
theobaldthebird	27471	what do you think of  cookiegog
theobaldthebird	27471	vote parot
theobaldthebird	27471	Vote parot
theobaldthebird	27471	vote parot
theobaldthebird	27471	voet for parot
theobaldthebird	27471	theoba2What theoba2What theoba2What theoba2What theoba2What theoba2What theoba2What theoba2What TransgenderPride TransgenderPride TransgenderPride TransgenderPride TransgenderPride
theobaldthebird	27471	vote parot
theobaldthebird	27471	vote for parrot flashbacks
theobaldthebird	27471	Parot flashback
theobaldthebird	27471	OH
theobaldthebird	27471	do you serve a parrot burger
theobaldthebird	27471	PearitX2
theobaldthebird	27471	I clipped that one foolish moment btw
theobaldthebird	27471	VOTE PAROT
theobaldthebird	27471	LMAO
theobaldthebird	27471	LMAO
theobaldthebird	27471	LMAO
theobaldthebird	27471	KILL HIM BOI
theobaldthebird	27471	VOTE PAROT
theobaldthebird	27471	LMFAOOOOO
theobaldthebird	27471	flashback vote parot
boosfer	27471	@Aqva_Dayo so close!
boosfer	27471	@toria_0o0 If you say that I would get curious giggleCat
boosfer	27471	tach
boosfer	27471	@hippopiipo I'm missing so much💔
boosfer	27471	@tangrl1 ty and hii tan!! Loved
boosfer	27471	Brrrrrr
boosfer	27471	LOL
boosfer	27471	brrrrr
boosfer	27471	@Aqva_Dayo boosferGiggle  better stay like that
boosfer	27471	brrrrr
boosfer	27471	@yeonllyn snakezy dropped and so does the a few top players
boosfer	27471	@mintreeea hi catKISS
boosfer	27471	hai mint gwaga
boosfer	27471	@mintreeea minty!! hai haii catKISS gwaga
boosfer	27471	hai vani!! kissu
boosfer	27471	@mintreeea lovey
boosfer	27471	you what
boosfer	27471	@toria_0o0 bleh aight :3
boosfer	27471	@yeonllyn hai yeon!! lovey lovey
boosfer	27471	BONK tupid
boosfer	27471	@OctoMarina_ We listen and we judge
boosfer	27471	bleh
boosfer	27471	chat I still cant find my stylus I WANT TO DRAWW HAUDGFAJGJKHSDKJGDWGJKsaDAS
boosfer	27471	bleh
boosfer	27471	W
boosfer	27471	@mastyk_90 exactly
boosfer	27471	boosferWave boosferWave
boosfer	27471	W
boosfer	27471	@Aqva_Dayo ooo snakezy not feeling the sneaky rn feaky
boosfer	27471	bleh
boosfer	27471	bleh
boosfer	27471	@Dmi__tri therethere
boosfer	27471	@Dmi__tri finger drawing time sady
boosfer	27471	@choc0_cooki3s hii choco!!
boosfer	27471	@Dmi__tri sorry i ate it
boosfer	27471	@Dmi__tri therethere
boosfer	27471	@yeonllyn Smirk
boosfer	27471	@Dmi__tri o still? sady time to clean your room Smirk
boosfer	27471	@vanillella or toes Smirk
boosfer	27471	@vanillella MY FINGERS HURT sadd
boosfer	27471	@Dmi__tri pat pat
boosfer	27471	@hippopiipo Smirk
boosfer	27471	@toria_0o0 I LOOKED EVERYWHERE
boosfer	27471	@Dmi__tri Using a cotton bud trust
boosfer	27471	@hippopiipo mmm Maleniatoes drool
boosfer	27471	!elodraftout
boosfer	27471	Draftout stats for Boosfer - elo: 1730 | Rank: Guardian I #5 | Peak Elo: 1730 | Record: 75 W - 33 L | Forfeits: 22
boosfer	27471	i'm gonna go insane
boosfer	27471	don't look just clean and you shall be rewarded
boosfer	27471	@Dmi__tri sady gws fingers
boosfer	27471	@Dmi__tri echolocate idk
boosfer	27471	I love imitating whatever chat is saying even though I'm on phone and can't see any emote aga bleh
boosfer	27471	!lurk eating rn be back later
boosfer	27471	Thanks for lurking, choc0_cooki3s!
boosfer	27471	@Dmi__tri check hippo, they might ate it
boosfer	27471	@toria_0o0 nod
boosfer	27471	@toria_0o0 bet
boosfer	27471	@mastyk_90 monkeypat
boosfer	27471	hello chat!
boosfer	27471	@mastyk_90 aga
boosfer	27471	@choc0_cooki3s enjoy ur meal gwaga
boosfer	27471	@yeonllyn Smirk
boosfer	27471	@mastyk_90 LOL same but im on laptop and my 7tv isnt working
boosfer	27471	@brokesfer hai gwaga
boosfer	27471	nom
boosfer	27471	!lurk ill got some waffles ima go harf em down
boosfer	27471	nom well
boosfer	27471	@mintreeea boosferGiggle
boosfer	27471	it's 3:20 and I can't sleep
boosfer	27471	!lurk
boosfer	27471	Ok
boosfer	27471	yummm waffles
boosfer	27471	@5SSD_ W nom well
boosfer	27471	@mastyk_90 me ever since i started watching gwaga
boosfer	27471	nom nom
boosfer	27471	nom
boosfer	27471	@5SSD_ nom well ͏
boosfer	27471	@mastyk_90 me too gwaga waga aga
boosfer	27471	!unlurk
boosfer	27471	Welcome back, 5SSD_!
boosfer	27471	ggs 5
boosfer	27471	nom
boosfer	27471	nom
boosfer	27471	@mastyk_90 SAME LOL
boosfer	27471	nom
boosfer	27471	nom
boosfer	27471	nom
boosfer	27471	nom
boosfer	27471	nod
boosfer	27471	!lurk
boosfer	27471	Thanks for lurking, 5SSD_!
boosfer	27471	smrt
boosfer	27471	nom
boosfer	27471	catMunch
boosfer	27471	OK
boosfer	27471	There
boosfer	27471	Cya chat
boosfer	27471	Smirk
boosfer	27471	o
boosfer	27471	gl
xaryu	27471	thats how u made it haha
xaryu	27471	NO ELP NOPERS NO ELP NOPERS NO ELP NOPERS NO ELP NOPERS
xaryu	27471	He's looking for his lost camel
xaryu	27471	Clueless
xaryu	27471	What if you kill him? What then?
xaryu	27471	PepeLaugh
xaryu	27471	LO
xaryu	27471	LUL
xaryu	27471	Hmmm
xaryu	27471	@Tactics_lol Depends tbh
xaryu	27471	you can
xaryu	27471	NOPERS NO SPOILERS NOPERS NO HELP NOPERS NO HINTS NOPERS NO SPOILERS NOPERS NO HELP NOPERS NO HINTS NOPERS NO SPOILERS NOPERS NO HELP NOPERS NO HINTS NOPERS NO SPOILERS NOPERS NO HELP NOPERS NO HINTS NOPERS NO SPOILERS NOPERS NO HELP NOPERS NO HINTS NOPERS NO SPOILERS NOPERS NO HELP NOPERS
xaryu	27471	I mean it was functional
xaryu	27471	zombie exploder will enter too :)
xaryu	27471	@Xaryu  push his ass through the portal lol f'em
xaryu	27471	LMFAO
xaryu	27471	actually building is the best part of minecraft
xaryu	27471	LMFAO ͏
xaryu	27471	LMFAO
xaryu	27471	HMMMMMMMMMM
xaryu	27471	LOL
xaryu	27471	WRONG
xaryu	27471	OMEGALUL
xaryu	27471	LOL
xaryu	27471	Hmmmm one way to find out...
xaryu	27471	LOL
xaryu	27471	LO
xaryu	27471	LOOOOL
xaryu	27471	hahahah
xaryu	27471	he's the one you abruptly woke up and slept in his bed
xaryu	27471	NOPERS NO SPOILERS NOPERS NO HELP NOPERS NO HINTS NOPERS NO SPOILERS NOPERS NO HELP NOPERS NO HINTS NOPERS NO SPOILERS NOPERS NO HELP NOPERS NO HINTS NOPERS NO SPOILERS NOPERS NO HELP NOPERS NO HINTS
xaryu	27471	LOL
xaryu	27471	KEKL
xaryu	27471	LMAO
xaryu	27471	LOOOOOOOOOOOOOOOOOOL
xaryu	27471	lmao ͏
xaryu	27471	HHAHAHA
xaryu	27471	LO ͏
xaryu	27471	ahahhahaaha
xaryu	27471	xarOMEGALUL xarOMEGALUL xarOMEGALUL
xaryu	27471	HAHAHAHAHAH
xaryu	27471	lmao
xaryu	27471	OMEGALUL
xaryu	27471	KEKW
xaryu	27471	LMAOOO
xaryu	27471	lolol
xaryu	27471	LOL
xaryu	27471	KEKW
xaryu	27471	LO
xaryu	27471	L
xaryu	27471	LOL
xaryu	27471	LO LO LO
xaryu	27471	xD hahaha
xaryu	27471	LO
xaryu	27471	my house now
xaryu	27471	lets use our brain
xaryu	27471	KEKW
xaryu	27471	LOLOL
xaryu	27471	Bruh
xaryu	27471	Maybe...how knows
xaryu	27471	CINEMA
xaryu	27471	our house SSSsss
xaryu	27471	lmao
xaryu	27471	LOL
xaryu	27471	try it
xaryu	27471	LMAO
xaryu	27471	LO
xaryu	27471	im too afraid of tactics to say anything
xaryu	27471	LMAO
xaryu	27471	lololololol
xaryu	27471	There are better ways for iron doors
xaryu	27471	ROFL
xaryu	27471	LOL
xaryu	27471	BRUH lmao
xaryu	27471	LOL
xaryu	27471	lmfao
xaryu	27471	Hes showing how the creepers will do it peepoGiggles
xaryu	27471	LO
xaryu	27471	new house EZ
xaryu	27471	LOLOLOLOL
xaryu	27471	his house now
xaryu	27471	gj you built him a house
xaryu	27471	lol
xaryu	27471	OMEGALUL
xaryu	27471	LOL ͏
xaryu	27471	his house now
xaryu	27471	LOL
xaryu	27471	His house now
xaryu	27471	lol
xaryu	27471	HIS HOUSE KEKW
xaryu	27471	lol
xaryu	27471	his house now
xaryu	27471	yes that’s issue lol
xaryu	27471	I AM DYING
xaryu	27471	LOL the timing
xaryu	27471	LO LO
xaryu	27471	put a button on wall outside
xaryu	27471	LO
xaryu	27471	:D
xaryu	27471	OMEGALUL
jasontheween	509658	LO
jasontheween	509658	YBG DIANA FIGHT
jasontheween	509658	ASK SUNNY TO FIGHT
jasontheween	509658	probably gonna be a lot of people throwing up
jasontheween	509658	LOL
jasontheween	509658	sonion
jasontheween	509658	LMFAO
jasontheween	509658	LOL
jasontheween	509658	ybg vs brady goo
jasontheween	509658	pilat vs
jasontheween	509658	ybg vs Erobb
jasontheween	509658	JASON I GOT RAKAI WINNING
jasontheween	509658	Ima need raph vs sunny icl
jasontheween	509658	@Wojitoo he not reading that otherwise
jasontheween	509658	YBG vs ex
jasontheween	509658	so puke boxing
jasontheween	509658	ybg vs erobb
jasontheween	509658	YBG vs Pilat or Big Ex
jasontheween	509658	YBG VS SUNNY
jasontheween	509658	henny boxing CINEMA
jasontheween	509658	https://www.instagram.com/reel/DZQ5ga-hFya/?igsh=cmI3bDNlejM1bTFv
jasontheween	509658	ask sunny to fight
jasontheween	509658	ybg vs sunny
jasontheween	509658	Brady goo vs ybg
jasontheween	509658	@BytheArkys after seing the punch he did on ron . we know why LO
jasontheween	509658	ybg vs erobb nabs
jasontheween	509658	A BUZZBALL EVERYROUND
jasontheween	509658	NMS BEEROBOX @jasontheween
jasontheween	509658	Erobb vs YBG beer boxing
jasontheween	509658	3 rounds 3 buzzball
jasontheween	509658	YBG vs PROD
jasontheween	509658	beer boxing between nms boxing events
jasontheween	509658	https://www.tiktok.com/@avk.r3/video/7644432638178069774?is_from_webapp=1&sender_device=pc&web_id=7639718656432489997
jasontheween	509658	YBG vs Viet
jasontheween	509658	Zoil vs sunny and said
jasontheween	509658	ybg vs yugi
jasontheween	509658	LMFAO
jasontheween	509658	game boutta end
jasontheween	509658	What about we just talk
jasontheween	509658	https://www.twitch.tv/joyymei/clip/SnappyCourageousStingrayKlappa-qZS8mcLfh8HArUge
jasontheween	509658	@itsmysticfrl ybg already lost
jasontheween	509658	nabs
jasontheween	509658	mmm
jasontheween	509658	https://www.tiktok.com/@yayo_cheese/video/7638702676770852109
jasontheween	509658	Bruce and rage
jasontheween	509658	LO
jasontheween	509658	https://www.tiktok.com/@im_goochy/video/7302240000211471658?is_from_webapp=1&sender_device=pc&web_id=7468429424276751915
jasontheween	509658	kaichu vs sunny
jasontheween	509658	sunny should fight
jasontheween	509658	lol
jasontheween	509658	LMFAO
jasontheween	509658	each round shotgun a beer nabs
jasontheween	509658	saw that too
jasontheween	509658	YBG vs. NOS
jasontheween	509658	LOL
jasontheween	509658	LO ͏
jasontheween	509658	gotta down a buzzball before each round start if u cant its tko
jasontheween	509658	LOL
jasontheween	509658	LOL
jasontheween	509658	LOL
jasontheween	509658	oh fuck
jasontheween	509658	LOL
jasontheween	509658	LOL
jasontheween	509658	RT pin
jasontheween	509658	i sAW that
jasontheween	509658	LOL
jasontheween	509658	LOL
jasontheween	509658	sunny wanted to fight snowcone
jasontheween	509658	LOL
jasontheween	509658	i did see that
jasontheween	509658	oop
jasontheween	509658	LMFAO
jasontheween	509658	LOL
jasontheween	509658	LOL
jasontheween	509658	sunny vs kaichu
jasontheween	509658	OOOO
jasontheween	509658	LMFAO
jasontheween	509658	saw that
jasontheween	509658	IS IT LEGAL
jasontheween	509658	LOL
jasontheween	509658	LOL
jasontheween	509658	LMFAO
jasontheween	509658	LOL
jasontheween	509658	KAICHHU
jasontheween	509658	ome5 any?
jasontheween	509658	LMAO
jasontheween	509658	LOL
jasontheween	509658	sunny said she want snowcone
jasontheween	509658	i saw that too
jasontheween	509658	LOL
jasontheween	509658	LOL
jasontheween	509658	LOL
jasontheween	509658	ybg vs silky
jasontheween	509658	Sunny would die
jasontheween	509658	gg sunny
jasontheween	509658	sunny vs kaichu
jasontheween	509658	haha
jasontheween	509658	OOOO SUNNY
jasontheween	509658	sunny wanted to fight snowcone ͏
jasontheween	509658	https://www.tiktok.com/@yayo_cheese/video/7638702676770852109 ͏
lacy	509658	he’s already in la
lacy	509658	OpieOP OpieOP OpieOP
lacy	509658	W RAID lacyThugs lacyThugs lacyThugs
lacy	509658	mar3lgMarFLEX mar3lgMarFLEX mar3lgMarFLEX mar3lgMarFLEX mar3lgMarRIZZ
lacy	509658	he in La nijja
lacy	509658	Happy 67 dayyy
lacy	509658	mar3lgM3 MISS THE CORE BOYS
lacy	509658	SON
lacy	509658	LOL
lacy	509658	VvV
lacy	509658	LOL
lacy	509658	he taking a 3 days rest mijo
lacy	509658	JUST FINISHED A STREAM IN LA
lacy	509658	LOL
lacy	509658	VVFVFD
lacy	509658	he’s talking a mouths break
lacy	509658	He don't know you sob
lacy	509658	DFDFDFSFDF
lacy	509658	FF
lacy	509658	STROKES THUGS
lacy	509658	FFF
lacy	509658	no fighting guys aga
lacy	509658	he’s in la
lacy	509658	LO
lacy	509658	ome44
lacy	509658	mhm
lacy	509658	mar3lgM3 MISS THE CORE BOYS
lacy	509658	damn
lacy	509658	HOLY RAID
lacy	509658	w marlon
lacy	509658	HE IN LA
lacy	509658	HES IN LA
lacy	509658	Drew fcked it
lacy	509658	mar3lgM3 MISS THE CORE BOYSmar3lgM3 MISS THE CORE BOYSmar3lgM3 MISS THE CORE BOYSmar3lgM3 MISS THE CORE BOYSmar3lgM3 MISS THE CORE BOYSmar3lgM3 MISS THE CORE BOYSmar3lgM3 MISS THE CORE BOYSmar3lgM3 MISS THE CORE BOYSmar3lgM3 MISS THE CORE BOYS
lacy	509658	h
lacy	509658	W EAID
lacy	509658	sob
lacy	509658	W RAID
lacy	509658	uuh
lacy	509658	HES IN LA LACY
lacy	509658	some1 gift me these ads r not it
lacy	509658	me and marlon in LA
lacy	509658	sob
lacy	509658	wwww Marlon
lacy	509658	l ads
lacy	509658	RAID!!!!!!
lacy	509658	HE MET ZLATAN
lacy	509658	@blaxter56 RandomKid
lacy	509658	uuhuu
lacy	509658	erm
lacy	509658	ouu shii what skin is this
lacy	509658	sob
lacy	509658	he’s trying to turn up the heat on you
lacy	509658	omeScrajj
lacy	509658	mutted
lacy	509658	uuh
lacy	509658	HE IN LA JUST FINISHED A STREAM 💀
lacy	509658	You good at this bru
lacy	509658	mine glitched
lacy	509658	change discord output
lacy	509658	Marlon is back in la alrdy
lacy	509658	ARKS GONE WHERE HE GO\
lacy	509658	change discord outputchange discord output
lacy	509658	@ChipGotIt_ fym Ouu shi 😂
lacy	509658	discord audio gotta reset
lacy	509658	change discord output
lacy	509658	huu
lacy	509658	@blaxter56 Sonion
lacy	509658	WE CANT HEAR HIM
lacy	509658	on fort
lacy	509658	change discord outputchange discord output
lacy	509658	he dropped u
lacy	509658	uhhhh
lacy	509658	change discord output
lacy	509658	@۞ ROFL
lacy	509658	mutted
lacy	509658	change discord outputchange discord output
lacy	509658	change discord output
lacy	509658	errr
lacy	509658	I mogged Marlon so he left Europe
lacy	509658	mutted
lacy	509658	discord output @Lacy
lacy	509658	LOL
lacy	509658	were back
lacy	509658	he dropped u already
lacy	509658	yo
lacy	509658	LO
lacy	509658	@Lacy can we 1v1 for a tapcap. It's to expensive for one tapcap.
lacy	509658	change discord output
lacy	509658	discord input
lacy	509658	discord output
lacy	509658	CHANGE DC OUTPUT
lacy	509658	KEKWait
lacy	509658	!pc
lacy	509658	"ACTION toonz1k, My new BEAST PC was custom built by https://brparadox.com Use code ""LACY"" for a discount"
lacy	509658	mutted 🐬 🐬 🐬 🐬 🐬 🐬 🐬
lacy	509658	dc output
lacy	509658	@ChipGotIt_ was about to the exact same thing hollon
lacy	509658	he’s muted
lacy	509658	@LACY CHANGE DISCORD OUTPUT AND INPUTTTTTTTT
caedrel	21779	spam it
caedrel	21779	W larps
caedrel	21779	no
caedrel	21779	Yes a question ITS never stupid
caedrel	21779	heh why is caedral a cs costreamer now? wuh
caedrel	21779	!score
caedrel	21779	@Daxter_10x Score is: BLG 3-0 AL
caedrel	21779	i miss bald caedrel @Caedrel PepeHands i miss bald caedrel @Caedrel PepeHands
caedrel	21779	no ͏
caedrel	21779	no
caedrel	21779	no
caedrel	21779	nope
caedrel	21779	no
caedrel	21779	toe tal
caedrel	21779	it doesnt
caedrel	21779	no
caedrel	21779	no
caedrel	21779	no
caedrel	21779	LO
caedrel	21779	no
caedrel	21779	@Caedrel no
caedrel	21779	no
caedrel	21779	No
caedrel	21779	no
caedrel	21779	yes
caedrel	21779	no
caedrel	21779	no
caedrel	21779	no
caedrel	21779	no
caedrel	21779	no
caedrel	21779	no
caedrel	21779	no
caedrel	21779	no
caedrel	21779	no
caedrel	21779	no
caedrel	21779	no
caedrel	21779	no
caedrel	21779	no
caedrel	21779	NAH
caedrel	21779	no
caedrel	21779	No
caedrel	21779	no
caedrel	21779	no
caedrel	21779	no
caedrel	21779	no
caedrel	21779	no
caedrel	21779	no
caedrel	21779	no
caedrel	21779	no ͏
caedrel	21779	toe tal ͏
caedrel	21779	No
caedrel	21779	Sneak
caedrel	21779	No
caedrel	21779	no ͏
caedrel	21779	no
caedrel	21779	no ͏
caedrel	21779	no
caedrel	21779	noo
caedrel	21779	no
caedrel	21779	40s
caedrel	21779	nope
caedrel	21779	ggs
caedrel	21779	no
caedrel	21779	no
caedrel	21779	i miss bald caedrel @Caedrel PepeHands i miss bald caedrel @Caedrel PepeHands i miss bald caedrel @Caedrel PepeHands
caedrel	21779	no
caedrel	21779	no
caedrel	21779	placebo kicking ur as
caedrel	21779	Is my the rat gonna do more league today?
caedrel	21779	no its the sa@s
caedrel	21779	delulu
caedrel	21779	it kinda does
caedrel	21779	SMOKE HIS SMOKE LULE SMOKE HIS SMOKE LULE SMOKE HIS SMOKE LULE SMOKE HIS SMOKE LULE SMOKE HIS SMOKE LULE SMOKE HIS SMOKE LULE SMOKE HIS SMOKE LULE SMOKE HIS SMOKE LULE
caedrel	21779	ta
caedrel	21779	toe
caedrel	21779	same
caedrel	21779	i miss bald caedrel @Caedrel PepeHands i miss bald caedrel @Caedrel PepeHands i miss bald caedrel @Caedrel PepeHands
caedrel	21779	Good question tho
caedrel	21779	bro u are like 10k in premier please stop talking just watch <3
caedrel	21779	sadE
caedrel	21779	cumm
caedrel	21779	FAULTY OBSERVATION LULE
caedrel	21779	It's 20 sec smoke
caedrel	21779	sadE
caedrel	21779	they blast them at the end of the smoke
caedrel	21779	sadE
caedrel	21779	sadE
caedrel	21779	crazy
caedrel	21779	i think no?
caedrel	21779	maybe...
caedrel	21779	i miss bald caedrel @Caedrel PepeHands i miss bald caedrel @Caedrel PepeHands
caedrel	21779	NOT MILK sadE
caedrel	21779	i'm gonna come sadE
caedrel	21779	raw
caedrel	21779	probably just a placebo since you time it from the he clear time instead of initial start
caedrel	21779	sadE
caedrel	21779	yes you re
caedrel	21779	???
caedrel	21779	sadE
caedrel	21779	ofc
lol_nemesis	21779	ai support Sadeg
lol_nemesis	21779	yeah you throwing id be mad rn if i was adc
lol_nemesis	21779	they're good players
lol_nemesis	21779	i recognize the singer..
lol_nemesis	21779	cancel letroll
lol_nemesis	21779	XDD
lol_nemesis	21779	xdd
lol_nemesis	21779	xdd
lol_nemesis	21779	xdd
lol_nemesis	21779	Tomfoolery
lol_nemesis	21779	xdd
lol_nemesis	21779	letroll ???
lol_nemesis	21779	Tomfoolery
lol_nemesis	21779	xd
lol_nemesis	21779	Trol
lol_nemesis	21779	xdd
lol_nemesis	21779	xdd
lol_nemesis	21779	rat xdd
lol_nemesis	21779	xd
lol_nemesis	21779	Tomfoolery
lol_nemesis	21779	Tomfoolery
lol_nemesis	21779	xdd
lol_nemesis	21779	xdd ffzW
lol_nemesis	21779	xdd
lol_nemesis	21779	:tf:
lol_nemesis	21779	xdd
lol_nemesis	21779	xdd
lol_nemesis	21779	xdd
lol_nemesis	21779	timfooler
lol_nemesis	21779	letroll ??
lol_nemesis	21779	?!?!?!
lol_nemesis	21779	Rat xdd
lol_nemesis	21779	xdd
lol_nemesis	21779	xdd
lol_nemesis	21779	xdd
lol_nemesis	21779	xdd
lol_nemesis	21779	by 7tv is dying
lol_nemesis	21779	@aegimariam Pffttt
lol_nemesis	21779	tf
lol_nemesis	21779	my *
lol_nemesis	21779	lmaoo
lol_nemesis	21779	aegimariam LO
lol_nemesis	21779	Tomfoolery
lol_nemesis	21779	oh hell nah
lol_nemesis	21779	my 7tv wont work
lol_nemesis	21779	sadE
lol_nemesis	21779	bullshit program
lol_nemesis	21779	o7
lol_nemesis	21779	why is E sad sadE
lol_nemesis	21779	ok
lol_nemesis	21779	@aegimariam Classic
lol_nemesis	21779	tim's tomfoolery = timfooler mhm
lol_nemesis	21779	@aegimariam it's joever
lol_nemesis	21779	@aegimariam are you using the old or new one?
lol_nemesis	21779	no letroll
lol_nemesis	21779	Randomguylul NEW ONE
lol_nemesis	21779	@Myrethal no E in zuh
lol_nemesis	21779	Tomfoolery timfooler
lol_nemesis	21779	top dive kinda...
lol_nemesis	21779	@aegimariam restart ur tab
lol_nemesis	21779	let me refresh
lol_nemesis	21779	fk ur
lol_nemesis	21779	STOP ULTING @Caedrel
lol_nemesis	21779	fk this *
lol_nemesis	21779	!score
lol_nemesis	21779	EU 2-2 Chzzk Bo5 Finals
lol_nemesis	21779	@anduuuuh 0W/0L
lol_nemesis	21779	refresh no space frfr
lol_nemesis	21779	Huni forbidden recall
lol_nemesis	21779	Tomfoolery
lol_nemesis	21779	nemessi
lol_nemesis	21779	ok here we are
lol_nemesis	21779	Tomfoolery
lol_nemesis	21779	nemessi with the dodges
lol_nemesis	21779	buh
lol_nemesis	21779	baussi
lol_nemesis	21779	@aegimariam the new 7tv is buggy af, I re-enabled the old one and now it works perfectly
lol_nemesis	21779	MONKA
lol_nemesis	21779	imbee
lol_nemesis	21779	MONKA
lol_nemesis	21779	Randomguylul Aware
lol_nemesis	21779	BASED
lol_nemesis	21779	+2
lol_nemesis	21779	zilean masterclass
lol_nemesis	21779	we shilling
lol_nemesis	21779	ionians alrdy
lol_nemesis	21779	welp
lol_nemesis	21779	cant killean the zilean
lol_nemesis	21779	Chat is this the game 1
lol_nemesis	21779	@aegimariam u should be able to type /refresh for 7tv btw
lol_nemesis	21779	full build pogg
lol_nemesis	21779	@sourin0624 Cluegi
lol_nemesis	21779	!score
lol_nemesis	21779	EU 2-2 Chzzk Bo5 Finals
lol_nemesis	21779	@sourface432 0W/0L
lol_nemesis	21779	sourin0624 game 5
lol_nemesis	21779	havent seen zilean in awhile, he scales pretty well still right
lol_nemesis	21779	Oh
lol_nemesis	21779	+1
lol_nemesis	21779	@sourin0624 DOESHEKNOW
xqc	32399	SOYSCREAM PissTime
xqc	32399	il y aura un salon militaire où j'y serai wizWOT
xqc	32399	ouu shii @MarwN1
xqc	32399	je peux te vendre des missiles
xqc	32399	!lastseen xqc
xqc	32399	shultzu, xQc was last seen 12 hours and 21 minutes ago, and last active 21 hours and 45.2 seconds ago.
xqc	32399	ongod me and my friends win against them
xqc	32399	ass trolls
xqc	32399	hu3ll KILLTHATBOY ouushi
xqc	32399	21
xqc	32399	ass trollers
xqc	32399	SOYSCREAM PissTime
xqc	32399	@MarwN1 SEXO
xqc	32399	KILLTHATBOY
xqc	32399	!roll 21
xqc	32399	ACTION @shultzu Rolls 97 (1-99)
xqc	32399	rem SOYSCREAM PissTime
xqc	32399	rem SOYSCREAM PissTime  ͏
xqc	32399	SOYSCREAM
xqc	32399	SOYSCREAM WTF
xqc	32399	hello
xqc	32399	gays GETOUT
xqc	32399	anyone nut
xqc	32399	biroman ?
xqc	32399	Bruh
xqc	32399	@wizWOT WOT
xqc	32399	SOYSCREAM
xqc	32399	?
xqc	32399	@xMoonlett vulpKiss
xqc	32399	vulpKiss xMoonlett
xqc	32399	vulpKiss xMoonlett  ͏
xqc	32399	wiz====wu
xqc	32399	xqcMom RemouIade hu3ll xMoonlett ratot
xqc	32399	wiz SOYSCREAM PissTime
xqc	32399	xqcMom RemouIade hu3ll xMoonlett ratot AOXNER
xqc	32399	MODS BAN WIZ
xqc	32399	wizWOT agahi
xqc	32399	wiz ASSTRALIS]
xqc	32399	@wizWOT on your cheeseburger last night , yes .
xqc	32399	wagag
xqc	32399	ASSTROLLERS
xqc	32399	xqcMom WAJAJA  @wizWOT
xqc	32399	xqcMom RemouIade hu3ll xMoonlett ratot AOXNER shultzu 777aras
xqc	32399	@wizWOT vulpDank
xqc	32399	WTF IS A WAGA ?
xqc	32399	ReallyMad
xqc	32399	xqcMom RemouIade hu3ll xMoonlett ratot AOXNER shultzu 777aras AHHHHHHHHHHHHHHHHHHH
xqc	32399	xqcMom sukivtWakeUp  @wizWOT
xqc	32399	!cock
xqc	32399	ACTION [NSFW] akeidz_'s cock is 2 inches long HandsUp
xqc	32399	xqcMom sukivtWakeUp  @wizWOT  ͏
xqc	32399	CHAT WHAT THE FUCK IS A WAGA?
xqc	32399	ReallyMad  ͏
xqc	32399	SOYSCREAM
xqc	32399	aga on my waga til i wagag
xqc	32399	ACTION has passed away.
xqc	32399	why are you so fat wizWOT
xqc	32399	777aras,
xqc	32399	CHAT  WHAT THE FUCK IS A WAGA?
xqc	32399	wideSpeedDesert
xqc	32399	777aras, ͏
xqc	32399	777aras,
xqc	32399	sara
xqc	32399	@wizWOT NOOOO
xqc	32399	777aras
xqc	32399	wiz watch my huge cock
xqc	32399	xqcMom RemouIade hu3ll xMoonlett ratot AOXNER shultzu 777aras shitty akeidz_ xqcMom RemouIade hu3ll xMoonlett ratot AOXNER shultzu 777aras shitty akeidz_ xqcMom RemouIade hu3ll xMoonlett ratot AOXNER shultzu 777aras shitty akeidz_ xqcMom RemouIade hu3ll xMoonlett ratot AOXNER shultzu 777aras shitty akeidz_
xqc	32399	777aras ͏
xqc	32399	!cock
xqc	32399	ACTION [NSFW] hu3ll's cock is 2 inches long HandsUp
xqc	32399	xqcMom  RemouIade hu3ll xMoonlett ratot AOXNER shultzu 777aras shitty akeidz_ xqcMom RemouIade hu3ll xMoonlett ratot AOXNER shultzu 777aras shitty akeidz_ xqcMom RemouIade hu3ll xMoonlett ratot AOXNER shultzu 777aras shitty akeidz_ xqcMom RemouIade hu3ll xMoonlett ratot AOXNER shultzu 777aras shitty akeidz_
xqc	32399	777aras
xqc	32399	@wizWOT grok is this real?
xqc	32399	why  are you so fat wizWOT
xqc	32399	SOYSCREAM PissTime
xqc	32399	LMFAOO
xqc	32399	SOYSCREAM PissTime SOYSCREAM PissTime SOYSCREAM PissTime SOYSCREAM PissTime SOYSCREAM PissTime SOYSCREAM PissTime
xqc	32399	SOYSCREAM
xqc	32399	LMFAOO ͏
xqc	32399	xqcMom sukivtWakeUp  @wizWOT
xqc	32399	777aras
xqc	32399	LMFAOO
xqc	32399	777aras ͏
xqc	32399	xqcMom sukivtWakeUp  @wizWOT  ͏
xqc	32399	LMFAOO ͏
xqc	32399	xMoonlett 🌔 wagag Awmphmmmmmmmmm!!!
xqc	32399	xqcMom sukivtWakeUp  @wizWOT
xqc	32399	SOYSCREAM not biroman
xqc	32399	777aras
xqc	32399	@MarwN1 x3waga AWOOOOOOO
xqc	32399	777aras ͏
xqc	32399	xqcMom RemouIade hu3ll xMoonlett ratot AOXNER shultzu 777aras shitty akeidz_ MarwN1 xqcMom RemouIade hu3ll xMoonlett ratot AOXNER shultzu 777aras shitty akeidz_ MarwN1 xqcMom RemouIade hu3ll xMoonlett ratot AOXNER shultzu 777aras shitty akeidz_ MarwN1 xqcMom RemouIade hu3ll xMoonlett ratot AOXNER shultzu 777aras shitty akeidz_ MarwN1
xqc	32399	BAND
xqc	32399	777aras\
xqc	32399	SOYSCREAM PissTime SOYSCREAM PissTime SOYSCREAM PissTime SOYSCREAM PissTime SOYSCREAM PissTime
xqc	32399	777aras\ ͏
xqc	32399	SOYSCREAM PissTime SOYSCREAM PissTime SOYSCREAM PissTime SOYSCREAM PissTime SOYSCREAM PissTime SOYSCREAM PissTime
xqc	32399	777aras,
xqc	32399	OOOO magusthemannis
xqc	32399	AWOOOOOOOOOOOOOO
psp1g	32399	pspCokeShaky <- @PSP1G can you say -> pspCokeShaky
psp1g	32399	So you owe us 2 million now????
psp1g	32399	ass1 tralis
psp1g	32399	catPls
psp1g	32399	juh
psp1g	32399	juh
psp1g	32399	jah
psp1g	32399	you could buy astralis with that money
psp1g	32399	ass11
psp1g	32399	juh
psp1g	32399	ass11
psp1g	32399	1k each yew
psp1g	32399	ass11
psp1g	32399	juh
psp1g	32399	jah
psp1g	32399	LOOLO
psp1g	32399	ass11  EDM
psp1g	32399	ohnePls ohnePls ohnePls
psp1g	32399	jah
psp1g	32399	ass11
psp1g	32399	ass11
psp1g	32399	ass11
psp1g	32399	WHY LAUGHING
psp1g	32399	ass11 tralis
psp1g	32399	catPls
psp1g	32399	ass11
psp1g	32399	ass11
psp1g	32399	ass11
psp1g	32399	comebek inc
psp1g	32399	hyperdansi
psp1g	32399	ass11
psp1g	32399	b8 IS CHOKING RN @PSP1G Alert Alert Alert Alert
psp1g	32399	jah
psp1g	32399	Truck WideRaveTime EDM Truck WideRaveTime EDM Truck WideRaveTime EDM Truck WideRaveTime EDM Truck WideRaveTime EDM Truck WideRaveTime EDM Truck WideRaveTime EDM
psp1g	32399	ass11
psp1g	32399	ass11
psp1g	32399	not yet
psp1g	32399	10-6
psp1g	32399	ass11 shake it
psp1g	32399	ass11  EDM   ⠀⠀
psp1g	32399	ass11
psp1g	32399	ass11
psp1g	32399	ass1 tralis WW
psp1g	32399	ass11
psp1g	32399	FIFA ahh song
psp1g	32399	Truck  WideRaveTime EDM Truck WideRaveTime EDM Truck WideRaveTime EDM Truck WideRaveTime EDM Truck WideRaveTime EDM Truck WideRaveTime EDM Truck WideRaveTime EDM
psp1g	32399	w! ass11
psp1g	32399	Truck WideRaveTime EDM Truck WideRaveTime EDM Truck WideRaveTime EDM Truck WideRaveTime EDM Truck WideRaveTime EDM Truck WideRaveTime EDM Truck WideRaveTime EDM
psp1g	32399	ass11
psp1g	32399	ass11
psp1g	32399	dans
psp1g	32399	I know that splice sample RightThere
psp1g	32399	dans
psp1g	32399	Truck WideRaveTime
psp1g	32399	ass11 ͏
psp1g	32399	ass11
psp1g	32399	ass11
psp1g	32399	they choking
psp1g	32399	dans
psp1g	32399	ass11
psp1g	32399	ass11
psp1g	32399	ass11
psp1g	32399	ass11
psp1g	32399	ass11
psp1g	32399	o
psp1g	32399	@deatron SAJ this would be 7Cinema to watch
psp1g	32399	o
psp1g	32399	what happend to astralis?
psp1g	32399	surely they will win a round after the pause Shirley
psp1g	32399	refund? tts scam SAJ
psp1g	32399	@luneckie credit's due Sure
psp1g	32399	ass11
psp1g	32399	ass11
psp1g	32399	tentutu LO
psp1g	32399	ass11
psp1g	32399	b 8
psp1g	32399	b ate
psp1g	32399	ten tu tu aga
psp1g	32399	ass11 WideRaveTime
psp1g	32399	@PSP1G Quick say 1mil giveaway if Astralis wins, it can be another NRG vs BIG moment
psp1g	32399	ass11
psp1g	32399	Truck RapThis
psp1g	32399	@PSP1G can i get one more time 1000k ?
psp1g	32399	T side: Degloved
psp1g	32399	ass11
psp1g	32399	Truck  WideRaveTime EDM Truck WideRaveTime EDM Truck WideRaveTime EDM Truck WideRaveTime EDM Truck WideRaveTime EDM Truck WideRaveTime EDM Truck WideRaveTime EDM
psp1g	32399	buh 8
psp1g	32399	buh
psp1g	32399	Aware
psp1g	32399	yeah rip pickems
psp1g	32399	if b8 its gg for pickems
psp1g	32399	pspGAGAGA
psp1g	32399	forSON
psp1g	32399	Truck
psp1g	32399	Yea it be like that
psp1g	32399	gg
psp1g	32399	forSON wood coin
psp1g	32399	———————————————————— imGlitch A new supply of ass11 is here!————————————————————
psp1g	32399	gg
psp1g	32399	ass11 ͏
feinberg	27471	LOLW
feinberg	27471	LOLW
feinberg	27471	LOLW
feinberg	27471	ome
feinberg	27471	knowledge diff
feinberg	27471	hey marie!
feinberg	27471	@SAKE_77 preLOLW
feinberg	27471	LOL
feinberg	27471	they got a hint
feinberg	27471	MODS /wdr this guy
feinberg	27471	?
feinberg	27471	walteryay
feinberg	27471	GL
feinberg	27471	"""circus wheel"" yeah buddy ur just lying"
feinberg	27471	CHEATER
feinberg	27471	W marin
feinberg	27471	!today
feinberg	27471	huge
feinberg	27471	LOCKIN
feinberg	27471	Feinberg's stats since stream start - Elo: 52 | Record: 8 W - 0 L - 0 D
feinberg	27471	BOOM
feinberg	27471	BANG ͏
feinberg	27471	they probably know the word list
feinberg	27471	allergic to losing
feinberg	27471	i wasn't cheating man
feinberg	27471	THATS A CHATTER preLOLW
feinberg	27471	cheating in guess the build LOLW
feinberg	27471	promise
feinberg	27471	@SAKE_77 ur done buddy
feinberg	27471	I don't think sake's a cheater
feinberg	27471	damn i got 3rd l;ike a goat
feinberg	27471	@SAKE_77 Kappa
feinberg	27471	that did look like a ferris wheel to be fair
feinberg	27471	yeah we believe you buddy
feinberg	27471	youre on thin ice sake
feinberg	27471	@SAKE_77 your a chatter uh i mean cheater
feinberg	27471	Wtf
feinberg	27471	I found a mansion and in the same game a wandering trader spawned on me with tulip trade for weakness
feinberg	27471	catJAM
feinberg	27471	its not that hard to guess with just letters
feinberg	27471	@guardtown no tf it didnt
feinberg	27471	:3
feinberg	27471	letters were revealed :(
feinberg	27471	New strat surely is just forcing server crash everytime you're down on goals, no?
feinberg	27471	@SAKE_77 what the fuck was that tomato town guess preLOLW
feinberg	27471	@stirhaven123 TRUEING
feinberg	27471	idk it was red
feinberg	27471	some guy with a 18 letter username crashed the server lol
feinberg	27471	@SAKE_77 ome
feinberg	27471	chatter is suspiciously close to the word cheater. coincidence i think not.
feinberg	27471	its problematicparagons fault
feinberg	27471	LOLW
feinberg	27471	LOLW
feinberg	27471	ome
feinberg	27471	ome
feinberg	27471	LOLW
feinberg	27471	ome
feinberg	27471	LMAO
feinberg	27471	ome
feinberg	27471	ome
feinberg	27471	ome
feinberg	27471	ome
feinberg	27471	Whaaa
feinberg	27471	ome
feinberg	27471	lol
feinberg	27471	ome
feinberg	27471	ome
feinberg	27471	ome
feinberg	27471	ome
feinberg	27471	ome
feinberg	27471	LOLW ͏
feinberg	27471	ome
feinberg	27471	LOLW
feinberg	27471	ome
feinberg	27471	ome
feinberg	27471	ome
feinberg	27471	LOLW ͏
feinberg	27471	ome
feinberg	27471	ome
feinberg	27471	LOLW
feinberg	27471	ome
feinberg	27471	Classic
feinberg	27471	LMAO
feinberg	27471	lol
feinberg	27471	he was streaming it in vc ome
feinberg	27471	w coding RedlimeIfYouCanHearUs
feinberg	27471	feinberg with his 18 letter username alt
feinberg	27471	Lmao wt ?
feinberg	27471	W memory allocation
feinberg	27471	name to chonky
feinberg	27471	thats crazy af
feinberg	27471	LOL
feinberg	27471	Poor guy
feinberg	27471	preLOLW
feinberg	27471	skill issue
feinberg	27471	WHAT
feinberg	27471	sorry for that
feinberg	27471	w vide coding
feinberg	27471	"""a guy"" yeah we all know it was your alt so that you didnt lose that game"
feinberg	27471	gotta shorten that username
flowtives	27471	evbo doesn't rlly know how to sheild tho
flowtives	27471	Evbo might not be d tier in money cant lie
flowtives	27471	@blazeyboy310310 he's ht3 in sword, but he can't use his shield
flowtives	27471	@flowtives check for a teap undsr the areana
flowtives	27471	UNC PUTTING BELT
flowtives	27471	is this the battle of champions
flowtives	27471	!drops
flowtives	27471	Watch 5 minutes of a participating channel when the streamer is live and streaming within the Minecraft category. Find your earned rewards by visiting your Drops Inventory.
flowtives	27471	What team is evbo on
flowtives	27471	i love yalls name
flowtives	27471	Evbo got this
flowtives	27471	Who has the neth chestplate?
flowtives	27471	GO ON UNC
flowtives	27471	go uncle
flowtives	27471	unc putting BTA lwk
flowtives	27471	unc twirps!
flowtives	27471	OH
flowtives	27471	Does anyone know german
flowtives	27471	HOLY BEL
flowtives	27471	!rules
flowtives	27471	English only. || Please refrain from spamming, bringing up drama, politics, or view count. || Do not advertise, ask for subs, or talk about other streamers. || Follow Twitch etiquette and TOS; do not share personal information such as age or location. || Refrain from using fonts and bypassing blocked terms || No stream-sniping or spoiling. || Mods are allowed to moderate for things not listed to keep chat safe and clean. Please be respectful and enjoy
flowtives	27471	Uncle is doing us proud
flowtives	27471	GO UNC
flowtives	27471	GET HIM UNCLE
flowtives	27471	Lets go unc
flowtives	27471	@thefunnytoad Not me
flowtives	27471	GO UNC
flowtives	27471	unc needs to headweb him and it over
flowtives	27471	Holy bro uncle is winning
flowtives	27471	Who has the netherite chestplate
flowtives	27471	I have exams i need help
flowtives	27471	LOL
flowtives	27471	GOWAN UNCLE
flowtives	27471	!lsflow
flowtives	27471	https://lifesteal.fandom.com/wiki/Flowtives/World
flowtives	27471	UNC!!!!!
flowtives	27471	ayyy 2v1
flowtives	27471	gotta love cheerleader flow
flowtives	27471	unc cooking ngl
flowtives	27471	Bro mobs
flowtives	27471	YOOOO
flowtives	27471	Unc dont throw
flowtives	27471	uncle kinda giving bta rn
flowtives	27471	I had to do stuff, did he give hearts?
flowtives	27471	Holy combo
flowtives	27471	BTA
flowtives	27471	@NetherFI yes
flowtives	27471	thx
flowtives	27471	UNCLE COOKING
flowtives	27471	WHERE ARE THESE ZOMBIES COMING FROM 💀
flowtives	27471	Uncle locked in
flowtives	27471	W coms
flowtives	27471	UNCCCC
flowtives	27471	@NetherFI He just gave 2 to sb
flowtives	27471	uncle for ht3 sword
flowtives	27471	GO UNC
flowtives	27471	W @syllveons
flowtives	27471	Unc giving belt
flowtives	27471	W unc
flowtives	27471	someone’s releasing these zombies surely
flowtives	27471	NOO RIPPP
flowtives	27471	NO
flowtives	27471	NOOOOOOOOO
flowtives	27471	BROOO
flowtives	27471	NOOOOO
flowtives	27471	Omgg
flowtives	27471	NOOOOO
flowtives	27471	NOOO
flowtives	27471	gg
flowtives	27471	NOOO
flowtives	27471	F
flowtives	27471	ohhhhhhh
flowtives	27471	nooooooo
flowtives	27471	ucnccle nnooooo
flowtives	27471	UNCLEEEEE
flowtives	27471	nooo
flowtives	27471	Nooooo nt
flowtives	27471	NNOOOOOOOOOOOOO
flowtives	27471	NOOOOO
flowtives	27471	NOOOOO
flowtives	27471	Nooooo
flowtives	27471	UNCCCCC
flowtives	27471	f
flowtives	27471	NOOOOO
flowtives	27471	NOOOO
flowtives	27471	NOO
flowtives	27471	no way unc quick dropped
flowtives	27471	UNCLEEEEE
flowtives	27471	UNCLEEE
flowtives	27471	what is that sworddddd
flowtives	27471	Uncle
flowtives	27471	NOOOO UNC </3
flowtives	27471	i could see that happening dude
flowtives	27471	nooooooooooooooooooooooooooooooooooooooooooo
flowtives	27471	fuck
flowtives	27471	rip unc
flowtives	27471	oh man
flowtives	27471	Uncle is ahhhhh
flowtives	27471	Overheated
flowtives	27471	NOOOOO
florescent	516575	im great how r these runs going g
florescent	516575	@delights tell somp to unban me
florescent	516575	flor have u planned to be a pro player again on val one day ? in tier1
florescent	516575	@broomstick76 wsg twin
florescent	516575	u replied to urself delights
florescent	516575	!sens
florescent	516575	0.175, 1600 DPI | scoped/ads both 0.722 | windows sens: 6 | 4000hz POLLING RATE | LOW LOD
florescent	516575	im raising my dm fee to $50
florescent	516575	!res
florescent	516575	1920x1080 or 1440x1080 if im on true stretched its 1280x882
florescent	516575	^^^^
florescent	516575	hope that helps
florescent	516575	oh oops
florescent	516575	@isit delights looks crazy
florescent	516575	thank u for the follow whyppie ♡
florescent	516575	@Nightbot what is low led?
florescent	516575	lod
florescent	516575	!sens
florescent	516575	0.175, 1600 DPI | scoped/ads both 0.722 | windows sens: 6 | 4000hz POLLING RATE | LOW LOD
florescent	516575	straight up dihlights not
florescent	516575	bot
florescent	516575	thank u for the follow sofisomby ♡
florescent	516575	play with cane bro @florescent
florescent	516575	tdm or dm if u had to choose ?
florescent	516575	!mouse
florescent	516575	razer viper v4 pro
florescent	516575	@xcszis I don't think she can?
florescent	516575	@Florescent @miykua Can You Buy Me Contacts ?
florescent	516575	mika bebeeeee
florescent	516575	!mousepad
florescent	516575	back on artisan zero xl soft
florescent	516575	firewoooork🗣️
florescent	516575	na its real
florescent	516575	Whats Up Gangy
florescent	516575	good song flor
florescent	516575	Hell Yeah
florescent	516575	serious question—are you getting tired of me? if u are i can disappear for a few days and come back to see if your love for me has returned
florescent	516575	noice
florescent	516575	starting? we been there
florescent	516575	résolution ?
florescent	516575	yo @florescent what did you send me on tiktok bro can you EXPLAIN
florescent	516575	!res
florescent	516575	1920x1080 or 1440x1080 if im on true stretched its 1280x882
florescent	516575	can someone lend me $20
florescent	516575	@grceful theyre friends
florescent	516575	!res
florescent	516575	1920x1080 or 1440x1080 if im on true stretched its 1280x882
florescent	516575	!croshaire
florescent	516575	miykuaVIP3-Month SubscriberRuneScape Skulldelights: serious question—are you getting tired of me? if u are i can disappear for a few days and come back to see if your love for me has returned
florescent	516575	nihao fine shyt
florescent	516575	@xcszis yo i think i know that
florescent	516575	why is it oozing all the time
florescent	516575	use the prime guardian if u wanna feel good
florescent	516575	why i get 3 min ad every 10 min
florescent	516575	!mousepad
florescent	516575	back on artisan zero xl soft
florescent	516575	flor you play better when listening to bieber fr
florescent	516575	!mousepad
florescent	516575	@delights @grceful can I have 20
florescent	516575	mmmm
florescent	516575	!mosue
florescent	516575	!mouse
florescent	516575	razer viper v4 pro
florescent	516575	woah ur aiming gyal
florescent	516575	TDM demons
florescent	516575	mika pissing me off, im switching chats!
florescent	516575	@isit cani have 20 from the bits u're giving to broomstick?
florescent	516575	@isit sorry i need to eat dinner bebe
florescent	516575	im lit
florescent	516575	!crosshair
florescent	516575	1422 blue 1521 white, 1420/1320 whitw, 1622 blue, dot size 2 white, 1423 green outlines on
florescent	516575	bro is not tuff
florescent	516575	someone give me 20
florescent	516575	suppp
florescent	516575	@isit flor got u
florescent	516575	@florescent can I have 20
florescent	516575	!sens
florescent	516575	0.175, 1600 DPI | scoped/ads both 0.722 | windows sens: 6 | 4000hz POLLING RATE | LOW LOD
florescent	516575	can flor show me her muscles in dm
florescent	516575	!RES
florescent	516575	1920x1080 or 1440x1080 if im on true stretched its 1280x882
florescent	516575	like flex
florescent	516575	sup mika
florescent	516575	gabbar lol
florescent	516575	hey flor
florescent	516575	i feel tight
florescent	516575	@lft_tenkofps has saved a bat, you have 17 bats ♡
florescent	516575	Hi Delights
florescent	516575	hai lft_tenkofps
florescent	516575	K back to Rhythia
florescent	516575	@xvxxvxvx same
florescent	516575	mmm
florescent	516575	!sens
florescent	516575	ACTION 0.08 1600dpi
florescent	516575	are you ready for the World Cup
florescent	516575	letswin
florescent	516575	mama
florescent	516575	@lft_tenkofps hiya
florescent	516575	no way ur doing a left right split
florescent	516575	i like the card
temet	516575	Tung tung temet is live
temet	516575	hi temet!!!!
temet	516575	Bruh can I confirm eu is awful or what. I swear na always looks way more fun
temet	516575	im going to diamond 3 because watch your stream
temet	516575	@fictionist_ I play EU but I've played a few games on NA and I swear the people on NA are more cheerful and friendlier lol
temet	516575	why he just see you at there xd
temet	516575	nah nt bro
temet	516575	yo
temet	516575	okay bye temet bye chat I'm gonna go make burgers
temet	516575	Yeah well also in eu immortal everyone baits and cries. Most games feel super long
temet	516575	Clean shots
temet	516575	Hey temet when will you play Minecraft again
temet	516575	Sup temet
temet	516575	U dont feel the pace of the game slower in eu @temet ?
temet	516575	Like on average at least
temet	516575	Ns
temet	516575	ACTION temet has landed 6203 nice shots.
temet	516575	Nt
temet	516575	ACTION temet has tried his best 13442 times.
temet	516575	who is waylay>? souunds so familiar
temet	516575	!sens
temet	516575	@lpark27, 0.18 1600 DPI | Scoped and ADS: 1.0
temet	516575	!age
temet	516575	24 unc, born on September 17th, 2001
temet	516575	rip
temet	516575	Unfortunate
temet	516575	maybe you can try play carefuly to not make you mad
temet	516575	lol
temet	516575	This literally looks like eu
temet	516575	waylay sounds like aspas lmao
temet	516575	they don't want u to push
temet	516575	@temet
temet	516575	fictio36Sip fictio36Sip
temet	516575	He sad stop running nahh he is temet😂
temet	516575	?
temet	516575	what just happands?
temet	516575	1 way
temet	516575	!delay
temet	516575	20s catSpin
temet	516575	!pc
temet	516575	Case: FRACTAL TERRA GRAPHITE Motherboard: ASROCK B650I LIGHTNING WIFI CPU: AMD Ryzen™ 9 9950X Ram: CORSAIR Vengeance DDR5 32GB (2x16GB) DDR5 Storage:  M.2 (1TB Digital Storm M.2 Performance Series) Graphics Card: RTX 4070 Fans: ARCTIC P12 PWM 120MM PST FAN
temet	516575	u will feel eu  exhausting games
temet	516575	Eu rank raises my cortisol compared to na
temet	516575	hi chat
temet	516575	!giveaway
temet	516575	! graphics
temet	516575	temetHoliday
temet	516575	@zenc0tv hi hi
temet	516575	na is more ez cuz all players want to kill here they want to camp wait StinkyGlitch
temet	516575	!graphics
temet	516575	@saint_francis22, temet's graphics settings: https://clips.twitch.tv/VainPiercingLlamaOneHand-UxmmSqA5igzrIznL
temet	516575	The games are 10 times slower in eu and everyone just complains while they hide in corners for whole round
temet	516575	Immortal feels like people got there by hiding in corners and having all their stats in patience
temet	516575	fictio36Sip fictio36Sip
temet	516575	helloo
temet	516575	These eu players are such babies
temet	516575	@saint_francis22 when half of immortal is plauers who got their on sheer patience and hiding  and no skill fighting. This is what u get
temet	516575	!rank
temet	516575	temet is currently Immortal 2 160RR 2🛡️ ( 140RR from Radiant )
temet	516575	Hey temmet you saw the video who horcus made for his content and for you por
temet	516575	Pov*
temet	516575	yoo temet long time no see
temet	516575	whats up
temet	516575	Who are you rotting for in masters London temet
temet	516575	Rooting*
temet	516575	good bro what about you
temet	516575	hi
temet	516575	hi chat
temet	516575	@PatrikAparicio Hello, welcome to the stream. I hope you enjoy your time here temetLove
temet	516575	@temet will ever quit neon
temet	516575	ALMOST THREW
temet	516575	Temet is goat
temet	516575	dancey dancey dancey dancey
temet	516575	!giveaway
temet	516575	Os the five stack over?
temet	516575	@boiinred Yes
temet	516575	Temet i love you man <3
temet	516575	W giveaway temet
temet	516575	temet do u have a cat
temet	516575	@gaelkott u eu ?
temet	516575	@fictionist_ Yes :3
temet	516575	Hope I win the VP
temet	516575	@gaelkott  damn u suffering with us in ranked
temet	516575	BigSad BigSad
temet	516575	wppp
temet	516575	Game sense is insane
temet	516575	wp
temet	516575	@fictionist_ I'm low elo as well, so it's extra hellish lmao
temet	516575	n1
temet	516575	Do you recommend the new giveback bundle bro
temet	516575	Positivity in eu does seem to be rare @gaelkott
temet	516575	LUL LUL
temet	516575	@fictionist_ It's why I can only play ranked if I'm queuing with others so I know there's at least one person not instatilting LMAO
temet	516575	omg clove smoke no way
temet	516575	@saint_francis22 If you like the guns in it yes :3
temet	516575	WOW
temet	516575	XD
temet	516575	six seven
temet	516575	how but worked lmao
temet	516575	lol
