user_name	game_id	media_viewers	frequencia	relevancia
tarik	516575	8039.41	140	22510348
GOFNS	516575	13699.72	60	16439664
s0mcs	516575	5865.78	106	12435454
VALORANT_Americas	516575	8970.73	64	11482534
mooda	516575	11866.06	36	8543563
shanks_ttv	516575	2310.18	112	5174803
jasontheween	516575	20173.08	12	4841539
Subroza	516575	2470.12	92	4545021
eggsterr	516575	1119.35	178	3984886
Sliggytv	516575	2682.03	62	3325717
VALORANT_EMEA	516575	1675.88	97	3251207
QuarterJade	516575	2992.16	45	2692944
Masayoshi	516575	2132.83	59	2516739
EWC_Plus_EN	516575	2185.29	55	2403819
Grimm	516575	918.63	130	2388438
LFToxy_val	516575	1770.15	65	2301195
Majski227	516575	736.44	153	2253506
Foolish	516575	2896.3	37	2143262
sinatraa	516575	1551.83	66	2048416
joshseki	516575	1224.77	82	2008623
VALORANT_NorthAmerica	516575	1295.8	75	1943700
florescent	516575	1401.61	66	1850125
TenZ	516575	5072.94	18	1826258
Demon1	516575	1936.17	42	1626383
Zikzlol	516575	737.71	110	1622962
Lacy	516575	12529.2	5	1252920
VALORANT_Pacific	516575	1020.9	60	1225080
Hamy	516575	428.4	124	1062432
inspire	516575	476.01	102	971060
jingggxd	516575	2235.14	21	938759
Sentinels	516575	2671.12	17	908181
Hiko	516575	743.11	61	906594
spicyuuu	516575	714.87	63	900736
meilizzz	516575	620.5	72	893520
cloudeyX3	516575	460.41	92	847154
Keeoh	516575	373.21	113	843455
Yugi2x	516575	3417.92	12	820301
Livvcote	516575	416.05	93	773853
itsRyanHiga	516575	697.55	55	767305
arii	516575	649.25	55	714175
ShahZaM	516575	534.64	64	684339
Dasnerth	516575	578.84	57	659878
haeyoday	516575	555.92	59	655986
PRXf0rsakeN	516575	1507.86	21	633301
ardiis	516575	925.44	32	592282
Noiaaa	516575	700.07	42	588059
TheGeekEntry	516575	563.8	51	575076
meLanji	516575	409.07	69	564517
katiewon	516575	829.21	33	547279
hiroaims	516575	500.2	54	540216
Valkyrae	516575	4322.0	6	518640
Yinsu	516575	546.76	45	492084
ThinkingMansValo	516575	457.4	53	484844
sakurashymko	516575	2958.38	8	473341
POPPIN	516575	345.86	63	435784
erobb221	516575	4019.4	5	401940
benjyfishy	516575	2418.5	8	386960
SubrozaVOD	516575	540.26	35	378182
coachmini	516575	407.51	45	366759
starsmitten	516575	455.29	38	346020
Silky	516575	2770.0	6	332400
WARDELL	516575	372.02	44	327378
PROD	516575	590.7	27	318978
Arky	516575	2304.83	6	276580
Shoshy	516575	369.27	37	273260
Jerrwin_	516575	276.26	47	259684
derrekow	516575	301.66	41	247361
seraph_venus	516575	215.1	51	219402
vaperipper15	516575	226.16	44	199021
johnqtcs	516575	538.39	18	193820
temet	516575	352.0	27	190080
sapnaplive	516575	222.22	41	182220
Minny	516575	744.42	12	178661
xlavandulax	516575	411.52	21	172838
Jillipuff	516575	256.37	30	153822
boostio	516575	922.62	8	147619
MARI	516575	596.67	12	143201
a2guapo	516575	892.88	8	142861
cheatcode	516575	236.03	30	141618
BeanDip	516575	1601.0	4	128080
geezerra	516575	209.28	29	121382
ion2x	516575	424.38	13	110339
peterpark	516575	305.78	18	110081
C0Mfps	516575	1088.2	5	108820
hivise	516575	1809.33	3	108560
VOODOO_248	516575	378.86	14	106081
reduxxval	516575	248.76	21	104479
VanFanTV	516575	743.71	7	104119
imthemarteen	516575	844.67	6	101360
sunnys	516575	1677.67	3	100660
wedidvalorant	516575	385.38	13	100199
Kaemii	516575	400.75	12	96180
mimimimichaela	516575	504.11	9	90740
SicK_cs	516575	237.56	18	85522
babybay	516575	700.67	6	84080
santipulgaz	516575	1043.5	4	83480
sinatraavod	516575	340.42	12	81701
wtfslump	516575	367.64	11	80881
solada	516575	431.44	9	77659
root	516575	242.93	15	72879
jawhn	516575	221.21	14	61939
Abgxlina	516575	596.8	5	59680
AstaBush	516575	570.8	5	57080
JenaUrf	516575	284.1	10	56820
RazzieBinx	516575	366.71	7	51339
Laiys	516575	827.0	3	49620
Notexxd	516575	325.0	7	45500
1jdab1	516575	443.6	5	44360
smokefps	516575	243.33	9	43799
QQobes33	516575	272.62	8	43619
cevanescent	516575	362.83	6	43540
moobsxd	516575	298.43	7	41780
DazierEU	516575	206.4	10	41280
1zerona	516575	226.11	9	40700
d4v41vlr	516575	674.33	3	40460
sakurah	516575	403.0	5	40300
PrimatePaige	516575	331.33	6	39760
rawdogmoon	516575	994.0	2	39760
zanderfps	516575	213.22	9	38380
mckenical	516575	357.0	5	35700
amerng	516575	1602.0	1	32040
LBMM	516575	306.8	5	30680
joona	516575	188.62	8	30179
kikiyomimiii	516575	698.5	2	27940
Mogi	516575	238.6	5	23860
silverrruns	516575	194.17	6	23300
v6nas	516575	195.8	5	19580
Punz	516575	190.6	5	19060
Pa1ze	516575	430.0	2	17200
banhbaoval	516575	246.67	3	14800
xlcuo87	516575	183.0	4	14640
BoaRoo	516575	354.0	2	14160
1800johan	516575	225.0	3	13500
cavern	516575	318.0	2	12720
gMdd	516575	210.67	3	12640
Tuppeeyy	516575	194.67	3	11680
JTriarchy	516575	571.0	1	11420
Miznatnasah	516575	275.0	2	11000
UnicronTV	516575	272.0	2	10880
Sydeon	516575	517.0	1	10340
almightysooch	516575	517.0	1	10340
Marved6	516575	448.0	1	8960
yfwNJ	516575	214.5	2	8580
Aipha	516575	410.0	1	8200
JoeDaBozo	516575	385.0	1	7700
EstoniaMan	516575	381.0	1	7620
2clt	516575	363.0	1	7260
Mews	516575	179.0	2	7160
tonka_val	516575	313.0	1	6260
bunnycustard	516575	280.0	1	5600
patiphan	516575	271.0	1	5420
ShyoWager	516575	260.0	1	5200
JustTeetaa	516575	251.0	1	5020
AzyenTV	516575	223.0	1	4460
trashley	516575	206.0	1	4120
Ethero	516575	200.0	1	4000
dragonlmaoo	516575	195.0	1	3900
overtaaa	516575	185.0	1	3700
1inthe	516575	184.0	1	3680
gabricait	516575	181.0	1	3620
Princess	516575	165.0	1	3300
ow_esports	515025	42660.49	173	147605295
Emongg	515025	9097.11	203	36934267
Aspen	515025	6371.1	194	24719868
Flats	515025	10940.81	106	23194517
mL7support	515025	5862.94	154	18057855
Unter	515025	4787.48	160	15319936
hadi_ow	515025	2970.71	220	13071124
supertf	515025	6396.9	83	10618854
FroggerOW	515025	2912.73	164	9553754
PlayOverwatch	515025	2465.71	172	8482042
dafran	515025	2693.1	153	8240886
sunshinebread	515025	2060.36	191	7870575
Warn	515025	1815.63	207	7516708
CommanderX	515025	2291.88	130	5958888
pge4	515025	2003.39	130	5208814
cowfee	515025	1044.63	172	3593527
ZBRA	515025	745.93	187	2789778
Apply	515025	1006.3	138	2777388
Hydron	515025	515.84	206	2125261
hiimsky	515025	451.19	201	1813784
kraandop	515025	1038.07	87	1806242
durpee82	515025	432.43	188	1625937
AceOFSpades	515025	657.65	120	1578360
KarQ	515025	678.16	108	1464826
6Cyx	515025	508.59	140	1424052
Winton_OW2	515025	618.74	114	1410727
iddqd	515025	853.44	77	1314298
sugarfree	515025	1320.59	39	1030060
Skiesti	515025	645.35	79	1019653
Avast	515025	670.88	74	992902
Frankiep423	515025	670.84	74	992843
tr33_ow	515025	449.58	110	989076
LyarOW	515025	650.11	75	975165
Tommathan	515025	554.18	87	964273
vulture_ow	515025	544.43	68	740425
chibidoki	515025	2590.86	14	725441
chosen_ow	515025	349.75	97	678515
Yugi2x	515025	6563.6	5	656360
ThatMartinKidTV	515025	1400.74	23	644340
Gamin4Hope	515025	941.15	34	639982
Grizzy	515025	1504.95	21	632079
Rakattack	515025	334.88	73	488925
harbleu	515025	1044.09	22	459400
SlothyBearr	515025	2769.62	8	443139
almost_poe	515025	461.4	48	442944
August	515025	590.14	36	424901
JunoTheMartian	515025	437.84	45	394056
Emilycc	515025	342.31	54	369695
beaver	515025	923.3	20	369320
Sooshi	515025	459.77	39	358621
snowcone	515025	323.89	55	356279
dafranVODs	515025	681.28	25	340640
hydro__ow	515025	234.31	70	328034
PLAYTO_ow	515025	236.13	63	297524
herloaf	515025	436.35	34	296718
Carla	515025	509.17	29	295319
JWantedL	515025	639.21	19	242900
JOYSTICK	515025	205.74	58	238658
qrxuow	515025	294.27	40	235416
DapDerDapy	515025	1274.75	8	203960
Valkia	515025	1183.62	8	189379
Deku	515025	300.03	31	186019
meow2heavenly	515025	223.12	41	182958
Keeoh	515025	249.62	32	159757
Bullskunk	515025	373.55	20	149420
Kephrii	515025	274.67	27	148322
RenegadeOWx	515025	1210.67	6	145280
LexiGraham	515025	297.33	24	142718
Fareeha	515025	441.56	16	141299
cartifan22_	515025	322.95	21	135639
Somnus	515025	347.11	18	124960
vegaoverwatch	515025	325.95	19	123861
TiffachuFTW	515025	205.58	26	106902
alvicatee	515025	395.54	13	102840
SquikoTV	515025	233.55	20	93420
sunnys	515025	753.17	6	90380
Yeatle	515025	464.89	9	83680
Purpzuki	515025	433.89	9	78100
RupalZaman	515025	194.47	19	73899
soapy	515025	397.56	9	71561
snazzayjazzayy6	515025	694.0	5	69400
santipulgaz	515025	693.8	5	69380
penpuin	515025	190.83	18	68699
GetQuakedOn	515025	281.17	12	67481
numbers2155	515025	240.85	13	62621
vaIeia	515025	388.71	7	54419
MassMachine5000	515025	268.7	10	53740
agilities	515025	230.27	11	50659
phoenixfox	515025	279.22	9	50260
TinySmoOW	515025	266.89	9	48040
kaylin	515025	189.5	10	37900
sakurah	515025	374.6	5	37460
DoopieOW	515025	290.17	6	34820
YukariPoi	515025	300.4	5	30040
Elias_0w	515025	420.0	3	25200
matty_ow	515025	250.6	5	25060
Silvoc_o7	515025	236.2	5	23620
Lightningbolt	515025	290.25	4	23220
GP_TV	515025	288.25	4	23060
DiAngeloXP	515025	215.2	5	21520
zazazebra01	515025	246.75	4	19740
lexipasch	515025	241.5	4	19320
conormcleod17	515025	176.0	5	17600
turbo_creature	515025	200.25	4	16020
BOTpeter_	515025	262.33	3	15740
ShellBebop	515025	260.67	3	15640
Raylene	515025	257.67	3	15460
auger	515025	251.67	3	15100
charlottemunster	515025	182.25	4	14580
peacho_s	515025	226.0	3	13560
FACEIT_Overwatch	515025	211.0	3	12660
Powatripp	515025	293.5	2	11740
caffeiineee	515025	186.33	3	11180
just_stevo	515025	455.0	1	9100
Awkward	515025	436.0	1	8720
Sloot	515025	214.0	2	8560
skissorssz	515025	181.5	2	7260
Spilo	515025	318.0	1	6360
ms_megatron	515025	300.0	1	6000
PlantingPlanets_	515025	284.0	1	5680
SageYk0	515025	215.0	1	4300
Qubblez_	515025	213.0	1	4260
KILLERSTONE69_TLC	515025	204.0	1	4080
PlayOfTheJames	515025	200.0	1	4000
yoshem_	515025	175.0	1	3500
pirate_ow_	515025	169.0	1	3380
wendolynortizz	509672	13839.93	100	27679860
yurnboi	509672	3155.38	331	20888616
evelynomadera	509672	3621.77	275	19919735
dano_mall	509672	4226.04	159	13438807
benjychavez_	509672	3613.59	164	11852575
vanillamace	509672	9644.4	50	9644400
rayasianboy	509672	4627.88	72	6664147
Reginald	509672	2899.92	113	6553819
tylil	509672	8777.74	35	6144418
jakeydavies	509672	3672.09	78	5728460
2xRaKai	509672	16704.43	14	4677240
NYKchazza	509672	3136.45	67	4202843
angryginge13	509672	7585.7	23	3489422
hmblzayy	509672	471.87	366	3454088
vedal987	509672	13765.08	12	3303619
Thetylilshow	509672	3879.33	42	3258637
taysmcrr	509672	2501.66	62	3102058
PeeguuTV	509672	820.51	178	2921016
Agent00	509672	7287.9	20	2915160
erobb221	509672	3673.24	37	2718198
Chloe__IRL	509672	1779.97	58	2064765
detune	509672	1629.17	58	1889837
NoraExplorer	509672	3762.84	25	1881420
bendadonnn	509672	3934.43	21	1652461
bluesclues124	509672	1031.64	76	1568093
carterefe	509672	7062.91	11	1553840
KumaMonster	509672	504.56	146	1473315
ARIatHOME	509672	3019.0	24	1449120
StudyTme	509672	897.2	76	1363744
OniGiri	509672	1996.06	33	1317400
Madi2hottyy	509672	1168.92	53	1239055
mira	509672	316.19	194	1226817
kelo	509672	1267.92	48	1217203
hailyXalyse	509672	485.85	118	1146606
PrimatePaige	509672	538.85	106	1142362
yonalashay	509672	1901.57	30	1140942
NinaDaddyisBack	509672	415.54	136	1130269
Majinobama	509672	571.95	95	1086705
jordynlucas	509672	1481.26	34	1007257
diemondzx	509672	449.05	111	996891
tokyosims	509672	573.06	86	985663
milkypuff	509672	813.91	54	879023
PlaqueBoyMax	509672	21877.0	2	875080
HAchubby	509672	530.81	81	859912
dannyaarons	509672	3288.15	13	854919
CookSuxAlwaysOn	509672	290.89	137	797039
Asmongold247	509672	2262.59	17	769281
oga_amos	509672	1297.39	28	726538
nicknayersina	509672	2680.69	13	696979
EpicVoyages	509672	779.49	43	670361
indialovewestbrooks	509672	990.61	33	653803
aishahsofeyy	509672	1516.1	21	636762
therealtianamusarra	509672	1000.32	31	620198
MeltIsLIVE	509672	487.35	63	614061
tydollasign	509672	1455.38	21	611260
aozami	509672	357.63	81	579361
문뚜야	509672	873.94	33	576800
INNESHX	509672	659.86	43	567480
Jarvis4Real	509672	1490.74	19	566481
BtbDezzz	509672	605.78	46	557318
zoespencer	509672	579.41	46	533057
WizKhalifa	509672	1610.88	16	515482
YoatziCastro	509672	1073.78	23	493939
ryaah	509672	691.37	35	483959
4amLaundry	509672	333.97	68	454199
MinyMontz	509672	801.75	28	448980
MiaMakesMusic	509672	581.63	38	442039
shazdelicious	509672	785.19	27	424003
nothingb4kaiyo	509672	237.48	87	413215
boltar	509672	458.74	43	394516
DeliverTheFood	509672	673.41	29	390578
zavi_moss	509672	284.58	65	369954
Rainhoe	509672	1968.0	9	354240
Tyrone	509672	651.26	27	351680
mcqueennlive	509672	996.29	17	338739
ibabyrainbow	509672	789.95	20	315980
nest	509672	319.06	48	306298
AMOURANTH	509672	585.69	26	304559
EsfandTV	509672	1380.82	11	303780
EXBC	509672	345.88	43	297457
DinomiteTwins	509672	906.5	16	290080
theRealShooKon3	509672	226.23	64	289574
reemknocks	509672	895.31	16	286499
Maxy	509672	516.07	27	278678
mavgx	509672	455.43	30	273258
officialjaidynalexxis	509672	540.08	25	270040
julien	509672	1119.17	12	268601
mronthewater	509672	1097.08	12	263299
summyahmarie	509672	678.42	19	257800
StormChaserIRL	509672	357.17	35	250019
brooklynfrost	509672	789.2	15	236760
Stay_C	509672	367.0	32	234880
lagmasterpiece	509672	571.9	20	228760
Saiiren	509672	1265.22	9	227740
Emilycc	509672	339.97	33	224380
heinzbaines_	509672	725.07	15	217521
KhanAsadi	509672	656.0	16	209920
ma_vgx	509672	647.56	16	207219
theresnoee	509672	770.0	13	200200
akaNemsko	509672	740.46	13	192520
ChloeParkerrrrr	509672	542.47	17	184440
NotQuiteLikeDuB	509672	1267.57	7	177460
paidwayyto	509672	335.85	26	174642
Yuggie_TV	509672	266.83	29	154761
ManukiEmi	509672	383.5	20	153400
ryderxdantino	509672	367.05	19	139479
mino56	509672	249.37	27	134660
CameramanPaul	509672	351.84	19	133699
Gavrilka	509672	533.0	12	127920
jenstaylor0	509672	456.07	14	127700
ridetheline	509672	218.83	29	126921
Apollolol	509672	632.5	10	126500
YUKISGARDEN	509672	250.72	25	125360
youngdabo	509672	843.14	7	118040
PrettyGoodGaming_	509672	834.14	7	116780
ezzmoandyoyo	509672	362.75	16	116080
MeesterKeem	509672	285.65	20	114260
zhadstew	509672	296.95	19	112841
alinitytv247	509672	307.94	18	110858
Trucker_Dylan	509672	243.73	22	107241
KingSammelot	509672	1288.0	4	103040
Crunk_Muffin	509672	219.57	23	101002
iambiglex__	509672	695.29	7	97341
coreydarbo	509672	603.12	8	96499
outplayedbyjade	509672	344.29	14	96401
aircool	509672	681.0	7	95340
dollblush	509672	391.58	12	93979
DreDaTopicLive	509672	459.5	10	91900
bradleykraut	509672	347.0	13	90220
fadi	509672	722.5	6	86700
whoisWIZARDKELLY	509672	360.75	12	86580
frescotrey	509672	1080.0	4	86400
BTMC	509672	595.14	7	83320
ojo_isAboy	509672	459.22	9	82660
AsianJeff	509672	369.64	11	81321
splatt_walka102	509672	225.0	17	76500
summerxiriss	509672	451.62	8	72259
DGR_Dave	509672	508.14	7	71140
ShadowCorpa	509672	250.36	14	70101
Minchu3150	509672	267.08	13	69441
braxtonnncomerrr	509672	572.5	6	68700
rynenzo	509672	337.4	10	67480
JOEYKAOTYK	509672	1098.0	3	65880
notdebpark	509672	249.31	13	64821
Celina	509672	293.27	11	64519
PizzaPrincessG	509672	288.36	11	63439
AirlinersLive	509672	258.75	12	62100
franzleonofficial	509672	305.8	10	61160
lanializa	509672	509.67	6	61160
EdyBot	509672	605.0	5	60500
ayofatnap	509672	426.86	7	59760
MaxGGs	509672	489.33	6	58720
queennaija	509672	359.38	8	57501
crazyjamjam	509672	888.0	3	53280
sylvee	509672	647.75	4	51820
ppim	509672	1121.5	2	44860
Ceweina	509672	220.7	10	44140
해까닥여울이	509672	215.6	10	43120
ruunachu	509672	228.11	9	41060
pilavpowa	509672	995.0	2	39800
ayaatanjali	509672	277.71	7	38879
ALLDAYNYC	509672	320.0	6	38400
KattyCore	509672	232.0	8	37120
blasianbabylola	509672	450.0	4	36000
raphaelsololive	509672	210.12	8	33619
tyongeee	509672	328.6	5	32860
RelicKris	509672	267.67	6	32120
AmberrTyson	509672	366.75	4	29340
beefuniverse	509672	243.33	6	29200
seangouldy	509672	330.0	4	26400
Juicy	509672	409.0	3	24540
NomadicGaijin	509672	203.17	6	24380
ohhhitsvickayyy	509672	295.0	4	23600
Ticklefitz	509672	189.0	6	22680
imbadkidjay	509672	253.25	4	20260
noemi	509672	253.0	4	20240
destinedkidofficial	509672	495.0	2	19800
AshleyNocera	509672	487.0	2	19480
KingKreas	509672	307.33	3	18440
eeviex	509672	429.0	2	17160
shankcomics	509672	425.5	2	17020
LA4AWALE	509672	420.0	2	16800
brxan	509672	186.75	4	14940
demisux	509672	240.33	3	14420
Ieshawn	509672	355.5	2	14220
Yukiifoxs	509672	174.0	4	13920
Emelie	509672	173.5	4	13880
ExtremelySubtle	509672	345.5	2	13820
Zara	509672	322.0	2	12880
ReinbowApp	509672	282.5	2	11300
kanirosi	509672	280.5	2	11220
DGthe99	509672	263.0	2	10520
RunoBean	509672	165.67	3	9940
daveezz	509672	240.0	2	9600
Tuppeeyy	509672	239.0	2	9560
Vandiimion	509672	235.0	2	9400
potentialbliss	509672	465.0	1	9300
LilyLouOfficial	509672	210.0	2	8400
paekachuuu	509672	414.0	1	8280
Lilblasz	509672	205.5	2	8220
ParaglidingLive	509672	405.0	1	8100
lumiiifox	509672	390.0	1	7800
mainefisherman	509672	388.0	1	7760
pezz2xp	509672	185.5	2	7420
stoneboiyy	509672	371.0	1	7420
BigBoneLife	509672	350.0	1	7000
LBMM	509672	349.0	1	6980
SweatyPedals	509672	340.0	1	6800
PELMX100	509672	300.0	1	6000
maestroharrell	509672	295.0	1	5900
grabbahitting37	509672	289.0	1	5780
auger	509672	285.0	1	5700
nyc_tours	509672	284.0	1	5680
yurnbro	509672	279.0	1	5580
Benjamin_Bucks	509672	238.0	1	4760
THENIGELB	509672	180.0	1	3600
Khim	509672	175.0	1	3500
HasanAbi	509658	32253.68	168	108372365
zackrawrr	509658	33893.62	107	72532347
jasontheween	509658	19037.41	148	56350734
Lacy	509658	16054.98	174	55871330
stableronaldo	509658	24480.34	85	41616578
2xRaKai	509658	22241.66	80	35586656
SanteaTv	509658	5657.95	265	29987135
Jinnytty	509658	5534.58	253	28004975
PlaqueBoyMax	509658	16532.38	82	27113103
ExtraEmily	509658	7722.73	171	26411737
AlveusSanctuary	509658	3676.99	324	23826895
Marlon	509658	11123.3	102	22691532
wendolynortizz	509658	17429.43	51	17778019
Jynxzi	509658	44002.5	20	17601000
Arky	509658	4519.03	187	16901172
xQc	509658	18788.68	44	16534038
Yugi2x	509658	3215.96	226	14536139
MidnightSumo	509658	2231.05	313	13966373
BruceDropEmOff	509658	14750.1	39	11505078
caseoh_	509658	33737.24	17	11470662
ironmouse	509658	6269.64	86	10783781
ohnePixel	509658	25989.75	16	8316720
robcdee	509658	3153.57	128	8073139
Cinna	509658	6203.7	63	7816662
caseoh247	509658	1631.12	236	7698886
PaymoneyWubby	509658	9432.53	36	6791422
Joe_Bartolozzi	509658	10733.17	29	6225239
Silky	509658	4889.05	62	6062422
Hitch	509658	1284.65	221	5678153
RealKatieB	509658	9572.75	28	5360740
Central_Committee	509658	3609.65	68	4909124
Ludwig	509658	7709.8	30	4625880
cyr	509658	2711.28	85	4609176
slimeIRL	509658	2145.3	105	4505130
willneff	509658	3848.98	57	4387837
CodeMiko	509658	2808.83	78	4381775
Velcuz	509658	1249.73	175	4374055
hexy	509658	1958.19	104	4073035
mooda	509658	9500.95	21	3990399
carterefe	509658	6101.97	32	3905261
HumanDilemma	509658	414.48	469	3887822
hello_kiko	509658	1761.05	109	3839089
peller	509658	6209.3	30	3725580
Tray	509658	1593.84	116	3697709
PoliceChaseNetwork	509658	485.96	377	3664138
RDCgaming	509658	10464.24	17	3557842
santipulgaz	509658	1044.91	169	3531796
carolinekwan	509658	2205.87	79	3485275
vanillamace	509658	9393.39	18	3381620
sakurashymko	509658	1576.42	107	3373539
Bonnie	509658	2591.36	64	3316941
Morgpie	509658	4597.67	36	3310322
Faith	509658	383.56	425	3260260
wakewilder	509658	921.53	176	3243786
deme	509658	3442.17	46	3166796
LowTierGod	509658	1639.0	95	3114100
YonnaJay	509658	3796.2	41	3112884
Denims	509658	3286.98	47	3089761
문뚜야	509658	582.05	262	3049942
Maya	509658	6048.56	25	3024280
Atrioc	509658	3134.88	48	3009485
Zentreya	509658	3219.72	46	2962142
CDawg	509658	7499.11	19	2849662
itsKatchii	509658	2489.09	56	2787781
KokoNuts	509658	2477.43	56	2774722
bradygoo	509658	1311.81	103	2702329
Flight23white	509658	5626.83	24	2700878
Quin69	509658	5388.72	25	2694360
mazellovvv	509658	4903.56	27	2647922
Knut	509658	937.89	140	2626092
SmugAlana	509658	2145.34	61	2617315
FaZeBanks	509658	18564.0	7	2598960
udbmm	509658	43117.0	3	2587020
vedal987	509658	7053.89	18	2539400
agendafreetv	509658	1226.0	103	2525560
epecn	509658	42067.33	3	2524040
swudp	509658	41998.67	3	2519920
jayunmatched	509658	444.38	279	2479640
Emiru	509658	10039.42	12	2409461
Zoil	509658	1471.41	80	2354256
AMOURANTH	509658	675.23	172	2322791
LaynaLazar	509658	2605.11	44	2292497
MichiMochievee	509658	2923.77	39	2280541
TenzinNiznet	509658	662.8	171	2266776
CookSux	509658	1239.48	91	2255854
kyootbot	509658	3784.07	29	2194761
erobb221	509658	3858.32	28	2160659
mole	509658	817.06	132	2157038
lydiaviolet	509658	4627.17	23	2128498
thetitaylor	509658	1592.38	66	2101942
Saruei	509658	2685.41	39	2094620
Grimmi	509658	1581.85	66	2088042
NoraExplorer	509658	6848.33	15	2054499
crelly	509658	3803.81	27	2054057
henyathegenius	509658	2952.74	34	2007863
asianbunnyx	509658	5550.78	18	1998281
kattpaccino	509658	2015.45	49	1975141
yusuf7n	509658	1202.09	82	1971428
qoqsik	509658	2381.68	40	1905344
juliakins	509658	3236.24	29	1877019
GloriaMatvien	509658	801.78	116	1860130
TheMajorityReport	509658	2742.36	33	1809958
sarahbridgewater	509658	447.94	200	1791760
Alinity	509658	1860.29	48	1785878
sunnys	509658	842.01	106	1785061
tfyau	509658	43032.0	2	1721280
vabzp	509658	42460.0	2	1698400
MISTERARTHER	509658	3681.0	23	1693260
Sydeon	509658	3107.26	27	1677920
iitgx	509658	41813.0	2	1672520
Adapt	509658	3950.81	21	1659340
YEBshow	509658	854.28	97	1657303
Lyasyaa	509658	2663.97	31	1651661
TheStockGuy	509658	2200.59	37	1628437
Powdur	509658	1391.07	58	1613641
forsen	509658	3962.7	20	1585080
gracehan_	509658	763.59	102	1557724
Reginald	509658	2427.41	32	1553542
sadgirl	509658	897.7	86	1544044
Agent00	509658	5366.79	14	1502701
dannyaarons	509658	5317.36	14	1488861
STRUGGLE_4	509658	810.4	91	1474928
Leaflit	509658	1099.36	67	1473142
firedancer	509658	671.93	107	1437930
Yoshimyan	509658	670.59	105	1408239
a2guapo	509658	683.65	101	1380973
Kirsche	509658	997.41	68	1356478
akaNemsko	509658	2562.96	26	1332739
zmoothly	509658	3692.44	18	1329278
pokelawls	509658	1691.74	39	1319557
Deansocool	509658	1711.34	38	1300618
kelo	509658	1173.36	55	1290696
EsfandTV	509658	1489.93	43	1281340
LIRIK	509658	7075.67	9	1273621
BluKitsune9	509658	799.9	79	1263842
Pezzzy	509658	1753.33	36	1262398
kumi	509658	2863.91	22	1260120
Aquwa	509658	2246.89	28	1258258
Vangard	509658	672.38	93	1250627
Blueryai	509658	1077.22	58	1249575
Arrav	509658	904.49	69	1248196
ChristinaandAmber	509658	1343.76	46	1236259
whatever	509658	1536.62	40	1229296
cerberVT	509658	1462.48	42	1228483
윤개굴이	509658	1859.24	33	1227098
therealbigwinnn	509658	370.23	165	1221759
jakeydavies	509658	3016.35	20	1206540
Dantes	509658	20026.33	3	1201580
Abgxlina	509658	525.77	114	1198756
npxzl	509658	29940.5	2	1197620
Limmy	509658	1574.82	38	1196863
Arielle	509658	1569.21	38	1192600
rawdogmoon	509658	745.52	79	1177922
Trickywi	509658	1340.23	43	1152598
rayasianboy	509658	3837.47	15	1151241
jankyrondo	509658	579.13	97	1123512
moistcr1tikal	509658	3744.53	15	1123359
Buffpup	509658	2023.37	27	1092620
elfyou	509658	4955.82	11	1090280
Madi2hottyy	509658	1416.87	38	1076821
HutchMF	509658	3354.75	16	1073520
totaamc	509658	3350.12	16	1072038
Bigpuffer	509658	2047.77	26	1064840
ytTALK2MENICE	509658	666.61	79	1053244
MegalodonVT	509658	1633.69	32	1045562
Aryssa614	509658	948.95	55	1043845
syanne	509658	632.05	82	1036562
pbavx	509658	25867.5	2	1034700
Northernlion	509658	10313.0	5	1031300
kopsteep	509658	1764.52	29	1023422
obkatiekat	509658	771.94	66	1018961
zgouo	509658	25042.0	2	1001680
ShawnCee	509658	1516.22	32	970381
nihmune	509658	2086.13	23	959620
YUY_IX	509658	1761.78	27	951361
Shylily	509658	2969.0	16	950080
ijtet	509658	23690.5	2	947620
tbvnks	509658	1343.89	35	940723
LucyPyre	509658	1741.67	27	940502
BerryCrepe	509658	1093.05	43	940023
kwekuaddo	509658	1377.88	34	936958
Sweet_Anita	509658	1835.28	25	917640
uwtdc	509658	22781.0	2	911240
mira	509658	363.93	125	909825
mariabagatti	509658	481.69	94	905577
MapleTakes	509658	637.23	70	892122
supcaitlin	509658	1351.45	33	891957
FemboySandwich	509658	2477.06	18	891742
supertf	509658	2965.13	15	889539
falco	509658	1232.81	36	887623
xpmos	509658	22179.0	2	887160
CarsonHocevar	509658	1578.54	28	883982
Victoria	509658	618.17	71	877801
nyxie	509658	526.82	83	874521
waterlynn	509658	947.28	46	871498
gremloe	509658	640.76	68	871434
miqyn	509658	43417.0	1	868340
hxmkw	509658	43122.0	1	862440
jlgtr	509658	43121.0	1	862420
ycycs	509658	43119.0	1	862380
xzrun	509658	43108.0	1	862160
nsnnr	509658	43068.0	1	861360
axsrm	509658	43040.0	1	860800
xvfui	509658	42984.0	1	859680
qlmpa	509658	42926.0	1	858520
lthif	509658	42804.0	1	856080
mucva	509658	42766.0	1	855320
itlmw	509658	42759.0	1	855180
zezje	509658	42750.0	1	855000
xywrz	509658	42726.0	1	854520
gfppw	509658	42668.0	1	853360
xtzzb	509658	42663.0	1	853260
owwmt	509658	42650.0	1	853000
ornct	509658	42633.0	1	852660
rmqta	509658	42624.0	1	852480
mbncp	509658	42613.0	1	852260
dfhfq	509658	42609.0	1	852180
jyskn	509658	42584.0	1	851680
wsfxs	509658	42566.0	1	851320
dovrz	509658	42540.0	1	850800
fcbge	509658	42513.0	1	850260
zqfao	509658	42502.0	1	850040
tpgcz	509658	42495.0	1	849900
jqqku	509658	42458.0	1	849160
hdqze	509658	42449.0	1	848980
rbhgc	509658	42435.0	1	848700
dsphw	509658	42433.0	1	848660
ybduh	509658	42431.0	1	848620
sasnv	509658	42423.0	1	848460
nqwas	509658	42377.0	1	847540
brptp	509658	42367.0	1	847340
vxbnk	509658	42365.0	1	847300
ucjps	509658	42356.0	1	847120
hvqvj	509658	42265.0	1	845300
sczfr	509658	42235.0	1	844700
wzdni	509658	42222.0	1	844440
pciki	509658	42124.0	1	842480
ttqnr	509658	42046.0	1	840920
hxcmz	509658	42032.0	1	840640
wwxbw	509658	42030.0	1	840600
qkvsz	509658	41957.0	1	839140
ztwvp	509658	41871.0	1	837420
shamnyc	509658	775.02	54	837022
uxyxm	509658	41782.0	1	835640
epkfq	509658	41767.0	1	835340
ustjd	509658	41763.0	1	835260
pxdwe	509658	41756.0	1	835120
rosedoodle	509658	1227.97	34	835020
qebfa	509658	41744.0	1	834880
rmtaw	509658	41721.0	1	834420
gpued	509658	41668.0	1	833360
mrgzi	509658	41638.0	1	832760
LasVegasVP	509658	1094.0	38	831440
UpMinaa	509658	2074.35	20	829740
cvyda	509658	41455.0	1	829100
pnfen	509658	41389.0	1	827780
gwdsm	509658	41317.0	1	826340
Kenji	509658	3173.62	13	825141
gxwys	509658	41005.0	1	820100
nsbbe	509658	40973.0	1	819460
cnfdm	509658	40967.0	1	819340
kuhuq	509658	40645.0	1	812900
Vienna	509658	1929.52	21	810398
jdqqz	509658	40467.0	1	809340
Foolish	509658	2878.64	14	806019
salmmus	509658	1456.04	27	786262
joyymei	509658	530.12	74	784578
F1NN5TER	509658	2057.74	19	781941
fanfan	509658	1428.52	27	771401
projektmelody	509658	1156.36	33	763198
BigDJGhost	509658	359.38	106	761886
Buni	509658	442.2	86	760584
PorcelainMaid	509658	774.88	49	759382
Zumi	509658	697.78	54	753602
Tubbo	509658	3352.0	11	737440
QuarterJade	509658	1938.63	19	736679
YungeenAce	509658	704.0	52	732160
Gingy	509658	2790.92	13	725639
Emilycc	509658	276.3	131	723906
Limealicious	509658	2007.06	18	722542
wehoopinx	509658	776.39	46	714279
papamutt	509658	701.04	50	701040
NYKchazza	509658	3485.5	10	697100
fuslie	509658	2902.83	12	696679
Pokemon	509658	1110.42	31	688460
angryginge13	509658	8550.25	4	684020
enemycharlie	509658	546.85	62	678094
nyanners	509658	1473.57	23	677842
JalensWorld_	509658	605.69	55	666259
FroggyLoch	509658	951.0	35	665700
Maximilian_DOOD	509658	4737.29	7	663221
Kaiju_Waifu	509658	402.46	82	660034
CONEY	509658	999.61	33	659743
Mande	509658	1231.54	26	640401
Elina	509658	1181.67	27	638102
Plug	509658	286.25	111	635475
ChaChaYourVmom	509658	690.72	46	635462
KairyuCrocodile	509658	1512.43	21	635221
Kaise	509658	1120.25	28	627340
AstaBush	509658	602.25	52	626340
sodapoppin	509658	4452.57	7	623360
Kaceytron	509658	514.27	60	617124
UWOSLAB	509658	768.4	40	614720
Spite	509658	877.74	35	614418
ClioAite	509658	871.23	35	609861
Th3Discourse	509658	507.5	60	609000
StrawberryTabby	509658	893.47	34	607560
nekrolina	509658	978.94	31	606943
Bebahan	509658	1072.21	28	600438
Suzooiey	509658	966.55	31	599261
aliciaxlife	509658	572.4	52	595296
PSP1G	509658	1289.17	23	593018
Valeria7K	509658	420.46	70	588644
emme	509658	2670.82	11	587580
NymN	509658	1394.57	21	585719
FRAIKI	509658	731.18	40	584944
KennyandChan	509658	2913.3	10	582660
357broadway	509658	659.14	44	580043
KindaFunnyGames	509658	626.59	46	576463
detune	509658	900.09	32	576058
justketh	509658	449.4	63	566244
chromuchromu	509658	601.34	47	565260
nahyunworld	509658	622.09	45	559881
littlebunny_x	509658	397.9	70	557060
dorozea	509658	1155.0	24	554400
Sinder	509658	1312.24	21	551141
ShiaBun	509658	669.66	41	549121
Greekgodx	509658	979.57	28	548559
Rainhoe	509658	1183.17	23	544258
Masayoshi	509658	2086.15	13	542399
Klaire	509658	425.44	63	536054
Pippa	509658	953.64	28	534038
ElasticDroid	509658	1566.12	17	532481
MARI	509658	680.74	39	530977
iTzRease	509658	411.48	64	526694
dano_mall	509658	1461.67	18	526201
Peter	509658	1372.84	19	521679
Berticuss	509658	1226.1	21	514962
Rhyzohm	509658	345.58	74	511458
classic_christine	509658	291.46	87	507140
Gavrilka	509658	527.92	48	506803
YungBuffaloSauce	509658	761.76	33	502762
lasstishen	509658	760.12	33	501679
velvet_7	509658	383.72	65	498836
chibidoki	509658	2065.5	12	495720
T10Nat	509658	550.78	45	495702
hyyjoe	509658	347.87	71	493975
ThePrimeagen	509658	1762.29	14	493441
Valkyrae	509658	4067.33	6	488080
KYRIOCIFER	509658	494.96	49	485061
ibabyrainbow	509658	589.85	41	483677
Divvity	509658	393.52	61	480094
K9KURO	509658	498.42	48	478483
Ellie_Minibot	509658	994.83	24	477518
sunnychristinaa	509658	1084.59	22	477220
Mathil1	509658	1255.32	19	477022
TinasTopia	509658	842.0	28	471520
aircool	509658	480.47	49	470861
Clix	509658	4697.2	5	469720
Acie	509658	1797.23	13	467280
Kalei	509658	517.27	45	465543
39daph	509658	1659.14	14	464559
Saintone	509658	422.25	55	464475
ONLY1HOF	509658	515.58	45	464022
bluesclues124	509658	1546.13	15	463839
yvonnie	509658	722.25	32	462240
Thetylilshow	509658	3253.43	7	455480
NicholasLightTV	509658	1745.38	13	453799
el_XoX	509658	357.15	62	442866
hailyXalyse	509658	526.36	42	442142
thewildlatina	509658	373.58	59	440824
AverageHarry_	509658	734.23	30	440538
hyoon	509658	1467.87	15	440361
autsyn	509658	518.55	42	435582
SweeetTails	509658	1198.94	18	431618
OmegaPro	509658	325.59	66	429779
Hafthorjulius	509658	628.91	34	427659
socpens	509658	1009.19	21	423860
Kinkymation	509658	515.37	41	422603
glhnb	509658	21122.0	1	422440
VulpesHD	509658	629.88	33	415721
DreDaTopicLive	509658	448.67	46	412776
fdsignifyre1	509658	1283.0	16	410560
coreydarbo	509658	325.67	63	410344
reemknocks	509658	816.48	25	408240
CracBaby	509658	849.71	24	407861
XenosysVex	509658	616.24	33	406718
Kong	509658	482.76	42	405518
fryboydb	509658	675.53	30	405318
Ponden	509658	2013.3	10	402660
HealthyGamer_GG	509658	1005.05	20	402020
GP_TV	509658	344.48	58	399597
UHN	509658	992.35	20	396940
HAchubby	509658	565.71	35	395997
BorahaeHQ	509658	791.96	25	395980
SmallAnt	509658	1520.08	13	395221
oiyzm	509658	19601.0	1	392020
xoAeriel	509658	1019.74	19	387501
marimari_en	509658	1135.35	17	386019
OniGiri	509658	1013.53	19	385141
WhyCue	509658	190.62	101	385052
Flats	509658	2729.29	7	382101
calvinaiden	509658	954.95	20	381980
Giantwaffle	509658	953.8	20	381520
DeadBlossomJesse	509658	890.62	21	374060
Cristal_Asmr	509658	550.06	34	374041
Gigguk	509658	1867.6	10	373520
anxstasia	509658	349.47	53	370438
gracelyra	509658	576.72	32	369101
EmberParadox	509658	305.85	60	367020
Rinnegoddess	509658	326.27	56	365422
johnlive890	509658	1300.07	14	364020
Lucellia	509658	331.87	54	358420
aspenfinallyrichh	509658	263.06	68	357762
onedenizka1	509658	4463.5	4	357080
WhiskeyDing0	509658	685.96	26	356699
해까닥여울이	509658	246.31	72	354686
jidionpremium	509658	1181.67	15	354501
MooMooClover	509658	842.62	21	353900
Linny	509658	196.01	90	352818
shxtou	509658	2937.0	6	352440
Marzzzzy	509658	1172.53	15	351759
Ray	509658	1461.75	12	350820
Majski227	509658	527.06	33	347860
Milagro_Gramz	509658	914.42	19	347480
RADIAACTIVE	509658	524.61	33	346243
MeltIsLIVE	509658	410.5	42	344820
vixi	509658	660.42	26	343418
DGthe99	509658	635.78	27	343321
megabearhugs	509658	450.42	38	342319
shazdelicious	509658	532.41	32	340742
hanner	509658	850.0	20	340000
carabeanz	509658	466.22	36	335678
Saeko	509658	452.92	37	335161
Skizzleman	509658	1669.0	10	333800
Esskayuwu	509658	503.58	33	332363
StreamDatabase	509658	243.9	68	331704
Oxillery	509658	611.15	27	330021
Milky	509658	628.0	26	326560
Lychee	509658	622.73	26	323820
Nagzz	509658	895.39	18	322340
mishymolly	509658	383.31	42	321980
MintCastella	509658	422.97	38	321457
NurseHuckleberry	509658	411.1	39	320658
Arssenyav	509658	326.65	49	320117
buckefps	509658	881.72	18	317419
Max_Fewtrell	509658	660.17	24	316882
Samwitch	509658	748.67	21	314441
theresnoee	509658	714.0	22	314160
jihyorge	509658	363.12	43	312283
deathlyill	509658	487.78	32	312179
GEEGA	509658	1298.58	12	311659
JimmyHere	509658	1037.93	15	311379
spoonerdawg	509658	740.24	21	310901
Pilat	509658	322.54	48	309638
jiggyturner	509658	702.95	22	309298
Giwi	509658	858.17	18	308941
faxuty	509658	3084.8	5	308480
itsRyanHiga	509658	530.52	29	307702
meilylol	509658	1180.15	13	306839
suko	509658	567.67	27	306542
EmmaLayne	509658	463.97	33	306220
Haridade_	509658	287.75	53	305015
SeanDaBlack	509658	660.83	23	303982
ujxlg	509658	15192.0	1	303840
HaiperEXE	509658	7583.0	2	303320
richwcampbell	509658	3774.5	4	301960
jcxmo	509658	15086.0	1	301720
sincerelyjuju	509658	498.23	30	298938
DonutOperator	509658	742.55	20	297020
saintsakura	509658	922.94	16	295341
MafiaJinx	509658	273.06	54	294905
cimgj	509658	14635.0	1	292700
schlont	509658	395.46	37	292640
brinziez	509658	766.32	19	291202
unnamednow00	509658	498.45	29	289101
toad	509658	386.92	37	286321
littlebear36	509658	391.97	36	282218
TheBlackHokage	509658	455.0	31	282100
JOEYKAOTYK	509658	780.28	18	280901
1jdab1	509658	519.59	27	280579
Vexoria_The_SunEater	509658	875.62	16	280198
Moonzkii	509658	264.15	53	279999
koalapuffslive	509658	348.88	40	279104
GoOffKings	509658	730.95	19	277761
jaycgee	509658	308.27	45	277443
Rachitroo_1	509658	2301.67	6	276200
janifest	509658	380.53	36	273982
taysmcrr	509658	1711.25	8	273800
chrismelberger	509658	855.31	16	273699
KaiVtuber	509658	350.72	39	273562
musim_official	509658	1515.89	9	272860
MaryMaybe	509658	908.2	15	272460
vtwlb	509658	13597.0	1	271940
Tuppeeyy	509658	255.58	53	270915
Lobanjicaa	509658	1691.38	8	270621
PirateSoftware	509658	1350.8	10	270160
itslunaaura	509658	1122.58	12	269419
BullRacksin	509658	480.96	28	269338
KingSobe	509658	430.42	31	266860
InVain	509658	512.19	26	266339
CottontailVA	509658	2207.5	6	264900
jakenbakeLIVE	509658	529.64	25	264820
austinmcbroom	509658	4412.33	3	264740
MarshieVT	509658	550.96	24	264461
BayesiaNash	509658	399.36	33	263578
sonwabileovii	509658	438.4	30	263040
Bucklington	509658	1307.6	10	261520
THENIGELB	509658	466.86	28	261442
ARUUU	509658	465.68	28	260781
peterpark	509658	500.12	26	260062
toma	509658	444.97	29	258083
WINNINGBIKINI	509658	457.61	28	256262
R3DxVelvet	509658	533.21	24	255941
MakoFukasame	509658	472.56	27	255182
DragonSpit	509658	386.18	33	254879
watashinogamer	509658	407.81	31	252842
qfcro	509658	12592.0	1	251840
GabSmolders	509658	1257.1	10	251420
jessicakohh	509658	522.58	24	250838
mira004	509658	569.55	22	250602
BarbarousKing	509658	2062.33	6	247480
DeliverTheFood	509658	534.7	23	245962
gbxdb	509658	12208.0	1	244160
bootyswagga	509658	433.57	28	242799
Kandyland	509658	549.14	22	241622
theadammcintyre	509658	522.57	23	240382
ognhi	509658	11991.0	1	239820
Tyrone	509658	478.68	25	239340
izzyandalanna	509658	2391.2	5	239120
Taylien	509658	290.34	41	238079
heinzbaines_	509658	1693.43	7	237080
caughtbybk	509658	232.43	51	237079
shvfty__	509658	288.34	41	236439
GraceWitham	509658	358.0	33	236280
PixelDrinky	509658	437.48	27	236239
thatssoolauren	509658	327.72	36	235958
lagmasterpiece	509658	535.86	22	235778
Pieface23	509658	1065.91	11	234500
parkenharbor	509658	781.2	15	234360
xChocoBars	509658	1064.09	11	234100
Suto	509658	432.37	27	233480
chrisudalla	509658	339.56	34	230901
TommyKayLIVE	509658	884.85	13	230061
MBTYuGiOh	509658	884.0	13	229840
Chibu	509658	1039.73	11	228741
RobbyBerger	509658	1264.56	9	227621
girl__fighter	509658	630.11	18	226840
SpinusTV	509658	539.81	21	226720
BritBratTV	509658	628.61	18	226300
JERICHO	509658	749.27	15	224781
theatrinidad	509658	427.42	26	222258
Derapchu	509658	611.83	18	220259
Emiru247	509658	233.13	47	219142
RealArzell	509658	331.58	33	218843
빛베리	509658	905.17	12	217241
FCHWPO	509658	2705.75	4	216460
Cinemarxism	509658	306.06	35	214242
Shirahiko	509658	426.12	25	213060
DoubleToasted	509658	354.37	30	212622
Bawkbasoup	509658	1057.0	10	211400
wasabiicat	509658	301.83	35	211281
war_hamster6	509658	476.77	22	209779
KyleBosman	509658	574.44	18	206798
BtbDezzz	509658	736.93	14	206340
Develique	509658	426.25	24	204600
notdenims	509658	637.44	16	203981
athnessa	509658	248.17	41	203499
saweetheart	509658	240.74	42	202222
RaeLaveire	509658	773.23	13	201040
Jabroni_Mike	509658	1431.43	7	200400
Twitch	509658	1668.83	6	200260
EverythingNowShow	509658	332.87	30	199722
miia	509658	382.31	26	198801
Lucah	509658	382.04	26	198661
hgrjo	509658	9865.0	1	197300
TheNicoleT	509658	428.04	23	196898
beribug	509658	702.79	14	196781
kkatamina	509658	1089.44	9	196099
TinaKitten	509658	2448.0	4	195840
MarkusKing	509658	610.75	16	195440
Caxyhh	509658	541.11	18	194800
celebi_cos	509658	1076.67	9	193801
Meicha	509658	403.12	24	193498
AstralSpiff	509658	1575.33	6	189040
RanbooLive	509658	553.88	17	188319
DyaRikku	509658	724.23	13	188300
zachbealetv	509658	335.68	28	187981
iodiopt	509658	522.11	18	187960
iGumdrop	509658	1169.25	8	187080
CheeseLouise	509658	489.68	19	186078
Coach_H1	509658	281.18	33	185579
coolkidfrmbx	509658	488.0	19	185440
krypto_nat	509658	708.85	13	184301
sugarhillddotlive	509658	767.92	12	184301
Redshell	509658	762.33	12	182959
JakeWebber69	509658	761.67	12	182801
jameskibs	509658	1009.33	9	181679
BigHowellDawdy	509658	312.31	29	181140
LittleAznChat	509658	476.47	19	181059
Tig1k_	509658	360.44	25	180220
bashbunni	509658	497.11	18	178960
nickgstreams	509658	297.93	30	178758
Fufu	509658	496.06	18	178582
Sayu	509658	370.96	24	178061
wh3erz	509658	802.73	11	176601
chriscotterr	509658	549.06	16	175699
balenzay	509658	548.69	16	175581
Rosiiwun	509658	877.2	10	175440
remilianephys	509658	730.83	12	175399
KingGothalion	509658	1250.29	7	175041
OMGItsBirdman	509658	243.08	36	175018
gbln420	509658	795.0	11	174900
Sinuuki	509658	335.42	26	174418
cam2r	509658	1244.43	7	174220
Ms_Tricky	509658	393.91	22	173320
helenalive	509658	541.56	16	173299
Nogla	509658	453.26	19	172239
alinaarosee	509658	358.25	24	171960
CallieCalico	509658	286.47	30	171882
GamesCage	509658	428.65	20	171460
Ebiko	509658	534.25	16	170960
melibela	509658	443.53	19	168541
rynenzo	509658	763.91	11	168060
tylil	509658	8377.0	1	167540
jaystayup	509658	522.31	16	167139
meat	509658	490.06	17	166620
pumpkinpotion	509658	639.85	13	166361
Nosiiree	509658	332.6	25	166300
BLOU	509658	486.53	17	165420
NOMADI_	509658	549.8	15	164940
SocksBX	509658	293.64	28	164438
snuffy	509658	1170.0	7	163800
Dinah	509658	1364.83	6	163780
JonSandman	509658	303.15	27	163701
DizzyKitten	509658	908.89	9	163600
madeon	509658	1362.67	6	163520
DDG	509658	4051.5	2	162060
kelitarosita	509658	1618.2	5	161820
PotasticP	509658	402.75	20	161100
ZERODOIOFFICIAL	509658	535.13	15	160539
maisy	509658	348.61	23	160361
nbmts	509658	8005.0	1	160100
chefdevin7	509658	797.8	10	159560
TaigaxHolic	509658	379.52	21	159398
alekirser	509658	723.0	11	159060
Bolo	509658	376.9	21	158298
Nicoco	509658	649.67	12	155921
itmeJP	509658	864.56	9	155621
DJClancy	509658	1937.0	4	154960
mfnyh	509658	7710.0	1	154200
Vampykinz	509658	319.38	24	153302
octobherr	509658	206.65	37	152921
Senz	509658	446.94	17	151960
Shane_Hartline	509658	1887.0	4	150960
SYMBXL	509658	300.68	25	150340
Honey	509658	535.64	14	149979
Mars_Fortuna	509658	467.25	16	149520
AngelaOreo	509658	355.9	21	149478
CyYuVtuber	509658	619.58	12	148699
fromgoat9	509658	927.62	8	148419
Tobs	509658	570.77	13	148400
mimoontv	509658	618.17	12	148361
vwyck	509658	7411.0	1	148220
Preachlfw	509658	1234.0	6	148080
Kyrieirving	509658	1229.33	6	147520
Paryeet	509658	335.05	22	147422
quqco	509658	490.73	15	147219
Cewpins	509658	222.48	33	146837
donaCS	509658	917.25	8	146760
TonytheDuff	509658	333.14	22	146582
FreshZoneTV	509658	663.91	11	146060
fl0m	509658	1217.17	6	146060
SnootyDeath	509658	190.34	38	144658
elBokeron	509658	722.9	10	144580
rosiebellmoo	509658	449.44	16	143821
YugopnikTwitch	509658	378.42	19	143800
meowbuffy	509658	511.86	14	143321
aksually	509658	397.5	18	143100
nikkoortizzz	509658	474.67	15	142401
chiblee	509658	711.9	10	142380
Canniny	509658	237.0	30	142200
KingWoolz	509658	1774.0	4	141920
Lupac	509658	244.21	29	141642
Ninaninin	509658	707.9	10	141580
HeavenlyFather	509658	786.44	9	141559
STPeach	509658	1009.14	7	141280
babygirlmiza	509658	1007.43	7	141040
Conterstine	509658	435.88	16	139482
3MGLIVE	509658	224.97	31	139481
jacksfilms	509658	631.18	11	138860
Nadeshot	509658	2312.67	3	138760
Luke	509658	577.75	12	138660
MattMorseLIVE	509658	988.29	7	138361
Grizzy	509658	1383.6	5	138360
alexxcantdrive	509658	1724.75	4	137980
Sommerset	509658	860.0	8	137600
1microwavemax	509658	214.56	32	137318
Wangs	509658	245.21	28	137318
LexiGraham	509658	310.86	22	136778
OverEzEggs	509658	521.92	13	135699
notdailey	509658	521.92	13	135699
DashCamOwnersAus	509658	1130.33	6	135640
ujyli	509658	6751.0	1	135020
therealtianamusarra	509658	748.0	9	134640
MaxGGs	509658	560.25	12	134460
saps	509658	955.86	7	133820
NotDaBlack	509658	608.27	11	133819
JoCat	509658	473.57	14	132600
ayofatnap	509658	601.82	11	132400
KiddNation	509658	441.33	15	132399
Makari	509658	253.92	26	132038
SincerelyAurora	509658	659.0	10	131800
LuminusRed	509658	411.25	16	131600
misterhyde55	509658	821.75	8	131480
sennyk4	509658	386.65	17	131461
DGR_Dave	509658	597.09	11	131360
BreesKnees	509658	344.63	19	130959
notdebpark	509658	232.86	28	130402
JeanFaymas	509658	406.94	16	130221
centinolive	509658	1289.2	5	128920
DixeeChris	509658	238.33	27	128698
officialjaidynalexxis	509658	494.23	13	128500
ksAAA_	509658	319.65	20	127860
flarebahr	509658	290.14	22	127662
AdamPacitti	509658	455.07	14	127420
dima_wallhacks	509658	1590.5	4	127240
SmallFryz	509658	908.43	7	127180
Strippin	509658	1055.67	6	126680
Kamikaze_Shortbus	509658	527.83	12	126679
JaboodyShow	509658	633.2	10	126640
ohkatiemarie	509658	371.59	17	126341
TimTheTatman	509658	2105.67	3	126340
mdot_59	509658	700.89	9	126160
Velkyen	509658	572.55	11	125961
qzjys	509658	6262.0	1	125240
c8mxron21	509658	446.5	14	125020
tiffytimewwe	509658	1245.4	5	124540
kessandhan	509658	563.64	11	124001
BasilWoof	509658	1032.17	6	123860
uhSnow	509658	619.0	10	123800
BarleyTheBurr	509658	686.78	9	123620
KingSammelot	509658	1232.0	5	123200
SeeCatPlay	509658	437.29	14	122441
lunity	509658	304.15	20	121660
itsstephlee	509658	263.22	23	121081
ChelzorTheDestroyer	509658	242.04	25	121020
MysticLight	509658	548.45	11	120659
Sneegsnag	509658	663.11	9	119360
Shiphtur	509658	348.88	17	118619
ryaah	509658	538.64	11	118501
peedenisonline	509658	265.73	22	116921
KingKreas	509658	827.0	7	115780
Boosfer	509658	480.25	12	115260
Enable	509658	239.08	24	114758
BruceGreene	509658	1419.5	4	113560
derekgraz	509658	218.08	26	113402
AnnaDemetriou	509658	566.5	10	113300
yxlsalah	509658	625.78	9	112640
heyarcher_	509658	507.91	11	111740
TeosGame	509658	698.0	8	111680
joshtwoh	509658	232.58	24	111638
Shenpai	509658	504.18	11	110920
bashtheentertainer	509658	1108.2	5	110820
cloverrhouse	509658	1838.0	3	110280
sakurah	509658	290.21	19	110280
NekoElla	509658	786.43	7	110100
MissMercyy	509658	364.73	15	109419
ros3mnd	509658	680.75	8	108920
arthurtv	509658	776.0	7	108640
Ventress	509658	417.62	13	108581
kristinemaia	509658	236.0	23	108560
melina	509658	602.22	9	108400
LivAgar	509658	492.09	11	108260
noemi	509658	283.74	19	107821
ohKayBunny	509658	671.0	8	107360
CallMeCarsonLIVE	509658	411.92	13	107099
YoThatsEJ	509658	534.3	10	106860
bimten	509658	530.4	10	106080
sneakylol	509658	2626.0	2	105040
sana_is_lifee	509658	1312.75	4	105020
TheMrSark	509658	1747.67	3	104860
pomatomaster	509658	288.61	18	103900
p4perback	509658	572.11	9	102980
Apollolol	509658	367.43	14	102880
owengejuicetv	509658	853.5	6	102420
PMSJordan	509658	729.0	7	102060
poopernoodle	509658	506.9	10	101380
antunya	509658	460.55	11	101321
DrDonutttttt	509658	629.5	8	100720
MARYxLEEEE	509658	251.05	20	100420
DokiDoMiki	509658	499.6	10	99920
AdrianaChechik_	509658	713.29	7	99861
scott_fr33	509658	450.91	11	99200
ItsSky	509658	408.92	12	98141
ZylaVale	509658	408.33	12	97999
paidwayyto	509658	611.75	8	97880
hamikuro	509658	407.42	12	97781
Eden	509658	348.71	14	97639
Yuzu	509658	971.2	5	97120
HansumFella	509658	323.47	15	97041
RNSmeer	509658	210.22	23	96701
JoeFudge	509658	481.9	10	96380
CameramanPaul	509658	320.73	15	96219
ShyThembo	509658	267.17	18	96181
HollyRex	509658	683.57	7	95700
maimy	509658	956.6	5	95660
favorite	509658	206.74	23	95100
mochiyooni	509658	295.69	16	94621
AssistMeDoom	509658	248.58	19	94460
cassiabree	509658	214.14	22	94222
MOTHERv3	509658	522.56	9	94061
hotrodd	509658	313.53	15	94059
APlatypuss	509658	521.78	9	93920
Nadia	509658	775.83	6	93100
LuxieGames	509658	464.6	10	92920
neurodetergent	509658	185.44	25	92720
devincaherly	509658	463.1	10	92620
ArthurAbbott	509658	513.22	9	92380
Vanessa_Lopez_Official	509658	327.43	14	91680
julien	509658	914.6	5	91460
MujinOfficial	509658	412.09	11	90660
priprilapri	509658	301.13	15	90339
ThatMartinKidTV	509658	1502.0	3	90120
GhostySaige	509658	346.54	13	90100
MrLazerboy	509658	319.07	14	89340
hotspotstella	509658	260.65	17	88621
saucekill	509658	221.05	20	88420
Aliythia	509658	488.11	9	87860
andersonjph	509658	878.4	5	87840
Wolfsbanee	509658	292.47	15	87741
HamNCheddar	509658	365.25	12	87660
MataraKan	509658	875.6	5	87560
TubboLIVE	509658	1459.0	3	87540
MapleChicken	509658	242.67	18	87361
KanekoLumi	509658	726.17	6	87140
CorgiCam	509658	434.3	10	86860
CharlParkesx	509658	1083.25	4	86660
BASETRADETV	509658	206.05	21	86541
n0pants	509658	288.4	15	86520
dollblush	509658	432.4	10	86480
모르님_	509658	1072.5	4	85800
arii	509658	610.86	7	85520
mikecakezlive	509658	425.9	10	85180
ClutchGoneGaming	509658	234.61	18	84460
ghcoffee	509658	422.0	10	84400
bajiru_EN	509658	703.17	6	84380
Niyeko	509658	262.81	16	84099
laribug	509658	261.56	16	83699
mooni	509658	464.11	9	83540
SuperButterBuns	509658	347.92	12	83501
Katrine	509658	692.67	6	83120
ZONEsama	509658	243.94	17	82940
aceakers	509658	344.17	12	82601
ellum	509658	515.88	8	82541
gigi	509658	586.29	7	82081
LordAethelstan	509658	585.43	7	81960
Ashens	509658	372.27	11	81899
MusicSportsLifeLive	509658	371.18	11	81660
Onisuna	509658	674.0	6	80880
Pipi_Slayer	509658	446.33	9	80339
LuluLuvely	509658	1003.25	4	80260
PerriKaryal	509658	400.8	10	80160
Vio	509658	498.88	8	79821
bonniebonkers	509658	306.46	13	79680
HinaBoBina	509658	305.15	13	79339
giannirahh	509658	660.0	6	79200
imreallyimportant	509658	263.53	15	79059
Robbaz	509658	1306.67	3	78400
silverrruns	509658	434.78	9	78260
MagicMagyTv	509658	324.58	12	77899
EmjayPlayss	509658	1931.5	2	77260
badblando	509658	238.94	16	76461
studbudz	509658	545.29	7	76341
hpduketv	509658	950.75	4	76060
KristenLanae	509658	252.2	15	75660
BellaRamaTV	509658	1255.33	3	75320
5ive	509658	188.2	20	75280
jaxvtuber	509658	313.5	12	75240
WiThOuTdEv	509658	417.33	9	75119
steyeuh	509658	749.2	5	74920
Granny	509658	532.57	7	74560
rjeanlouis	509658	742.0	5	74200
InnocentElixir	509658	308.0	12	73920
day500champ1530	509658	263.0	14	73640
shooshimooshi	509658	613.67	6	73640
RareGangster	509658	282.23	13	73380
deskyy9000	509658	730.6	5	73060
SaraJazz	509658	329.91	11	72580
furiousfade	509658	517.43	7	72440
kristinadaniellexo	509658	603.5	6	72420
ClairaClover	509658	328.91	11	72360
ravenalternative	509658	451.38	8	72221
Shoomimi	509658	400.0	9	72000
xoDee	509658	224.94	16	71981
Blue_Squadron	509658	599.0	6	71880
kana	509658	275.23	13	71560
RinPenrose	509658	892.75	4	71420
veronika	509658	274.38	13	71339
nater4L	509658	252.57	14	70720
youngdabo	509658	505.14	7	70720
CelestiumArt	509658	441.75	8	70680
astoldbyindigo	509658	503.0	7	70420
Fariis47	509658	3513.0	1	70260
deepx58	509658	500.71	7	70099
Sethus	509658	290.67	12	69761
angie	509658	289.83	12	69559
badellzy	509658	316.09	11	69540
Louisa_Khovanski	509658	495.57	7	69380
HannahHyrule	509658	385.33	9	69359
shannonmais	509658	432.75	8	69240
vividlyVIVI	509658	346.2	10	69240
Datto	509658	690.6	5	69060
Hollywoodbrown5	509658	686.8	5	68680
Savii	509658	485.0	7	67900
Melizande	509658	260.62	13	67761
Yumi	509658	670.0	5	67000
TyKwonDoe	509658	257.38	13	66919
CuteDog_	509658	556.33	6	66760
SypherPK	509658	828.0	4	66240
missabs	509658	827.5	4	66200
Covent	509658	275.5	12	66120
blau	509658	329.4	10	65880
CinCinBear	509658	218.8	15	65640
InvaderVie	509658	466.57	7	65320
henemimi	509658	296.82	11	65300
drrilon	509658	813.5	4	65080
Merryweather	509658	406.25	8	65000
SantiZap	509658	809.25	4	64740
BasicallyIDoWrk	509658	461.0	7	64540
danioskam	509658	200.69	16	64221
AlodiaMarie	509658	212.4	15	63720
Stoopzz	509658	793.75	4	63500
ririgaki	509658	451.86	7	63260
itsyoyo808	509658	286.45	11	63019
wackawackamun	509658	314.1	10	62820
aikobliss	509658	348.33	9	62699
enotishka18	509658	446.71	7	62539
blairmclurkin	509658	781.5	4	62520
ster	509658	1042.0	3	62520
Birdyovo	509658	195.19	16	62461
wifeLLC	509658	194.69	16	62301
erobb221live	509658	442.43	7	61940
jadeworld888	509658	1548.0	2	61920
MiaMakesMusic	509658	238.15	13	61919
Nitya_Nil	509658	773.5	4	61880
t_jeff23	509658	383.75	8	61400
LNhistorian	509658	612.8	5	61280
KatAbughazaleh	509658	306.0	10	61200
Megaa	509658	234.23	13	60900
triciaisabirdy	509658	253.5	12	60840
dooby3D	509658	1506.5	2	60260
Sanchovies	509658	598.2	5	59820
Eomzo	509658	425.57	7	59580
FLAKO	509658	369.62	8	59139
Liam	509658	1473.0	2	58920
jennmcallister	509658	2930.0	1	58600
LeeshCapeesh	509658	243.92	12	58541
AshAlk	509658	963.0	3	57780
alanahpearce	509658	721.75	4	57740
DEMOLITION_D	509658	360.38	8	57661
jccaylen	509658	720.5	4	57640
reinoart	509658	179.44	16	57421
MOREPEZZ2XP	509658	203.57	14	57000
6elle	509658	351.5	8	56240
P1Ski	509658	310.11	9	55820
itsRegtoofunny	509658	273.5	10	54700
sreme	509658	210.23	13	54660
Voll	509658	386.71	7	54139
ToriOriane	509658	266.2	10	53240
kikiyomimiii	509658	532.2	5	53220
Frankiep423	509658	531.6	5	53160
ZombieCleo	509658	440.67	6	52880
August_Anomaly	509658	329.5	8	52720
Jennifer	509658	438.5	6	52620
CaRtOoNz	509658	656.75	4	52540
ClaRawrrXD	509658	291.11	9	52400
Lexy	509658	372.71	7	52179
SkillSpecs	509658	650.5	4	52040
iiizwerg	509658	371.57	7	52020
JCbackfire	509658	518.4	5	51840
Clarence_Nyc	509658	287.22	9	51700
alvert	509658	430.67	6	51680
AmeDoll	509658	212.92	12	51101
freyzplayz	509658	420.33	6	50440
skyhook	509658	251.6	10	50320
hrxnx	509658	2508.0	1	50160
MODCxz	509658	313.0	8	50080
UnsanityLIVE	509658	225.73	11	49661
Lumasva	509658	495.2	5	49520
harrisonsolomon	509658	617.25	4	49380
Wakibrine	509658	352.43	7	49340
Durrvish	509658	221.45	11	48719
hivise	509658	806.67	3	48400
smelly	509658	302.0	8	48320
deedge_live	509658	790.33	3	47420
Captain_Tubesocks	509658	474.0	5	47400
Thio	509658	294.88	8	47181
MadameDiablo	509658	294.25	8	47080
TommyYTz	509658	293.88	8	47021
MarysMilkMonsters	509658	293.25	8	46920
StephenGeorg	509658	334.14	7	46780
Cardboard_Cowboy	509658	233.4	10	46680
oddrey	509658	774.67	3	46480
kukuroneko	509658	463.2	5	46320
Harrie	509658	328.86	7	46040
caprisun	509658	382.0	6	45840
KiaraIRL	509658	254.44	9	45799
MarIsNotOkay	509658	379.83	6	45580
valerysnv7	509658	188.75	12	45300
canceliancarroll	509658	375.33	6	45040
ZChum	509658	280.62	8	44899
CRREAM	509658	746.0	3	44760
adpupuceshow_comptefan	509658	2237.0	1	44740
janix	509658	317.43	7	44440
ReefRuff	509658	316.86	7	44360
Ziggylata	509658	554.0	4	44320
meiya	509658	315.29	7	44141
RUNABYT3	509658	438.6	5	43860
CungusTTV	509658	243.44	9	43819
RYNxRYN	509658	310.86	7	43520
bouncing_angel	509658	362.0	6	43440
vadriss	509658	537.0	4	42960
TSO_Sage	509658	356.17	6	42740
CaptainSparklez	509658	355.5	6	42660
baddii	509658	235.78	9	42440
slater	509658	699.0	3	41940
itsKaiKai_	509658	418.6	5	41860
maccdannyyy	509658	298.43	7	41780
EfeMachala	509658	417.6	5	41760
Albino	509658	521.5	4	41720
TapInWitToot	509658	295.29	7	41341
Nalopia	509658	258.12	8	41299
bigbeno03	509658	412.4	5	41240
Lumituber	509658	342.33	6	41080
TaylorxHx	509658	509.75	4	40780
GenghisKon83	509658	254.25	8	40680
LynnUnlimited	509658	203.4	10	40680
ripkairah	509658	184.0	11	40480
bigclivedotcom	509658	503.25	4	40260
eaJPark	509658	251.12	8	40179
irelina_	509658	2006.0	1	40120
Teige2K	509658	497.5	4	39800
Rednu23	509658	281.71	7	39439
Xojas001	509658	657.0	3	39420
inksie	509658	328.17	6	39380
BIGSAM211	509658	1964.0	1	39280
Taylor_Jevaux	509658	980.5	2	39220
jeffgerstmann	509658	490.25	4	39220
souly_ch	509658	488.75	4	39100
KaileyMae	509658	322.0	6	38640
lilyhops	509658	319.67	6	38360
whisqey	509658	273.86	7	38340
Emstrogen	509658	636.33	3	38180
cweamcat	509658	629.33	3	37760
twitch509livee	509658	269.29	7	37701
JasmineXu007	509658	269.14	7	37680
Peeve	509658	267.86	7	37500
sincerelyLyn	509658	207.67	9	37381
brazybecca	509658	307.0	6	36840
MySnagger	509658	459.25	4	36740
AsianJeff	509658	458.75	4	36700
Montbarque	509658	303.67	6	36440
qyehf	509658	1822.0	1	36440
MinikoMew	509658	607.0	3	36420
hattiearm	509658	908.0	2	36320
xmassharkzz	509658	200.56	9	36101
TheBiggestTone	509658	300.67	6	36080
mrduckfist	509658	360.8	5	36080
ZachBussey	509658	599.0	3	35940
Onsta	509658	358.4	5	35840
Knotty	509658	447.75	4	35820
TBJZL	509658	893.5	2	35740
Fuzhpuzy	509658	296.83	6	35620
DrGluon	509658	443.75	4	35500
DigitalTrapGEM	509658	217.75	8	34840
estrimeer11	509658	289.83	6	34780
loxnp16	509658	434.75	4	34780
Carolinestormi	509658	289.33	6	34720
MissLalaVT	509658	191.44	9	34459
paybae	509658	215.25	8	34440
BraveNewFaves	509658	214.38	8	34301
king_auga	509658	567.33	3	34040
jacquelineeestreams	509658	339.6	5	33960
SigridAndBird	509658	281.33	6	33760
hellstxrs	509658	186.78	9	33620
SLE3PN_	509658	560.0	3	33600
VeryMuchSzn	509658	210.0	8	33600
nandre	509658	185.78	9	33440
floppyjimmie	509658	184.0	9	33120
PickleVT	509658	412.5	4	33000
SarahKey	509658	547.0	3	32820
expiresoon	509658	234.0	7	32760
Tenma	509658	543.33	3	32600
jellyhaeni	509658	203.62	8	32579
Bilal	509658	270.17	6	32420
HisOpticsLive	509658	809.5	2	32380
OMJess	509658	807.0	2	32280
babyhsu888	509658	322.0	5	32200
psychedeliacy	509658	401.0	4	32080
bunniemmie	509658	531.0	3	31860
AdamBomb	509658	199.0	8	31840
BooTheRat	509658	264.67	6	31760
catsen	509658	396.5	4	31720
Auroran_n	509658	196.75	8	31480
rencognito	509658	392.75	4	31420
daph	509658	259.67	6	31160
RyRyWorldTV	509658	172.44	9	31039
Getitleche	509658	516.67	3	31000
MashaD4	509658	309.8	5	30980
Nigelrovers	509658	774.0	2	30960
neikosamah	509658	220.14	7	30820
MODELMORG	509658	219.86	7	30780
NickDominates	509658	306.6	5	30660
KaoriLupine	509658	218.86	7	30640
MsDvil	509658	254.33	6	30520
Eastahh	509658	762.5	2	30500
MISSPBJ	509658	254.17	6	30500
PoopWitchX	509658	168.89	9	30400
Blair	509658	253.17	6	30380
tedious_dave	509658	754.5	2	30180
kcvzin	509658	251.17	6	30140
TeaWithMandy	509658	374.25	4	29940
bylanice	509658	495.0	3	29700
misa2	509658	244.33	6	29320
okelvis11	509658	292.2	5	29220
wenevergetyounger	509658	363.5	4	29080
Dexbonus	509658	363.0	4	29040
Bajo	509658	206.29	7	28881
eggspringroll	509658	240.67	6	28880
panchodoesitbetter	509658	360.25	4	28820
youney	509658	475.33	3	28520
Eilucat	509658	285.0	5	28500
Gatzbii	509658	356.0	4	28480
ZEUZ_0	509658	283.0	5	28300
DaddyManRice	509658	705.0	2	28200
arwinrahmany	509658	462.0	3	27720
foreignfridays	509658	456.33	3	27380
CDNThe3rd	509658	683.0	2	27320
marcrebillet	509658	677.0	2	27080
nahomiezephirin	509658	225.17	6	27020
PrimatePaige	509658	335.25	4	26820
ReaperKy7	509658	335.0	4	26800
Benjamin_Bucks	509658	223.17	6	26780
JackManifoldTV	509658	444.33	3	26660
pon4ik17666	509658	443.33	3	26600
Anthony_Kongphan	509658	265.0	5	26500
itzpinkice	509658	441.33	3	26480
MattyisTalking	509658	219.67	6	26360
one_supremee	509658	329.5	4	26360
Mykora	509658	164.38	8	26301
AmaLee	509658	657.5	2	26300
BUSHWHACK18	509658	437.67	3	26260
firedanza	509658	436.0	3	26160
trivitv	509658	435.33	3	26120
BODEGARRAT	509658	647.5	2	25900
hawkie	509658	258.6	5	25860
cnhvs	509658	1291.0	1	25820
websterfn	509658	429.0	3	25740
Stanz	509658	425.0	3	25500
gloomi	509658	424.0	3	25440
Sloot	509658	253.4	5	25340
Juicy	509658	315.5	4	25240
DeFrancoLive	509658	420.0	3	25200
Saiiren	509658	418.67	3	25120
justereacts12	509658	1255.0	1	25100
Shubble	509658	312.75	4	25020
AyyTrae	509658	249.6	5	24960
2s_Company	509658	621.5	2	24860
Wonni	509658	407.67	3	24460
thevalentinanappi	509658	406.67	3	24400
MarceCatfish	509658	173.86	7	24340
hackerling	509658	405.67	3	24340
MinyMontz	509658	602.0	2	24080
GordaoPD	509658	240.6	5	24060
Eeowna	509658	400.67	3	24040
aleks	509658	199.0	6	23880
snoozy	509658	298.0	4	23840
nothingb4kaiyo	509658	237.8	5	23780
LYRA	509658	294.75	4	23580
SkylordZoey	509658	1176.0	1	23520
Kitsunero	509658	391.0	3	23460
LileeKuma	509658	292.75	4	23420
BarefootTasha	509658	388.0	3	23280
spicyuuu	509658	582.0	2	23280
yami_club	509658	288.5	4	23080
therealbigfather	509658	576.0	2	23040
yaboyyywill	509658	285.75	4	22860
babyking456789	509658	379.33	3	22760
Bisscute	509658	378.67	3	22720
prezoh	509658	226.8	5	22680
LotusAsakura	509658	188.83	6	22660
summyahmarie	509658	377.33	3	22640
intellegintt	509658	281.25	4	22500
mafiathontv_	509658	1125.0	1	22500
pierre_edoolove	509658	280.25	4	22420
1Poxe	509658	184.83	6	22180
KrustyVlogs	509658	274.0	4	21920
RoraKyun	509658	182.33	6	21880
niwenwen	509658	364.67	3	21880
ActualJake	509658	181.67	6	21800
Aesdr	509658	180.83	6	21700
TmoneyHendriixx	509658	180.67	6	21680
tiny_karo	509658	360.67	3	21640
KingOfLightningGaming	509658	357.33	3	21440
vljqw	509658	1071.0	1	21420
Kruzadar	509658	534.5	2	21380
AliAnimus	509658	266.75	4	21340
FESTlM	509658	531.0	2	21240
countdragons	509658	264.75	4	21180
mida123457	509658	264.75	4	21180
miyana	509658	211.4	5	21140
Blinkx_	509658	528.0	2	21120
restlysss	509658	351.33	3	21080
Juggsterrr	509658	262.5	4	21000
BigIraq	509658	348.67	3	20920
jhinxx	509658	348.33	3	20900
dokibird	509658	1035.0	1	20700
SAVEHYMN	509658	344.67	3	20680
babyrich1k	509658	254.75	4	20380
Rinuyii	509658	254.25	4	20340
whoajaco	509658	508.5	2	20340
JaydenB_9	509658	1014.0	1	20280
emilyywang	509658	505.5	2	20220
TiagoNWG	509658	252.25	4	20180
Ikumi	509658	252.0	4	20160
kanirosi	509658	199.4	5	19940
FiaTheGemini	509658	328.33	3	19700
LorChubby	509658	196.6	5	19660
xtpty	509658	982.0	1	19640
AllieStephens	509658	244.0	4	19520
Edline97	509658	242.5	4	19400
Cirno_TV	509658	481.0	2	19240
Yoclesh	509658	479.5	2	19180
mehlteds	509658	191.6	5	19160
TATIANACHANELL	509658	190.4	5	19040
Bubbell	509658	474.5	2	18980
stoopzzirl	509658	474.0	2	18960
Sonoket	509658	315.0	3	18900
littlesiha	509658	471.5	2	18860
toethumbtty	509658	235.75	4	18860
KaraCorvus	509658	469.0	2	18760
ChelseaBytes	509658	468.0	2	18720
ZAYGTM	509658	232.5	4	18600
ITzJIGGYYYY	509658	920.0	1	18400
flemgodthegreat	509658	182.6	5	18260
rickypeacock	509658	295.0	3	17700
Eros	509658	439.0	2	17560
SOZZLEPOPP	509658	438.5	2	17540
ICKYstreams	509658	438.0	2	17520
uplea1047	509658	872.0	1	17440
nataliecuomo	509658	435.5	2	17420
DrewCurtis	509658	431.5	2	17260
kingwess94	509658	286.67	3	17200
OOKVOID	509658	171.8	5	17180
mollyjcook	509658	429.0	2	17160
CUTEFREAK_	509658	425.0	2	17000
kwistina	509658	282.33	3	16940
fruity	509658	417.0	2	16680
HaleyTheMartian	509658	277.33	3	16640
OkDipStick	509658	206.75	4	16540
BeanDip	509658	821.0	1	16420
Rarri	509658	163.8	5	16380
Bastila	509658	272.67	3	16360
onyohan	509658	204.5	4	16360
davreltv	509658	272.0	3	16320
billzo	509658	405.0	2	16200
goddess4k	509658	269.33	3	16160
ellievandeel	509658	266.33	3	15980
A1phaChino	509658	265.67	3	15940
Autumnmello	509658	265.33	3	15920
ritaglitch	509658	265.33	3	15920
YomiQuinnley	509658	397.0	2	15880
chrchie	509658	397.0	2	15880
Elara	509658	396.0	2	15840
JiosukeJio	509658	396.0	2	15840
yourlunaeria	509658	790.0	1	15800
RawrReeXD	509658	197.0	4	15760
demisux	509658	196.5	4	15720
CashNastyGaming	509658	784.0	1	15680
KeeruhhPlays	509658	260.33	3	15620
theconnorobrien	509658	388.5	2	15540
mandamireu	509658	194.0	4	15520
willesage	509658	193.75	4	15500
LisasChillin	509658	193.25	4	15460
Stella	509658	256.0	3	15360
pikat	509658	383.5	2	15340
cind	509658	381.0	2	15240
JaelandGB	509658	253.33	3	15200
Kureepy	509658	189.75	4	15180
xau_xy	509658	189.0	4	15120
GassyMexican	509658	755.0	1	15100
NyyBeat	509658	250.33	3	15020
vlad_ncl	509658	370.0	2	14800
Redify	509658	369.5	2	14780
dsav1x	509658	739.0	1	14780
SunnySplosion	509658	368.0	2	14720
YFUBABY	509658	367.0	2	14680
billygoat	509658	181.25	4	14500
Frescoskillz	509658	180.0	4	14400
aimsey	509658	360.0	2	14400
itsInaYu	509658	716.0	1	14320
RayKhay	509658	238.0	3	14280
theneltwins	509658	354.5	2	14180
Starfmodel	509658	354.0	2	14160
luvstruck	509658	235.67	3	14140
elguru2025	509658	175.75	4	14060
KFG_Moosesasaurus	509658	233.67	3	14020
emzberry	509658	348.0	2	13920
lesagesinging	509658	696.0	1	13920
OfficialMaxtern	509658	347.5	2	13900
VickiValiant	509658	346.0	2	13840
angelxoxo	509658	230.67	3	13840
ynlgeo	509658	230.67	3	13840
xpro1232	509658	344.5	2	13780
aaasunrise	509658	339.5	2	13580
itz_reported	509658	337.5	2	13500
mausleeps	509658	224.67	3	13480
DoctorDeath	509658	335.5	2	13420
kashnycc	509658	167.0	4	13360
weenqueens	509658	221.33	3	13280
Plumy_	509658	331.5	2	13260
NotQuiteLikeDuB	509658	328.0	2	13120
brialexiaa	509658	325.5	2	13020
catalixia	509658	217.0	3	13020
KittyRawr	509658	325.0	2	13000
rudebets	509658	322.5	2	12900
ARiS_ZBB	509658	640.0	1	12800
ItsGibz	509658	213.33	3	12800
fakegeoff	509658	320.0	2	12800
KhazHollows	509658	212.33	3	12740
toniisaur	509658	211.33	3	12680
sailor	509658	311.5	2	12460
Matimi0	509658	618.0	1	12360
Loserfruit	509658	616.0	1	12320
Queenbee	509658	205.0	3	12300
CamOnTheCob	509658	609.0	1	12180
Bricky	509658	606.0	1	12120
AngelMelly	509658	199.0	3	11940
ultradan_	509658	594.0	1	11880
Pekoe_Boo	509658	197.33	3	11840
Ohgawdkate	509658	196.67	3	11800
imPheetus	509658	294.5	2	11780
JusW8_	509658	291.0	2	11640
MissTazzie	509658	193.33	3	11600
NoHaileeNo	509658	287.0	2	11480
winndago	509658	287.0	2	11480
perl	509658	286.0	2	11440
Carter	509658	285.0	2	11400
Sword4000	509658	569.0	1	11380
JenaUrf	509658	282.5	2	11300
MistressMayhemmm	509658	278.5	2	11140
香椎	509658	184.0	3	11040
PastaroniRavioli	509658	275.5	2	11020
AshtonMarten	509658	547.0	1	10940
KoraaAura	509658	273.5	2	10940
snugzone	509658	182.33	3	10940
theerickkhan	509658	273.0	2	10920
Vidyabum	509658	179.0	3	10740
maisielynnie	509658	267.0	2	10680
actualGordonKeith	509658	266.0	2	10640
PeachMilky	509658	265.5	2	10620
dooderVO	509658	176.67	3	10600
SERVOS_	509658	527.0	1	10540
Tiddlesz	509658	261.5	2	10460
kaiyo	509658	261.5	2	10460
Boggles	509658	174.0	3	10440
PlayitShady	509658	260.0	2	10400
queyoueye	509658	259.5	2	10380
breebunn	509658	510.0	1	10200
skeleharpy	509658	255.0	2	10200
Lanfear_vr	509658	166.33	3	9980
shiryaevstream	509658	499.0	1	9980
auger	509658	244.0	2	9760
FiFiGoesRee	509658	486.0	1	9720
EliaStellaria	509658	240.0	2	9600
CrunchySunflower	509658	236.5	2	9460
Mewmelodys	509658	229.0	2	9160
duc_fishyx69	509658	457.0	1	9140
Gigiibun	509658	228.0	2	9120
CHEAPE	509658	453.0	1	9060
Varidetta	509658	226.5	2	9060
GoofGuy	509658	224.0	2	8960
bugorpro	509658	445.0	1	8900
wilhelminafrost	509658	221.0	2	8840
RorschachFox	509658	218.0	2	8720
1206paul_	509658	434.0	1	8680
MafiathonTV	509658	432.0	1	8640
tannerbot2	509658	216.0	2	8640
duckiecos	509658	430.0	1	8600
lucia	509658	428.0	1	8560
LawlessJane	509658	424.0	1	8480
kumogorogoro	509658	211.5	2	8460
tqihh	509658	423.0	1	8460
Fasffy	509658	211.0	2	8440
RussoRpOficial	509658	418.0	1	8360
1800johan	509658	207.5	2	8300
HateCaps	509658	414.0	1	8280
ItsCayYay	509658	206.0	2	8240
RickyBerwick	509658	206.0	2	8240
yenkoes	509658	411.0	1	8220
Legundo	509658	408.0	1	8160
ChonkyLotus	509658	203.5	2	8140
skaijackson	509658	403.0	1	8060
tnickelss	509658	402.0	1	8040
nezoshoki	509658	200.0	2	8000
elgato	509658	398.0	1	7960
ycmdono	509658	397.0	1	7940
LacedUpLauren	509658	198.0	2	7920
Jabbyx3	509658	394.0	1	7880
Jozukai	509658	195.5	2	7820
aycapy	509658	391.0	1	7820
ColetteCherry	509658	195.0	2	7800
LUSKIILOU	509658	194.5	2	7780
PiepersPlace	509658	194.5	2	7780
NatalieRoush	509658	388.0	1	7760
Sorrey	509658	383.0	1	7660
Klickfrm40	509658	190.5	2	7620
AndreiaHerz	509658	189.0	2	7560
emeraldcabbage	509658	189.0	2	7560
SavinTheBees	509658	376.0	1	7520
Whi8Z	509658	187.5	2	7500
PsyPho	509658	186.5	2	7460
Thorlar	509658	373.0	1	7460
TylerMcVicker	509658	373.0	1	7460
AlsoMij	509658	183.5	2	7340
TheGeekEntry	509658	366.0	1	7320
musamusicroom2	509658	361.0	1	7220
MEOWDALYN	509658	179.5	2	7180
Viperous	509658	179.5	2	7180
pazzeh_10	509658	357.0	1	7140
BioticNova	509658	178.0	2	7120
NateHill	509658	355.0	1	7100
jenny	509658	355.0	1	7100
Amaz	509658	354.0	1	7080
T1mmyknowsball	509658	348.0	1	6960
lolmunchkin	509658	348.0	1	6960
bands	509658	173.5	2	6940
princessmariaaaaa	509658	347.0	1	6940
TheGawd	509658	172.5	2	6900
Alfhilde	509658	338.0	1	6760
yvan477	509658	337.0	1	6740
spoopykitt	509658	329.0	1	6580
libtron	509658	327.0	1	6540
JoJoThaMoFo	509658	326.0	1	6520
Louu	509658	326.0	1	6520
5binary	509658	325.0	1	6500
GotGames_TB	509658	323.0	1	6460
Kwoli	509658	323.0	1	6460
Kyokeru	509658	323.0	1	6460
Snamwiches	509658	323.0	1	6460
thepurg4_ttv	509658	323.0	1	6460
Jovan_Bradley	509658	319.0	1	6380
MaliceEvermore	509658	319.0	1	6380
NickiTaylor	509658	315.0	1	6300
urnisa_	509658	314.0	1	6280
HatFilms	509658	309.0	1	6180
Nicktacula	509658	303.0	1	6060
ms5000watts	509658	299.0	1	5980
EllenViking	509658	297.0	1	5940
avee2020	509658	297.0	1	5940
Kayfloppa	509658	292.0	1	5840
MauriNNW	509658	290.0	1	5800
jrizz9	509658	284.0	1	5680
antonychenn	509658	282.0	1	5640
MoneyMakingSwerv	509658	281.0	1	5620
almuharebq8	509658	276.0	1	5520
DuwiEXE	509658	273.0	1	5460
hales	509658	273.0	1	5460
crawfordcollins	509658	271.0	1	5420
johnnieguilbert	509658	270.0	1	5400
TiggyRayray	509658	269.0	1	5380
Velion	509658	269.0	1	5380
tyongeee	509658	268.0	1	5360
orangeisborange	509658	265.0	1	5300
kaylieuh	509658	264.0	1	5280
saintvicious	509658	264.0	1	5280
KloeKroc	509658	263.0	1	5260
BibiBiscuitCh	509658	261.0	1	5220
ShadesOfNate	509658	260.0	1	5200
Xlice	509658	257.0	1	5140
AiCandii	509658	255.0	1	5100
blondedaze	509658	252.0	1	5040
MandemJC12	509658	248.0	1	4960
whiptrax	509658	248.0	1	4960
ArisaNoonish	509658	245.0	1	4900
E11ysa	509658	242.0	1	4840
jacquesynessainvil	509658	238.0	1	4760
necronival	509658	234.0	1	4680
thekidbeasty	509658	234.0	1	4680
annajay99	509658	227.0	1	4540
ElainaExe	509658	223.0	1	4460
Ciri	509658	222.0	1	4440
Gabriel_Warburton	509658	221.0	1	4420
daaydiorr	509658	221.0	1	4420
CharlyXSP	509658	219.0	1	4380
jiabread	509658	218.0	1	4360
kichike	509658	218.0	1	4360
VardanAntonyan	509658	217.0	1	4340
APLFisher	509658	216.0	1	4320
CamLoso	509658	214.0	1	4280
taderbtw	509658	214.0	1	4280
0f9v	509658	213.0	1	4260
KashCarbon	509658	213.0	1	4260
moneyyaya00	509658	212.0	1	4240
destinyfomo	509658	211.0	1	4220
kyufb34	509658	207.0	1	4140
Bonberri	509658	205.0	1	4100
JellyStara	509658	205.0	1	4100
Vortexinator_	509658	205.0	1	4100
dudfail	509658	205.0	1	4100
Punkinpai	509658	204.0	1	4080
theunclejoeshow	509658	199.0	1	3980
My_1st_Kill	509658	197.0	1	3940
ecto	509658	197.0	1	3940
mookie	509658	196.0	1	3920
ElevenZ	509658	193.0	1	3860
NioBaits	509658	192.0	1	3840
BeezyNYC	509658	191.0	1	3820
LouisMontilus	509658	191.0	1	3820
cusac50	509658	191.0	1	3820
HossOnTwitch	509658	188.0	1	3760
5ivereactzzz	509658	187.0	1	3740
froggyhoppins	509658	187.0	1	3740
SuppyColleen	509658	185.0	1	3700
ElinaJasmin	509658	182.0	1	3640
hugue2025	509658	182.0	1	3640
Baywitched	509658	181.0	1	3620
shell0	509658	180.0	1	3600
lilbbtrashcan	509658	179.0	1	3580
Chronic	509658	178.0	1	3560
InariReiju	509658	178.0	1	3560
leezi	509658	178.0	1	3560
ricopico	509658	177.0	1	3540
jbandzy	509658	176.0	1	3520
zowcz01	509658	176.0	1	3520
Foearies	509658	173.0	1	3460
CeciHime	509658	172.0	1	3440
cfmgk41	509658	172.0	1	3440
godswilltrillions	509658	172.0	1	3440
MissPurple	509658	170.0	1	3400
lululasso	509658	169.0	1	3380
Sharkie	509658	168.0	1	3360
nojnm73	509658	168.0	1	3360
LosDondada	509658	166.0	1	3320
saisette_rnmsn	509658	159.0	1	3180
rkwnp04	509658	156.0	1	3120
APXVl	509658	155.0	1	3100
taehoongie	509658	155.0	1	3100
oleboyricks	509658	152.0	1	3040
btwclaww	509658	37.0	1	740
faxuty	33214	14043.12	74	20783818
AussieAntics	33214	9222.74	105	19367754
TypicalGamer	33214	3755.61	153	11492167
HappyHappyGal	33214	4635.75	114	10569510
Clix	33214	6602.42	66	8715194
CoachBoop	33214	2478.93	88	4362917
MrSavage	33214	3443.35	52	3581084
Oatley	33214	1104.19	135	2981313
Loeya	33214	1329.27	105	2791467
Thiefs	33214	747.59	168	2511902
NayrSlayr	33214	3958.53	30	2375118
Higgs	33214	1417.08	71	2012254
Alixxa	33214	17023.6	5	1702360
Mongraal	33214	1565.41	54	1690643
HappyHappyGal_VOD	33214	348.94	232	1619082
SkyGuy	33214	2342.65	23	1077619
Dakotaz	33214	739.09	69	1019944
GoatR2	33214	695.53	68	945921
kyanafit	33214	319.38	146	932590
Risezd	33214	2493.72	18	897739
toaststix	33214	260.01	167	868433
Allyy	33214	1968.27	22	866039
2xRaKai	33214	21536.5	2	861460
HeadShotChick	33214	608.16	69	839261
Eomzo	33214	650.27	62	806335
Sommerset	33214	783.6	48	752256
velofps	33214	606.16	61	739515
sparkles_qt	33214	466.0	78	726960
Bloodx	33214	803.93	45	723537
buckefps	33214	940.42	38	714719
Ventress	33214	412.94	86	710257
toxicblonde	33214	484.86	73	707896
Abgxlina	33214	402.0	85	683400
BeanDip	33214	2427.43	14	679680
Makeouthill	33214	490.78	67	657645
Khanada_	33214	758.45	42	637098
TheGrappleGirl	33214	969.41	32	620422
Zemie	33214	693.12	43	596083
bushszn	33214	389.81	72	561326
Smacko	33214	314.65	89	560077
Crackly	33214	476.62	53	505217
NickEh30	33214	1032.0	23	474720
Prospering	33214	423.37	52	440305
CeeSlay	33214	430.48	50	430480
RuflessCat	33214	383.05	56	429016
hotrodd	33214	312.15	65	405795
oceDEXX	33214	389.69	52	405278
OliverOG	33214	337.8	55	371580
JacobMvPR	33214	1264.71	14	354119
SypherPK	33214	963.33	18	346799
chrismelberger	33214	770.32	22	338941
Replays	33214	424.66	38	322742
NoahWPlays	33214	286.14	56	320477
Loserfruit	33214	506.84	31	314241
HydraSZN	33214	257.82	56	288758
Swearin	33214	450.52	31	279322
yfwNJ	33214	216.45	60	259740
venofn	33214	947.31	13	246301
calmkiko_	33214	419.96	25	209980
thechichallenge	33214	247.49	41	202942
Plalism	33214	291.21	34	198023
pinqeu	33214	569.29	17	193559
Merytz	33214	811.2	10	162240
Jayse1x	33214	482.06	16	154259
brinziez	33214	587.85	13	152841
kbmrapid	33214	469.94	16	150381
vergofn_	33214	2499.0	3	149940
Taacts	33214	251.31	29	145760
ClixOffline	33214	401.44	18	144518
justfoxii	33214	464.13	15	139239
WhatifJulia	33214	578.25	12	138780
obkatiekat	33214	966.43	7	135300
Drizzi	33214	318.52	21	133778
Suzooiey	33214	737.89	9	132820
GamingNanna	33214	381.81	16	122179
RichHomieQuinn	33214	438.77	13	114080
beneemusic	33214	1112.0	5	111200
fanfan	33214	1081.0	5	108100
Grxnt	33214	434.42	12	104261
AsianJeff	33214	359.71	14	100719
TrailerMark	33214	627.5	8	100400
OatleyOffline	33214	387.5	12	93000
Curve1x	33214	428.3	10	85660
Summy	33214	249.38	16	79802
wehoopinx	33214	729.4	5	72940
cobraxz	33214	218.2	15	65460
lastwtw	33214	1021.33	3	61280
chillvibez_42	33214	301.5	10	60300
nataliecuomo	33214	268.45	11	59059
Chica	33214	976.0	3	58560
TheNicoleT	33214	477.17	6	57260
Kaceytron	33214	395.14	7	55320
Kdog_	33214	338.88	8	54221
ZDog	33214	212.58	12	51019
bored_and_braindead	33214	474.0	5	47400
teekfnx	33214	768.33	3	46100
Bewitching	33214	371.33	6	44560
Reet	33214	439.8	5	43980
Zeusy	33214	727.0	3	43620
Klutchshot	33214	198.09	11	43580
oliveroglive	33214	310.86	7	43520
lordpainify	33214	541.75	4	43340
Electrofv	33214	351.67	6	42200
BIGSAM211	33214	2006.0	1	40120
fncooperbr	33214	1992.0	1	39840
itsvicterv	33214	488.0	4	39040
fishstickzb	33214	173.27	11	38119
johtsu	33214	269.43	7	37720
GP_TV	33214	310.0	6	37200
adpupuceshoww	33214	1812.0	1	36240
duhsonva	33214	290.17	6	34820
Petrov	33214	280.67	6	33680
ZAYGTM	33214	228.29	7	31961
TSM_TheOddOne	33214	227.43	7	31840
Ship	33214	397.5	4	31800
yvonnie	33214	514.0	3	30840
Peterbot247Official	33214	308.0	5	30800
rawdogmoon	33214	748.5	2	29940
hankstergirl	33214	498.67	3	29920
stephh_xo32	33214	204.71	7	28659
Teige2K	33214	457.67	3	27460
megabearhugs	33214	432.67	3	25960
exoticshey	33214	241.2	5	24120
FCHQio	33214	293.0	4	23440
SudoFTW	33214	193.5	6	23220
kahhma	33214	290.0	4	23200
VeryMuchSzn	33214	208.8	5	20880
ultradan_	33214	1039.0	1	20780
Maiki	33214	339.33	3	20360
Samanfnt	33214	505.0	2	20200
ezzupp	33214	462.5	2	18500
chromuchromu	33214	460.0	2	18400
lolmunchkin	33214	446.0	2	17840
tedious_dave	33214	292.0	3	17520
jbfyungin23	33214	435.0	2	17400
2xBrando	33214	286.67	3	17200
Muzz	33214	283.33	3	17000
CAPONESKI2K	33214	209.25	4	16740
aircool	33214	227.33	3	13640
Tiddlesz	33214	324.0	2	12960
tannerbot2	33214	212.0	3	12720
JalensWorld_	33214	308.0	2	12320
Acai	33214	201.67	3	12100
zxriina	33214	199.0	3	11940
jankyrondo	33214	593.0	1	11860
AdamBomb	33214	183.0	3	10980
jaystayup	33214	532.0	1	10640
volx	33214	174.67	3	10480
canezerraa	33214	461.0	1	9220
Reiigning	33214	211.0	2	8440
OShakOnIG	33214	210.5	2	8420
kxrr0	33214	416.0	1	8320
rMizeryTV	33214	406.0	1	8120
booman2012	33214	387.0	1	7740
outdanett	33214	192.5	2	7700
jojo4real21	33214	365.0	1	7300
YoYoSavageMike	33214	363.0	1	7260
tmktgaming	33214	360.0	1	7200
mikeyy_8311	33214	175.0	2	7000
Paryeet	33214	335.0	1	6700
Maddynf	33214	333.0	1	6660
MulletMace	33214	316.0	1	6320
peterpark	33214	308.0	1	6160
2clt	33214	289.0	1	5780
xavierfv_	33214	286.0	1	5720
maisielynnie	33214	260.0	1	5200
paybae	33214	248.0	1	4960
RayBankrollTTV_	33214	242.0	1	4840
PlutoV2	33214	230.0	1	4600
banthony	33214	222.0	1	4440
twunti	33214	221.0	1	4420
0f9v	33214	208.0	1	4160
xavifv1	33214	203.0	1	4060
NickEh30_VODs	33214	199.0	1	3980
worthyy	33214	191.0	1	3820
JayMewes	33214	190.0	1	3800
Jxsn	33214	185.0	1	3700
Callen_Dono	33214	177.0	1	3540
Doniee	33214	169.0	1	3380
Hectic	33214	168.0	1	3360
thanksinternet	33214	159.0	1	3180
NizarPK	33214	156.0	1	3120
Kaysan	32982	6108.43	94	11483848
PENTA	32982	3729.24	131	9770609
OfficerMesser	32982	3934.31	61	4799858
Zoomaa	32982	3083.81	58	3577220
Timmac	32982	645.07	262	3380167
Shotz	32982	1143.86	133	3042668
hpduketv	32982	928.58	159	2952884
kyle	32982	1454.55	99	2880009
Vader	32982	1030.74	136	2803613
Spaceboy	32982	1527.63	89	2719181
Octane	32982	645.07	146	1883604
TeeGrizzley	32982	3330.61	28	1865142
DGthe99	32982	1286.49	70	1801086
indiyababy	32982	369.11	227	1675759
dek_eiei	32982	985.81	78	1537864
jaystayup	32982	730.08	97	1416355
vadriss	32982	562.77	123	1384414
BigIraq	32982	386.01	163	1258393
Nakkida	32982	690.97	87	1202288
carmen	32982	630.17	95	1197323
Chatterbox	32982	1376.0	42	1155840
Sentry	32982	450.09	117	1053211
BobbyRayGray	32982	974.78	54	1052762
levitatingkitty	32982	394.21	116	914567
Pepe_The_Rarest	32982	451.09	101	911202
Bazza	32982	654.57	65	850941
qaymichael	32982	310.25	134	831470
paypay	32982	422.07	97	818816
minky	32982	338.82	120	813168
Tyrone	32982	814.51	45	733059
Crystalst	32982	268.43	136	730130
Thio	32982	637.02	56	713462
TehJamJar	32982	361.41	96	693907
Emstrogen	32982	798.33	43	686564
curvyelephant	32982	527.59	61	643660
funnymike	32982	1542.55	20	617020
sashagrey	32982	894.15	33	590139
TheChad_Wick	32982	478.38	53	507083
CrazyCasey	32982	294.29	83	488521
baeeblaze	32982	276.97	87	481928
mikfoolery	32982	422.68	57	481855
MrMoonsHouse	32982	916.27	26	476460
ImBlade	32982	312.68	76	475274
choppersakurada	32982	765.43	30	459258
sifuRP	32982	391.47	57	446276
Prozy	32982	434.39	51	443078
Moosebrother	32982	459.58	48	441197
Decipherr	32982	373.63	57	425938
youney	32982	438.0	46	402960
birthdaydys	32982	506.1	39	394758
Reginald	32982	2444.62	8	391139
Timmy2Cans	32982	651.8	30	391080
JalensWorld_	32982	567.41	34	385839
jankyrondo	32982	632.59	29	366902
itsbanhammer	32982	479.61	38	364504
BigDrowZy	32982	506.84	32	324378
paybae	32982	219.6	72	316224
Methodz	32982	598.56	25	299280
PSP1G	32982	1244.67	12	298721
4Suvy	32982	310.92	48	298483
Lovinurstyle	32982	364.5	40	291600
shvfty__	32982	346.37	38	263241
PAYDROwlts	32982	314.07	41	257537
xrongocrazy	32982	255.96	49	250841
uhSnow	32982	593.62	21	249320
EXT9ND	32982	1768.71	7	247619
Joey_JKU	32982	283.0	43	243380
kelo	32982	1511.62	8	241859
JoblessGarrett	32982	473.16	25	236580
Smithers	32982	366.44	32	234522
ellum	32982	523.68	22	230419
Stokes	32982	1248.0	9	224640
ikeepitsoreall	32982	196.52	56	220102
CouRageJD	32982	467.05	22	205502
Lupac	32982	324.93	30	194958
Hollywoodbrown5	32982	747.08	13	194241
grandtheftdiaz	32982	438.95	22	193138
AlexMasonGaming	32982	276.88	34	188278
Enable	32982	313.28	29	181702
SheedFE	32982	251.57	35	176099
TssWukii	32982	382.65	23	176019
enityv	32982	252.03	33	166340
DeputySmitty	32982	281.34	29	163177
bendejo_45	32982	260.13	31	161281
itsRegtoofunny	32982	315.64	25	157820
itz_reported	32982	487.5	16	156000
fukversace	32982	197.76	37	146342
baccendsbanned	32982	253.04	26	131581
Benjamin_Bucks	32982	256.54	24	123139
ghostlifestyle	32982	1220.0	5	122000
TheJooseMan	32982	272.76	21	114559
mitdamm	32982	277.0	20	110800
Sunni	32982	282.32	19	107282
yfwNJ	32982	218.96	24	105101
iittssssangel	32982	208.76	25	104380
kumanzylivee	32982	266.32	19	101202
LBMM	32982	333.93	15	100179
DarkViperAU	32982	543.11	9	97760
charli	32982	267.56	18	96322
frahski	32982	203.48	23	93601
Pred	32982	463.4	10	92680
TreiZer0	32982	315.57	14	88360
natalie_gabrielle	32982	242.33	18	87239
realogcassie	32982	184.04	23	84658
0f9v	32982	208.55	20	83420
Yumi	32982	661.83	6	79420
Bebahan	32982	981.0	4	78480
gloksta	32982	3893.0	1	77860
nyc_mason	32982	186.55	20	74620
Fosidy	32982	204.72	18	73699
hogshund	32982	402.0	9	72360
wyoaj1	32982	206.41	17	70179
sg3860	32982	243.43	14	68160
1Poxe	32982	207.0	16	66240
xFullyContested	32982	203.5	16	65120
TheBoiSantana	32982	224.14	14	62759
BadGalShay	32982	173.17	18	62341
JohnnySmokes	32982	497.83	6	59740
vonnoff1700tg	32982	211.5	14	59220
youngunnamed	32982	468.0	6	56160
C0urtesyflush32	32982	278.4	10	55680
DBoyFromThe8	32982	184.27	15	55281
Ai_Zan	32982	167.0	16	53440
jinsoul_w	32982	525.0	5	52500
realritex	32982	204.42	12	49061
therealbigfather	32982	604.25	4	48340
Tehsi	32982	219.18	11	48220
likeenaa	32982	199.08	12	47779
BeezyNYC	32982	180.38	13	46899
BurtsBeat	32982	467.2	5	46720
Itz_Dro_	32982	229.8	10	45960
toxxicitee	32982	569.5	4	45560
LonzoRP	32982	322.71	7	45179
P1Ski	32982	449.6	5	44960
MTR_humble	32982	217.9	10	43580
NateKarama	32982	257.75	8	41240
v6nas	32982	205.8	10	41160
1kenzooooo	32982	170.33	12	40879
GP_TV	32982	276.14	7	38660
thatblasiangirl	32982	475.25	4	38020
KayShomi	32982	232.62	8	37219
TreyJenk	32982	433.5	4	34680
luhkbaccend	32982	211.12	8	33779
babysleezy23	32982	185.56	9	33401
BananaDuck	32982	415.0	4	33200
Ricci	32982	1655.0	1	33100
ellisnotsober	32982	404.0	4	32320
fenanyl	32982	200.88	8	32141
shakebackgs	32982	376.75	4	30140
hellstxrs	32982	187.25	8	29960
TrennedyJeanae	32982	186.38	8	29821
chopparay_	32982	184.62	8	29539
NapsForDays	32982	243.33	6	29200
Twinkles	32982	292.0	5	29200
oxyyy33	32982	1459.0	1	29180
outdanett	32982	199.0	7	27860
akaiyya	32982	1240.0	1	24800
naemgoat	32982	398.33	3	23900
RobFromAZ	32982	232.2	5	23220
JEFFAOCS	32982	232.0	5	23200
JessicaRoseTV	32982	226.6	5	22660
GaPeach28	32982	271.75	4	21740
Alivemonstor_	32982	247.75	4	19820
tayskli	32982	159.17	6	19100
luvynkyn	32982	156.17	6	18740
BiggzAce	32982	930.0	1	18600
lnwdev	32982	305.0	3	18300
ytTALK2MENICE	32982	225.25	4	18020
Habibi215	32982	221.75	4	17740
JarJar	32982	424.5	2	16980
deanyogger	32982	408.5	2	16340
PreacherPasta	32982	399.0	2	15960
Gorgeousminaj	32982	159.0	5	15900
DE4DWOOD	32982	258.0	3	15480
OfficerJHightower	32982	237.67	3	14260
Marshmallows0123	32982	349.0	2	13960
MarMarTV__	32982	174.0	4	13920
DreDaTopicLive	32982	231.33	3	13880
NemskiTV	32982	167.0	4	13360
xXDaFobbsXx	32982	219.0	3	13140
SheKnoAlex	32982	327.5	2	13100
1_tysav	32982	159.75	4	12780
Alibandss	32982	313.5	2	12540
ultradan_	32982	592.0	1	11840
TheMangoTangos	32982	294.5	2	11780
CROC	32982	192.0	3	11520
ItsBossLady	32982	274.0	2	10960
ittsZACH	32982	526.0	1	10520
ayaatanjali	32982	175.0	3	10500
ItsGhost_TV	32982	259.5	2	10380
DRZL	32982	171.67	3	10300
BigBoyKev060	32982	254.5	2	10180
transactlons	32982	169.33	3	10160
droyalt	32982	249.5	2	9980
SERVOS_	32982	485.0	1	9700
lAdxtti	32982	239.0	2	9560
JohnSenn	32982	236.0	2	9440
slideeyak	32982	229.0	2	9160
Pingn	32982	432.0	1	8640
Ashi	32982	426.0	1	8520
Chelly	32982	209.0	2	8360
VisionaryJane	32982	201.5	2	8060
Ceeskiinem	32982	374.0	1	7480
JayKillzzX1	32982	183.5	2	7340
xmassharkzz	32982	181.0	2	7240
Tbacon	32982	357.0	1	7140
Haridade_	32982	352.0	1	7040
zaeloh	32982	173.5	2	6940
imbadkidjay	32982	170.0	2	6800
ImSoShady	32982	168.0	2	6720
crrenc	32982	167.5	2	6700
Kiyah	32982	166.5	2	6660
qkouu	32982	330.0	1	6600
LosDondada	32982	157.5	2	6300
Maribel1998	32982	304.0	1	6080
UnkleWise	32982	277.0	1	5540
MsBbyDoll	32982	273.0	1	5460
dexterbp	32982	270.0	1	5400
lxmeiei_	32982	247.0	1	4940
DadGamesSometimes	32982	243.0	1	4860
Calxonie	32982	238.0	1	4760
Jumping187	32982	230.0	1	4600
Madmoiselle	32982	229.0	1	4580
Yari	32982	217.0	1	4340
GamerMagoo	32982	211.0	1	4220
habibtiz	32982	208.0	1	4160
Stxtic2Actiive	32982	193.0	1	3860
RenNeedHealing	32982	182.0	1	3640
princeporra_	32982	179.0	1	3580
Versarchy	32982	175.0	1	3500
KenzoHeem	32982	174.0	1	3480
ORRsumn	32982	172.0	1	3440
Sqiget	32982	171.0	1	3420
BranLP84	32982	163.0	1	3260
KarelessKitty	32982	160.0	1	3200
amillyb	32982	159.0	1	3180
Dusty_Bibles	32982	158.0	1	3160
Prettynsweeet	32982	156.0	1	3120
AlleyneAP	32982	153.0	1	3060
PGL	32399	6630.17	242	32090023
iiTzTimmy	32399	4758.06	274	26074169
TheBurntPeanut	32399	27346.31	35	19142417
ohnePixel	32399	31450.41	29	18241238
Emiru	32399	14393.84	32	9212058
ArrowCS	32399	2959.71	107	6333779
summit1g	32399	10968.14	28	6142158
PGL_CS2	32399	9098.21	29	5276962
Gingy	32399	4019.52	63	5064595
HutchMF	32399	5647.98	42	4744303
loltyler1	32399	6840.74	31	4241259
fl0m	32399	1693.5	119	4030530
fuslie	32399	4086.98	41	3351324
Squeex	32399	7088.35	23	3260641
FORMAL	32399	1049.64	143	3001970
ESLCS	32399	377.17	382	2881579
Ludwig	32399	7411.37	19	2816321
olofmeister	32399	1726.65	79	2728107
lilypichu	32399	2291.98	59	2704536
kkatamina	32399	1743.95	77	2685683
Nadeshot	32399	2430.11	55	2673121
xQc	32399	25030.4	5	2503040
PSP1G	32399	1553.55	74	2299254
stableronaldo	32399	18814.33	6	2257720
tarik	32399	4310.16	25	2155080
Jynxzi	32399	33434.0	3	2006040
Doublelift	32399	2546.49	39	1986262
BruceDropEmOff	32399	11277.75	8	1804440
dima_wallhacks	32399	1544.21	57	1760399
Grimmmz	32399	1023.52	79	1617162
Adapt	32399	4162.05	19	1581579
jasontheween	32399	12905.5	6	1548660
supertf	32399	6913.45	11	1520959
FlareyCS	32399	799.67	95	1519373
DizzyKitten	32399	1666.89	45	1500201
coopertv	32399	901.86	77	1388864
freakazoid	32399	600.61	104	1249269
renyan	32399	1038.25	52	1079780
Anomaly	32399	1795.3	30	1077180
Dashy	32399	868.32	62	1076717
Mrtweeday	32399	639.22	81	1035536
prodbyDOMA	32399	6861.71	7	960639
xhocii	32399	897.08	53	950905
kopsteep	32399	3020.47	15	906141
f0rest	32399	630.82	68	857915
Nikolarn	32399	5358.0	8	857280
d0cc_tv	32399	570.85	72	822024
ATT	32399	5074.88	8	811981
Trottah	32399	480.85	84	807828
nocriesof	32399	1605.16	25	802580
canezerraa	32399	491.71	78	767068
dorozea	32399	1398.19	27	755023
pashaBiceps	32399	2338.25	16	748240
Eastahh	32399	581.43	63	732602
calizda7	32399	619.03	59	730455
yvonnie	32399	913.16	37	675738
Lobanjicaa	32399	1936.59	17	658441
chiblee	32399	1040.6	30	624360
LIRIK	32399	10129.0	3	607740
CottontailVA	32399	3013.4	10	602680
PLAYzoneUP	32399	781.24	38	593742
wabiiisabii	32399	866.18	34	589002
Myth	32399	397.22	72	571997
JASONR	32399	564.86	50	564860
k0nfig	32399	356.58	77	549133
jakenbakeLIVE	32399	366.33	73	534842
juanflatroo	32399	752.47	34	511680
arrowisoffline	32399	340.94	65	443222
scump	32399	2449.33	9	440879
austincs	32399	547.88	40	438304
TommyKayLIVE	32399	752.93	28	421641
flashflasreal	32399	1588.15	13	412919
bananabanareal449	32399	1858.36	11	408839
m0E_tv	32399	564.25	36	406260
XPortalEsports	32399	721.39	28	403978
daniluch_1337	32399	2211.33	9	398039
ThunderpickTV	32399	455.42	40	364336
donaCS	32399	873.85	20	349540
deme	32399	4334.75	4	346780
king_auga	32399	831.3	20	332520
vand3red	32399	979.75	16	313520
smooyacs	32399	602.8	25	301400
pitretaketv	32399	1865.75	8	298520
Stewie2K	32399	1334.45	11	293579
thewolfyytv	32399	804.83	18	289739
Exerpas	32399	342.21	38	260080
Mande	32399	2053.17	6	246380
FURI	32399	879.29	14	246201
joydepchik	32399	1070.09	11	235420
bananaecohd312	32399	1931.33	6	231760
pvpend	32399	269.76	38	205018
flezzoz	32399	1136.89	9	204640
nerwbtw	32399	267.14	37	197684
vertigoverttv	32399	1887.6	5	188760
spraypalacex349	32399	1857.2	5	185720
HCJustin	32399	474.32	19	180242
ancientancitv82	32399	1796.0	5	179600
GeT_RiGhT	32399	508.35	17	172839
hyperi1cs2	32399	335.38	24	160982
puffclose	32399	266.43	30	159858
AppsApps52	32399	1974.0	4	157920
miragesmokehd486	32399	1944.5	4	155560
emilyywang	32399	648.27	11	142619
de_lgadoo	32399	630.91	11	138800
Laski	32399	569.25	12	136620
aceu	32399	1205.4	5	120540
VanFanTV	32399	599.1	10	119820
BrollanCS	32399	834.86	7	116880
Dakkiin	32399	568.8	10	113760
billyjones699	32399	1074.8	5	107480
enzoxxxer	32399	573.0	9	103140
Mauisnake	32399	467.2	10	93440
TDM_Jesus	32399	463.7	10	92740
jonjiijlc	32399	458.8	10	91760
CoachMaryy	32399	218.95	20	87580
swagthugg3r	32399	533.25	8	85320
Scrap	32399	327.31	13	85101
mazellovvv	32399	4162.0	1	83240
StripNClub	32399	1336.67	3	80200
nndepressive	32399	354.36	11	77959
mollypalacereal79	32399	1947.0	2	77880
n0thing	32399	429.22	9	77260
overpasspalace	32399	1924.0	2	76960
sk0wik	32399	255.0	15	76500
Srpatyt	32399	181.76	21	76339
dreads	32399	316.33	12	75919
TrimiCs2	32399	531.29	7	74381
appsastralisgg	32399	1814.0	2	72560
YEKINDAR	32399	710.6	5	71060
goonwisdom4	32399	430.62	8	68899
jonnics2	32399	403.38	8	64541
SVaro0	32399	803.0	4	64240
oshibkaaa	32399	262.92	12	63101
enko_cs	32399	391.0	8	62560
tonnydun	32399	375.62	8	60099
pge4	32399	1496.0	2	59840
blameF	32399	474.0	6	56880
mang0	32399	310.0	9	55800
Enable	32399	202.69	13	52699
tomix192	32399	438.5	6	52620
VerifiedPsycho	32399	235.27	11	51759
RoniCS2	32399	794.33	3	47660
buckefps	32399	568.75	4	45500
imBESARI	32399	282.88	8	45261
AdamBomb	32399	203.73	11	44821
KnifeAppsX817	32399	1092.5	2	43700
danyygashi	32399	358.5	6	43020
FrizzerCS	32399	213.3	10	42660
blaz3rush	32399	421.4	5	42140
Max_Fewtrell	32399	418.8	5	41880
d4v41vlr	32399	406.2	5	40620
eridonxii	32399	289.71	7	40559
le0cs2	32399	400.4	5	40040
peekretakehd97	32399	2000.0	1	40000
SmokeSmokHd22	32399	1999.0	1	39980
shortshorx47	32399	1999.0	1	39980
FranzJ	32399	279.57	7	39140
shomatft	32399	382.6	5	38260
palacepalareal	32399	1905.0	1	38100
smokesmok74	32399	1892.0	1	37840
drrilon	32399	942.0	2	37680
smokeoverpassgg89	32399	1873.0	1	37460
vredinjo	32399	307.83	6	36940
31manlol	32399	457.0	4	36560
deez	32399	259.29	7	36301
trucklover86	32399	243.71	7	34119
defdefcs	32399	237.86	7	33300
Krabeni	32399	413.25	4	33060
bodlbod	32399	409.5	4	32760
ZylaVale	32399	393.25	4	31460
EliLikesRice	32399	212.14	7	29700
mikewater9	32399	236.33	6	28360
akashqipeee	32399	472.33	3	28340
Chatterbox	32399	690.0	2	27600
Smacko	32399	222.17	6	26660
erjongshx	32399	266.6	5	26660
monsterrdam	32399	431.0	3	25860
ViolatedVibzi	32399	212.33	6	25480
Nayomy_cs	32399	421.67	3	25300
platonov_27	32399	414.0	3	24840
Vinsun_	32399	309.5	4	24760
nardics2	32399	398.0	3	23880
allub	32399	283.25	4	22660
Grimmybear	32399	185.0	6	22200
saigeybabey	32399	367.0	3	22020
APLFisher	32399	271.75	4	21740
bigcenacs2	32399	479.0	2	19160
zont1xm	32399	473.5	2	18940
qendrimelpsycho	32399	301.0	3	18060
raff1in	32399	844.0	1	16880
williamscss	32399	279.0	3	16740
sprayecox10	32399	827.0	1	16540
Endrit2k	32399	274.0	3	16440
alvert	32399	811.0	1	16220
prozeroprogame	32399	808.0	1	16160
sir_dep4ik	32399	799.0	1	15980
arxsy69	32399	379.5	2	15180
lawdrim9	32399	714.0	1	14280
hyza	32399	352.0	2	14080
fenom	32399	175.0	4	14000
freak_modest	32399	686.0	1	13720
frostvenom_15	32399	598.0	1	11960
babatsef	32399	291.0	2	11640
nadenadegg34	32399	571.0	1	11420
thegasstation423	32399	565.0	1	11300
zoggdog1z	32399	266.0	2	10640
ktvlivemow	32399	260.5	2	10420
apollohacky	32399	471.0	1	9420
thespinah	32399	235.0	2	9400
Zemie	32399	451.0	1	9020
FESTlM	32399	417.0	1	8340
krav10	32399	401.0	1	8020
coldmanag	32399	388.0	1	7760
s1mples1mp211	32399	369.0	1	7380
knivencs	32399	358.0	1	7160
duwap	32399	357.0	1	7140
jrnpi82	32399	176.0	2	7040
cusac50	32399	168.0	2	6720
churchd0gg	32399	329.0	1	6580
ErycTriceps	32399	321.0	1	6420
mathg	32399	317.0	1	6340
paladinoosp	32399	316.0	1	6320
lewiscerato	32399	311.0	1	6220
xMarjus	32399	300.0	1	6000
xarduino	32399	297.0	1	5940
mambanhi	32399	283.0	1	5660
Bengal	32399	236.0	1	4720
nojnm73	32399	220.0	1	4400
cochard	32399	208.0	1	4160
k3yr0x_	32399	203.0	1	4060
pwnalonecs	32399	189.0	1	3780
CarsonYaps	32399	187.0	1	3740
SuppyColleen	32399	180.0	1	3600
bizdj17	32399	174.0	1	3480
glehk63	32399	173.0	1	3460
ajpyf13	32399	166.0	1	3320
Mostgotnom	32399	162.0	1	3240
qmdij65	32399	160.0	1	3200
grav1tat10nn	32399	6.0	1	120
ESL_DOTA2	29595	4965.21	317	31479431
Gorgc	29595	6892.2	127	17506188
BLASTDota	29595	7861.68	74	11635286
Arteezy	29595	4125.47	102	8415959
Topson	29595	6145.98	54	6637658
BLASTDotaB	29595	4407.5	66	5817900
Gunnar	29595	1074.53	156	3352534
w33haa	29595	1639.86	86	2820559
dnmdota	29595	872.01	129	2249786
qojqva	29595	1512.55	73	2208323
iceiceice	29595	717.51	146	2095129
masondota2	29595	1128.68	91	2054198
AdmiralBulldog	29595	1950.93	43	1677800
Dendi	29595	1034.29	69	1427320
Xibbe	29595	374.41	145	1085789
monkeys_forever	29595	380.29	69	524800
BigDaddy	29595	1351.74	19	513661
pablogaming13	29595	405.59	59	478596
durochini	29595	1724.08	12	413779
PurgeGamers	29595	377.28	36	271642
maddogsleague	29595	264.9	39	206622
MidOne	29595	450.61	18	162220
toy38	29595	424.25	16	135760
cringestation_en	29595	357.64	14	100139
Neuro	29595	207.36	22	91238
chocoTaco	29595	480.0	9	86400
nikobaby	29595	331.5	12	79560
YumaDota2	29595	294.92	13	76679
XcaliburYe	29595	344.0	11	75680
fnjke00	29595	694.0	5	69400
WagamamaTV	29595	472.43	7	66140
meepoplayer	29595	220.2	15	66060
MidAnubisHd70	29595	1916.0	1	38320
RushDefuseReal	29595	1858.0	1	37160
aLoWXC	29595	291.0	6	34920
Raeyei	29595	185.14	7	25920
sadpocky	29595	197.83	6	23740
awpawp377	29595	858.0	1	17160
Timado	29595	337.0	2	13480
kroftazyy	29595	653.0	1	13060
nnecross_	29595	617.0	1	12340
sir_dep4ik	29595	597.0	1	11940
astela_chan	29595	415.0	1	8300
boris_dota	29595	230.0	1	4600
With_Lisa	29595	183.0	1	3660
igor_kumar1	29595	63.0	1	1260
llakeroklk	29595	9.0	1	180
Feinberg	27471	2765.92	168	9293491
KYR_SP33DY	27471	1513.33	105	3177993
Ludwig	27471	5885.95	22	2589818
Skycrab	27471	963.05	107	2060927
forsen	27471	8122.67	12	1949441
infume	27471	844.58	99	1672268
Linkzzey	27471	599.7	137	1643178
bigbigmongey	27471	568.09	137	1556567
hackingnoisess	27471	2024.22	36	1457438
Couriway	27471	743.87	94	1398476
mcsrranked	27471	1725.12	34	1173082
Savix	27471	941.49	57	1073299
Boosfer	27471	494.94	108	1069070
doogile	27471	620.37	86	1067036
DrDonutttttt	27471	903.79	58	1048396
hitchariide	27471	432.18	107	924865
iskall85	27471	939.65	48	902064
GeminiTay	27471	5243.75	8	839000
Philza	27471	1292.59	32	827258
Conterstine	27471	548.15	75	822225
nofearr1337	27471	397.2	102	810288
TangoTek	27471	3312.83	12	795079
GoodTimesWithScar	27471	3291.17	12	789881
Dylqnnnn	27471	339.41	114	773855
ashswag	27471	2230.59	17	758401
Grian	27471	3931.11	9	707600
Kruzadar	27471	711.56	45	640404
grumpyyrose	27471	1716.44	18	617918
saps	27471	764.03	39	595943
henyathegenius	27471	3211.22	9	578020
mikecakezlive	27471	395.21	73	577007
silverrruns	27471	861.9	29	499902
impulseSV	27471	2080.83	12	499399
JonBams	27471	412.58	60	495096
Sommerset	27471	546.0	44	480480
DooleyNoted	27471	685.06	35	479542
dandannyboy	27471	368.0	59	434240
PrinceZam	27471	404.49	53	428759
Skizzleman	27471	1050.05	20	420020
CaptainSparklez	27471	421.25	48	404400
tonystatovci	27471	1262.06	16	403859
vedal987	27471	6690.67	3	401440
fear5s	27471	3673.6	5	367360
Hrry	27471	482.05	37	356717
chefdevin7	27471	1649.7	10	329940
HaiperEXE	27471	1335.82	11	293880
whisqey	27471	307.72	47	289257
Alixxa	27471	540.88	26	281258
rekrap1	27471	410.15	34	278902
jude_low	27471	1233.91	11	271460
Pangi	27471	618.14	21	259619
Xisuma	27471	585.59	22	257660
Totless	27471	326.18	39	254420
Redshell	27471	908.64	14	254419
Fulham	27471	531.61	23	244541
star0chris	27471	308.84	38	234718
Specnr	27471	427.59	27	230899
kcvzin	27471	273.24	41	224057
therealsquiddo	27471	794.43	14	222440
xBCrafted	27471	484.43	21	203461
cubfan135	27471	910.64	11	200341
MaxGGs	27471	660.13	15	198039
KingSammelot	27471	1342.86	7	188000
Graecie	27471	469.3	20	187720
babygirlmiza	27471	994.78	9	179060
Stressmonstah	27471	310.79	28	174042
TheRNTV	27471	1162.29	7	162721
X33N	27471	337.54	24	162019
Meicha	27471	420.21	19	159680
iJevin	27471	610.15	13	158639
LIZZ	27471	643.67	12	154481
Derapchu	27471	524.71	14	146919
Smajor	27471	878.12	8	140499
Evbo	27471	279.92	25	139960
flowtives	27471	491.93	14	137740
ReefRuff	27471	265.48	25	132740
Graycen	27471	932.29	7	130521
camman18	27471	525.25	12	126060
SB737	27471	608.2	10	121640
KYRIOCIFER	27471	532.0	11	117040
Wolfeei	27471	368.2	15	110460
haxingnoises	27471	551.7	10	110340
ClownPierce	27471	485.0	11	106700
Jay12310	27471	220.96	23	101642
MaliceEvermore	27471	634.38	8	101501
DumbIsDumbb	27471	386.0	13	100360
cweamcat	27471	836.17	6	100340
wilhelminafrost	27471	384.0	13	99840
MassMachine5000	27471	273.17	18	98341
vstrid	27471	601.88	8	96301
C0NEXI0N	27471	595.62	8	95299
Yumi	27471	672.14	7	94100
FRAIKI	27471	761.17	6	91340
Joehills	27471	265.06	17	90120
IceyConcept	27471	374.42	12	89861
Kotton	27471	741.5	6	88980
Sword4000	27471	488.89	9	88000
AngelNaomi	27471	4389.0	1	87780
KyleEff	27471	614.71	7	86059
theD20	27471	357.92	12	85901
luminiciant	27471	580.29	7	81241
BeefSalad	27471	366.91	11	80720
Tuppeeyy	27471	265.87	15	79761
tivesflow	27471	664.33	6	79720
Quakitus	27471	354.27	11	77939
Nerdi	27471	338.27	11	74419
eskay	27471	905.5	4	72440
conix	27471	255.36	14	71501
TheobaldTheBird	27471	353.9	10	70780
Coldi	27471	319.55	11	70301
dorozea	27471	844.75	4	67580
WaxFraud	27471	371.33	9	66839
Nominalgravy	27471	403.25	8	64520
TinasTopia	27471	459.57	7	64340
Samwitch	27471	639.4	5	63940
GameTimeWithEric	27471	227.93	14	63820
PikaTM	27471	388.62	8	62179
nEmerald	27471	604.8	5	60480
Krisuna	27471	243.33	12	58399
President_Poundcake	27471	287.6	10	57520
Zeusy	27471	474.83	6	56980
coinmonke	27471	245.27	11	53959
fruitberries	27471	526.8	5	52680
adult_steve	27471	232.73	11	51201
p4perback	27471	510.4	5	51040
auger	27471	230.91	11	50800
IamStormzyt	27471	361.29	7	50581
WhatAboutAndy	27471	496.4	5	49640
elametowel	27471	486.2	5	48620
Aquacorde	27471	339.71	7	47559
Addison2k	27471	181.46	13	47180
jojosolos	27471	386.67	6	46400
ghostiefruit	27471	267.12	8	42739
WyLL_Live	27471	353.17	6	42380
coldifiedalt	27471	298.86	7	41840
21mustard	27471	333.0	6	39960
nezoshoki	27471	180.36	11	39679
Pixlriffs	27471	326.5	6	39180
Fluixon	27471	487.75	4	39020
megeli_	27471	239.25	8	38280
Dfoxgaming	27471	1894.0	1	37880
MarceCatfish	27471	187.8	10	37560
TheSilverMullet	27471	185.5	10	37100
Taneesha	27471	447.5	4	35800
mellon	27471	192.11	9	34580
YokaSiri	27471	417.5	4	33400
master_cwg	27471	550.33	3	33020
Reignex	27471	264.5	6	31740
fpzzfps_1	27471	191.12	8	30579
Aquwa	27471	1485.0	1	29700
StudlyMaff	27471	181.88	8	29101
kaelena	27471	289.6	5	28960
Legundo	27471	453.67	3	27220
sidefalll	27471	445.0	3	26700
SirDapper	27471	321.25	4	25700
yuzok	27471	315.25	4	25220
pavkinXD	27471	616.0	2	24640
delypop	27471	230.0	5	23000
InTheLittleWood	27471	571.5	2	22860
honeydewmelen	27471	228.6	5	22860
Button	27471	285.5	4	22840
Generikb	27471	188.5	6	22620
Itzsans_	27471	281.75	4	22540
SinonSinfonia	27471	274.75	4	21980
SideArms4Reason	27471	216.4	5	21640
Puchichi_Studios	27471	524.0	2	20960
TapL	27471	173.67	6	20840
rzn_canestv	27471	259.75	4	20780
imaShep	27471	340.33	3	20420
xootynator	27471	492.0	2	19680
almost_poe	27471	309.33	3	18560
silvasaur	27471	293.67	3	17620
steezsr	27471	408.5	2	16340
Lukey	27471	401.5	2	16060
Ma1nShooter	27471	194.25	4	15540
misa2	27471	258.0	3	15480
dailyemeraldmc	27471	386.0	2	15440
abstehh	27471	181.5	4	14520
maxggstwo	27471	237.67	3	14260
remilianephys	27471	177.5	4	14200
ImNauwt	27471	231.67	3	13900
blob	27471	220.67	3	13240
luvfourrent	27471	617.0	1	12340
nontopics_	27471	607.0	1	12140
EironasPremium	27471	589.0	1	11780
Gamin4Hope	27471	576.0	1	11520
quoiuyaz	27471	573.0	1	11460
fattymcdaddyog	27471	190.33	3	11420
Swag_Dracula	27471	188.67	3	11320
Linahun	27471	188.33	3	11300
ESAMarathon	27471	187.67	3	11260
zestybeans	27471	182.67	3	10960
MandaLin	27471	179.0	3	10740
zoolon888	27471	176.67	3	10600
hypeschool	27471	496.0	1	9920
Maur0cpvp	27471	495.0	1	9900
ActualShoebill	27471	494.0	1	9880
TheMewDew	27471	232.5	2	9300
drip120	27471	461.0	1	9220
fyroah	27471	230.0	2	9200
Jettism	27471	418.0	1	8360
Starpuff_1300	27471	406.0	1	8120
MisterWiggly	27471	201.5	2	8060
yklaurx	27471	400.0	1	8000
grammacrackers	27471	392.0	1	7840
ChrixPlayz_	27471	192.5	2	7700
FooYa	27471	379.0	1	7580
Sir_Nipplington	27471	189.0	2	7560
jrnpi82	27471	178.5	2	7140
oolivia_	27471	178.5	2	7140
AiroKun	27471	319.0	1	6380
zvxr1	27471	277.0	1	5540
AquacordeMC	27471	258.0	1	5160
AweTrinity	27471	240.0	1	4800
LisasChillin	27471	226.0	1	4520
Fenniq	27471	215.0	1	4300
bluelivetm	27471	209.0	1	4180
puqitv	27471	205.0	1	4100
poisonqueen87	27471	201.0	1	4020
yecnalc	27471	196.0	1	3920
ndree78	27471	188.0	1	3760
Daiazal	27471	187.0	1	3740
RyeWhiskyBravo	27471	180.0	1	3600
Lefti_leftthegalaxy	27471	169.0	1	3380
nojnm73	27471	167.0	1	3340
Falcuno	27471	74.0	1	1480
Caedrel	21779	45875.62	149	136709348
Jynxzi	21779	46993.96	107	100567074
Dantes	21779	11521.99	259	59683908
loltyler1	21779	8568.17	144	24676330
Rekkles	21779	2844.79	257	14622221
Thebausffs	21779	10259.55	71	14568561
LCK	21779	12747.76	54	13767581
LCS	21779	13295.56	43	11434182
mooda	21779	5152.17	107	11025644
agurin	21779	1762.63	293	10329012
LEC	21779	9654.43	42	8109721
Doublelift	21779	4340.18	90	7812324
humzh	21779	2549.73	152	7751179
Jankos	21779	1982.04	160	6342528
lol_nemesis	21779	2592.26	121	6273269
Sheiden	21779	1129.55	262	5918842
velja_lol	21779	1635.86	174	5692793
Drututt	21779	3122.16	90	5619888
NACL	21779	4307.25	65	5599425
Pobelter	21779	2316.29	118	5466444
Spear_Shot	21779	1109.38	244	5413774
RaiderGO	21779	1283.39	172	4414862
Fairlight_Excalibur	21779	1054.42	187	3943531
Alois_NL	21779	3985.36	44	3507117
NattyNattLoL	21779	1739.76	100	3479520
lplenglish	21779	3357.72	47	3156257
Broxah	21779	2106.85	68	2865316
sneakylol	21779	2091.38	60	2509656
Sanchovies	21779	833.6	144	2400768
Tenshi	21779	2190.3	50	2190300
Nickich	21779	755.96	137	2071330
crownie_lol	21779	719.35	136	1956632
Caedrel247	21779	2352.85	41	1929337
Viper	21779	893.03	105	1875363
Rush	21779	1149.79	70	1609706
BROHAN	21779	512.06	155	1587386
TFBlade	21779	827.95	91	1506869
quante	21779	418.5	180	1506600
KeshaEuw	21779	1469.78	51	1499176
Phantasm__	21779	805.26	93	1497784
Dyrus	21779	728.08	98	1427037
PinkWardlol	21779	790.01	87	1374617
IWDominate	21779	4572.27	15	1371681
AutolykusLoL	21779	356.3	185	1318310
SirhcEz	21779	543.91	121	1316262
Trick2g	21779	520.17	118	1227601
Greekgodx	21779	978.41	61	1193660
NoArmWhatley	21779	819.83	70	1147762
DesperateNasus	21779	359.49	154	1107229
Busiolol	21779	1442.95	37	1067783
HutchMF	21779	5322.1	10	1064420
LolElekktro	21779	343.05	153	1049733
midbeast	21779	780.19	67	1045455
Wingsofdeath	21779	537.9	96	1032768
KarasMai	21779	443.03	113	1001248
Gosu	21779	878.84	56	984301
Quantum	21779	559.62	87	973739
J0J0C69	21779	435.11	110	957242
LLTrigger	21779	557.61	84	936785
LoLEsportsHub	21779	1073.19	42	901480
dunlol	21779	401.17	109	874551
detderT	21779	1026.45	38	780102
paulbelter	21779	387.97	98	760421
lckclchallengersleague	21779	606.93	58	704039
irelina_	21779	2591.0	13	673660
HamuchiVT	21779	481.41	69	664346
Meteos	21779	1172.43	28	656561
RATIRL	21779	2518.0	13	654680
PekinWoof	21779	545.98	53	578739
Cowsep	21779	671.33	43	577344
meilylol	21779	620.22	45	558198
ScrubNoob	21779	399.13	68	542817
Lourlo	21779	1104.52	23	508079
xFSN_Saber	21779	497.22	51	507164
emiliacosplay	21779	289.78	83	481035
huncho	21779	328.46	72	472982
gamergirl	21779	525.24	45	472716
6pek	21779	458.0	46	421360
stunt	21779	442.39	46	406999
KayPea	21779	519.23	39	404999
tlives_tv	21779	1550.62	13	403161
FooYa	21779	388.67	51	396443
Jayden	21779	391.86	50	391860
alexkadison	21779	273.0	71	387660
MaryMaybe	21779	1290.67	15	387201
triplelift	21779	446.57	42	375119
Bluwunk	21779	386.45	47	363263
Dzukill	21779	519.27	33	342718
luxx	21779	337.9	50	337900
MonsterSSS_lol	21779	503.67	33	332422
NiteNightKid	21779	866.68	19	329338
YamatoCannon	21779	629.04	24	301939
Azzapp	21779	531.07	28	297399
Karhus	21779	308.6	48	296256
Elite500	21779	457.0	31	283340
Sinerias	21779	381.76	37	282502
Aphromoo	21779	392.31	32	251078
jasontheween	21779	11398.0	1	227960
europeancircuit	21779	202.77	56	227102
dorozea	21779	1257.33	9	226319
katiewon	21779	621.5	18	223740
forsekyn	21779	264.62	42	222281
Tubbo	21779	1371.62	8	219459
zven_lol1	21779	332.0	32	212480
war_hamster6	21779	454.41	22	199940
NickiTaylor	21779	224.47	43	193044
Gryffinn	21779	281.41	32	180102
kiittwy	21779	354.42	24	170122
blv_dino	21779	314.12	26	163342
QuickshotOfficial	21779	739.09	11	162600
aircool	21779	429.06	18	154462
headshotsecto	21779	1021.43	7	143000
SloppyWalrusX	21779	351.2	20	140480
Elosanta	21779	523.0	13	135980
shending_help	21779	1103.33	6	132400
Vakin	21779	437.07	15	131121
Luxthos	21779	272.57	23	125382
Allyooops	21779	205.7	30	123420
thewolfyytv	21779	638.78	9	114980
PlayitShady	21779	405.43	14	113520
KireiLoL	21779	306.0	18	110160
perryjg	21779	272.85	20	109140
akaNemsko	21779	1307.5	4	104600
takazenith	21779	370.5	14	103740
gigi	21779	574.67	9	103441
Naayil	21779	623.38	8	99741
Yozu	21779	479.6	10	95920
byz4lec	21779	654.43	7	91620
sunnys	21779	761.83	6	91420
NoctyraTV	21779	566.88	8	90701
angelxoxo	21779	292.47	15	87741
빛베리	21779	1066.5	4	85320
Katie	21779	248.71	17	84561
eavlol	21779	277.2	15	83160
Pun1shers_TV	21779	365.09	11	80320
Hien	21779	256.67	15	77001
Majski227	21779	639.67	6	76760
tsigas	21779	342.18	11	75280
IceyConcept	21779	293.33	12	70399
lol_kovi	21779	313.55	11	68981
Carolinestormi	21779	343.6	10	68720
Davemon	21779	380.11	9	68420
Eastahh	21779	541.67	6	65000
blueotterleague	21779	388.0	8	62080
Valarman	21779	618.8	5	61880
BZ_EUW	21779	426.71	7	59739
solarbacca	21779	1430.0	2	57200
WandaWillow	21779	203.93	14	57100
D1OK_TV	21779	199.57	14	55880
ShokLoL	21779	183.73	15	55119
basiil	21779	540.2	5	54020
v6nas	21779	202.08	13	52541
antonychenn	21779	233.82	11	51440
Rawmantikos	21779	365.57	7	51180
Vulcan_LoL	21779	362.0	7	50680
ipav999	21779	207.08	12	49699
mookie	21779	206.75	12	49620
cblol_english	21779	334.29	7	46801
JonSandman	21779	315.57	7	44180
guidalee	21779	191.09	11	42040
kovexis	21779	366.4	5	36640
Nymaera	21779	261.0	7	36540
Triumphant	21779	223.5	8	35760
Charlyne	21779	587.33	3	35240
LoLPacificEN	21779	317.2	5	31720
solarbacca247	21779	386.0	4	30880
NLCLoL	21779	666.5	2	26660
antunya	21779	443.0	3	26580
seanic	21779	220.33	6	26440
lolyoung	21779	609.0	2	24360
daawk1	21779	1179.0	1	23580
Denathor_lol	21779	294.5	4	23560
Plumy_	21779	217.4	5	21740
ewc2026forlck	21779	529.5	2	21180
C0NEXI0N	21779	451.0	2	18040
SkillSpecs	21779	438.5	2	17540
cloverinari	21779	218.5	4	17480
VediusOfficial	21779	431.0	2	17240
DumbsYT	21779	816.0	1	16320
Boosfer	21779	383.0	2	15320
piantalol	21779	189.5	4	15160
SoloRenektonOnly	21779	369.0	2	14760
sargetwo	21779	239.0	3	14340
Reptile9LoL	21779	334.5	2	13380
MinnowMao	21779	327.0	2	13080
Kadeem718	21779	320.0	2	12800
Birdyovo	21779	210.33	3	12620
EragonUK	21779	206.33	3	12380
Skid019	21779	299.5	2	11980
BARDINETTE	21779	198.0	3	11880
jillyfish	21779	188.0	3	11280
SpinusTV	21779	546.0	1	10920
milicalol	21779	271.0	2	10840
Angormus	21779	229.5	2	9180
elfyou	21779	443.0	1	8860
foggedftw2	21779	425.0	1	8500
SonaStargazer	21779	414.0	1	8280
KingSobe	21779	412.0	1	8240
quacklylol	21779	205.0	2	8200
ARiS_ZBB	21779	406.0	1	8120
Peng04	21779	399.0	1	7980
Odysseus131	21779	397.0	1	7940
HungryPandaLOL	21779	177.5	2	7100
GeneralSniper	21779	313.0	1	6260
ddomukja	21779	302.0	1	6040
PartyPandaTV	21779	285.0	1	5700
PsychopathicTop	21779	260.0	1	5200
TyG_	21779	259.0	1	5180
wunonn	21779	239.0	1	4780
idkdremo	21779	212.0	1	4240
TeamAmerica	21779	204.0	1	4080
metaphorvariety	21779	194.0	1	3880
Metaphor	21779	184.0	1	3680
AXOLOTL	21779	166.0	1	3320
