PCA1	PCA2
0.3035840200565624	-0.6681176878554873
-0.5130668031256519	-0.9606378992090601
-0.4572223502340597	-0.8747881293677386
-0.4375456301843033	-0.39514767486764835
0.5888490905584447	0.6023407974928378
-0.4788488613003383	-1.004805402898359
-0.4297632475345592	-0.8115750923622173
-0.12770736945507646	-0.3366507644638093
-0.5268271345968656	-0.9881064238416487
-0.436969965758801	-0.3953590136882066
-0.5285509658586032	-0.9601771518431261
-0.34839638072493784	-0.6039727007975543
-0.5125116016312379	-0.8584614304877908
-0.44960475386474563	-0.9578902893900029
-0.23106470971214066	0.8924387062031007
-0.48695535277219953	-0.9014874677205083
-0.4947743705162506	-0.7077876101039743
-0.24040655662380242	-0.7585355966533087
-0.3967269170064723	-0.0795411257496024
-0.27891519332926745	-0.0639044931683246
-0.4252169320062899	-0.8751049927045512
-0.4962334174996904	-0.7915844391262882
-0.45405771877288187	-0.935749592179243
0.7314578578908855	-1.04512155796795
-0.4522590473818182	-0.9025850228721853
-0.022352125919446523	1.2490213026638444
0.32835825489234866	0.6796026157146444
1.4361822244450158	6.462115998715934
-0.5144850673415678	-0.9048043410154128
-0.45980064262491277	-0.9862384468083478
-0.25233243809680805	-0.2620689260667823
0.13475171015835608	1.29202213588881
-0.43949844982915265	-1.013563999852867
-0.42488740857885	-0.5907869624012406
-0.4581516133675077	-0.789392858198452
-0.5806666445657059	-0.9553982870547886
25.86766699808914	-1.2771786500797586
-0.1984121198684864	0.28520744300811124
-0.29210949308582884	-0.2209195855632947
0.8911603770611547	0.5022840283559953
-0.13015510451813403	1.5513762531611346
-0.41024879737506664	-0.5945705616707135
-0.4365982293768056	-0.7470861285896344
-0.46251412516187934	-0.9689472924603435
-0.42673288905719875	-0.6494243250143111
-0.27727857200208605	-1.0025682922059986
0.47883402464589464	-0.6984040175031061
-0.5198303178596414	-0.9250359623253532
-0.28972103242221203	0.2920802883959847
-0.17787166833769005	1.0450599172140784
-0.23768437610036625	0.02844759130843276
-0.3539327763533175	-0.21109276204166633
-0.3647288772628062	-0.3086519687279242
0.2735269056367469	2.4631857115111266
-0.41446185178062744	-0.39749708113876
-0.47474386039795435	-0.8695465584130038
-0.43687681951609464	-0.4586949202233954
-0.5075700674116759	-0.9302632159915223
0.5660452099161876	-0.9216674165519414
-0.5559402491975189	-0.9755560206397543
-0.04552175228706474	-0.9832987445351836
-0.42744058751176855	-0.7485381218211913
0.2721813805199538	3.2950492328940792
-0.4752990337067689	-0.9547990597889447
-0.36212040533014783	-0.4053824138048701
-0.4422556569719992	-0.5213917923659545
0.3024739502131679	-0.005364360079040013
-0.2976232518813999	-0.4172067631639076
-0.47572576777562026	-0.9729642370716483
0.46594136576300005	2.246177678547107
-0.15943304286843757	-0.47208040607589113
-0.4781694866910037	-0.6457034553435652
-0.16283483825373515	-0.9550359718382091
-0.35214800199476176	-0.05393166461865309
-0.462341779309871	-0.8278125302287358
-0.45146738348668974	-0.9372899692919143
-0.4634380792867988	-0.6472963631672002
-0.032385695369862987	-0.23608650544850038
-0.5188958116926864	-0.9281767868244093
-0.6145544903672069	-0.8234996716556333
-0.5044445378341906	-0.8977951241549172
0.2052739418731699	3.271235740429098
-0.3891629510149507	-0.49615559451124447
0.1415040667395863	1.3247253428383958
0.4034059237871314	1.3570989974839704
-0.457989468841051	-0.9248315845777407
-0.4604193550506443	-0.6469777991047693
-0.4076232019873577	-0.7222405065113224
-0.13908590482578556	0.5955081987230317
-0.3062295607240444	-0.4449159307128312
-0.12868234251801877	1.5200395987184976
-0.44632490162376226	-0.9996512523475637
-0.3714776870881102	-0.21063882497503278
-0.4835133892137313	-0.7581896095566504
-0.40173694890723965	-0.2379759869622897
-0.4698096293559112	-0.8072393973480848
-0.0332234824691954	2.3075940684894767
-0.08232952751195649	1.4837441081212346
-0.0653546006931056	0.6451741683209735
-0.49264850894090123	-0.9650089632262275
-0.41782077250442656	-0.5535493304282642
-0.3186224792098494	-0.8295923535131541
-0.38137569820660544	-0.242911604054889
-0.443197914567976	-0.8770328366215455
-0.13448953064962219	0.4615006680053516
-0.5226430983624027	-0.9945061693140381
0.6821116586159769	3.2152474335662635
-0.3893810913200038	-1.0237657481451832
-0.46700108479831254	-1.004467487415879
-0.33173976005116484	-0.3658558908874346
0.08465281806737014	-0.6927672861342514
-0.33700552709907755	-0.9692737010436819
-0.4693101157897358	-0.8471418540617199
0.5029101960900128	5.123292850429937
-0.20218125718086588	0.14848235577438393
-0.3905568435799865	-0.9133711932893169
-0.27260717043900873	0.2890749422350357
-0.41427639911163844	-0.7154547523519403
-0.4930635671772254	-0.901013626208755
0.3816749705565355	3.89290484761772
-0.2326852323976262	-0.9225438069076395
-0.42317464181487335	-0.9475297672204681
-0.2717639463332006	0.41943084578885204
-0.4570363365739202	-0.675942811610826
0.018389425019558234	1.7905994901846773
-0.015696555083936074	1.377070644828461
-0.3991037054476523	-0.3353185606124591
-0.3978033695890668	-0.5238358564855441
-0.04007080433124814	0.25599323805069335
-0.3631060832305498	-0.8783293498651484
0.6820186650282462	-0.9092807056781488
-0.4404217722256688	-0.7808891242498275
-0.24036762282159652	0.2528302982807859
0.6983430976327349	-1.240634854490037
-0.4897204485277553	-0.8034312188749145
-0.501840402468716	-0.9331614264793631
-0.5261857607623319	-0.9583793953501614
3.1706716824624714	-1.184524273556823
-0.33618310564311893	-1.0004032027212548
-0.22740051559183538	1.1157562376638184
0.18970205330775766	1.609031821792452
0.42856742554860255	-0.6832519414530916
-0.4549733305175909	-0.9710822233857938
2.4816392301446935	-1.6244753431458803
-0.46040305934059783	-0.7805996653476112
0.2595796302779243	0.8640312422509622
-0.16941365017643495	-0.14536756826467317
0.12686109416967428	-0.8573714138822432
-0.47496376266918205	-1.0036862321711846
0.14448776814269668	-0.05877296473840013
-0.23631363978992653	0.2516174912223825
-0.3737298271865868	-0.9273374491914873
-0.30041727882067537	-1.010867439181246
-0.1881152803769643	0.3086217593208848
-0.5433611692977245	-0.985146703977256
-0.5022815884315549	-0.8212351027558003
-0.4410427122457924	-0.848159075717703
0.43620375421982865	4.5863471067695984
-0.19300459305852896	-0.9842669813097688
-0.36811498199600345	-0.5237119097616083
-0.2623525542147451	0.0025990294676808134
-0.4306080422818212	-0.782327700374173
-0.5041953647020592	-0.834423887988419
-0.2391497301024544	-0.0015438803425605104
0.20430624863228306	-1.1172046030125342
-0.4289674504037372	-0.912645198527302
-0.342908466028496	-0.24613448731917967
-0.5389115796981441	-0.9841060852761392
-0.40845589408382416	-0.49464175119356896
-0.48262318184062253	-0.9363718681140195
0.6395323556180335	4.946386449850574
0.08894818112492565	1.363629161495299
-0.2644083578776862	0.5135162457131852
-0.414775056975465	-0.6429303659665101
0.03932205202726473	2.1063153396122094
-0.5151074653174301	-0.8970667723679242
-0.5369298412470247	-0.9402373674164732
-0.5423409051411499	-0.9719911308981994
-0.10624864607808544	-0.47017697219593446
-0.43550075012167966	-0.4913315037717335
-0.45011126637293225	-0.45720784580320156
0.016324190503716855	1.376058395297555
-0.39869442376341263	-0.6881170371707215
-0.3680973908814728	-0.6263740882921386
0.017213292508515846	2.207057452510361
1.677951063084648	-0.09860249439849758
0.001370405356898934	1.310590154990879
-0.4578864654467279	-0.5199493062098322
-0.2956823557389776	0.03397737756481373
-0.2992561985735077	-0.6487009292006883
-0.44928326253637024	-0.8791828919054965
6.145663620347491	-1.6673265744664325
-0.349719133926396	-0.8049364982963828
1.1370625122463913	1.0583399099433104
0.6463567122809296	-0.061223835910562956
-0.2322895970700446	-0.5165832430577496
-0.2077147317538771	-0.5477290136676265
-0.40741029043958554	-0.5923247646550341
-0.4961436361090178	-0.9680803638228397
0.9012146770995558	2.5007641871037714
-0.5222652864023033	-0.9924314932509098
-0.4128723202554725	-0.754810002709555
-0.21594847787368712	-0.8423162693345279
-0.5147431854644043	-0.8972880809031524
-0.4536937743460714	-0.8663624072770538
-0.5110240771298572	-0.984053395102362
0.686756388990406	5.901031146331031
-0.4600611938818741	-0.8046357188795719
-0.4574011391321894	-0.973792908418634
1.719731813725568	-0.253093982839258
0.786492718106615	0.2866310834672628
0.11636816335210431	-0.3511991886424152
-0.4006516074463012	-0.7458639619365846
0.7362724717486882	2.000838927483066
-0.47822197252737103	-0.9730843222571782
-0.12154986975242113	-0.30111980125712
2.8822562497362214	3.576901641701898
-0.0731506914451799	0.8728222158758927
0.6160098496179326	3.7932492523896424
-0.4366258824628053	-0.2987828971456834
-0.4554812331459881	-0.8694062099832033
0.04703761622896034	1.2717361727325043
-0.40207017070856327	-0.8509830172159115
-0.27448636803181325	0.7054477213965287
-0.21119423653292008	1.0493551631199018
-0.371731242793197	-0.6265757423121706
-0.36121265614913683	-0.18135393183721357
-0.12048423177945264	0.9755267094123309
-0.2884119945273477	0.09867172221801762
-0.4089552463677959	-0.7851099407839549
-0.4396787895937878	-0.7164352910516942
-0.1530930541639224	0.3035082637292438
0.3184986129275466	-1.1942566737451241
-0.4570510232678665	-0.9020042932393884
-0.057747110813355915	-0.3208305285374039
-0.5393932904729251	-0.9343726131582047
-0.5043216580550487	-0.8314325503968768
-0.4156185981363145	-0.9117266436832694
-0.3207742588526835	-0.21640327024754266
-0.4737698978842904	-0.7687518234027768
-0.36593515866766674	-0.6311351953296146
-0.33040787962245216	-0.6820199113016189
-0.28163692289626135	0.5150946272296002
-0.10420516604163466	-0.05399387015646246
-0.2667683612446338	-0.19149104994983673
-0.08030708628160158	0.4249579860075893
-0.4484486791840626	-0.6762011320584269
0.057631368727681126	1.8506365865854384
1.0405478097709722	0.7592778049055954
-0.255604317943523	0.47807836154499134
-0.527242183260086	-0.9033067735897687
-0.2798531796696018	-0.31928946071782677
-0.5053303857234998	-0.8350674218151932
-0.47662459001852575	-0.9031351761237614
-0.09011663886633611	1.4500737800458083
-0.33862183869564977	-0.08677713420995048
-0.44859072333335853	-0.7757632619424456
-0.06781200625071591	-0.2246808662351422
-0.2778490531463908	-0.8724550894831459
-0.5256125365701628	-0.9590351147613919
-0.11915374788458424	0.7178458434983014
-0.4532628421737916	-0.907485836684188
-0.3976466195427902	-0.7559768327606801
-0.5362512734440013	-0.9445377865740155
1.6210744050968742	0.07646887741909615
-0.4146220695206741	-1.0195823751395034
-0.4049037931004877	-0.9180799229837013
0.6011102547368947	0.43224875007417635
0.1487377016005231	-1.1314800142185966
-0.43748168114593994	-0.771898359903963
0.340317911513434	0.5338791094461918
-0.40787862747789017	-0.6564940807122975
0.21904169566443174	-0.4392362914966013
-0.351079048625664	0.0419857038384031
0.6556629885100596	4.079833867032595
-0.02034235332933206	2.402646722333815
-0.07421207694861948	0.6801971437777867
-0.4988418401321487	-0.9614207911474041
-0.34210692681316646	-0.7291739861556658
-0.39268530176997485	-0.1446820766563011
0.19847970409428684	0.05061952686640078
-0.06353685095372745	-0.7675336800063105
-0.27408161973978956	0.5775454789952753
-0.4416927718169863	-0.618496038677729
-0.2396206497202646	-0.3525195385818928
1.2212993821583726	-0.5978353851273359
-0.45153634197673315	-0.9871189615246119
-0.22671951731989065	0.22078961592444762
-0.4392153631585999	-0.7491087317631779
0.2320145503399944	3.203460489353524
-0.4024381272985528	-0.9597956366954216
1.1182326754784275	-0.03761158885421605
2.4177735883808054	5.955409205789089
-0.303911406118207	0.581056257506802
-0.5299871106881534	-0.9895559802424059
1.1295999505403294	2.0090369599279585
-0.409732114275598	-0.5877884653046587
0.26268257166230297	0.5697941767580406
-0.3927064508971423	-0.40160842506493677
-0.19031544721216742	0.824051883265649
0.10216541957307117	1.2005858941824896
2.760409205262651	12.313836822303271
-0.3773036130665713	-0.468257706020013
-0.3587207605018568	-0.5666338081505925
-0.5143469555717546	-0.8644943022481569
0.15938185280292438	0.42372201217092736
-0.24321646987148027	-0.5795323881139366
-0.534827631493772	-0.9531211827410655
-0.5151433953038582	-0.9478374509070342
1.3477976384115122	-0.4092817459943927
-0.3020433465579654	-0.7088942440979201
-0.5281013920727252	-0.9214674650504603
0.2136097490508835	-0.22006286318828736
0.5441932192844283	0.42029976310362366
-0.15251568271253604	0.9145943927901279
-0.4599700222930248	-0.9710571458467383
0.3491556423480777	3.509494664901125
-0.24427830459259406	0.4761447736238757
-0.004557154037510041	1.344227286218505
-0.32069078461165884	-0.184548213701893
-0.21736618093066076	0.18520086753342238
-0.405327869419523	-0.8150935332726527
-0.23474564849916385	0.604888875719306
-0.3473938547081728	-0.49972388563366293
-0.30358272899384453	0.4528286155341671
-0.31158245464617806	-0.08924558241534071
-0.3081945760332804	-0.3510403950088972
0.011714930396086157	0.4428994681131246
-0.4460233819946483	-0.9973304349948295
-0.2508316233537655	0.18995503582181994
-0.3964949634345966	-0.4276804570992757
-0.45169816140693353	-0.9742194286912017
-0.1176436544324789	0.4936483170395448
-0.303862458185951	0.4842540653319202
-0.2684147707679473	-0.7684371203481941
-0.341936219875034	-0.15083933934363883
-0.07458490262192227	0.7465962958849479
-0.21142260788109504	0.0278503516740506
-0.29897274393745693	0.4212468606984863
-0.5010370050006173	-0.9976214117131067
-0.34988342376085707	-0.43948579205325844
-0.16905820113857659	1.142018690934935
-0.3520307976221874	-0.2720347453668298
-0.4122089809879185	-0.39745402131104124
-0.3072282642786153	-0.49475908405081737
-0.331470731824874	-0.05662568830371326
-0.3808491381925416	-0.30479742947586275
-0.39605850247898744	-0.7252885765944883
0.05142414031077519	2.1383085484616546
0.03559050891202884	-0.5664560253606312
-0.46726663347770137	-0.9408985748695666
-0.5155460720662395	-0.8470707900630294
-0.3254593832868095	0.13659838248660505
-0.4961090317882285	-0.8362752527459156
-0.2880252361090276	0.514321685037501
-0.34616757120286135	-0.08660954494403854
0.2681233365308891	-0.43426461167021185
0.3100775158917768	2.9060442801459603
0.7758092379498779	3.1044115646354977
-0.14664821993142027	0.500082890402723
-0.4919382585108649	-0.8664995728163839
-0.3000233520177202	-0.8007576287275951
-0.34556601693853	-0.34272337315671547
1.1289640539063368	0.5475634207852332
-0.49716503407650225	-0.8679535938935663
-0.27601599908645985	-0.22326483331667377
3.2949189608576313	-0.43764614968163457
0.3365014080100644	2.204031848626755
-0.631533070958586	-0.8311690516881716
-0.36177360680580073	-0.14726018533965637
0.6506990849651554	-1.0551966351959352
0.2737563366070361	0.05395906213777062
-0.4177486651120507	-0.4932357174655951
0.03559704628904214	2.203940828445119
-0.3762741606898472	-0.8736790877472376
-0.4907665001378198	-0.7396888585362005
-0.4900979501465902	-0.7971266011574702
0.12436276113614944	1.4265582811566204
0.08233512741227929	2.486572566698352
-0.180834139448609	0.1134841861569135
-0.5218549794003855	-0.8656236507076895
-0.38727616707828283	-0.5664664442769899
-0.38437138280614797	-0.6570284175288511
-0.5151173442467283	-0.8644146482756192
-0.21333335282843324	0.251387184121123
-0.2980402127847487	0.3884692641308115
-0.05245070050308112	-0.8307827716622396
8.710774525595662	-0.9735918376542834
-0.5029388130975873	-0.9253015020826117
-0.173026584275734	0.4647271969157377
-0.1335531027691289	0.9137116657749378
0.1456618271559309	2.382643785531459
-0.43836172837964504	-0.7479015240590946
-0.39230499592869594	-0.5635991579657941
-0.11199390520460567	0.780280494730552
0.016192413302536617	0.8583315662187442
0.42245217999067763	1.8341676067177182
-0.13599444110885017	-0.9947835482195398
-0.5201564709007577	-0.9287733547723491
-0.3533651419996877	-0.30826309450700345
-0.1623381023399622	-0.18049180643284965
0.6526794184393496	-0.22703577842305303
-0.18022879155736626	0.7898737498027224
-0.5130158357596052	-0.9936321927479037
-0.616484110613657	-0.9299756176630717
-0.20470318245622307	0.47404507300076043
-0.365885774327287	-0.6610044133968158
0.05710828860571457	2.265854281510649
-0.48651544585736767	-0.9953616692847839
-0.23385868357866452	0.5096688437025688
-0.522681949208146	-0.9459854535768694
-0.20435533940222522	0.6672651468899456
0.45845417910065506	1.7292631198940018
0.581442726862998	2.45540983917178
-0.4937650643101186	-0.8628378103764108
0.17769081706990192	2.7300216294021395
0.7604388718032691	-0.726380688933065
0.2777205088441485	0.9309316234050852
-0.4424567709019192	-0.714474573148387
-0.4770516660191651	-0.7403680329389494
-0.21094816937251565	0.12405840484980774
-0.2487771161585944	-0.5873860649641945
-0.5313200277823937	-0.962488713532128
-0.5481898694182518	-0.9821813661199903
2.1184476960941745	4.321415995162019
0.034364073419533736	0.8292541672925097
-0.4745422011028085	-0.8659463651507305
-0.46371588548927295	-0.5820132797882438
0.10144041181967804	2.6115870972968085
-0.18776586192623473	-0.7598804281692337
0.47979347631597485	5.957044065290921
-0.3671364127570956	-0.8951999882211582
-0.3456195783015981	-0.08625724660218338
-0.05177306462745187	0.06268171505010538
1.1950939413713464	1.6195161476567383
0.253306916056279	-0.49751762394527416
-0.11712079702810242	0.13664972374038412
-0.32409758104260616	-0.7064001061925466
-0.30601733973817213	0.03729895374441496
-0.4625887847632309	-0.6131075028326821
-0.2908056611536855	-0.3411542056444045
-0.4981153404890702	-0.9061000976276005
1.4661395064039642	0.7390458996031157
-0.07834894238962613	1.545768847416144
-0.4509492421950344	-0.7880259335110177
-0.485980402284311	-0.9679452422150795
-0.11981959409806847	-0.512445088520576
-0.12199987968032483	0.8164739106588439
0.6887913548311961	1.326276578017106
0.16431714219281662	1.26300288437278
-0.37643255722929164	-0.24364659313223702
0.003713827078148209	0.606921888407384
-0.21013265605142462	0.44141350624712306
-0.04657227001625517	-0.7102020567003323
0.02093317610639489	-0.2331426525393439
-0.10609392925062087	-1.0908809805806934
-0.5121600269758	-0.895428728174797
-0.30950573306525897	-0.8359398054857824
-0.456805287718813	-0.7723208083554786
-0.4779735368395066	-0.8682395569189871
-0.3798957925753796	-0.5296822356593969
-0.20799110070222132	0.3778452662543427
-0.3783951787803376	-0.49316250786388693
-0.326175194197878	-0.18102387714068116
-0.23015828062689814	0.5068680591678932
-0.2575572116001341	-0.8859542933762337
0.6859415234149125	3.3378803487518494
2.030139371533535	9.644807587268291
-0.4422176212361103	-0.8769635681491272
4.329958511789834	3.3470915141741866
-0.2329916516498713	0.8280636398492438
0.0016456401530631954	1.2148430581282887
-0.47963123580286954	-0.9023130455659543
0.0646018187167907	1.751983984660853
-0.4008845417149974	-0.6571911779557436
-0.16238108969548815	-0.7539368546394027
-0.2461195315462083	-0.997347041473114
-0.40657879994651525	-0.49399986210017677
0.13918043495590282	0.23251284303272743
0.11511517158360869	-0.5284771218325757
-0.5213313095445796	-0.95940392449165
-0.5100854281767843	-0.9926290771550601
-0.5194384464207523	-0.9586529113714458
0.8608141579565097	0.1024083472631073
-0.39442541041388934	-0.5243629046397591
-0.41008415072631715	-0.6880500144625041
-0.4869769410298964	-0.889611334997577
-0.18873178110614955	0.6305724938916281
-0.3865262491992095	-1.0350169126682756
-0.4052860778098592	-0.7671709542070666
-0.2807243306393793	-0.5515980152103563
-0.325746975240548	-0.20488303427827728
-0.2867552198174619	-0.8752574482967675
0.048381914284964245	-0.27742435645743213
0.6714162320758628	3.6956453490483483
-0.1676483695329091	-0.6015345666900644
-0.5153304969964617	-0.8650430369733212
-0.2567870453913747	-0.28891716177521054
-0.46193204561472795	-0.6705251933153674
-0.34700328947601794	-0.49825027470377875
0.5349709297349927	5.887840159206838
-0.27877626724452204	0.5142080682343371
-0.5159232644504026	-0.9259268862659523
-0.47843992600244467	-0.8954566723872636
3.6683883976077745	0.19383276279661815
-0.3938080719902383	-0.9218683299746464
-0.37317267396765785	0.013318130304002517
-0.2810075231036915	0.06694325694462129
-0.2634982016144561	0.38304877680769367
0.22793998529520246	3.939702204366152
-0.08756967478320468	1.1936772625847853
-0.4209135444386097	-0.4907154350230554
-0.4878259870684224	-0.9906426933506465
2.340598909666868	1.1507511455588306
0.46394027391145665	1.1455246998499018
-0.5360466193046057	-0.9336077247946944
-0.4067500304680889	-0.9359882594561998
-0.20441294759802192	-0.32492202154376815
-0.4659154424868641	-0.8758258750539748
-0.18732576229441825	0.5662021242290851
-0.47210049802591975	-0.8297348630426601
-0.315330296093337	-0.2866666239195203
1.079266417796139	1.5298541570295812
-0.038358347073360444	0.7067079296535308
0.19603980442687882	0.17115624887266126
-0.37522933114935597	-0.4356957461734881
-0.32159993969322	-0.8900320821925839
-0.3119359244683189	-0.09137938869771803
0.6073571157082157	1.9031467569255884
1.5635674280518232	12.547000261205934
-0.3595684265091053	-0.307842622791267
0.5914608533118489	2.782207493523988
-0.26064277334609237	-0.9774050373630848
-0.5344271246641339	-0.9517069572737592
-0.4834619477564042	-0.9016214889168024
-0.4378076873862976	-0.9785063601300158
-0.31676913012149405	0.16575349977331172
-0.4461146588560726	-0.8381916087359241
1.3676703835464274	-0.24406472253047015
-0.32923840696907064	0.13490176491374264
-0.32062756984772384	-0.3394436923710377
0.2274823980507148	1.0616778693812932
-0.3163943656396252	-0.08720449290738459
-0.13212065396048076	1.6480786061864334
-0.38687267423038224	-0.5290142616222483
0.1926624429521813	2.6639163185384453
-0.511743265995782	-0.9911522213640599
-0.43296553490573525	-0.42842869550117846
0.7000909805352291	2.3179265870880794
-0.12047486191744901	1.1666910190720345
-0.4835214033365032	-0.9722281068327013
-0.13181898124063676	0.013546167768817364
-0.35366977852523834	0.20344925790324594
0.26572669086290374	3.1401202113362796
0.43996660588558106	1.0308233955513675
-0.6508496325931441	-0.7015019242516347
4.166608704234262	-0.5163715670267475
2.484182389986015	-0.38562641319030805
-0.18773923988053187	0.4410254700752699
-0.22127609548365496	-0.5916739675820215
-0.058552535835427064	-0.6388833254893269
-0.37522588788745587	-0.7409181542577229
-0.41947413096882613	-0.6379749198579214
-0.35169950696347224	-0.28000214026976555
-0.4144788714810264	-0.8506491030874427
-0.5359297274150854	-0.9823328620567372
0.36372276824646904	3.1226633455301136
-0.41927421112713165	-0.8577421256320122
-0.2423137760154921	-0.44963854300124806
0.4671295143653503	2.40718331679151
-0.3801716588572006	-0.6891307215458718
0.7497208701529536	4.072649603118006
-0.37067596054918805	-0.7435526357321769
-0.10710282858447379	-1.062414837429903
-0.48720647628277075	-0.8766622502875743
0.632010607802946	1.8714596213207906
0.5371165487723395	0.4065109211019733
-0.441604994530252	-0.7513199778254458
-0.4632264311511698	-0.7840992145290129
0.43991362615795726	3.338272434932042
-0.45635584152619996	-0.5525717544579994
0.1418954434276391	-0.6880932257035952
-0.09306046162485378	1.3543054702590678
-0.36617035085814603	-0.9693506937105948
-0.4110770113305791	-0.20557014122502465
0.07648814983215747	2.9987783201009273
-0.515201508825571	-0.8959109256521866
-0.2971239195566979	0.42071521524658434
-0.00097559249347801	1.4068342678506522
0.5491894499590643	-0.28390327877102645
-0.1616325983215067	-0.715371163233511
-0.3810891153139312	-0.9151057762052335
0.30151707530597227	2.3013234637745925
1.69557103635734	8.148566585721504
-0.31247188114230223	-0.33566169679703295
1.346420150082755	-0.5860298648304283
-0.05915176804549308	1.029761252429979
-0.3448463752581864	-0.280124836799154
-0.1657539958009493	0.9150571390545321
-0.20921516308759439	-1.0611987169805839
1.1563306599218193	-1.1859775770932004
-0.4427851596182332	-0.5226004618141118
-0.3987174433098375	-1.0032710311861464
-0.507584619162374	-0.8658681894555724
0.48784376906577065	0.3553231500256726
-0.47502254662279214	-0.8997323522659711
-0.260487353283511	-0.25474304510887646
-0.37291449012166694	-0.37132103670471645
-0.30120337035956535	-0.740460448076302
0.8912747229562529	-0.46100828489607776
1.5224033447230692	5.513039885783963
-0.3272823452750143	-0.11915281721279795
-0.43150646986138247	-0.6447274114236848
-0.30622343610386116	-0.6005541865909778
-0.3164370895845359	0.03821487333553702
-0.21346405507819674	0.6355981103406299
-0.4867174949568858	-0.8343379531787678
-0.38813132781466797	-0.8815465667134189
-0.2822111294912838	-0.6951456268620797
-0.5386995451582401	-0.9457022962517906
-0.15140547394012369	-0.26930324288654395
0.20521860281470286	2.2163581224558295
-0.4673476240430402	-0.8681724784440864
-0.21389688029185627	0.34504552813140765
1.6929918348669375	0.13067641118272327
-0.3734886159347887	-0.5308958675308527
-0.41455252849659774	-0.3648128262586812
-0.22488619083672326	0.7960993919847298
-0.3643734949519437	-0.788343411188023
-0.23003175985329632	-0.7535846352107034
-0.15761660503645833	-0.6710596170008676
-0.5181750617451855	-0.8954729155451953
0.5723034777045722	1.7210384685003004
-0.24918310835797366	0.28598861204053094
0.23915473012272775	3.492001934058016
-0.4757141378819396	-0.8060943428346099
-0.1689516076533277	0.1192703156286589
-0.36777813440786766	-0.8852248997775276
-0.5259130602614633	-0.9597894783115501
-0.2573671396584264	-0.523120213010066
-0.46991420953130936	-0.9690406740382349
0.848722434181058	1.6498302423848017
0.07283377578396591	1.206325146519412
-0.4928106024431852	-0.8259517244504498
-0.08710391844561517	1.0342839562256465
-0.4187727703470194	-0.6873806387434591
0.03342397033749778	0.6069213276176604
0.003386380598851384	0.005714520840388809
-0.4822970733457905	-0.8320819316512289
-0.19947895699506776	-0.19755368777860494
-0.5285700179967727	-0.9018487201154921
-0.5097287813855167	-0.9490570161836314
-0.5133512657806001	-0.8634956047752158
-0.2021819971628397	0.12000858232342186
-0.5797539574713145	-0.9536740752302134
-0.3455625694531575	-0.4061662960917674
-0.5163111944679142	-0.9680875408789238
-0.522799238828384	-0.9562637668403369
0.07813384750230391	-0.5919320786088823
-0.33692234908145374	-0.1857995005273445
-0.24732947764134175	-0.7913141642326423
0.24451664911617801	1.2495130561897367
-0.043113455550216215	-0.2662612515999246
0.38603721248706063	0.11851275451184766
-0.31974244245819694	0.004691914203213472
-0.24907755505771648	-0.2929995323784536
-0.4276848607013742	-0.6822373438479694
-0.4047196909382287	-0.7558742289381678
-0.35983560478408144	0.04360079428524888
0.6490001392002618	5.203468142881306
-0.4742617562047302	-0.9651804674049717
-0.4958103988879608	-0.9673575744919832
-0.46610818992436265	-0.7779162924752284
0.04624047494417065	-0.5812875415928299
-0.04573136604952701	0.45666567463639973
0.07604480588398702	0.6917181887818916
-0.18783782866961368	1.1116234614365363
-0.04065331559209248	-0.18523837552327002
-0.3807751480806819	-0.9172584212434293
-0.28571912661315035	-0.5700750872647976
-0.4519064570036046	-0.7492654069328508
0.3358538163181873	-0.7459639447729615
-0.14215723490935503	-0.8054199261347978
-0.22332674052537838	-0.8746835141822683
0.7822284900987982	3.0045646647847915
-0.44418040781755075	-1.010058732819475
-0.4768440830205578	-0.8278970903881511
-0.36488683771075964	-0.5978763069741937
-0.5129549253529829	-0.8956556406486822
-0.4023206234993869	-0.3679175927041728
-0.4412406600108441	-0.9730706064024502
0.44076574718144546	-1.010081203922718
-0.02592654199378267	0.5126954307626654
-0.3102095851709552	-0.8266968009092484
-0.3864772080553611	-0.7900393334173471
-0.43783419435223553	-0.4917708526884036
-0.2531777937428036	-0.8961162897323822
-0.22484911844587172	0.4739530572752634
-0.4814355672857118	-0.9691277948867442
-0.39212233593518836	-0.27162463483264676
-0.00130197994940089	2.111463583887249
1.5437586177140872	-1.1482781088031204
-0.2521767342420633	-0.09351076451884155
-0.46079141763541337	-0.7416846749025225
-0.35254296106031047	-0.1787755668842433
0.16614800118475914	3.4353475760420493
-0.5395331703173456	-0.9512331603120562
-0.3097332584418469	-0.7710215797336423
-0.43633107626364176	-0.878781817883447
0.9752755780486163	1.4173429638737376
-0.30930342157088775	-0.48029555994967604
-0.20005610286274922	-0.5883372843662225
-0.5048301405090928	-0.9282802255309709
0.42150482241281323	1.1414288804398387
-0.49670609596368526	-0.795208139261093
2.418653825461246	0.767909842106991
0.019511310661454954	2.077480219933458
-0.46479335402434596	-0.9737652694137615
-0.3523043916629258	-0.022209743919514278
-0.5479432782652978	-0.9696607208115767
-0.06770302436442881	-0.9026074887306869
-0.324081376882234	-0.12368571945591829
-0.38164677869090136	-0.24370522641770306
-0.4327163248861167	-0.49071645329797886
-0.12190058299028994	-0.08655183227096984
-0.4363564355569002	-0.39479334105354
-0.4868987656673208	-0.9949212581534401
4.326278090135757	-0.4613524162784798
-0.47209212144351254	-0.9032264212138755
-0.4180048100880666	-0.7514146123358392
-0.32869949814825644	0.009596607862415634
-0.247935311349832	0.319915860010841
0.025445046468506215	0.9832070377744067
0.08985911802952057	1.7172452422004805
1.0071719343747527	0.9406620068416077
-0.19956465249062785	0.4077554730822657
-0.43177434622243593	-0.7465301489521526
-0.1819212010498536	1.173591904917978
-0.1444434823806297	0.3071408795501137
-0.21863053580619238	-0.9450371588328932
-0.21030920429137429	0.9531773623574897
0.13027035756937522	-0.24377026438087251
-0.42209474947639186	-0.8163693162832683
-0.40213323844261684	-0.5928204239434866
-0.3894315358448038	-0.5911401149595924
-0.41828884400131405	-0.7789482493212492
0.2570006447529305	-0.23832676454620885
-0.26297538929434205	-0.2923179272598578
0.03707153910062382	0.2807783903414361
-0.3752730930926263	-0.30126830192233844
0.16981941140583384	2.444695697469651
0.04706255572686557	0.5667158468267538
-0.5270698876495595	-0.9549911187567447
-0.5111228673581609	-0.9269148996817063
0.046503235418359344	-0.40202213712722645
-0.45804238632344835	-0.7669423241146585
0.09368535646159461	1.8774787217065745
-0.4441996315237244	-0.6180279642103399
-0.003768164756716888	0.5803873336314672
-0.33790772590710705	-0.8787146648702374
-0.5397958711506144	-0.9486397612323333
-0.38496204360390945	-0.207194384968844
-0.5242988161390703	-0.9241020930142939
-0.2634092299104143	0.09571702134638263
-0.3586725081386265	-0.6927038291328981
0.9986036944535105	8.488042361271608
0.36094293263216876	4.469155479302161
-0.0944489326717767	-0.18723121006412544
-0.4698705690298428	-0.8363741445829506
-0.24528746651766464	0.6061994937373884
-0.26065483691651103	0.5122673278201018
-0.1408882060386445	1.296449306482187
-0.28810384844927855	-0.4466265385020962
-0.45931525216361074	-0.7616447983911615
2.012750289205647	4.640817324489893
0.44527163001324377	0.9186264971873208
0.21876937301744034	2.468371070822849
0.706053995439333	1.1352603328247122
-0.42586369734500895	-0.6513203463024217
-0.09421533718299915	0.5525628759906048
-0.45718615281780034	-0.7119740579608419
-0.46269390979567576	-0.8099690636673487
0.07325299685445903	0.981406705052405
0.08556670085061904	2.3896357956210474
-0.3037926674961472	-0.47974768682039487
-0.49160753918040895	-0.9573479204131058
-0.08904081524971677	-0.5100704719984287
-0.2747637475789946	-0.5393628568932048
-0.4118519321795202	-0.3664225691018732
-0.3503744574076044	-0.570619466798207
-0.46790797791213995	-0.6703909422617671
-0.40097720975871415	-0.7869813301537106
0.06311107514711678	1.5255165621855407
-0.23384132177733458	-0.3188836621008611
-0.4661142916302556	-0.5812910376596824
-0.48259069869198035	-0.674867561410895
0.31609208910819125	0.4729464515263844
-0.5128507424027406	-0.9826369995592187
-0.49737010612675275	-0.9637097131232236
-0.437725077715428	-0.9994402572448989
0.14140545447707614	1.0663135444516432
-0.5131951572190153	-0.8965611534108395
-0.2983800473765242	-0.7336038883928746
-0.08107037840032691	1.9939562592755775
-0.4918173802977215	-0.8367543187254372
-0.5011520481686235	-0.8301272942571014
-0.3844267433670199	-0.40291664686527334
-0.037903871571141855	-0.960980260316646
-0.1895842078301083	0.21238401739674095
0.0874481846378172	2.773724320193222
-0.2981422021605267	-0.3865686264934736
-0.31118043086324554	-0.7034353399229605
0.22820027877945548	0.6361893890377383
-0.5698080272888529	-0.96354173295024
-0.49272124491748703	-0.9607720068700504
0.07199349138806185	0.6238224169133364
-0.0761282197092135	-0.6756023529782682
-0.4389690272530034	-0.5565574134202033
-0.4986519247249907	-0.9589926810603081
-0.15325771156583365	-0.6546142164318128
-0.2804586892146564	0.32116042626044466
0.33600178262947694	0.4934619109051837
-0.47961264356106825	-0.8673408210166358
-0.055934272448092716	-0.21765682633334058
-0.09402246374912729	-0.958179694826194
0.24639089819195387	0.11512543963300598
-0.3493997929636968	0.0751449431530541
0.1319084462941256	2.191980796137993
0.6927107582406157	0.3190041989584868
-0.1986104242626113	1.0806997321353717
-0.3852146919046561	-0.24089579196779928
5.7328102392228715	0.22010931612447052
0.3091786264858308	0.0813759075426525
0.12950332913685514	-0.08093075629403985
-0.34334794650218287	-0.8801450821580277
-0.48122152439568966	-0.7416739425549411
-0.4883887514255867	-0.7396892386571112
-0.07760247260726098	1.1614881062202953
-0.21148163465698058	0.031145433697431855
-0.013117539335108154	0.5099456527489327
0.6997775495974656	5.547234381526616
-0.4557870472738703	-0.6473750961956921
0.3812030267357323	0.6241988579676941
0.8084505572195241	-0.14338012007472978
1.2263399286591636	-1.089104053714909
-0.21686694748766297	0.7615845217730911
-0.29901234204415783	-0.47648010929989104
-0.2440138836366518	0.9263328184652994
-0.35737022446489736	-0.4684648000068041
-0.32017878072685113	-0.8267652791563898
-0.33051723157076246	-0.5539535604171997
-0.16531236710888617	1.3642356946869203
-0.3867145227038928	-0.6514574548520824
-0.5020666582015332	-0.8932630368654448
0.829425611968778	7.482847026894899
0.3315103583229944	2.584588612559847
-0.49246466296631125	-0.7716518892379245
-0.4241628755013007	-0.9428882342986203
0.2745767924197277	-0.5334730991538086
-0.09990520027451677	-0.5589621277818161
-0.29781024249742144	0.26155535760540866
-0.2341563894186259	0.571443560754786
-0.49602851661895303	-0.9630682186285767
-0.29732501630752756	-0.09182345617243222
-0.5185244388035016	-0.9587928613409328
-0.5027367994074676	-0.9009455041192022
-0.23861203877045228	-0.0917883765828909
-0.4434361828339186	-0.9758741589067884
-0.38762890990858523	-0.782529379657938
-0.07000815321838764	-1.08107494841174
-0.36879308566647573	-0.6523029124323316
-0.4596790961256585	-0.774764688787945
-0.38058289782018356	-0.49930706573578015
-0.2505923160166053	0.6721461012150722
0.19387587854782898	1.4476368897961482
-0.31610930072705784	-0.4095484377190293
-0.26395549518281897	-0.5706710804419293
-0.44247241327861364	-0.781313947355043
-0.4834485446967147	-0.9968461636050099
1.5787451641921841	0.27313287847188356
-0.10414593528289366	0.11047951450385496
-0.2591827326595117	-0.3905557785168771
2.928006200025517	-0.5202581580548244
-0.43532861581894394	-0.9144984288270113
-0.45291106465654296	-0.5517657633443441
-0.592570803835114	-0.9502084020805018
-0.3394137782407676	-0.023638565983389846
-0.5073294979476892	-0.9620308894152089
-0.062195767153124144	0.12842008329137103
0.5077196413318746	5.057426049211721
-0.033733988884408	0.35790520507096696
-0.15663737562941074	-0.9133054434826897
-0.028142822605042136	2.083828901968727
-0.5139756811919642	-0.9248509363881701
-0.4448295491062635	-1.017649021635808
0.3036755054270018	2.139925403436593
-0.48807596485445137	-0.8638519690568506
0.545138075303689	0.17236050678781897
0.37551845688716895	0.40176191964981217
-0.40506959319949815	-0.7206204780607298
-0.4293330366896129	-0.4587666365647148
0.37847327725297353	-0.8905524079958985
-0.46715983195548544	-0.8017870662113541
-0.3582947002859174	-0.4715945257844125
0.7112767959386602	2.2499093207444023
0.05340791585237978	2.008582311240173
-0.173404388266525	0.18495481309540188
-0.27268336229736995	0.09756948811272362
-0.28758117859238325	-0.029443705333984087
-0.45494967581450346	-0.8715716314649539
0.6070233853003821	-1.1514736684460678
-0.19682344064185656	-0.5626193368374036
-0.24514390982723153	0.12499656277584649
-0.32430908340304554	-0.7971028691266246
22.87689695118914	0.911414940913316
2.944241277992012	7.531669999110167
-0.2993884789758936	-0.838649860272553
-0.250106849833494	-0.6731412933565064
-0.5002089366617246	-0.8342894356451582
-0.2980861002887606	-0.6078488827557362
-0.33911020224409555	-0.3771201372086022
-0.13342764985708944	0.4955244626599149
0.3148607645022908	2.2986529302170666
-0.1861148629689935	-0.6857158253256339
-0.32512959930188723	0.16718176548236835
-0.37558816108804804	-0.6927672527214327
-0.49503908776414685	-0.9679510399331888
-0.16238124248994126	1.4912988311904412
-0.390439756750373	-0.37054835700783506
-0.32127846793609993	0.007096702300816871
-0.40635448600472895	-0.5924837404160573
-0.5247368766880512	-0.9103424031981111
-0.25295790803056273	-0.16364048604834364
1.1478764447712249	0.900538038258843
0.2564936630035265	-0.720448136483389
-0.38938911687881483	-0.016898562459469996
-0.37676892205988394	-1.0247601498824168
-0.4586540877175001	-0.9266208555012153
-0.25526280232254245	-0.8219664526499925
-0.41063645824754585	-0.5228809645517466
-0.3807541439767082	-0.14483375951880334
-0.1647683501528342	0.6912040172836541
-0.5397125648120881	-0.9823551417865066
-0.5691555815935363	-0.9500219750595669
-0.4008238663800091	-0.7535235596272157
2.773316751216924	2.499486103139737
-0.25647135665139054	-0.00027032685243076274
-0.3074037664482209	-0.44773154984224184
-0.24091339806374237	0.28833523712849213
-0.0435880042580019	0.9950709627381966
-0.5027171543100069	-0.7685702576507326
0.3424894243706419	3.576115702310073
-0.28506657165649035	0.4507560098138462
-0.16640496234267493	0.8511005471844899
0.2227557435479446	1.8633588280517352
-0.26502952476009484	-0.4567125230566942
-0.31227429499204623	-0.3795956680772696
-0.5213512805063966	-0.9490758192920454
-0.30911498984488284	-0.35029607898676807
-0.32162975408381883	0.00786168666880028
-0.4754894294138436	-0.7098876439678226
-0.19635915882171656	-0.3598189397526689
0.2294687540890834	0.5117290759385045
-0.285402177962487	-0.9840222596294469
-0.032102624472440826	1.4758965809628406
-0.4945920364995875	-0.8045815193410323
0.7487701042958774	0.8984777537002991
-0.38816195856359104	-0.5949343716597876
-0.4411627287465596	-0.5855116801028567
-0.2641398765094444	-0.3578318710175447
-0.11671062639415414	-0.7811046551301027
-0.477816896499227	-0.6774709315278421
-0.029431100496459126	0.045236904805319354
0.13223320649884598	2.097108334106253
0.5450747482031769	-1.0856297146714007
-0.4341564507013037	-0.7111261949107085
-0.4074011782597202	-0.9153911681461508
0.7668685531498378	5.922639694373287
-0.4488593357309604	-0.8145254113148187
-0.12365798017563621	-0.39675926834418984
-0.11023475030074636	0.3990889403922972
-0.4346983662412106	-0.6512492325522973
-0.4258205277448091	-0.6540937688679129
-0.24877998755588607	0.1917464875325395
-0.489266452740846	-0.9005913632370287
-0.08554902149502953	1.417003564089755
-0.36310495769274925	-0.5667385385070203
-0.2851517793071128	0.16221999790457706
-0.5158215395747741	-0.9959387014672714
-0.4909989397579368	-0.9907382976124102
-0.3171314422838687	-0.7050209526028831
-0.3787895389626181	-0.04957397857719046
-0.21236306899598925	-0.07103851246493878
-0.3597364974619964	-0.17970897758563975
-0.3647386899879399	-0.6887956941049849
-1.000549069200279	-0.6015610472803699
-0.31535491285744993	-0.08989088670583373
-0.40106227074971634	-0.8533369543985166
-0.3208100784058742	-0.47134331353513276
0.3122699160002488	1.4947809653190818
-0.41154625196356487	-0.8358160704103844
-0.2816495699318465	0.1606890736301979
-0.4737627035901798	-0.7725929606534097
3.084819220760721	1.2548403514494797
-0.3646960637831418	-0.747308269631479
-0.44328472949011327	-0.9093271599568427
1.153143550542104	0.0869569100038494
0.08362854062177402	2.74226442327162
-0.31119100518085835	-0.3745199042229513
0.04831219627616559	1.3687441877906386
0.5910887714899676	2.2982149268288654
-0.29471343699481634	0.3239455589586033
-0.496125853676818	-0.766641174062573
-0.38964642048393794	-0.1438914386086518
-0.49810154813157237	-0.8467984596125082
-0.04875344686155571	0.48361658633534726
-0.4885380314595758	-0.9351129193557257
-0.24154611796313125	0.1674162011546775
0.9801327430070051	1.9577448196631946
-0.5135806161742817	-0.8960268002754077
0.6931835491318562	-0.28731944592052827
-0.492621023045983	-0.9688598009366259
-0.41632103987234864	-0.5269862504313639
-0.2885123285701024	-0.8527909934724089
-0.42178407752690883	-0.7855347675820816
-0.2918102504269479	0.0993127207530468
0.030081266021652484	-0.26814705862567334
-0.38567566405630416	-0.6589271434157158
-0.1689169354667178	0.27935072824877705
0.0525481782814249	0.27769943549502835
-0.5094682711206828	-0.9673993364481156
-0.42341188147945785	-0.5576092199307808
0.1510935043836432	-0.8590802252675657
-0.23657180664320895	-0.8470192736189934
-0.2915802587191081	-0.8496847358343647
-0.4283102914089551	-0.33152608946246315
-0.2989525560612287	-0.6976116330746399
-0.4531087572225946	-0.6146735590235592
-0.4070865068456688	-0.36740795940226617
0.17586335917813736	-0.7508938264945282
0.1249541724436831	-1.1001965879918794
-0.16964174769015497	-0.49256997861581636
-0.3052872880007822	-0.6758522500198074
0.2818179986178593	-0.5224116506422914
0.26015992515692526	2.0826020692392886
-0.17261355754212204	-0.04268428837543476
-0.2007735562479988	-0.8742878194501331
-0.22021667560005176	-1.0492585329947381
-0.23210190432211275	-0.7393051468291014
-0.5050510106326694	-0.9006004057240893
-0.39902380597577153	-0.11174618491763524
1.063245096047374	0.89163132320804
-0.5062278342260332	-0.8620443173802999
-0.36299219494689333	-0.5003770671721259
-0.41955740984084666	-0.8116019202681414
-0.5030230393028887	-0.9637493980132431
-0.28083453805433817	-0.5811332625232434
-0.49351940624250257	-0.8961388213525848
0.36249866105972245	0.6537826446013479
-0.3850266214389553	-0.8734889824981904
-0.11467179087887182	0.3661903466946539
-0.2033273621668763	0.44244978936647794
-0.5451815518208946	-0.9784846864476865
-0.436859988147477	-0.8749247723565444
-0.5140464969218292	-0.8827362861172231
-0.4724759986053339	-0.9015567589284275
-0.45080263515660546	-0.5216701440639738
-0.05477002119434802	0.14073869823524401
-0.23747050406200668	-0.3877844771315906
-0.41316342051157234	-0.947060724340026
0.4809244391222153	-1.2122079895039015
-0.4524847670122679	-1.0071208268220564
-0.22277316405203976	-0.7051263957971898
-0.4232685220070003	-0.9440675821570622
-0.39872906839175165	-0.3653650851710728
-0.459551055718322	-0.6165241605554446
1.7373352506043658	12.337006595668147
-0.36196502620291016	-0.1814376819531879
-0.39331825947127846	-0.7240925443102494
2.114650692039539	1.2167531050974634
-0.3912174732385521	-0.9420162990765553
-0.3454185446324246	-0.47386810584351585
-0.2236820782774644	0.6045390204198028
-0.4408651474864192	-0.9058617899055701
-0.32452834030699096	-0.08627656206827831
-0.36521285943510634	-0.24337402177315945
-0.4465579979160666	-0.6492812569324491
-0.46310665686783764	-0.8074825157625574
-0.41003041065885015	-0.9163131897417037
-0.45690919818310705	-0.7245293421245235
-0.19456850619523794	-0.22635727437659284
-0.4752434155629942	-0.8011950266236425
-0.01566533758722216	0.2880341217955129
-0.39198879594338776	-0.8839525533896824
-0.45400219359424177	-0.8328482513278097
2.1440873947482038	-0.3600785570213011
0.9053386607781961	-0.3654683850777151
0.32134650943569676	2.0395865335076957
-0.5205020316410904	-0.9835646298977256
-0.02136641481431918	1.665670651927293
2.550123529999033	0.8297501168555216
-0.36432655161781297	-0.526001131475978
-0.3358062680491751	-0.37744912821548
0.4082245075341783	3.0269280487408396
-0.4122115079537354	-0.7440840124602308
-0.40808064560766955	-0.3668818760391748
-0.43121088462717944	-0.5247908600277404
0.7381095930037236	0.1069399366300035
-0.4836555722355646	-0.9577433524254165
-0.433045520555075	-0.4593685206174942
-0.3507865114332775	-0.05432290897130531
-0.09847719550128699	1.1647389083454072
-0.42954942336733987	-0.42756196902401494
-0.42340002509534785	-0.7201022390670158
2.2201792441901076	0.1642587007101483
-0.5183173746240115	-0.928804031922088
-0.40965023506404347	-0.36526775941516915
-0.1420508802801924	1.3607651650567043
1.6611268629675555	10.29445217910976
3.1388086134297835	1.1011476334634724
-0.37741237549166656	-0.7629770231102668
-0.4439950713036857	-0.7116892665119389
-0.06300731438523288	-0.4930350739728026
-0.37338311784352785	-0.9896746267996626
-0.2805598343599582	-0.5793912947381475
-0.12335480848666468	1.3595372736845686
-0.3698169596174651	-0.4665058870085865
1.386952893151807	2.84296146195553
-0.007365388764710647	2.1127833464674977
-0.4877969652858582	-0.8688092680758983
-0.10338071094525052	-0.441671547399172
-0.5292610561863923	-0.9826703859747864
-0.10201682204468125	1.0363611359610638
3.7587050472029637	0.37769889964022935
0.2833507539458478	1.1480480552257941
-0.09646909192347124	1.9000403282413363
-0.38353594032117366	-0.30756028121652623
0.8571511336526914	2.6147831418209795
-0.3687566007416145	-0.40303045421747086
0.05400194519260644	-0.7766763547955899
0.11206329049727852	1.0084584390656643
0.7449788993740881	7.04568303644364
-0.21319707345887198	0.4729379940907289
0.195960157270285	1.959566263431523
-0.1479491730142284	1.010322042659728
3.5888143475715113	-1.9159732374248966
-0.4914622720571229	-0.9915078491195916
-0.14628327058719118	-1.0222976092996217
-0.4858764732175333	-0.7415262642475694
0.7333476958681164	-0.2555079389258026
-0.5213901722858589	-0.8634082002585417
-0.3895960349379107	-0.9124139399840726
-0.46862474879963756	-0.7121677079344273
-0.4558134588085437	-0.9032917859610015
0.19676039623024438	1.8307952494535373
-0.53592908752237	-0.9896112784997109
-0.5139443252537386	-0.9958626981766172
0.04894169006216275	2.80967079902114
-0.13939777252353228	0.2414902329229084
0.13060866833214602	0.01089222975717158
-0.4665914800947551	-0.9008191681355935
-0.2369047542822626	-0.6438904066296149
-0.22048215500851256	0.3773978929897015
-0.4479871398217203	-0.84437616076265
-0.48731496571138394	-0.8020540476448295
-0.10472283995213709	1.323987474234519
-0.10907592881014345	0.8472587490770641
0.23214857133026598	3.0103599965195964
-0.03772111660241505	1.251651798301845
-0.21076691748951204	-0.0073431799648595
-0.2573181456365123	0.41463872873633434
-0.3824344555327282	-0.20977315708766348
-0.16592855258155234	1.2359637435436184
-0.3931142375049157	-0.11222262566977424
-0.34066508593894984	-0.885366434167626
-0.2304523459683905	0.6349838003831036
0.4742941559130338	0.9910921749559437
-0.14397483552996768	-0.11323162371467674
-0.23743408009275319	0.12351549476796471
-0.32600233996318256	-0.08824041570786273
-0.2715418540362564	0.48040102854225625
-0.10428550651076869	0.9397764407429392
-0.13851414705659154	0.14338377154206725
-0.23929413969223526	-0.4238340485140784
-0.35209153203783744	-0.308925824601346
0.6325464983223583	-0.1628210832862497
-0.3247053794242995	0.29554291387129694
0.26903943783226514	2.4038006248053674
-0.3282795166394749	-0.571211698359453
-0.36255707957321515	-0.6343879152016838
-0.18687776629869096	0.44026628131518775
-0.006906134304738525	-1.1418722425144698
-0.4814441277241193	-0.9051413662891207
-0.4246755996200539	-0.3634280732334021
0.8321889337552184	1.4385072836432995
-0.4892581566538617	-0.7898922311124258
0.09093286684500798	3.0922720186787807
-0.5236108088955598	-0.9908840196357674
-0.15576938740586632	0.5310529594771851
-0.47490510231648914	-0.8067924095494401
-0.2662578046783026	-0.2573247812340216
0.21396496009640137	1.640287194628871
-0.4861719561712687	-0.9329263695954684
-0.37738831358286434	-0.7889099423182588
0.3750425581075003	3.985731307282838
0.9472286528236087	0.1911110889305022
-0.19664527071762536	-0.8708736613021123
0.2371780644908353	1.9238947866701641
-0.49677853125217863	-0.770049082879253
-0.48238565670300065	-0.815165197281938
-0.5130576431959812	-0.9829873406412379
0.20809670355057336	0.8418234877332265
-0.06176391183654268	1.6721954113705042
-0.4103091403596576	-0.5265993589573386
0.3320210584644141	0.7552488377428348
-0.302037171484212	0.16675904273810568
-0.4384995762505004	-0.7400119558094678
-0.47685955474817193	-0.6443380734714151
0.07467922063588713	2.4546458062853485
-0.20830672928918254	-0.23532088757831207
-0.46439668987177035	-0.9298731952922107
-0.4137307796684914	-0.8771419105693589
-0.32995839168670843	-0.08756369779098433
-0.36252013542430167	-0.11604610349537556
-0.4034375009179132	-0.39787216678785126
-0.45465979656926636	-0.7036324862407763
-0.2762737343491477	-0.6735106269889464
-0.46770885700683995	-0.6159012284504336
-0.4903291862295667	-0.9555580378268095
-0.20159881721949524	-0.9951034556866581
3.2668168379122204	-1.2986492997039603
-0.4218939106123757	-0.8717118868221626
-0.5717530585331553	-0.9560407022426428
0.05758570372835698	0.7594486535716127
-0.25590815682536083	0.477899333548044
-0.35106518522414476	-0.6255341024120884
-0.2718883335103548	0.3870296179275131
0.13996960589300167	1.5827043197221606
0.2675509331160284	3.711202289232078
0.2893428997452067	1.4632175393070865
-0.5534880054635164	-0.933060413998024
-0.5309447687733284	-0.990640078121197
0.09320607465582344	-0.7034026744155554
-0.4684563512360652	-0.8688578265985776
-0.31286263563957695	-0.21569622545634684
-0.052856119041449885	0.12967888080413667
-0.3885662266922089	-0.950560984137133
0.027619329380689134	1.1470757189811605
-0.4762401641783002	-0.8239458234445636
-0.5471522398920708	-0.9805993524131081
0.10473331799282594	-1.0178766766250567
-0.20537273491391372	0.47308093491871955
-0.4955345415762645	-0.9932975498477102
-0.08706961174394606	-0.8832896714545814
-0.004000150562954233	0.3224589596145902
-0.3995510667564651	-0.5933616288678184
-0.4931799827646526	-0.9657794609082322
-0.3804005000367696	-0.1464205902883002
0.3399281007823676	-0.5685289906646489
-0.22298714552998186	-0.19012980859314058
-0.2327614931547734	0.380954273222497
0.6376366119604613	3.288334266090972
-0.48505514994572063	-0.9974932643340741
0.5380793112099892	1.205805143951957
-0.0706881442990897	1.1928160902725617
-0.19465284827133117	0.9511463962647553
-0.5241000641077634	-0.9937792556888779
-0.43123666315783904	-0.6833502126651968
0.9821585555274163	-0.28483219365119106
-0.4289334387116566	-0.5851284536852053
-0.3355420164287904	-0.863749035023608
-0.37135143072010124	-1.0313212957682596
-0.5057298408085441	-0.9626336811747555
1.2981722261730504	9.765134015132627
-0.4579843569730903	-0.7422059278099099
-0.26794322394687703	-1.00511822791837
-0.4004960299316331	-0.7884659188208036
-0.29082772808383694	-0.351612898459093
0.007955826837597074	0.12091769512361318
3.6419550307520674	2.681916766425616
-0.40384828037371023	-0.7413990179892005
0.1257339727762229	0.7177660390410193
-0.4257705641185396	-0.6828483940998001
-0.390975826456227	-1.0223915733010223
-0.5084434238588811	-0.8980735976736601
-0.18887984798159438	0.3410910712255247
0.31389210090878616	2.00950763349892
-0.4899181430238478	-0.7395122205229446
-0.46245417335719136	-0.7917259825860411
-0.4321279265470389	-0.42628461885281954
1.8325861209987324	-1.718610741231424
-0.11591574708007443	-0.9651498482772262
0.4017014133308582	-0.434486317412832
-0.4006195157871321	-0.7225534182065736
0.07776322864480212	1.973911310061413
-0.026155397940871933	2.3394410752610946
-0.08816416628866679	0.9369297825644369
-0.5011088388067493	-0.8275241668787978
-0.4190626895576602	-0.7498339866842026
-0.36092834110545574	-0.24050793399464027
-0.39534841355102	-0.1112329330478084
0.05509400137200336	2.5853972463085246
-0.44081260796965127	-0.9992491300684032
-0.41222851169111546	-0.36561548728503174
0.8991010784141698	1.130870153819036
0.04631750448869226	2.45922726207868
5.255734266088331	4.769886002954859
-0.165936846853513	-0.7016999853650279
-0.2791442942376053	-0.6402803726227704
-0.002084332933721324	-0.8458788980821351
-0.26056696003226637	-0.0021665060219443755
-0.5132325162394742	-0.9947554297142186
-0.12728904148374925	1.136758613472859
1.3212775011703903	0.4633497338627912
-0.489285707109791	-0.9526808375340423
0.2379746021443381	1.4131508866367317
-0.15103412902457217	0.5964513459793872
-0.4149673604949345	-0.6511442079729953
-0.504749634268508	-0.9156776151862259
-0.4763576148811184	-0.8042028258343874
1.648014777266339	0.13165132853325234
-0.2312283447679176	-0.8492795866275162
0.09834978078326999	-1.0345502218899687
0.22360022098920218	3.941843217027668
0.02330920963618818	0.8269909587534783
-0.11457215570235807	0.6834908032717706
1.071658304992785	5.823912726587667
-0.3959318884314077	-0.8587520312008701
0.3720482225122386	1.7461238866617883
-0.2997392951969897	-0.08841411519472728
-0.37640189894558357	-0.8430951370477208
-0.4665104965331038	-0.831332109286127
-0.4451937714568055	-0.650231699378344
-0.34607418246987615	-0.7572238813872791
-0.4343130384266971	-0.8127143302880735
-0.412757808209468	-0.747323910179293
-0.5265554316300194	-0.8924462861936813
0.19238149376277253	0.2338476329898886
-0.4772855713244127	-0.9385925392113245
-0.004624610824821951	0.008127651841636203
-0.5608001113321354	-0.9763536822039578
1.9258392606908608	1.756780040906812
-0.12641413302516386	-0.504572114371941
-0.3603980763738576	-0.4705143137934058
-0.4257948563148532	-0.6847882415906436
0.42840045324291354	0.7233716740708076
-0.4412502762921972	-0.9992098004812212
-0.42898752783572824	-0.7838370911096891
-0.49493693768964603	-0.7714976677657007
-0.45474911048846495	-1.0121004549880375
-0.40699749214074976	-0.8864898775183823
-0.05234005666777678	-0.3503824084982566
9.675203300930148	-1.4911167829513976
0.9331296995527029	-0.4743817242727398
-0.4788964814027973	-0.7091617674895966
0.4454118352208067	0.5121699519130108
-0.4643931717427054	-0.9079504630255832
0.3402700927900804	0.6912288302230863
-0.14123070851463684	-0.9510267910312967
-0.44921694290204284	-0.7160436291568171
-0.5062506802072774	-0.9473402570624928
0.2450186345511571	-0.4684459991274193
-0.19379315206653486	-0.3287406172536674
-0.03260220111635488	2.1155577642080825
0.3928948772811676	0.5850598723707493
0.09732776694986806	1.3641133375257992
-0.4659843995073735	-0.8424766319966248
-0.08928723320174811	0.01728470526625529
-0.12778798785659465	1.42466499192521
-0.34868714973950293	-0.6296353923773488
0.11635144155222936	0.7260725893682392
-0.4782975620187211	-1.0016992339222344
0.09066107209640181	0.8497057609798849
-0.4202512457364435	-0.9168862989266479
-0.31860137910731945	-0.3104660418843273
-0.43760539312849217	-0.9724288699731892
-0.1950801928835599	-0.7861811524844564
-0.5593458974502493	-0.9643274871735794
0.9311972194516045	9.197896743751134
-0.20371804142142896	-0.26507451713946756
-0.2706009951089712	-0.8872316137888179
0.05696340331852168	-0.6027439892304894
-0.47550726911392954	-0.8743908561892131
-0.4122400881096298	-0.6857370672311672
0.4905749917612858	-0.05109885057848396
-0.3168034872241627	0.29424675775724674
0.2373399581349021	2.2121806262404116
-0.25697262441131374	-0.388608138802457
-0.16231372647872452	1.010984800403565
-0.23049689525933176	-0.1981487902837262
-0.38476203720672186	-1.0309158424221054
-0.5269396686990006	-0.9417122646573509
0.15253124232432497	2.8929481542375535
-0.40202241509770226	-0.682899723436508
-0.11321861858710804	1.4218997723303008
-0.463862120742173	-0.9993096245408838
0.36448443869874525	0.14310858242066626
-0.5407867173984029	-0.9408207803637127
0.20595831552929914	1.5813061230682808
1.3302573758153484	0.16096587602176748
0.16910764153271407	1.613898395188706
-0.46161106976624994	-0.8600391267334393
-0.15275712534863234	0.4677348811726102
-0.35965539698604265	-0.21135918041592064
0.34469830831751885	-0.8335529772027673
0.08387091591979096	0.9142976505772157
0.22081394585351657	3.3024517977647707
-0.4202183150437368	-0.7537560111820255
-0.13651926149730692	0.17751908795722082
-0.24279970811033666	-0.06825904735904663
-0.4108484988603021	-0.6923922991317218
0.3312121272355518	2.295458273559004
-0.25982808226883364	-0.4793611332893598
-0.4657620065157424	-0.9349820118668183
-0.42793957420740336	-0.39532175776580736
0.02757232926911154	2.587561437668466
1.4118308623868225	4.590920440314988
-0.4721403745558524	-0.9070051045478857
0.11459684475319558	2.8647552083221823
-0.06445401601930018	0.647906145208279
0.31273945283261867	4.089807755187901
-0.4953488157306636	-0.8972906900635677
-0.34028765684745127	-0.6324391688315383
-0.469280250433312	-0.9727794737457868
-0.19944103274638528	0.599482695249432
-0.2752221785947324	0.16520743996380097
-0.06919688343285603	0.0012601351003821563
0.7297920543571482	2.82157057334949
-0.29949341810198066	-0.4736385976271423
0.8026243425300755	1.4364281828942718
-0.5380394426677721	-0.913087781848055
-0.2024794278073527	-0.9404342738629765
-0.4533082324600556	-0.7767370684146023
0.5030726065670134	-0.36190701778463
-0.3239554442960483	-0.5992355652482321
-0.4813973143707282	-0.8649327008072136
-0.09778641433455186	1.0996343094552872
-0.16583878835355825	-0.5332755000920772
-0.04776460316398696	0.6530387339157744
0.5932332250309	2.0995373914159203
0.03023734588336566	-0.4357322786943595
0.30190311170325906	0.17983938393159996
-0.23686891835585536	-0.5564624038356252
-0.041588099954557256	1.25341532316158
0.07294201495202308	-0.87779854139496
-0.517026748546642	-0.9363995786242058
-0.41726543478550915	-0.46166037626647943
0.05974707325965076	2.42451728747788
-0.5571523211227376	-0.9539842217056356
0.5394125615453552	0.9887768521835515
-0.49258957725394187	-0.7714007946944694
-0.525108699771673	-0.9513149664331081
-0.4208166547183833	-0.49364999370982404
-0.08836579835808656	1.7379776238435174
-0.2410339298324589	0.05993300388337985
-0.4248602268110924	-0.4286404267485092
0.3324888757394031	1.2998256658447704
-0.33997814213961963	-0.3749239314098022
-0.1581867659587144	0.9778470336798648
-0.08642833193601017	0.647120132067389
0.6449127266898123	-1.1313601248807017
-0.5804042325921521	-0.9560976777852931
0.19409948870850624	1.3162035212798426
-0.17602831395883642	-0.5897942322529203
-0.5046739235210597	-0.8310105967780547
0.0712743545588838	1.4981633286601674
-0.48080848700206547	-0.9586104154871228
-0.4410825410245469	-0.6186185835482635
-0.14234125777337764	1.233151702143352
0.12486218559575613	-0.28638412327765667
0.6081592495962859	0.9507910177238302
0.21612396829799574	3.2071154519280127
0.05361418782470941	1.6263456720038427
1.4183018031449954	2.746119656206896
-0.15844813933924315	0.6597519261077218
-0.11641619408280209	1.3576116161095757
-0.283810750712123	-0.06026245956105038
-0.35679967872009105	-0.11678225248453901
-0.20986644923137138	1.1137509021696101
0.772178738294652	1.8171855191533373
-0.25055482361613474	-0.4927183373962085
-0.4685111529051518	-0.6142196943902096
-0.11142543585566056	-1.0688524778723116
0.6121286079034135	-0.24775149456069748
0.5473529934737956	-0.2876081011888501
3.8710548284102724	0.9813021653892332
-0.5108533686384491	-0.8548164331480422
-0.2959483237888118	0.006190788681625033
-0.011636109612231698	-0.1685476546439095
-0.3996110435912935	-0.7181632636308718
0.18959945189186234	-0.5171339107994629
-0.5083119741845518	-0.8634168924757547
-0.09566146320563966	-0.6072183234745553
0.3121373398035143	0.5741123107138281
0.040086502004073404	1.5311098162753867
-0.4223391649472928	-0.8429928299198988
-0.2073493613498471	-0.459484236274731
0.29664683628448474	2.044516342625706
0.10693156564436126	0.1726766007048257
0.3055122960592836	-0.8534519379958146
10.887894062358738	-2.5023069318330697
-0.420475801639876	-0.8763818065713022
-0.3670849784719523	-0.5040898320785515
-0.45921222694249375	-0.9649334436712166
-0.3766159077466992	-1.0027799683212684
0.36764813236999944	-0.21275189300065123
-0.35613909826710416	-0.4648433197772439
-0.22961191262415637	-0.6571769114567777
-0.5077483658716687	-0.8669479799425305
0.011964890649281188	0.9246362943702167
-0.36203639689119743	-0.9261108670735567
-0.4021760457030405	-0.30310826052828416
-0.06965688436549952	1.255354038563601
-0.3967358699428134	-0.9333709070459095
-0.23416256100222793	-0.6902831190910587
-0.36634638134615843	-0.30840922604189264
1.6977619134950996	2.6745192247022382
-0.5004185433272116	-0.994484717286139
0.8984102571692453	-0.013351359438788122
-0.37195844988038307	-0.5277606608720037
-0.46022529684866736	-0.6396431914853604
0.016609495287166435	1.0570096368530983
-0.32042738484568517	-0.15151751168918345
0.2517079113962965	0.15386922890781546
0.25586161186059747	2.7221678311325563
-0.4011373342834173	-0.3365977605771525
-0.10299133717875156	-0.7483004745139012
-0.2965623405030479	-0.1884027255304862
-0.5310405249738113	-0.9231861748014691
-0.19354958729692143	0.1813343472164428
-0.4129874351404044	-0.8842089932889583
1.0764031005131138	0.534002984664107
-0.507188446546442	-0.9969537997941635
-0.1345447933111078	0.30005603579649043
-0.24818275158835865	-0.6258465186236767
-0.3286223160705639	0.13568148749389755
0.22841270984346237	-0.9109001360735459
-0.20511594687660598	0.3110760188027375
-0.4107461421945258	-0.8023683720590981
3.0708217366749597	1.5724625692694083
-0.47559329347150653	-0.743339534142808
0.04404046408526969	-0.4042057297353107
-0.3721764528014164	-0.4366444129089787
-0.4769965666490395	-0.907678312909003
-0.3374531954820404	-0.3620174265164879
0.24456695347312313	4.2581047795664055
-0.49885054195642126	-0.8668182235573331
-0.24634928375024037	-0.7506499428997374
-0.4943786443594788	-0.8979384558068569
-0.45848087808056803	-0.5834746008902546
-0.38422851784323986	-0.4316384666594543
-0.3882681811754555	-0.7862310899445272
-0.5075840289107889	-0.9618319253477662
-0.4030909140617328	-0.46500987450749703
-0.2749721264758089	-0.15653036001133652
0.06990948774061302	2.615452648303427
1.0818408421467016	0.4685560059271475
-0.3057225499317422	0.1329215777413364
-0.4612924275912193	-0.9683531716247034
-0.4818512313361141	-0.8055805046391723
-0.36233724706987813	-0.46868881307144855
-0.35055562206755897	-0.30826142965434544
-0.15307000360024045	1.4265499722800496
-0.4598993418537148	-0.8091069466620447
-0.5549206163670838	-0.9347720967949594
-0.4345366365027078	-0.9375465236645262
-0.0014637945706391714	2.5278433287757434
-0.06434538694441615	1.832729585112917
-0.30547928043414974	-0.18831352109552985
-0.4050055113737503	-0.7860564341368774
-0.4501249652694274	-0.90451814502983
-0.014514318657392625	0.738418332740336
-0.03020005482163754	1.762747750709067
0.18123003068146595	-0.8587969015476786
0.15101640967853872	0.8485646072236306
-0.5155225227449837	-0.9246909621727708
-0.4357216026959064	-0.8456188981161651
-0.49885258405586136	-0.8337536229894977
0.010456992495515417	-0.3593955917116156
-0.44261709850378145	-0.9377560016106014
0.13688887232017133	0.008443478065154934
-0.40581767497630344	-0.5574328392632781
-0.03506278512669537	1.6079140817475692
-0.4139167462941186	-0.7119027432407624
0.12809435143963324	1.4876507875546743
-0.2876833607882536	-0.4152254046026833
-0.07889693419536012	0.20063439252640738
1.4807577792087734	-0.6684894397271639
-0.45330820228912216	-0.8126052558351122
-0.45334824966322446	-0.7263419364778446
-0.3218989873911907	-0.5608239887997467
0.424526018385889	0.9503437791325697
-0.21915581868762782	0.3462732899382326
0.2131127651584328	0.3817803622698862
0.2904994646468116	0.6080894257301748
-0.11315251860193226	-0.6299385935692852
-0.5038469811790599	-0.8663888237161411
-0.5403067141144491	-0.9852367610843387
-0.5058917724782396	-0.9920494782879968
0.1510940482485628	3.6291768279485943
-0.2757386614148019	-0.027701703676416365
1.1373326630923308	10.229274270119816
5.375954604794068	8.30904870862768
-0.22361042149978613	-0.9488084254729487
-0.4437282712977288	-0.9173899371177385
0.9990590936489039	0.2574140802050739
4.1557995518571	0.42499979987706826
-0.27007129857260687	0.2551131346957522
-0.12719952743702764	1.3928697113129094
-0.2953274404251742	0.3226683787155178
1.152817505913566	-1.218771003841869
-0.40590641639009395	-0.49538189189997167
-0.14402812866307216	0.5315099095731352
-0.3613854702446058	-0.5969214166865962
0.04500082473165002	1.27343002356826
-0.48975476282956065	-0.8373720438836014
-0.04245156886529059	-0.41904516020803106
-0.5257162990173518	-0.9340668278775373
-0.36926745183876003	-0.8233335374369419
-0.479081833163124	-0.9487128018561144
-0.11625592447213605	1.1031676011414573
-0.39943291051174346	-0.65826790093101
-0.4235863801917132	-0.4903222325552889
-0.48671120922910494	-0.9699635869327078
-0.04214442383584216	1.2518195376402421
0.015705230098243855	1.9494846583335468
-0.3384398167981617	-0.37615638172482335
-0.41796354041841105	-0.7295157940520599
-0.1152538179603232	0.33871525794953455
-0.46916993377798993	-0.9233716063919282
-0.5062379539608971	-0.9952259360082326
-0.4962272345524362	-0.964199626227078
-0.39622003542946804	-0.6586234211214821
-0.5151579933463083	-0.9306090838669682
-0.4877944676300079	-0.9013258935552478
-0.1379962533715002	0.5620772358113116
-0.24772227450789944	-0.5218810237439997
-0.3191949532133081	0.10294985581634558
-0.23611159621464722	-0.49418112962041794
-0.2197718605553356	-0.2587858696886278
-0.06588304431450927	1.3223320421289868
0.03192217624143522	-0.9685931395109119
-0.1741537424060885	-0.7995942938173998
0.627424657704291	1.0758449666996466
-0.10320542405128984	-0.5730959120549216
-0.37435806954184025	-0.017889519226731418
-0.531185327906916	-0.9564081824342892
-0.41358248230217803	-0.46211778405725096
-0.49963875761352516	-1.0002720491767272
0.19808670085756633	2.1827652535409174
0.12542103131115415	0.3628207342886799
-0.22499224986927005	0.061956096412815326
-0.22317487501381497	-0.9063294020340763
-0.06538929249291144	-0.9732362797792392
-0.40694703007927874	-0.3330489450661962
-0.48037210186955	-0.9358250231646232
0.10400211113895645	1.0176776470537447
0.060360480823479994	-0.46505788762929023
-0.5144550463281717	-0.853337016600601
-0.3991772927870392	-1.0222410194327674
2.90911277928916	2.8384707393400634
0.24936856134155472	3.937276340777015
0.07479284562439623	0.18851919645860843
-0.49101339668884253	-0.9289917627778723
-0.47574661405953633	-0.8951351890313779
-0.4090335546908696	-0.7475986403957631
-0.48774056605761534	-0.9874973058832439
-0.5301694503605475	-0.9254366494965612
-0.4804930192328551	-0.7981223598593902
-0.5148113810525446	-0.9885037751696581
-0.402805687862002	-1.026102212820697
-0.5055188552340474	-0.9834529694316049
-0.46751688242341444	-0.744711372252984
-0.03906547537305566	-0.6045354832057891
0.34068457291639925	2.3014153236108963
-0.26284379830064475	-0.1307287127520534
-0.02997461457157691	-0.8645733262345411
-0.4929959763723195	-0.7071377934563318
-0.43115368339371263	-0.6865198032304405
0.9067579808234284	-0.3916787502038675
-0.48797829933614567	-0.7378140467993394
-0.05719925288995096	-0.37814792535233893
-0.3526322229890824	-0.24433364775198183
-0.08545346471452467	0.32614243074540983
-0.38541331210153135	-0.787684408825225
-0.3603254317450264	-0.7900828100178451
-0.3435305928639953	-0.8524031621434403
0.5148073990556983	3.4280717223034927
-0.4415669112546983	-0.9093826929113831
-0.345531659863298	-0.6460697228094413
-0.3159744691292271	0.19856315458220225
-0.5236431843606547	-0.9916290371894114
-0.47628437340811774	-0.742397494077912
0.018778410944441708	-0.29392723100364926
0.4438973693954331	5.513494267706894
5.486394846723971	0.017697288279122553
0.814032614376097	2.120320217372448
0.7929606901855014	-1.2583623220247226
0.4553930712973806	1.181444074439127
-0.40203116407637596	-0.5578222459150582
-0.43303368101335654	-0.9445494641910875
-0.3091043317087808	-0.05759763044469889
-0.018177042326163573	-0.18132925682978637
7.2085049262615	3.5277914473398075
-0.4409000575821255	-0.6710947293300236
-0.39623877718758854	-0.8561467090684058
-0.1034211766984414	1.0359777931798586
-0.5374592331226121	-0.8331407246657263
-0.4875549001637028	-0.9928794113626714
0.3393327456763606	2.8382245272759765
1.2069765323897765	0.12140984986873823
-0.3202182559973696	-0.08943996782844023
-0.4748023107139527	-0.6789201142156521
-0.2805818048728822	0.610251462730357
-0.3107187571623119	-0.44163706788390467
-0.059353981800749675	0.2257057973393152
-0.5172849184373899	-0.9892691043662243
-0.25084240176393346	0.3209163247920678
-0.19413941398218496	0.791387044238299
-0.3712623448116279	-0.27604209738569596
-0.4597165732452425	-0.8437472472526104
0.9002984925407258	0.6617412533180094
-0.11476828821780831	0.5907296929565844
-0.44527014260722003	-0.9482133097001759
-0.5137061080352416	-0.8305605117004926
-0.48240888398214343	-0.9000172393445834
-0.2881932190830934	-0.2281232878966126
-0.34201567088625023	-0.6024521603649741
-0.0012050239962380456	1.0562785330646356
-0.5015196606924571	-0.8993082440761871
-0.2307253570696358	-0.7473009587296628
0.1834535257160769	0.10121463515087674
-0.06333492050733529	-0.28590630188169774
-0.01541652881084885	1.3772595635114528
-0.04802259573748163	1.9899933485223449
-0.32571807375780404	-0.768612701316882
-0.5079808987896937	-0.9963825989567985
-0.4382765697342853	-0.80524186380481
0.33433574661725585	1.107832985947819
-0.3656616080379498	-0.7877698887706631
-0.3971588851903185	-0.3669153732856663
-0.3869152716053157	-0.4940825804376889
-0.1737476343503037	-0.7823934618922211
-0.4402607770796426	-0.7174261510579287
-0.18548777061044486	0.37206166671444896
-0.4714477208728296	-0.8093478396865526
-0.13680262569132218	0.30061718161215933
-0.5007008352425381	-0.8509478560534358
-0.4348417491843211	-0.8111335279853653
0.8559578958141699	5.1818882660393
-0.407766119973103	-0.676896182050946
-0.3828329752198772	-0.5562491041300013
0.7622285908206319	-0.03967227673662935
-0.29677171972724364	0.35689000377484353
-0.027108190463836748	1.4745889406597268
-0.06921952899125543	1.3242084465159625
-0.3325726071312937	0.20095848657750862
-0.39020971689314404	-0.5931531253989841
0.16062078958451662	-0.4608937084097894
-0.3361463514415756	-0.5382649976551883
-0.2899193513501591	0.06609032886882416
1.3672493081656536	-0.7808376531731732
1.0224370273846426	-0.6024800498472447
-0.199889440771583	0.18112946879156375
-0.18268553482659527	0.5666470611688866
0.3605492755976454	0.4627173754510228
-0.36754110241164073	-0.9637236314792118
-0.32235993223441645	-0.34573376178853243
0.369814383623939	2.7697195420146463
-0.26249338483556117	0.319149487901741
-0.331425253668884	-0.9701362803715637
-0.04932034850583102	1.4779819905272575
-0.4523362965271146	-0.9111681597677523
0.11505870597524231	1.4229030010394381
-0.2726002129083137	-0.32980969847100505
-0.41470139635636327	-0.846113965451684
-0.18027526641171623	-0.19912070610901303
0.35149507365664395	-1.1159390615983515
-0.3094024544292802	-0.18651805912252079
-0.34202494834419495	-0.4369314356284967
-0.4855782470565937	-0.7381599466825984
-0.4650549385739851	-0.8412397566195441
-0.1475505264605788	0.7220334546604498
-0.5071499080793109	-0.8994287184784331
-0.2574655387773906	0.2873171381406568
-0.33286408804351414	-0.15149260039369966
-0.30387262676730425	-0.09428961671230948
0.6941980638497895	2.5928596959719847
-0.06297078137503971	1.1607620342954474
-0.30061259001217283	-0.15280957628090605
0.05716207471383274	1.7852999158014282
-0.5209372492321741	-0.9865394974039627
3.0223717924564784	3.1893864862251795
0.1484706459012936	1.7117668501913077
-0.3655278911610883	-0.21213838685405226
0.18379182957799106	-0.5673925509879594
0.33180819397031897	3.4468597151502776
-0.3400777135921488	0.26472371962412505
-0.5165524873049389	-0.9945641968706711
-0.11224885178602803	-1.0656118001439783
0.6563952630574705	-1.199547476183305
-0.35461901155574915	0.13906578303558448
-0.18626051202193977	-0.49146848456081627
-0.3792488860651985	-0.8955556120460451
-0.4936936245008444	-0.9297396862795899
-0.36696854871817747	-0.852065908317787
-0.40302721305972694	-0.5243225016275977
-0.441055860583102	-0.8065947010180164
-0.25902561740830904	0.6727194547613072
-0.5718164990146566	-0.9688668523711356
-0.2617551498721378	-0.0949655877618805
0.4750241663278119	2.692761790422211
-0.08996700697217436	0.45925120770573363
0.09792229576287101	1.4599535819559095
-0.220209354753405	-0.03602607814169547
-0.4589595183424945	-0.7767441869043409
-0.491359212804552	-0.9982418666526245
-0.37397845658537837	-0.9274348420164723
-0.4706303581043712	-0.9677325850668658
-0.4413638539273567	-0.6499080298990916
-0.5043877786796837	-0.9610571185094064
-0.4767540202121325	-0.9667360516195393
-0.45027652871684676	-0.7753631301294841
-0.5074539721555281	-0.9953275569649189
-0.49546256681255396	-0.9661282093230076
-0.3697119534694501	-0.9142028840676799
-0.4473086841813563	-0.9051793671456179
-0.3139909997745065	-1.0507849457360705
-0.4573077085699674	-0.9326457048320504
-0.3934377902716788	-0.6898827629770876
-0.4367060571811298	-1.0083695204625132
-0.4825627026807012	-0.9906498495139509
-0.2827790722804466	-0.7241006825127134
-0.3039508906032057	0.09999547943299905
4.920401595007046	0.17131556717336044
-0.4538589963872992	-0.7320990470653321
-0.042252150687441314	1.1261841741181022
-0.3821044508066204	-0.3039014551942
-0.43746455123022515	-0.7271500940345963
0.7955970896770723	2.407958616653895
-0.4630821437735874	-0.8382764430036261
0.0012361828497529526	1.3135231302747705
-0.021324520658378362	2.0837524460556645
-0.45145563264779565	-0.4892535959998055
1.154149702643976	2.8035601181721046
-0.49404105927627945	-0.8949441947371136
0.5188114415488222	3.8410001100135633
-0.41770079324483866	-0.9829153752767084
-0.3809028407450521	-0.6253995858839889
1.033155726910788	9.56968349775755
-0.14372151361677643	0.5631498137897465
-0.2893646922458921	0.515040111859918
0.12031898586147907	1.2451042367490621
-0.14966794080744417	0.7203618124554086
-0.37960266150494065	-0.40381928579833015
-0.4529976011824032	-0.8125110159810047
-0.3843212380455718	-0.49414579008858417
-0.39702449968237674	-0.20705849708516497
-0.12889307415067797	-0.2774667212154221
-0.32094656601094473	0.19823485915636085
-0.4957664900053079	-0.9131825131238053
0.2740783781304656	1.2528654682315195
0.12519256343622998	-0.6297563069304415
-0.4878383872039771	-0.8363479400335967
-0.4438418348592196	-0.5858709943695356
-0.30197842348710524	-0.09357976688888205
-0.34660932083056767	-0.5655705109769363
-0.3449676438367482	-0.11956190719821394
-0.22118475834387524	0.5047974989718886
0.010249027947623637	0.5410840271861923
-0.12891568621591712	0.7826660551239416
-0.4792495536997403	-0.8977006450191218
-0.3377233710898462	-0.5663915712875627
0.17344671971369702	0.5252333647299421
0.2970041982704949	0.09960848506905463
-0.40426705765447773	-0.8132453313513335
0.04811811941219923	-0.36558433502441934
2.5956058835295424	-0.5775327210390969
-0.48957904974534894	-0.8348739563413828
-0.15644457182514232	0.5955579155341499
-0.3538865964152747	-0.5365516750741472
-0.47387978312965956	-0.7740552083703572
-0.5036516729488605	-0.9609914443000377
-0.4415461909144761	-0.5875751125644966
-0.4211968693795894	-0.7796232669784603
-0.19263920357353687	0.7598029794340678
-0.15010657302746197	1.0418511666411967
0.24286568100762032	1.2091512264421425
1.2005268433537952	3.63118429904301
-0.2678756198259509	0.2573278446202009
-0.24398445471182442	0.12673042788196062
-0.501723647224847	-0.8979484763681802
-0.12826350009107487	1.1668121609405633
-0.4071454250756257	-0.88273878211201
-0.1597488133520601	0.7218615728819183
-0.476951945083629	-0.9839774570911256
-0.4503090048946502	-0.940228520319204
-0.4638562178149875	-0.9079439048541338
0.4426173777278517	2.5713001066218046
-0.34928118383101037	-0.4095677911121046
0.8175036348340193	-0.7157558275926682
0.17999515917191258	1.1669494810436543
-0.415188880773164	-0.5909927737496693
0.8178499857512309	-0.23938754080799926
-0.4822613637032765	-0.9200260806403316
0.20102769549076044	-0.9907348727355413
-0.22210865105913546	-0.2592669736549131
0.05986320871080248	0.24927987697458537
-0.47741872763319104	-0.8121480561811084
-0.3823270460408782	-0.7942261628715946
1.4421301506846622	11.88810660144073
-0.43937990115923664	-0.7109891290547191
-0.4368083429807657	-0.5226717607251866
-0.2985168248000213	0.260104219579083
-0.40242176795347506	-0.9531003856261864
-0.4178933172769982	-0.6172317274109551
-0.05186552982142366	-0.12522075074389996
-0.5364672578387464	-0.9890417306680688
-0.30148576405783234	-0.21678042080638654
-0.4143821411302179	-0.5881278283755181
-0.345867105991881	-0.565595063410091
-0.15317882495756988	-0.4684918390722604
-0.17532057331027553	-0.2605198742814235
-0.313730983500232	-0.12298702714927144
-0.46697029103732457	-0.6156713661048427
-0.44053748504450124	-1.0011569193872516
-0.48729393280397404	-0.9020870868092765
-0.38978240072432957	-0.7586541925188269
-0.4064078227593504	-0.365929706705564
-0.5092606643456268	-0.8622472758392762
-0.2143407939204814	-0.45589613311310023
-0.4016710803775046	-0.5575222555721964
0.33373932389152405	1.75236823819215
1.6825767554603979	11.897371269690796
1.0070801296373588	1.097482257366684
-0.3584621247295135	-0.6898508013925508
-0.45064433654492014	-0.8700230996887363
-0.45783982904559456	-0.8760382272204197
0.07612931166860128	0.9819264115033111
0.3185144832511669	1.4352102343257778
-0.5182346997390871	-0.9427141294608423
5.199093577580806	2.649804132794193
0.08438740376164329	2.389716043354498
-0.14451612287350266	0.7524802413168489
2.23363407660895	-0.2806167044601757
-0.47506430671662325	-0.8506770502273475
-0.030697455791331638	0.708694866197847
-0.3215639931756199	0.038555290819306046
-0.3959151863507781	-0.11200207462929838
0.02556232704395189	-0.3396409377236203
-0.5267139953230034	-0.9881707314762372
-0.31927198655948597	-0.12179510469058043
-0.44783592747340195	-0.7514904894706808
-0.4117769428463289	-0.6586381595582078
-0.4891377005620107	-0.9477803216138849
-0.3055928494550623	-1.0128915945825763
-0.43165820274806654	-0.8444879226187387
3.128977311738228	0.6034839398345297
-0.1443377614554256	1.1691914109828965
1.7223821659569774	2.7786039291842055
-0.3083486702900559	0.10250214451759972
-0.4233686085186636	-0.9530170994648345
-0.11376650106719022	0.23583042567398643
-0.43566880834313765	-0.9002105404783107
-0.4290057352413627	-0.7992216551603147
-0.4506930373027371	-0.5523014235029596
0.20312482955367978	1.0281450568990556
-0.5031564004548051	-0.8973090846139332
-0.121763238916644	0.7180735469163984
0.6240068027967132	2.235073324907481
-0.2768887416084653	-0.8913402999462481
1.9937286978200828	1.8256193199528516
-0.5203579291011298	-0.8968419549169748
-0.02341849183978637	1.283258692380778
-0.39336569557028783	-0.8151660238407399
-0.3775206561559871	-0.46549575966461965
-0.4879866045673528	-0.9326462718097563
-0.2840224372080113	0.1642984270549209
0.05192937764060917	0.34335905199623623
-0.2425787383515753	0.7652185426633125
-0.11307704640331866	-0.3134292317368564
-0.2382103171203106	-0.5551836202084968
-9.267567980599014e-05	-0.9110629582149029
-0.5363506624518352	-0.9502300574217579
-0.24839189492373184	-0.781482972517591
-0.020998538071532766	0.9647053763423684
-0.454267945654551	-0.7427612077646518
-0.4907691862495092	-0.7723795384728044
0.14046520598652606	-1.0544098583030312
-0.4992269677777001	-0.8859745173155599
1.2990983126151956	2.7239853775203464
1.55795879638514	2.9452204771565453
0.19775318848936568	2.2124471003637742
0.2670007418008025	1.208390681742627
-0.2254017640664452	0.2590145052581524
0.31372097378726277	3.641442313360241
1.3848846376195412	0.30658960230688653
-0.43500119224716705	-1.021559472970915
-0.3730979480816936	-0.1787233607497419
-0.5195702203423952	-0.926209902834044
-0.46834403811047354	-0.646628947083145
-0.1555338927023713	1.2990375069990234
-0.42742985629943137	-0.7158229533442655
0.372289282169723	0.20520760240447722
-0.42717680387332596	-1.0047215273927543
-0.46734631217923656	-0.9065873110669562
-0.4380378993232344	-0.7803945030268225
-0.37258713696198953	-0.3699464066768994
-0.11700690666763763	0.7820320317031679
-0.5527670446224173	-0.976471808940508
-0.2634889679702476	-0.38931701557511933
-0.3929192009572929	-0.8534191901915527
0.4424306881554488	1.9960409702183763
0.042962426374605955	0.11990994134998238
0.36216752891204607	5.107143074658449
-0.39572317146847696	-0.5939963117596664
-0.2863264828660869	-0.8864570895004278
0.0910707385141116	0.40836727820831253
-0.2505985443117748	0.06003060009118579
0.039226408945047087	0.8349910160845961
0.5212310366189052	-0.7044152471473247
-0.3303161210222428	0.2956685957319929
-0.4195040957905205	-0.724270801183616
2.9248621292437718	0.5576431723105998
-0.24705098918956653	0.5103958179269683
-0.5009048917418141	-0.8992205055051787
0.021870947058782005	-0.7174837761879874
-0.5025563586210852	-0.851775612919555
-0.41134099570902977	-0.6243620966272158
2.201757591980252	-0.5418168516115281
0.22730157703863577	0.3160404056727446
-0.15277941376965937	1.4579710342128538
-0.44530276815411374	-0.944316660156773
-0.11651260772893256	0.8785811679612601
0.13499262011928165	1.2757668546092096
-0.5016299596768454	-0.8037186846076824
-0.26719293127460525	-0.22749379020461688
0.6462747919578843	2.1370600634432804
3.9655118292707447	-0.985136382394988
-0.49875675507001366	-0.9205245712443014
-0.3090211252622048	0.3266621308255211
-0.47185411672139776	-0.776851823279014
0.18202763262147423	0.38491599215659394
-0.3564560112527269	-0.4074801511960958
-0.3605340100383787	-0.8738631783346933
0.6265145530908902	-0.8154411284828778
-0.28038135971097417	0.22582445096100132
-0.5191403157872868	-0.9952023227160212
-0.39546434251626844	-0.9819755481921304
0.21283154030011156	1.0043978777596798
6.317737708514226	-0.05142811363654826
0.1585940168364965	1.838037953002091
0.6139149551369976	1.711532613182866
-0.0070555848714448375	2.337587822949361
5.700457158169649	-0.4051145481194157
0.5665963588770822	2.840767422844943
0.2900650739310575	-0.4742418204200278
0.10338660146582751	1.553875326973043
-0.46159726473603063	-0.8097265061653675
-0.49907896580791666	-0.9917002471634593
0.026919304668365864	0.002224338027278532
-0.30781838880398316	0.004006875731489383
-0.518794109299964	-0.9930136122350265
-0.40889687551092274	-0.722020154613194
-0.2351380839949621	-0.330127725490833
0.047450720305144654	2.201578464071994
-0.39616264888758335	-0.5570137027347667
-0.3019112941521757	-0.6651599950719213
-0.15475031660256244	-0.0840407287848545
-0.4741649787370178	-0.9309818215495366
-0.1761895195380227	0.3392625236439315
-0.22816731938147253	0.7959182407825718
-0.3189750932713899	-0.6983786415346187
-0.46714845626365664	-0.6413403273643037
-0.4210066725184643	-0.9871848622800882
1.4437368793777783	0.12489533054672429
-0.19131365429636504	0.8240708485610634
0.4241367989598707	3.9514451153858303
-0.2907669028855008	-0.2873938132882438
-0.40578604656766865	-0.6504200899341168
-0.39182432429760927	-0.5800665149798844
-0.48925684600989766	-1.0036003754514946
-0.23698743782642126	0.7640549557692329
-0.4803301421858968	-0.9032966516830802
-0.0698605930753327	2.152179204058537
-0.2598596108781081	0.2232800350488705
-0.3209373581715345	-0.7351761922778252
-0.43452198458338454	-0.5178910027030099
-0.09603772462867534	-0.6834226386702233
-0.055620304773148804	0.9679082909007238
-0.3688708730424295	-0.6941106605117581
-0.34360740746591395	-0.7430556030996531
-0.1099383528810113	1.3898688742594933
-0.06027366915644142	-0.7828407629390516
1.3732966156170272	11.705077457043398
-0.34053104250523686	-0.3728903012040028
-0.46553857262499204	-0.8054664722966671
-0.21988043131604262	0.12285901032546577
-0.43163036102965563	-0.7449646219349336
-0.3124258524224804	-0.6024661135710954
-0.09389331569031309	0.16947543138198742
0.6763169218079507	-0.9423775511500365
-0.47494199590934366	-0.7731329129338032
-0.02892563190899126	1.6698610004952656
-0.38274538407912617	-0.372592731592262
-0.20312215183772195	0.4416278259346796
0.34603953796713405	2.678617620699337
-0.5042780428212218	-0.9829414132640485
-0.5103682950454714	-0.8988114173147574
-0.48563234779184294	-0.8354529244086857
-0.39961539255401696	-0.8130253696452779
0.3363375415881427	-0.6012446312207018
0.8318073778189542	-0.8723432456289064
-0.2403639781672199	-0.5568106862040367
-0.529796954560401	-0.9835351316323114
1.0448064073045018	5.953492780171039
-0.4835536197671571	-0.7071602806721694
-0.09406693670780253	0.2044040000385608
0.27152205053268524	-0.1624305031334095
-0.37364458136441986	-0.7242077124385596
0.13278152241837882	-1.1576907519886663
-0.34535222308779623	0.07599674162616217
0.04357298244958431	0.7285442823001173
0.69751488639119	1.9008185194546745
-0.5299792221438586	-0.9922215649594371
2.1338156516151434	-1.317748946022145
-0.4342703179418815	-0.9489511830495675
0.3306975321734885	1.459319544283203
-0.2758167918123565	0.16115842144986978
-0.4319065882055743	-0.6078076687091669
0.35514361025618213	1.6516723653293488
-0.41077556536683313	-0.4918223443395307
-0.4751192168331545	-0.8059148028576595
0.9671252574778727	0.14644159109964366
1.133094673552497	1.0726710630551703
-0.5453487015549154	-0.9823280983023294
-0.51557488102714	-0.9437874814681285
-0.3414605034873043	-0.3700983742461103
-0.39619810369975283	-0.7321847724569791
-0.48420119579309584	-0.835139223258168
0.048213266862820514	0.34794177961332295
-0.28447709232792934	-1.015176675545565
-0.43153536932710007	-0.4274581625878534
-0.12056001387551817	-0.49950197063485613
2.568176107392921	1.9603216661036544
-0.17662634881465103	-0.012489187042503841
-0.42549679549931646	-0.6722929958358497
-0.2600624274352585	-0.02920894182259889
-0.4773449761403048	-0.9686910511997722
-0.25525161615373027	0.3829512850891497
-0.33996910302929945	-0.21497860870046137
-0.3319487069473524	-0.11800403728539452
0.026340498184874318	0.9876830723223347
0.556137006301943	2.912240436367044
-0.2438810662787668	0.34982666818995345
-0.4803129524006833	-0.7869335788769766
-0.48685595371148	-0.9387623325769655
-0.25488785216374066	0.7025345616400702
-0.37151684801230284	-0.5661436486890875
-0.44990824383752953	-0.943761950674879
-0.4746683582851659	-0.9318060596579354
-0.41217824239092143	-0.6874088403981262
0.20684149439937952	1.4808214619834006
1.9072255641013867	2.4465050153923866
-0.5028524363304687	-0.828088300414011
-0.2974171245719595	0.19596627582015028
0.10001671925477329	1.1406872514042532
0.005906231928219887	1.7264502855557589
-0.28459809227714206	0.09808542908684148
0.020536729719908078	1.0511464332860094
0.04777256865472589	-0.2630882221692958
0.41430772893010204	1.482635016559708
-0.4418925754903362	-0.5843946272228954
-0.2205773255774627	-0.13317741682412848
-0.3351341683798858	-0.8495746731597321
-0.2778330636151153	0.12783633060690422
-0.024646016563905037	1.2192233478117431
-0.4292931920982128	-0.46029812476714543
-0.3998928125656503	-0.5294987436890314
-0.46071754469267434	-0.5798130382326346
-0.08438486894788731	1.930179117232381
0.2568275547648438	0.055335776368731195
-0.3594382189596273	-0.30947994090907227
-0.4841742901870438	-0.762864573672698
-0.5304147804902862	-0.9236830153389105
-0.5064391191012702	-0.9968940525635761
-0.47138784789758276	-0.7753897540394807
0.4584420757904496	-0.41207190119170495
-0.3031695552090262	-0.4096109718818048
0.6388535262364399	-1.3416409850576152
0.11855029113854193	1.7423483188975524
-0.39731855137604205	-0.5227897980429784
-0.4986965767868594	-0.8242134353764645
-0.4300355290597756	-0.7107597264676011
-0.41426933403042254	-0.854902670507043
0.4124635236920978	-0.7818413737875424
-0.47961524242935677	-1.0049527280745012
-0.5232658966922566	-0.8947942920968122
-0.4390303378878538	-0.744425576070775
0.41247830495191007	2.7338873441190525
-0.4497543152755758	-0.9461262778760973
-0.17679226571759693	-0.9110238369791254
-0.5153897195593123	-0.9898538232896287
3.037195277092389	2.268935869059326
-0.5221990441632557	-0.9291265959533811
-0.40991169751738715	-0.6215845794761335
-0.030681865100473934	0.12533892896497245
-0.29327062603184934	-0.0918075635220601
15.982715648188558	-1.4562880811956016
0.8846422352133732	-0.96602895298908
-0.40575555135637753	-0.5946515289516979
-0.5018174646059911	-0.9560543536721982
-0.18723103736560304	-0.26677114019513487
-0.385918058659204	-0.8875049144863595
1.660984878909363	1.2886065610535304
0.3310688561338226	3.0304363173434554
-0.3336540245833633	-1.034307492446117
0.14549087886759648	0.5555354397857761
0.11124230956810059	0.7251610814239711
-0.3922662623454188	-0.8746964955474501
-0.12927829270869173	0.10875821058207802
-0.4314857143636187	-0.8834894275196373
-0.47281462441877975	-0.6475691529867718
0.344007098306283	2.739832451640708
-0.4021818491723922	-0.6224365279785251
-0.47568338385380743	-0.992057155009407
-0.48075688805959726	-1.0025196640424237
-0.2907758582412539	0.19426823390628492
-0.3516772058827717	-0.4368510309444192
-0.4670871395223645	-0.5830247726916481
0.3357642591907863	2.5501927011245176
-0.34668594786565593	-0.6692194088160518
-0.2227134802292309	-0.9621919349901211
-0.42345336181756976	-0.7802889254884483
-0.3487341565777065	0.20252938828524067
-0.6023107051533317	-0.88639485701971
1.1577291150686004	4.57075737927465
-0.579206549364465	-0.9191655327406467
0.3553081650780974	-0.8606633030234854
-0.3031627021952541	0.35600610356399454
-0.060774800445963784	-0.48429052432554387
0.16767238450548755	-0.3139412538204869
0.30718202916247533	2.748670680236672
0.6854500474190955	2.6673732905809153
0.6464894525190426	4.657185985219182
-0.31082479771113247	0.48596510156883355
0.02192866059138329	-0.07019207297494602
0.11987764528981618	0.4686626675286
-0.3684445447238834	-0.6947268616197003
1.9281302575347363	11.003977506615897
1.3764244414059588	1.589346131704023
-0.5056117753511606	-0.9941555970723787
-0.1773400631531884	0.9500651317591416
-0.3707324568968944	-0.24223836786037475
-0.25579502697728773	-0.38744977609251274
0.8668754982406495	1.8570640273834982
0.2034904153838014	0.650023908686665
-0.525767670330377	-0.9915797054179508
-0.38314706639079665	-0.24194511235604893
0.9529133891513295	-0.9328156447586335
-0.08639082856754426	-0.9540481541535096
-0.25666089842839984	-0.03343136031352733
0.14206000502671814	-0.2459883202857713
2.1658763714252807	-1.1900608410912084
-0.3045133820094004	-0.5427119974459591
-0.48818697451713733	-0.8348702418234787
0.6490330181928212	4.371523464677763
-0.33619375749565644	-0.694873303788495
-0.44800002268622807	-0.9693630947667827
-0.4226399339791957	-0.9302703165884004
-0.39040487989707795	-0.4668622138489344
-0.36573984780764185	-0.6601404092857637
0.6342755795275042	5.075536755474535
0.4476133311755595	0.3539370256343196
-0.16072023062461624	-0.7010817546240612
-0.3310801684717675	-0.6214814645181171
0.6987714806955695	0.642469129197647
2.0049224838250637	3.007026603033696
-0.4208624269398623	-0.9695652181163875
-0.006985632854811098	1.2159425021972015
-0.4373856528446703	-0.7147717341228063
0.3848697320514184	4.401573769060174
-0.2277710775953116	0.47504234830526165
-0.3188659727341188	0.10042821670087719
0.11652267739749313	0.8457692320337795
-0.1512491629900087	0.4345321365157566
-0.3324199276947244	-0.7264638747257015
-0.3661823716596055	-1.0295495239298535
-0.2525626103096034	0.5440115451250076
0.4790038347813123	3.778123800742973
0.2788050784623784	-1.1446822299575727
-0.45227613831096874	-0.8372047022869782
-0.10635373085188124	-0.8443808976255559
0.1999980031146291	0.680992001362359
-0.5051789654619678	-0.8853151702476653
-0.5501181202952687	-0.9453583717053938
-0.1614365189570256	-0.4630514814884264
-0.3757201713606786	-1.0137407033524342
-0.42760613551216314	-0.5812081621791726
-0.5678840379466589	-0.968493572964664
-0.20502544712618054	-0.2734741137898188
-0.36807614862543214	-0.21158984034767436
-0.3953305162968208	-0.4980423990909247
-0.14629433644070172	-0.04076421158709035
1.5856172781456979	-0.49961029219185316
0.03668772667761229	1.304189512671615
-0.44533821951911506	-1.01390829840881
0.5285993225129489	-0.8297611221780791
-0.46254930638074004	-1.006020897108402
0.11365072144442274	1.043868198093315
-0.0473481466435189	-0.4981598550840979
-0.3466269152125702	-0.5366372049896413
-0.47181748167941345	-0.8983999439970292
-0.24813931270654957	-0.5851037800440286
0.3181244249423973	1.6276291659135895
-0.35852599880056335	-0.6999998122010238
-0.08576736581909558	1.4836080090235517
-0.16424526500243739	0.6270033999466191
0.06589743588221066	2.167677680710459
-0.3066872436439749	-0.4725131518161215
-0.3317960954346584	-0.9595232078487606
3.3716606619031717	-0.026171136335768112
-0.565853738148525	-0.9700805049817272
-0.40051121254465694	-0.5922931948984966
-0.08106524728741775	-0.2525911397914589
-0.44271572828909866	-0.609112494154776
-0.39836819169980187	-0.33683373793353094
-0.3804476646385549	-0.8627518922692132
0.3822047440543915	0.17428184440801198
1.2245627272044535	1.4808815741413612
0.3766593819503661	4.563024163499682
-0.21944360628615459	0.44188493403146684
-0.4428137844365511	-0.39393956029130056
-0.42057839685406767	-0.23699448805894288
-0.465801971914454	-1.0089823797275912
-0.2992638806533102	0.26018001385418166
-0.2911130370842693	-0.9419580397634782
-0.5190526059750532	-0.9263532593473188
-0.005446095305066354	0.7677725703570505
0.14686289045007822	-0.6362760262886886
-0.11273886755690825	-0.9544180587125863
-0.3507799573891365	-0.7322388668009797
42.125865205162654	-2.8288119545414685
0.028978362370592033	1.9494950888275815
-0.4356814669862807	-0.6866276283485381
-0.41468452203020406	-0.9810054714587237
-0.28833570581756557	0.19447440545095165
-0.4911107234895922	-0.9310811455094985
-0.43279043191824107	-0.8135410404215073
-0.42192327672039376	-0.5535148739021745
-0.31311235374812946	-0.6633714132293405
-0.3768926234790648	-0.5925055572078457
-0.27033479889614775	0.32107068190340826
0.20086268878892571	1.4150786771527892
-0.18675228641859246	-0.8658614599430283
-0.42641075638706677	-0.875906003934859
0.05152002710225392	2.777136810888283
-0.3180265089576931	0.23265992775857083
-0.37417645071770667	-0.17962063319800528
0.12536949305988357	-0.017385963724552332
-0.2008292222120566	0.15116030807966974
-0.46382174845981516	-0.6125485415397779
-0.2405332554349012	-0.7137341733680841
-0.5708374386891335	-0.9723833780353428
-0.2854523623220242	-0.35018521731398994
-0.29026989922652213	-0.31547113391392545
-0.16593395165544764	-0.533644392513645
-0.5051157130641244	-0.8553529853831043
-0.17739970443469388	-0.908345348092573
0.2715512415714151	2.1717636537737373
-0.5063628491625362	-0.9176549140733544
-0.16530695977006946	-0.26768228010129486
-0.1648344813758666	0.27555854019143594
-0.45701115034720097	-0.616353501650239
-0.13427970384976323	1.1692524540351124
-0.0034834088286884116	-0.3977314872163547
-0.4358755311033107	-0.5576062368490109
-0.4369421923148155	-0.917174565988936
-0.30607165774239037	-0.5333821399407255
-0.10807935029333086	-0.6336808591294172
0.7013008900846202	1.3534854916370278
1.4533510785240369	1.7465544681955558
0.01328865756331242	0.5426019781133034
-0.35339532349437414	-0.17754412937638248
-0.3880150451357813	-0.788789846524926
-0.1949540212431358	-0.7227142879178438
-0.42236605606144334	-0.7834072769420044
0.3569203903880077	3.093147388041835
0.06723116090729538	1.5308507533216036
-0.13951025150519814	1.0411052143774022
-0.34173238010994306	-0.08821781977736703
-0.5267822996771162	-0.9251510902359728
0.46955252750305626	1.0565763185743657
-0.11101236070323468	0.3643938024645021
-0.28214509347831	0.2893845855848948
-0.40477599656157803	-0.1430696233663869
-0.0015185515293917014	1.0226682910259486
-0.39976882963527516	-0.3329012993236653
-0.18723962183410547	0.6638128810410843
0.23842118705563906	1.546955337480154
-0.17578368026801203	1.045573239443498
0.28128103795855824	2.2709538926773556
-0.23386904725220872	0.8602208835940979
0.6680892812611761	4.494267926250847
0.3443636831912281	-0.3159870219209753
0.2759490745370957	-0.6465126276866195
-0.4224123899529015	-0.621409365949534
-0.42101945800731455	-0.7480218660518219
0.6939096227952242	-1.1032359111938883
-0.5153441748839747	-0.9495014057803264
0.1856975343811526	1.70698272253808
-0.5546630178549279	-0.9801280685137669
0.07488397648812095	2.5504460820804917
0.19259897494990535	2.9234244737417496
-0.3084086083898226	-0.6029344360538381
-0.263213531863996	-0.21288173448642445
-0.13415134112693944	-0.3396375275676239
0.8852886369812651	4.026441063362096
0.04429832626443873	2.0753728807084215
0.8793706373849038	1.300635448008474
0.37474460061661646	-0.6075406491014851
1.440849652447971	12.208790751219624
-0.4613101758286893	-0.803902264764647
0.12332890961181565	2.9928504012023955
-0.16691278236300167	-1.0263345176896552
-0.27517300929007443	0.06605191145855654
0.7097594959635213	1.77310018732393
0.26140786337267635	-1.0304203494057718
-0.335024069915983	-0.665313034442468
-0.011456481626094112	0.32104088642994405
-0.4712236682049542	-0.7436408004349563
0.5243743651691324	-0.5611224907398034
-0.4445522259348065	-0.6144239548464486
0.020405603079256898	-0.25658489958826247
-0.3075526653617852	-0.8019844525950182
1.1503373506101922	10.580202055238129
0.0773451767416716	-0.7161266303428406
0.4100660595877473	2.0621606350448896
-0.2880162480792498	-0.08987323399507878
-0.47975757203680086	-0.9270752275667081
0.7627269841394527	2.117398077617195
-0.5392951270217266	-0.9505295982284069
-0.5428394701840772	-0.9839059541170505
-0.09289682481766233	1.227216232384965
2.3974891222898793	2.8620472784042215
0.26167932780487646	1.9281499879228707
-0.18489292276012226	0.4067808061162025
0.2295333082480677	0.580869490288256
-0.4510184967054022	-0.7749459326638277
-0.2938545139488207	0.2572868508508082
-0.03648266434349734	0.48526643561197197
0.3472434093513288	4.08634310034936
-0.4572569877251018	-0.8379257217657018
-0.43272977793762724	-0.4912405390107549
-0.3254950020967558	0.13579431966361902
-0.3605431782014852	-0.21109731173197227
0.32300375123869407	-1.0584832216876143
0.2589950954031621	1.9511018969974594
-0.23609389819568968	0.4766610043165095
-0.5061143762246262	-0.997296697254499
-0.1496203497925318	-0.6466245398991126
0.0745001748830871	1.7525201198231408
-0.460857056479521	-0.8041384495975582
-0.3653451461872665	-0.4040895913862595
-0.49524347516257106	-0.8354741974756033
0.29406789548706225	-0.4186728843121943
-0.22971598552128294	-0.5877092374680453
0.028593016228120147	-0.7478018946251817
-0.14327974026349613	-0.7325346390098935
-0.29203714509836864	0.22678680524780226
-0.22473688701124156	-0.16689876531516565
4.632709461467849	-0.6440096175583028
0.23942657354563873	1.7315819777355026
-0.1128353338181711	-1.0572827116450612
-0.05610112101870361	-0.4447602560670286
-0.19575557424171663	-0.7402760392154805
1.362124165542179	-0.8892836064980458
-0.38947055094162397	-0.5917299552012619
-0.5457047937718604	-0.9704827435192042
-0.4204951346988424	-0.7187285544134236
-0.33563480185095385	-0.9988310763422474
-0.029370249499851658	1.6367529089226138
-0.35754738649913714	-0.21295581234760164
-0.4278170366935575	-0.6472369384464896
-0.4506255255030101	-0.6119099462223284
-0.2780488829342117	0.1641202966920726
-0.3922975672273749	-0.8789564343253777
-0.4193327607441241	-0.5828295829073948
-0.5317765185989057	-0.949921314852057
-0.4306968473904821	-0.6520459098243413
0.09285077595301322	1.7166007496162525
-0.08400471296669715	1.6738906507134228
-0.12457141140167144	-1.0335391767692823
-0.40757263947643835	-0.9059138800487041
0.12459692019564761	-0.050465760549205346
-0.4332702867033911	-0.9433911797924796
17.38588008859176	-3.9640491491616805
-0.4135226429732728	-0.6331357641879031
-0.3107265405937604	0.2944850677899984
-0.24418939135420617	0.6382412179439262
-0.2079962883587113	-0.3251699551087663
-0.37089221023411667	-0.5950207247030193
-0.4113316067694462	-0.7119929778367118
-0.4336842205361851	-0.8473764379262249
0.2177329300307748	2.214195195704336
0.1353811614128906	1.7443699145739664
0.3797223362862847	-0.1170904100734823
-0.4647308272948553	-0.832468271966552
-0.3188933238708744	-0.5050919899864033
-0.35779880352930304	-0.3071446765425712
-0.4615590658616408	-0.870791814034325
2.8352226992691945	2.186954455158331
-0.16818915239535767	0.6924023239133884
-0.4785800085184376	-0.8310693619893857
-0.47337733447383024	-1.0052311421082003
-0.19740429940498325	0.15337615417820502
-0.36398157012765053	-0.7713825538508224
-0.42221299049565764	-0.5190803419928338
-0.2695324720078851	0.19383195897525374
-0.21230713902771928	-0.17038668006199478
-0.4309517092375351	-0.7167745449989198
-0.4703284210771929	-0.9722586826389482
0.9549977372013554	0.3617424938415651
-0.30520431582636764	-0.5251319917199037
0.04108600361215142	1.2776717558227408
-0.39107056684307107	-0.8822793175599053
-0.15933184503930317	-0.33944216981455744
-0.16728898483580407	0.9156865719374437
-0.4480011813310031	-0.7463464203067468
-0.3135492804678288	-0.09236116777678927
-0.2578119932651639	-0.6142987776389583
0.04315953375381624	0.5383237975348435
-0.48519397490247834	-0.8335834625751937
-0.4414390081671488	-0.5861172900836095
-0.10198238244691561	1.354576627386874
-0.15128531034711637	1.48986968417683
-0.11156333669164077	1.8699782220042716
-0.3232599926252262	-0.12156932932418604
-0.16757942421889618	-0.764720547887532
-0.510694076236502	-0.9961777938321745
-0.5658763798805245	-0.9325617508654526
-0.2241484737337103	-0.42081748682491926
-0.2583759807283171	0.25453955763540065
-0.4078143661050201	-0.5259436235800513
-0.4486060595045168	-1.001016440545794
-0.4181745598330469	-0.6789138593004354
-0.41526063095551513	-0.6862496392273791
-0.5036571409776506	-0.9909788282354799
-0.22450434627534416	-1.0276220321997889
-0.32876282839915044	0.23152575241092177
-0.4503734798262641	-0.7770245092557547
-0.571456459548987	-0.8660605816212077
-0.5551984427151344	-0.9776947135738538
-0.45575409265594535	-0.713021278751759
1.0662813079515638	1.0804582711417465
-0.3339370501169361	0.2649332487110413
-0.03306350345738083	1.6674112793522713
-0.027793060231669622	2.2114814043787607
0.12965811659063814	1.520122688253584
-0.2278845253445253	0.025455975971118705
-0.27115109935798465	-0.2552147321479217
-0.23145361516590512	0.539281422046153
-0.3888824384759161	-0.6948632519532646
0.09335370078982362	1.398535234181179
-0.17560338729611133	0.724745871331946
-0.044315745365102174	1.8611469142526857
5.266095089546087	2.7748119304189602
-0.5130181887404434	-0.8623678232325884
-0.015782711352124567	0.12235486680317563
-0.1111021463223519	0.8806905753548372
-0.5222184019702051	-0.9861107128345526
-0.2975482993086458	0.5481358063769243
-0.5179073000807046	-0.925478447028015
-0.020679833764194452	1.858386051251629
-0.5215282896717053	-0.9942825516337085
-0.45662293953915284	-0.9457552285359699
0.08974375263641024	-0.9250730579621146
-0.1742044735857763	0.5963571903110559
-0.4203358795165194	-0.5207813506380149
-0.20140171493946557	-0.9930245109263837
-0.37799993567432555	-0.8656998212422328
-0.32178645292666297	-0.24990877470112163
0.09794375564059193	2.9319471603243685
-0.23557702974128597	0.2501764990943205
-0.14939097234505966	-0.3007889157710649
-0.268160871990348	-0.15924428465039767
0.1854638412720391	-0.05795478510129072
-0.33623725700371715	-0.681059328475339
-0.3227434952622761	0.06975739690091867
-0.3817596725384611	-0.7025105466111307
-0.2851082109481071	-0.38584096057347966
-0.5077847777804076	-0.8236134949548075
-0.18981691848505072	-0.6328097573069713
-0.5491367932375347	-0.9702870471536684
-0.38658206006149004	-0.6293933811108651
-0.4914977257887821	-0.9031059323097053
-0.23823837329852343	-0.822458250956174
-0.507697366819065	-0.8524113985383333
-0.36537377406133986	-0.8527975717601818
0.1620304747044778	2.66942321127545
-0.35443586422929285	0.10736571913554965
-0.5206922172727518	-0.8952385829123531
-0.48041574224722494	-1.001513766481168
0.037081155154020065	1.1154002810681871
-0.4535821460253545	-0.9009449351372547
0.846120259500558	-0.27904244296454345
-0.40155955362887996	-0.6124320381623707
-0.40600829739117605	-0.7248702488528079
-0.4069984094507748	-0.4951625562766743
-0.33734951686729064	-0.6328647026184137
0.9511916042438371	3.0540034143832457
-0.4128055901592543	-0.7539956404898962
-0.19395753286253148	0.21427001656686884
0.013770106001872147	0.25762287647677534
-0.2800853682877694	-0.7813993972900687
0.05741580913241314	2.0408289593752995
-0.38851054072812186	-0.8890346878562654
-0.4489847998370427	-0.7813375228081367
-0.4159701802349309	-0.5243170862853198
-0.2090391372962134	0.7629192517888516
-0.4294301461164669	-0.48731613693991405
-0.27281295734624406	-1.0144549267448846
1.3347361782675975	1.4324395527379457
-0.42435009360903864	-0.6409216133475703
-0.03662622285223645	-0.9200181744175449
-0.4949247455022376	-0.8979791481181393
0.039295847041785216	0.40718892341125085
-0.45174589346147387	-0.5512284456884348
2.0280932377677114	3.59991528798511
-0.3223075821358708	-0.15205609426810876
-0.31579526840915423	-0.21196747098360835
-0.035037698915895914	2.0844715638219835
-0.4285757485546625	-0.9805598419758995
5.7765612690593215	-1.9361748601446942
-0.2620136405252329	0.48106431021228635
-0.43545044551464185	-0.4865012341302974
-0.34771264594937407	-0.5636806665381815
-0.3918130360546861	-0.17379321520918872
-0.5549422803205447	-0.8350444303038678
-0.5793588434249766	-0.9660027276039516
-0.0002323398003339206	1.9192091419049386
0.6658910447602009	-0.9604836793893622
0.9493203427121516	2.1946180313149197
0.7262648941312698	1.1964616321370118
-0.9676973533249938	-0.6220878012419038
-0.02987280351799232	0.5887404139686641
-0.4138847998256732	-0.914099892837774
-0.3499776124310997	-0.5736001130526064
0.009589649152820507	0.2828179294464456
-0.3666160173590241	-0.7507153693782578
0.43464335862540876	2.865701381892989
-0.17248914478181704	1.17211439650325
0.47981678627350394	3.3332442816757695
-0.1530373743310229	0.9458311076310203
0.20867775337451921	-0.9755703702492879
-0.2866102946004201	-0.31783699352994066
0.17021652891504263	-0.1341923086077701
2.7710394011455883	-1.1017237805553097
-0.27499569153094483	0.38540781090267806
-0.4548755616249764	-0.7381245272218947
-0.2890076561951928	0.38697942462887824
-0.14161577192843328	-0.014440543679902069
0.03971025063736781	1.3715003522417735
-0.4894781797919169	-0.9782652248451069
-0.5309604375159817	-0.9188056814966801
-0.08183820535638364	-0.1873394526952767
-0.40372910875315304	-0.8447629400945561
-0.24018731758765546	-0.035233479791632515
0.3439465069804275	-0.8293250076810165
-0.26889988455115743	-0.8068078898456825
-0.39696415277720215	-0.7393412451088586
0.00642338416898892	1.2454602193459383
-0.3336203660733917	-0.1534290481833694
-0.18735228287438838	0.02436964130521778
-0.05941414356238085	1.8630333828442562
0.6746198896593762	6.414382232875502
-0.35595367942265216	-0.8252899656644147
-0.40703487185789633	-0.7855585521310074
-0.15363214341050185	0.08571542031032642
2.4674591583604486	4.984493069626861
-0.41686953792848147	-0.9823990108387359
0.9449865879935962	-0.595255860846483
-0.3786351588243583	-0.7543985969891698
0.20600158661611	-0.26654190805149636
-0.461430942431737	-0.7100038072851037
-0.015157968313764621	0.8648120659223988
0.16540663117979998	3.0527811103924654
-0.48406184956503173	-0.8650776971724374
0.324655456940776	3.673781499654766
-0.35132386914550684	-0.500323746794231
0.13992507579951094	-0.4696820159022665
-0.08830692012095988	0.17408059220738725
-0.3237957816711621	0.35966552561280274
-0.03732458237673106	1.1237876832099851
-0.36380741772132486	-0.4683788742124937
-0.039609840881881034	1.412632011729157
3.572811322129002	0.1095205163006587
-0.39968114918533254	-0.14361142703719862
-0.4319968180408399	-0.5185861556313301
-0.09586768822811333	-0.305234010904103
0.11547218001599288	-0.3257709649620991
-0.3034414062831215	0.26295017783926966
-0.5371744978776465	-0.9847692269508821
-0.5042945756198183	-0.9342757014951285
-0.43272829983299044	-0.7425850807091772
-0.4164244206201229	-0.7946106774427484
-0.034452356268736196	-1.0847825126216037
-0.361638951954439	-0.8030521684025221
-0.4058565932549983	-0.9148079812151595
-0.12735068111489914	-0.9727646143720877
-0.0653258345263355	1.7358311245790605
-0.06804209145826158	-0.6133828157280987
-0.044903840721651475	0.9966928282435062
0.7001243061905141	2.699589465471739
-0.5205039765637515	-0.924375393801003
-0.10191139815224906	1.1967554176164206
0.5073404830677675	-0.8926577648381036
-0.24890754956984	0.2860087109859288
-0.44160468223067073	-0.7414447320733373
-0.23740123564728796	0.41253400808503526
-0.37878786997311253	-0.7920058198051972
0.8813596525065913	0.38607444156829074
-0.24789395056131364	0.44524669551178636
-0.5217135074714367	-0.9816216793482401
0.8840306530754545	-0.39007213152108305
-0.5048048271318953	-0.9962257124673898
0.33044132695987277	4.439392297048667
-0.30467603659206227	0.2592402270802181
-0.20877060784280685	0.7601913193105734
-0.3038248031047196	0.16457782381157998
-0.18951194793468645	0.9835461162552862
-0.2958519925575638	-0.706753062796942
-0.17805683611508505	0.1489222106780357
0.5759934933429872	-0.8259865852928187
-0.46971863259478974	-0.8245778291291693
-0.4434741185684123	-0.7119948509485738
-0.36073676209069094	-0.7668771837452126
-0.08980180735929606	-0.62683638753574
1.2535232346389324	-0.9203569917050555
-0.2817511418630393	0.5143348489021011
-0.5038965180395673	-0.8975979775666475
-0.17296142297249106	0.7888756778041164
-0.48839930764618905	-0.7714854808666309
0.10143675862369195	0.5578785892484084
-0.048795648548194445	1.3821966860355768
0.7738943648154427	0.9917181358983207
-0.5467878051803519	-0.975480289567066
-0.5126691617447533	-0.8970211753297634
2.292199877713741	-0.535433765114547
-0.5707804057364572	-0.8905144379108725
-0.3511805834428311	-0.5338990172625674
-0.38485368714965285	-0.6545649147452054
-0.3418118196899477	-0.18074803125486205
-0.341470935885909	0.13797697380698742
-0.5239277287035821	-0.9593134725115732
-0.46975894196895235	-0.6462497806141118
-0.49919687374264843	-0.9624486690198104
-0.44317315572992083	-0.8686151551859823
0.8414739795540934	2.908781252487515
0.032804131267440854	1.216341703311839
-0.06762484350835288	0.548922961461921
-0.11311718971240167	0.5270985454596521
-0.28893348364810034	-0.030189480831748633
-0.17066685104766344	0.5293989888636842
-0.5187413574502263	-0.9908528781053271
-0.190364861163663	0.4709672404250079
-0.5417812549815233	-0.9479962361281489
-0.29404373744836404	0.1952739139708081
-0.4094352140701159	-0.3983833366626846
-0.3094668164716532	-0.9882096231203751
-0.48947188224869137	-0.899001967495942
-0.44474957774980034	-0.520737646037214
0.2839017707683178	-0.14585270854934404
0.31574257946319517	0.9535898627736813
-0.277698635423395	-0.2593804288056054
-0.5116360119187048	-0.9294602863514583
-0.2889912053841194	-0.5133116904644855
0.6394018618789362	2.324499654027818
-0.4038578486208431	-0.8508741251657529
-0.1619882660474439	1.1720427805494602
-0.3932409106859473	-0.7881553922219013
-0.5010931128558278	-0.9948173177134522
-0.22325729448514584	-0.6483142413610894
-0.44084280512179463	-0.8065679067467317
-0.5191614832830802	-0.9591141060743568
-0.46925851937576124	-0.7411528724980623
0.27109414701240403	0.9261978731527505
-0.25314730003207103	-0.0953032057500617
0.056443367547154566	-0.46936455755919404
-0.3563523072758729	0.014716246077787735
16.34757777347739	1.6185384587008023
0.30458030545577575	-0.6250824024921147
0.07824886442213047	2.1702501850091966
0.3142321116128418	0.41921839251298126
0.25140574051160813	-1.1699626824024774
-0.2254173904696478	-0.034348004319415336
-0.01734161994285068	0.0993976171799454
0.032569587258848155	-0.19746599454727967
-0.3830486884493221	-0.6207795939488937
0.45270383638695766	3.3381150167478157
-0.5023295907518532	-0.9304941328764831
0.05768176427154243	1.9146403536449976
-0.43135431361661514	-1.0008028450975452
0.1755239732074572	-0.6660810829300562
-0.5469270303531407	-0.9793165720492903
0.03235004249062579	1.1141378518348761
0.11074750497687615	2.102204395119097
-0.44267014980218605	-0.5549407862641828
-0.5095142702922528	-0.9769245717259354
-0.14683225814476372	-0.08275919392996532
-0.3606410570058952	-0.3396965532815242
1.1902945403810543	-0.35730359742003875
0.25898003860019514	2.819386388879842
0.6118280238830662	2.454924789446384
-0.4321280142605227	-0.8845218931764023
-0.36693484699336326	-0.5275105602317697
1.1184674820939282	0.7675360813922938
0.10061125605289467	1.9722533211598656
-0.12146818433891156	1.1036801166464303
0.5431116891145416	3.5867183836985244
-0.3013929380905794	-0.31728547357393333
-0.13015753315570427	-0.8517549047329738
-0.14602607046723307	-0.08178870388831307
0.7709952181051262	-0.3618827016732481
-0.16520262843553477	0.8533352626279329
-0.37660042473171873	-0.24094765747470528
0.010364542357012934	1.1208115576948097
-0.328259997158086	-0.056056238142253384
-0.43187160288892545	-0.8098823173572413
-0.08886343738103294	1.2584454194996066
-0.5237942685379633	-0.9933695851055231
0.5451506132898065	6.014391390709495
0.12819752048687807	3.567873385917683
-0.3579698556259795	-0.43298160730256474
0.159387122987001	0.3650467113713262
-0.5210055719641836	-0.9959665873560493
0.08318201204503137	0.14418557593405315
-0.400397633986022	-0.5296529858350636
-0.4456173393980276	-0.519515430685581
-0.46729872849862525	-0.9699722298889442
-0.11268301049315123	0.9095566862799381
0.18145987983165177	1.4183786021173037
-0.5323881826975504	-0.987126495545669
-0.521006049533301	-0.9489421685022729
-0.44390747039081957	-0.48972164870758944
16.091714075233224	-1.6864931471895694
-0.2722022774371657	-0.5183672362411229
-0.3832537972571572	-0.9221003189943912
1.8972375489979116	12.444943103538344
-0.3581529807438503	-0.8557783443492625
-0.29076555970643836	-0.8451069885677935
0.4020855318125952	0.3218735771280216
-0.4692447835005463	-0.904834208554446
-0.30198031216546384	-0.60484096401885
-0.09603780659465376	0.17842262328400751
0.28608638965727556	2.846612738783616
-0.4807951814018948	-0.9696116594492368
-0.24990133749985555	0.3163658634613518
-0.47770513538551923	-0.7377977278720157
-0.47441956498186355	-0.809462338269242
-0.4496888045143573	-0.9365780358360322
-0.007770212047310974	-0.09546453287410045
0.111438231920455	1.8397020409578744
-0.23584257704478578	0.540675233590575
0.019008975330276578	1.9492334375929472
-0.5052249672993776	-0.9590402707840975
-0.32231777207758944	0.007226362296720239
-0.2749861912973075	-0.35907890561236167
0.9130682942921333	3.6039735290735906
-0.0007201336610657423	0.6407821711832686
-0.46834526153251016	-0.7076403437500957
-0.5196900664680555	-0.9184514270419285
-0.30032201396896696	-0.2563956733383637
-0.24049189908002466	0.4462033527136948
0.542807789004625	4.1289975702239365
-0.055384876814682446	-0.5946802198643426
0.0570999492978267	-0.4016548429605989
-0.4052094150546109	-0.6856904858308842
-0.0793088055498324	0.10204651437578527
-0.3296519330620894	-0.6610018726268403
-0.21518466291405958	-0.7212123586001851
-0.09821192424672154	0.2677792762963025
-0.4583634058271233	-0.774579268447911
-0.2624658843058769	-0.24706306515413914
-0.4342620043776153	-0.7812042942347559
-0.31773511939408644	-0.7644809590931579
-0.424670386268326	-0.45360881102197165
0.14430206824333827	-0.976164656342391
-0.4427677113989783	-0.8081042238802804
-0.473908514837289	-0.8416523946030697
-0.40353270527539514	-0.5593261379383461
-0.1186802654911353	0.1723229701782831
-0.5335630351708531	-0.9177606452762563
0.24647514074748822	1.8219016647268282
-0.026514884567399706	-0.35377018187495446
1.4658349164695539	1.5610695888659567
-0.4153909620560601	-0.8171143066251586
1.762048537778289	1.1639742792059171
-0.38409215232724947	-0.49899854442058317
-0.4430961851460582	-0.7383119302657268
-0.444838914208998	-0.8372285697097006
0.04625290522517675	2.5539224038653865
-0.5662352592362699	-0.9696252492940961
-0.3065982385591083	0.036179098056506424
-0.41282190615678405	-0.27003182753860355
-0.37537801355896483	-0.9252345977436652
-0.3563002410096549	-0.30912953783043384
-0.39282975892248445	-0.4344290913794737
-0.18299814242860737	0.46779504572897534
-0.513688471104669	-0.895688665723489
-0.35477993309991435	-0.11585655728384438
-0.3541435309282494	-0.6974337494833406
0.39728342390811416	-0.5362628064500834
-0.22536991200180126	0.3458770936409221
8.801189117872912	0.21743185989661454
1.248439402336823	-1.0975997438833756
-0.03742024334981007	1.2198582760392065
-0.48971943410508595	-0.9613553010697082
-0.35878535908696385	-0.6664167995694564
-0.4834031157530181	-0.8992927858554974
-0.3580431130363248	-0.2473092770534889
-0.09324823110223618	-0.6064440269992852
-0.14578199221562732	0.1791426897597445
0.18749506372296693	0.06872814996443298
-0.47213763333077646	-0.6743921538625962
-0.528887197790302	-0.92154311982482
-0.19575834100158024	0.1840300449454138
-0.4790422204712836	-0.8372608142255994
0.7522039790106276	2.6238634362366913
-0.5148183585971009	-0.9219929791872714
-0.5051793915861392	-0.869077746357589
-0.17169017218561392	-0.9388511146126335
0.554566627803718	4.5423180915579415
-0.2559474104848166	-0.9169446075559936
-0.0007152049939879195	0.28793209203898507
0.08935126462891699	2.965300215786246
-0.4069114110037569	-0.6877403001269795
-0.40194947490393446	-0.8037904225347302
-0.10898253242579808	0.17113820920789138
-0.3140974376096854	-0.565021884973469
-0.4332710891863573	-0.42811444011728145
-0.23502937565582321	0.5087734601066538
-0.4876103193599482	-0.8034226868099275
-0.41305680405223766	-0.9437086620139463
-0.3794752339761891	-0.5565888375379764
-0.37866891597431285	-0.6575267846894816
-0.18671818565764395	-1.0917012677901525
-0.33188939959704516	0.1360677825756716
0.1027903593090881	2.19827421323395
-0.3692617421192881	-0.8267412120845637
-0.23001669552124077	0.37705616096413613
-0.13215872920613483	1.2008225707191502
-0.49115718096777705	-0.9596936692685953
-0.3224015224117039	-0.7297599155908153
-0.4641970048005737	-0.5513104760239825
0.2817187992530423	-0.07404417917806771
0.03635563896157586	2.779568729033966
-0.22635181798300005	-0.4001436397737247
0.07806756754500338	0.8243496812825748
-0.19329992812830832	-0.2989792100972615
-0.46186811096051655	-0.851918003937707
-0.24041412474060772	0.03276567144923988
-0.06431528182523485	0.09585432193748937
-0.23685028924541687	0.4753198182204674
0.4707335028399171	0.472070763941812
-0.4591569942757736	-0.9116245461465431
-0.4134034096463081	-0.5564618852255385
-0.14863680923755734	-0.8383285979118017
-0.4810908057277343	-0.992691654308004
-0.1471962884904128	-0.6789912978737802
-0.36181357293567573	-0.9978702196786463
-0.31306734044974704	-0.3450727613185239
-0.18415206166640077	-1.0343369342013258
0.8460018285080787	-0.4405584273604869
-0.47551445278972554	-0.7398778126518507
-0.4230209297276117	-0.4607129651622514
1.0265697015209014	2.664599374130604
-0.26011499672845784	-0.18780765900816435
-0.3031586985819939	-0.3160366640851474
-0.39622373848064674	-0.5293579728431603
-0.23665377310401242	0.7327175252494406
-0.5208330592622126	-0.8938009585074848
0.06073588415320517	1.0163059270097006
-0.5523476449947863	-0.9542886535546676
-0.5043730418547349	-0.8999089176733263
-0.3577222058362087	0.07525391962299068
-0.1774005733249222	0.3083160651624033
-0.30827172689212134	-0.4178451304782735
0.15569399846971232	-0.37593276489099275
-0.47360817984531484	-0.9996789133637332
-0.4209951556348014	-1.009406567182724
-0.2500906651156716	-0.8545635738795215
-0.06750777121667623	1.705030898917982
-0.40043823541551926	-0.3957232392157392
-0.06032426903602564	1.2874298852114776
-0.4682606563497211	-0.6803473897563853
-0.5219086222843928	-0.9875132762119248
-0.012203702688862303	1.2470451256735275
-0.5070464155005088	-0.7979257588615928
-0.338311279436227	-0.31343049036140536
-0.23714237757685183	0.3470631546332591
0.7585552437269961	2.089854353108855
0.782480337775646	7.137391871553036
-0.009449772288719	1.9228347501963776
0.2981272306600666	0.40577014695616265
-0.33814409503771653	-0.8915994646763451
-0.19459858243075137	0.5033532045763505
0.4653969834306943	2.244717151766895
0.3401387912459286	2.581412563130105
0.46414054003310384	2.951483882349182
-0.2085709760899722	0.7625914001048221
-0.4715399199680722	-0.869670874654411
-0.37478008751427405	-0.685166188727767
0.7975150301796748	1.2422805151871534
-0.5027774685572414	-0.8344954593007928
0.1307428056516782	1.0054221004512107
2.5274894306918045	0.14611285788684295
-0.30529197343725495	-0.026126991712493622
-0.23719898601842745	-0.49052222002476614
-0.07894040075734736	0.9352273268197845
-0.31596608799186565	-0.3801005031480738
-0.36337339543324193	-0.9561603123391047
-0.3993419715863352	-0.2706004609131195
-0.44349488886161964	-0.780171669271746
-0.31294311998011504	-0.31783745592390616
-0.3327776342098164	-0.7931540494790259
-0.22299173803683886	0.5400250120376138
-0.256813443183633	-0.06571694415809755
0.00154718898266484	1.1235910873441182
-0.4977226524218712	-0.9914167524736449
-0.2691385290527278	0.12654937806955097
0.10163249442205798	0.5956052583004897
-0.4716457579218791	-0.957404915066359
-0.353416338144612	-0.7235300104456239
-0.21885854783889278	0.7621986932963226
-0.4083537156580705	-0.9827535821609736
0.3668175741252208	3.795637780449651
-0.5084789964345476	-0.9084648311514553
-0.17730152385952364	1.1739725056576524
-0.38840630598998316	-0.8167305375360624
-0.1543658747900497	0.851107919998623
-0.4470803418122262	-0.5532040821553864
-0.6753635438864067	-0.8832115376655517
-0.5239480519951922	-0.9175701276557378
-0.030616114650472318	2.275437426711648
-0.37443989985983583	0.013582502924720236
-0.47123283166723845	-0.7096738215035244
0.24423422643635861	1.8581032869880434
-0.42456727035858277	-0.7144881840485805
-0.5085580552215281	-0.9582826124614323
-0.08016414636478644	0.9712924501592981
-0.5110063973719334	-0.8928407895062067
-0.5133378473474672	-0.9969787520324783
-0.0493828277146907	-0.46768159532091086
-0.4132644466630188	-0.3330261287648068
2.0150630022489833	0.5450644001542243
0.12530410640633136	2.256901840192393
0.19988090558804042	-0.25366806784795276
0.051921031933250886	2.2326843884396466
-0.465302057431335	-0.804766860567999
0.6548664766857945	0.4051160260038618
-0.3770298982660322	-0.05094208195793537
-0.38842742586729956	-0.7445466932618079
-0.11696398514487873	0.3045960269120997
-0.07067776664896888	0.5548939040970546
0.3296044096391538	1.431809563069588
-0.30203144503939	-0.7938936841559717
-0.2742618527172711	-0.3791345994705719
-0.5936743609120516	-0.9258577422777655
-0.3869091895375111	-0.6179176129928673
-0.07194225799836963	-0.9393813782302749
-0.4510495785967256	-0.8337889041376951
-0.19197765068594388	-0.4661992443558173
-0.09064244237501932	1.4210692158578926
-0.48219031740929996	-0.8784924308379773
-0.3898653582092238	-0.8581754203278504
-0.3131119024047482	-0.8314746256155996
-0.4628720601306794	-0.9703266309601943
-0.44922492062622466	-0.84680289772219
0.11170667073577084	0.07225128222546331
0.30268302352921206	-1.0544296828065474
-0.07146862058276754	0.16868252234453174
-0.23421287885977898	-0.46007865042067914
-0.48954794575437593	-0.6759989696617944
-0.07613874902920328	0.7124390825049207
0.21891132918495015	0.13041153294124064
-0.10313449891174149	1.3881989988069712
-0.4866490745170475	-0.7729097739468898
0.6045969914263208	1.139023117685281
-0.5127062472003505	-0.8969807295393137
-0.01696401705536231	1.3144263110668908
-0.3891016214914668	-0.4286419386396665
6.603522671086596	-0.8154168959295712
3.292315599571157	-0.32396112931481197
6.936394325996387	-0.8043011146679893
-0.5143933935085498	-0.8951682734600577
-0.28109746327832147	0.26040537962682075
-0.3465870785120938	-0.5990015096680655
5.554289571994041	-0.6464257074815347
0.3325473308515462	-0.25419737651203106
-0.006862052264248473	-0.48933863686799767
0.050443523962917555	1.8813820262911327
0.28100863919535135	0.1149972568203868
0.18612157953616346	1.5444236650082368
4.942903389215836	1.1207728139063269
1.3468536753424063	8.7953722261526
-0.03786432309779759	0.9330605482617862
-0.012923819746951367	1.5368348873721678
0.1427062409735481	3.0872405991521763
0.30963325730541663	0.23834282583290523
-0.13487968467418718	0.11602739599863754
1.2646634210081231	1.627249820208941
0.342249300999658	0.32826620331088435
-0.25857387792841946	-0.48748020294343175
-0.27549595430315965	0.3526234675852753
0.030544740009857616	2.0439564652541855
0.06880214468459987	-0.9717069230524595
0.527844632718655	1.6868801450128215
6.223969509105134	4.0956197844375275
0.17901703747828196	1.0356271087821005
-0.3442915158245745	0.07424942735833932
-0.3592483398026719	-0.8155949902596394
-0.4816621626955431	-0.7394968919750164
-0.44249512796483337	-0.6513460709303611
-0.12294854639559868	-0.5719516044193154
-0.5035020734095196	-0.989722248299684
-0.4351833326673529	-0.6499093971497825
-0.41291587875955904	-0.880647336823424
0.6827435845960699	-0.40226140964296303
1.4183213773219034	-1.5442154493111557
-0.3640665645441657	-0.3738243283222085
-0.20146332485868146	-0.8653798547917629
-0.3502667992054405	-0.05327274726445355
5.433388691662277	2.954796907738548
0.07151249690290398	1.1802635723601107
-0.5551813964274998	-0.9666159493220025
-0.43617415465221687	-0.4885345334807593
-0.3404994601649597	-0.7859746682912273
-0.06435055805469972	0.35652780748675017
-0.2980453382797446	-0.622568139908865
-0.38954387159407894	-0.9756974555942356
-0.23587321156317367	-0.49001144300236754
1.0149436340384093	-0.9535454166390682
0.3618595140154147	-0.8312366236988745
-0.5132899175389517	-0.9579268258348559
-0.01477082335399783	-0.42629068833308126
-0.33234875992551655	-0.638097445311355
-0.26445183224879115	0.5131908679055437
-0.3907042085732197	-0.917769950871874
0.07807251079383239	1.7848194612396664
0.10721599707741215	0.08691183526021067
-0.2512313418923376	0.125125839132768
-0.10845797545675258	1.1652309052890566
-0.21449599534965316	0.5382549477825157
-0.27310851065940345	0.06507087700425856
-0.27171251247240685	0.5455056360720638
-0.23122887160349692	0.6030011767689418
-0.4314289551002772	-0.7956815852132226
0.6520062988455516	0.4659560916364551
-0.40171573581926856	-0.6219720847685529
-0.4602013965611379	-0.8084855052116487
-0.33478585440040687	-0.27940160092320754
0.0011865935719507978	-0.4279307750822841
-0.23223835608940005	0.6351974657160235
-0.15683326299026287	-0.6003793481661678
0.081309360271804	0.008813514886520412
-0.43753291625456464	-0.7336274396148056
-0.38184777836837425	-0.7007894052797712
0.5885438037574307	2.0475149954094483
-0.4646652128606622	-0.8407838989339643
-0.09160926398052298	0.39273435109707316
-0.37287971271559867	-0.5858152635992276
-0.25650763803503623	-0.7779443821630141
-0.4348290662159777	-0.9350852707484731
-0.42603181268872736	-0.7445162301272952
-0.12010992536401822	1.1349598459651715
-0.43238411006340133	-0.9701754619810476
-0.2580501788909933	-0.784216699654659
-0.2163557001031942	-0.4493281119414647
0.6685502036888527	0.750440285446064
-0.4596798925486363	-0.9405778332806591
0.7088296462487305	-0.9597424831972556
-0.1739208444614748	0.8518038040220451
-0.409122935783765	-0.7538101226238481
-0.4358834302773	-0.682801690972896
-0.29563162979255364	-0.6100987044133168
0.3194764287196746	4.218438858476784
-0.3214052661714228	-0.8380861403732435
-0.27054766387073487	-0.35034297202299236
-0.002267634280715516	-0.6007666031967188
0.24289573423416685	3.5229857547543455
-0.6001970910912701	-0.9366816222046543
-0.42682682158957913	-0.7195540284858425
0.25191048094416596	2.4360523099271174
0.27603000344703055	-0.22649016108623637
9.35685353922897	-2.110973794710951
-0.24725188239898596	0.7662687230054998
-0.5095789187510177	-0.9270298599261713
-0.2129551567127765	0.12176195460179708
0.4135520509722585	1.5506297837055734
-0.10606956737919841	-0.5710487718814558
-0.24071433938147638	0.28544852085503625
-0.3782365432196342	-0.566263315304991
-0.03584902208081662	1.6359964558960007
-0.2646482397083943	-0.2539339247855201
-0.3622616893269659	-0.6615328553307055
0.7659922645421846	-0.001215184450285206
-0.4078195863262342	-1.020051208657364
2.6985345806124323	-1.3985428536002822
-0.38425894261236493	-0.8758098539921747
0.13043434657337166	2.9916078642403092
-0.46431140580929664	-0.9118666388578127
0.16586719292592925	-1.0148498565306063
-0.4176689595673164	-0.863225810016034
-0.34234111055000127	-0.1190999064582071
-0.44516288598965587	-0.7148568511956609
-0.41094438211892304	-0.9404561005672165
-0.40937865773613535	-0.587312722215692
-0.00788338216700682	0.4121951766886968
-0.4410256622416155	-0.8462198689919835
-0.4562109715354237	-0.9980041885880537
-0.4944336047823099	-0.8294213177121253
0.23970143391438403	-0.559242226615874
-0.32204444797225773	-0.6017778719608495
0.30042004341854955	-0.5699924943620003
-0.4042490751203921	-0.8844433757730553
-0.25700650893612603	-0.3532835445267351
0.5190352085797278	0.7880191115312853
-0.43012719743290734	-0.5238507712131315
0.9315732510653779	0.10550683538240377
0.533702913986822	1.7995803604658884
-0.2949148127495693	0.2614821512551155
-0.4430040342749497	-0.7138597414908848
0.5991700661528322	2.8067759536511825
-0.31026616840372473	-0.02514198606072668
-0.3236184075435538	-0.6729824889268401
-0.49294155400542405	-0.8352281914354245
-0.20375016032622292	-0.04070342892438305
0.42365241577285023	4.97458299317369
0.29776568200759956	0.6656437119806272
-0.4144316084340183	-0.6310217349554242
-0.32695923123457366	0.10613938242957262
-0.48556274643955377	-0.8070463483237752
-0.49566456247641133	-0.9263632219046336
-0.279523668235219	0.2576624743979965
-0.3884096787651648	-0.5952777165908436
-0.495598147257121	-0.9634326697365302
0.29135760871702965	4.252783494763511
-0.40319776904878923	-0.6174321294577446
-0.45902136402232535	-0.6505932982818213
-0.4073535841796346	-0.6237714413990827
-0.3981596830373734	-0.6550316304077082
-0.4916777928866121	-0.9964209344439128
0.9842318761874158	2.22308785745848
-0.4566782111913041	-0.584281997231566
-0.19531643157158796	0.47592184559834044
-0.2609542795672658	0.063883667581762
-0.5282686804801531	-0.9477662885578353
2.785757147433555	-1.8454960565692349
0.2693367253824803	1.5347882751678958
-0.2407032523930042	0.7009993988114039
-0.30431658381324833	0.2916201003260854
-0.5076017390394778	-0.9622558396132153
-0.22369858586244562	0.31454949826682727
-0.5394716048568888	-0.9514854226216576
-0.5150120158370302	-0.9889979427967166
-0.36944707558573286	-0.24446195314679944
-0.46521861687138377	-0.6489231198132724
-0.2398581545015776	0.4442407556922119
0.7725725245862611	1.0862658553645348
-0.2729568996893825	-0.48325776132572335
0.1824189663102512	0.2967302089174331
-0.3422202595940743	0.07254779180144798
-0.4073181066464633	-0.39981658905828904
-0.2807558690918307	-0.25723468907669966
-0.5257419450768959	-0.9921771301834746
-0.20961718267021423	-0.3301592052826046
0.30355183374666705	-0.23715528641234554
-0.19245338650271504	0.1814054941434148
0.11414621686348117	2.323437752512279
-0.12590138627589983	-0.6042821619872168
-0.17603194103423905	1.4290341558325976
-0.09613489567705975	-0.6006382009637722
-0.3203978964717692	0.16728654570422874
-0.3439713726461205	-0.4057045009131899
-0.30127736395294363	-0.48102200423767527
-0.3995116521875183	-0.9797064915012955
-0.524196921759233	-0.953612748224843
-0.06322078436993302	0.9030888158140273
-0.2922069765707373	0.45158141400259444
-0.4173115744169721	-0.7804078694242684
0.22324366972138987	0.19928014150845155
-0.40816496854730866	-0.8160588002749878
-0.33008679053815076	-0.9429914167696126
0.25942257741026836	2.4627011793629787
-0.2721368537158373	0.12860291157434567
-0.13126428360174772	1.1367455659607686
-0.4134421050398204	-0.7485548409643153
-0.3361007747043947	-0.21160380156652436
-0.46672717492706683	-0.9060325685364122
-0.0577620036501924	0.9365155273266783
0.19203260748069778	1.2550649044888231
-0.259892790591447	-0.16362986515008585
-0.47729785563125104	-0.6789081344501997
-0.22842194175729827	0.189457194702144
-0.3127069600955718	-0.34653097734663746
0.4348377887578031	0.07277382453934106
-0.381711862476243	-0.962033271264103
-0.29751487440007907	-0.8088749079227147
-0.5005309672442951	-0.9298929677000558
-0.26867471429427736	-0.032186690506652516
0.5094165013904586	0.5459790047223082
0.2019933699460483	2.5089010582975364
-0.4762840384746289	-0.6762134519667793
0.17970484414566046	0.2688595242129178
1.8691297238770976	0.2934011314021994
-0.4978803479420956	-0.8656252848990521
0.3185046782989019	1.5585491390925663
0.31535295258352264	3.833426195086195
-0.10776077602841545	1.548694455331724
0.11925025546022654	3.088988109253704
-0.36448054866840524	-0.7258764822815165
-0.23547741415221118	-0.09631743648426264
-0.41793492920793296	-0.5545971512100029
-0.2428599062218656	-0.35862467454220515
0.6133628774533706	-1.2029639613329182
-0.5181792232715978	-0.8963313838091735
0.33043050416189373	3.2548692556117813
-0.20227394200468973	0.7279092119981291
-0.2629466643551006	0.03271483301697838
-0.4651818962485368	-0.9416471446875856
-0.1147225232305978	1.3575887024627262
-0.5102944195161305	-0.8303708175327942
-0.3284788925082341	-0.024796277070454675
-0.388223654078401	-0.45210534804475744
-0.16153035985421205	-1.047623592787899
-0.47434563400841145	-0.8716002315755662
-0.499972607664249	-0.9316507428530456
-0.16917744393208783	0.17982624908938863
-0.4416856695782648	-0.9072557873947983
-0.18358488649627033	0.11208467590474093
-0.4449273151357639	-0.9014798164789951
-0.5223956781839751	-0.9595010869945226
-0.44504139341852694	-0.7416225086562268
-0.4312420775402585	-0.720024666821513
-0.04760165636850611	0.9982885552327047
-0.33129951440365496	-0.40661499810636986
-0.5313865433671225	-0.9907951781004217
0.06777388674544735	1.9106034351338788
-0.27977349383453587	0.033776516344753836
-0.029275622699619527	1.4776750953866535
-0.3612406678121141	-0.342935303355534
-0.23152556079325487	0.7314978993532563
-0.17664307780282315	0.7882724266536055
-0.44065798054779454	-0.8644956762491258
-0.3746117950998392	-0.7555116940908462
-0.05624077902225288	-0.7143931015752134
-0.3714239885556699	-0.9566484533380738
-0.13299537053974236	0.3005218732097452
-0.538048624980455	-0.9845321650481762
-0.23810262523357273	0.1560700315817972
-0.00807975209642087	1.9873821317772615
0.6795832152718508	4.081683170050133
-0.3627898185505834	-0.4726052229683819
-0.1744636091822431	0.626508894088907
-0.32549127239771447	0.07444576461488357
-0.31580702788302	0.10340699771993656
0.19553730503112599	0.009863355777810704
-0.37603361123323	-0.40428349498253363
-0.5040283951638262	-0.9263947202424433
0.5476575342213031	-1.2510832768993236
-0.5291524252985877	-0.9585611305669864
-0.4063275868905113	-0.6159148901570748
-0.1635839722204586	-0.20070271861931305
-0.32264583747940284	-0.0253995068570253
-0.4305351199287322	-1.0080583098606493
0.5230510654037137	0.9928033059934912
-0.2772526268820325	-0.22446543689445272
-0.08912193333214126	1.6103222652084836
-0.11036547872758408	1.4202998390992276
-0.4409454509306656	-0.9243642731196337
0.39935204597978674	2.668789722094367
-0.5335387236771109	-0.9572241516218958
-0.44148078374525807	-0.7173791887532163
-0.26712894933425524	-0.8165630801550653
0.3139144118780193	-0.00426228304577066
2.9008722071499387	1.7782540772647295
-0.5388249913423071	-0.9507438361673812
-0.4358633458147868	-0.9138800147954935
-0.3142494401562273	-0.6954938611265463
-0.01520395796395164	0.036524156499292644
-0.48788232721557395	-0.813633827826286
-0.5592517756395072	-0.9315543870158716
-0.3471241620727407	-0.8861843666483331
-0.412302059760961	-0.5766890519435478
-0.43873999129069896	-0.6466062098925587
-0.3172951547286835	-0.8810923542620431
-0.2618139846194346	-0.09630954860307298
-0.47376227306533275	-0.9342873684161787
-0.4343062579705559	-0.7830835960306
-0.48399890132591267	-0.8601869727095546
-0.30552614370184017	-0.8005485496413938
-0.017510556509558826	2.2743169321024053
-0.19904760930671125	0.37535019918299684
-0.3602485517395944	-0.5970857658376084
-0.4488672691193583	-0.9328530874695574
-0.13229062772597486	0.3349270086908843
-0.4021705505123217	-0.3673122241907661
0.130069249086855	1.2361268851978315
0.6306972867539011	-0.26601309676653695
-0.15836665644803716	0.30596640663056196
-0.19930138559560157	-0.5115219045661642
-0.27111873096941885	-0.16234562267855526
-0.48645769593589716	-0.7730060127188987
-0.5349585309667995	-0.9757261452693113
2.156998880375914	-1.042393069436971
-0.4722604685817709	-0.7102240451053904
-0.06022899297648541	0.45469088414697206
-0.1869762136231501	1.0467385150658859
-0.11494153582384803	-0.6781250943456597
0.07175739327188459	1.8191021408700592
-0.3769544595122104	-0.2682730434865046
-0.5096511459537933	-0.8995179482287283
-0.5376095142671296	-0.9029950788707112
0.08496168660148484	1.2710590294919513
-0.03441700387356129	-0.030531955238941637
0.3361573280466427	3.1575064526624717
0.26625269412589253	0.986151276864352
-0.35229366262375184	-0.47271867043084
-0.42927595520713563	-0.842458769828307
-0.4153966881562641	-0.9530523988968429
-0.49396068286855815	-0.9284404339244513
-0.5433591281146359	-0.9827246860564484
-0.43441486810211555	-0.9428637473331212
-0.46394641073767057	-0.9028235282242747
-0.46691468820608417	-0.909392534169031
-0.42417049284504316	-1.0220655296955652
-0.4742642099919732	-0.9345719155054656
-0.4498193040372735	-1.0122066682696882
-0.4760386146423331	-0.8725896899380154
-0.4965486423534165	-0.9956737504016784
-0.4544288749683729	-0.9989846829633036
-0.49852323826554407	-0.9936741932879132
-0.3922504370848647	-1.0224147082170127
-0.44048363495730664	-0.9060727463257613
-0.4592749204071302	-0.994221035094485
-0.4666225909309619	-0.8835052188359969
-0.496577110832499	-0.9496332646525862
-0.5248812847173177	-0.9762596994891868
-0.3064469416630999	-0.8386845370067819
-0.46164710334762443	-0.9627142073986065
-0.4764078961283377	-0.9940841750769648
0.3045501005374157	0.7294527347445666
-0.5186521504645932	-0.8699101072111293
-0.15517999884523964	-0.23399253371672438
0.06590953605355367	0.19022825915556946
-0.1451304997713331	-0.8998759555962021
-0.4008275167653113	-0.8457179056192364
-0.47992700302322605	-0.7103850766049978
-0.4680122293916927	-0.5830366628458513
-0.39134054668699697	-0.6303134443813276
0.3065615539236241	0.47277085262924284
-0.4751518160938022	-0.9053219671510527
1.0079125084418923	-0.56741421116016
-0.24249377295774285	-0.3823033271694434
-0.08680104015830725	0.6781723805829963
-0.2984718218224615	0.29265449647267594
-0.4294132985990211	-0.816049373304251
-0.03135797250376648	-0.5200157546612693
-0.41496856927921805	-0.9506445980313737
-0.47477680806318767	-0.836598092269309
-0.517785116864001	-0.9905780624289034
-0.32182608905963067	0.16600295811366536
4.298872789876803	2.569201584518712
-0.46289872249697933	-0.775277181080628
-0.30474097545125867	-0.2832563929934861
2.356717471719007	1.6163073883557422
-0.2676000505777801	-0.5118681875353697
-0.0654496582737491	0.9982964746758719
-0.1841508322739309	-0.5934185355749294
-0.4128087036574395	-0.9112507792486678
0.09265934641632455	3.348311279928665
-0.49022793283451405	-0.7716683356996727
-0.496824116173916	-0.8950909786954108
-0.4308721744823334	-0.6549547138518041
-0.5466684958311566	-0.9462172136710003
-0.47881546587735135	-0.8009451903968439
-0.009572062866070504	1.0941602465331588
-0.4288769573717627	-0.6503349984873522
-0.3705968542728615	-0.7145575532105942
-0.2695622929779294	-0.25793061685284036
-0.3447952408451776	-0.7244914261915144
0.8908118720143045	2.802259041876823
0.27127213288425067	2.6564779273181562
-0.3593131921952377	-0.7636119331443686
-0.09880435494975733	1.2283545090890087
0.05341574532268673	1.7568784586776616
-0.11556898761836105	1.0402235801484498
-0.2961628303639327	-0.1586779585580343
-0.22086033652199152	0.5698263733170769
-0.3081681999314398	-0.353719500593157
-0.47534027919300026	-0.9058036751459003
0.36846819962045557	0.9752138694637822
-0.6471187060701985	-0.9280413442219213
-0.37427498537243603	-0.8564309197703888
-0.5256888556235358	-0.9147891848596368
-0.38176416130110447	-0.7860527369997846
-0.2577769669853325	0.6388014643939561
-0.3354742067976505	-0.41176912580755387
0.3272100657163278	0.736554973707923
-0.43699853034892444	-0.7171013716848544
-0.18794258628241975	-1.0418403476058227
-0.4668081145526103	-0.7321748385770062
-0.46650470266393507	-0.7752657659926514
0.20502802602398745	-0.7019721346116137
0.10865857799291538	1.971792131003491
0.3800731476180466	1.0165723907188247
-0.46117939155492865	-0.9324126767041582
0.6702096495573071	-0.764717428477765
-0.45281655871150595	-0.8736667800428967
-0.4615623574268712	-0.9728848461587623
-0.52157362676064	-0.8950698813457435
1.1212845339989	-0.4145554835043614
0.2913787174946599	0.6967367285444318
0.2440550136293916	1.856290076471833
-0.49088929024569905	-0.7691879887103081
0.6193393464435916	5.748226322533449
-0.42529571335028976	-0.526092834630443
-0.45675339925530395	-0.8768081537483974
-0.44556020770344307	-0.8685175065471094
-0.15970442022555267	0.7545830751470206
-0.23501088347086893	-0.3205056188400714
0.39485545644401177	3.182014552074992
-0.4937079368116564	-0.9283123223957511
-0.27620870297763744	-0.6254988302404911
-0.496256030364382	-0.7698127131610397
-0.4932634941180681	-0.998723984863525
-0.4351377696688541	-0.45874751316891005
0.01886259051215251	2.1413856139304013
0.11945072228290587	2.1297252671149973
-0.5460845876529736	-0.9849538638625358
0.6611366029144842	1.519189773320024
0.11007688201785948	1.5869461918920857
-0.44090733439227936	-0.7818235959673329
-0.2165868184419259	0.5102448599777615
-0.39065816211611953	-0.9211218764812433
-0.06185836392928973	2.0239448539298657
-0.19258770350635981	-0.19939972123820388
0.3650047185502548	-0.3166761529947806
-0.44649368747513885	-0.9049127602057303
0.03251587871643316	1.274495349754054
-0.3783763220237123	-0.4682171669783637
1.3145572163082482	-0.4205302284713607
-0.38316418941796676	-0.1776305985831178
-0.05124345824333933	1.0625488990859315
-0.2936298649690895	0.32369908799747626
-0.46077532561181833	-0.7987478048555324
-0.11763334642612712	-0.6787221243061413
0.02910361322339967	2.109012289993395
-0.4592736492805138	-0.5521810191999296
0.056560007997209574	1.8528802442408365
1.5562762883219232	0.044919869336121826
-0.37009807965648284	-0.5301558532960542
-0.3589682229007318	-0.1780846061873622
-0.26682013531279347	-0.888107003290371
-0.4392872536947825	-0.5548017540067222
-0.3220885751413592	-0.5996806740900039
-0.3764315732144419	-0.9631347892199866
0.6140980566238854	6.359079100150841
0.887430428411407	7.636557433970344
0.05951820587956051	2.425919853426306
0.04260955642390235	-0.03999690493084835
0.6478076925130378	-1.2318468823848765
3.622263523621418	1.1118259246996574
-0.45262637324849686	-0.6173681170940932
0.21693051915905914	-0.27248566339464986
-0.2604311907274233	-0.35488667761361625
-0.29175014295218477	-0.38344290864866315
5.906800532306286	-1.4022972351486596
-0.4046880381566562	-0.8996356011738285
-0.4310116963714961	-0.6195907986525248
3.5096124834882207	3.2684571233170514
0.3723220744171891	2.002293661988209
-0.5287709431151466	-0.9814690826513984
-0.46040638724218974	-0.6494501744256341
-0.025734775272076106	-0.12596235109845644
-0.43451175573215434	-0.5249446074348966
-0.5106342830520921	-0.9550317292403938
0.5911212193632983	1.080566973386416
-0.3671213326759678	-0.5299813079272783
-0.3499043338999626	-0.6927577867088113
-0.3927850410891747	-0.23997013834043163
0.3354871692415012	3.991085486578356
-0.4801811855694628	-0.7292861930418494
-0.05183713618231582	1.8297926144646846
-0.4389391242848963	-0.9127486274496548
-0.13078696836516945	-0.5962162411375372
0.2153459206759676	2.279231334341633
0.04152657362342415	2.4907476519374496
2.0285453501336574	-0.30904806198796125
-0.5440442073823408	-0.9508058423625204
0.3822918106412513	-0.1400497984316626
-0.1448003924111999	0.33769940957790745
-0.45613099925875855	-0.9978725945170317
0.02925133643051872	-0.37187263341307625
-0.1791077541218558	0.050455983298599974
0.5170693249338122	2.247548914908631
-0.42283583842400974	-0.7833934457134184
-0.40344748774343	-0.2073489910783592
0.5177830985667445	3.3294598588840456
-0.1987717795892088	0.2513524714717461
-0.01101436441272373	2.177844807913272
-0.4078720481682549	-0.46299926359431515
0.015098512608936162	-0.8096788781290398
0.09545879646817952	-0.5042112782698525
-0.3561340708200235	-0.6956817236700755
-0.47594631740261917	-0.9055386833066241
-0.3977249008643811	-0.5886093800625235
0.02881860519748589	1.0855776994673179
2.276346879885449	9.205733700654838
-0.44078706462532213	-0.6831642708019356
-0.1427175694518395	-0.174744380963511
-0.4415951937513081	-0.7163397330218241
-0.4231584723625921	-0.7855092952388688
-0.4452948965632562	-0.8097698878398016
-0.2527955952899224	-0.21736415858525154
-0.11038444480031699	0.13549017473855401
-0.45330147447998725	-0.8405158254477414
2.8944305782036825	1.7645152732837588
1.3518666840422258	-1.03530635899616
-0.32015528643219443	-0.33764168257133614
0.2992055556485978	2.33122362550312
3.1939899952864463	-1.0972073461021379
-0.4017800063601884	-0.8226521770532379
-0.4260097592718582	-0.7490760470679916
-0.25619992792754287	0.09432398879153304
-0.23967589685864224	0.7002129130388675
-0.058208130801086964	1.1920080144870522
0.04839030691818292	0.19237737271130234
0.15514613861528223	3.3090801193899866
-0.15823494283762135	-0.5989200669177982
0.19256437545738903	3.8800293176576415
-0.24337590741295625	-0.25100110321488095
-0.5078245432920165	-0.9636896074845674
0.22521669918398463	-0.08805704280929026
-0.3916599525283972	-0.8495509446635281
-0.033620252322272295	0.57949048278292
-0.4610035814240589	-0.6441924623237433
-0.5236524803159021	-0.92744778739441
0.4437150262735712	-0.33274416728701
0.11220043510889698	1.7756636726576007
0.3115879628744739	-0.7696245513726238
-0.29896611353091757	-0.09357801246154562
-0.42548063747615134	-0.8460638881338146
0.1263625988199985	0.7592560571726478
0.1782344886103304	2.0569430908684194
-0.14174094790811792	-0.7198171215525832
-0.11173636715218283	0.23669856383576138
0.1881203305825646	3.080934861791458
-0.008332575098829216	0.16545796563171813
-0.24902527362583987	-0.06545219493493216
0.9829664590613046	0.4593947313430101
-0.057480638061417816	-0.2195746357880503
-0.5054152133390174	-0.8973032372276161
0.6785817261100417	2.0415827668275974
-0.3770811633507091	-0.41756482715145693
0.09018629236343614	-1.168934471353638
-0.11867912168700388	1.3895983227861026
-0.3033399597865295	-0.9727611167541514
-0.20823425989660177	0.9849633987471806
-0.21808739714836797	0.8579863138294228
-0.5445051312487906	-0.984738724652746
0.03181566794163629	1.8832747770116738
-0.3125006205564604	0.2616979404748712
0.7156332388490637	1.550908593974014
-0.3701470751054795	-0.3359156726528728
-0.3339639990784265	0.1680072710237441
-0.43841951229758347	-0.8345978328726786
-0.2863720008766209	0.28950203578112566
0.41986995129611815	0.5841449639804139
-0.3259918873979754	0.23261666113663654
-0.5056730028914684	-0.9000248778134617
-0.3591692962078214	-0.4688414244603521
-0.1335837598437637	-0.8085599555083247
-0.4014371586133129	-0.4341235097754653
-0.5048704191003681	-0.9961761004065585
-0.5535574437437641	-0.9395152059015255
-0.25140693011695164	0.60643947016365
0.16504418639286988	-0.2917486956155372
0.5070957469331533	2.0799743274419114
0.04869043963362366	1.9148896035705838
-0.2672413844539095	-1.0273692733514703
-0.2555293270963624	-0.002118675438513882
-0.489605598876294	-0.7985410972525625
-0.5367359765315746	-0.9812710062365474
-0.14291976161400416	1.1703630612624962
-0.3143734143121631	-0.5419951315192931
-0.0743908701998597	0.9038442447062679
-0.4017086337532023	-0.33430680618658043
-0.4388291568261942	-0.8025807833275893
-0.38784535711207896	-0.4315956069371462
0.3351377912834638	1.3036653521834465
-0.4100508053037059	-1.0088904190549601
0.9714899363006346	1.185479162217137
2.128183485303608	-0.2323197033980585
-0.4791512752635642	-0.976659377743088
-0.2784403175976559	-0.192702782996156
-0.39651584043662563	-0.5275588834372131
0.29831473102662703	1.9851251095181954
-0.4182785398743383	-0.9704040724880503
-0.31816708807143324	-0.5455970087455055
0.15057991683899402	0.7744498891603825
0.17735822196850795	3.7226491185823964
-0.5262781542522594	-0.9599813446285866
2.077955459170047	8.624641420020696
0.9578960623603657	6.638402004261596
-0.05272574226394254	1.5433995950840507
-0.4056322054107056	-0.490865048961194
0.509366309616282	-0.8041468082471633
-0.26591276338364567	0.25547338441136547
-0.017369927156381765	1.4112028603449014
-0.1937623651024248	0.08441076404846663
0.4721695540584694	2.980931381405372
-0.2940987893322841	-0.289516216502879
-0.34873626415105274	-0.7015202984710277
-0.3844985575177654	-0.7507276387818174
-0.4947200288707298	-0.9588284131300978
-0.32440840562308587	-0.8145466445840608
-0.40908710006740506	-0.397501654780927
-0.2452412504800662	0.5727732381621263
-0.4819644253218678	-0.9666483412305453
-0.48103868890151597	-0.7072828222524367
-0.1571094586527567	-0.33616918357933817
-0.294268655909092	-0.9359735596362869
-0.3265375266944986	0.19992654673691979
0.42487123543272004	0.8409056764079779
-0.2444104732819874	-0.45773972193443424
-0.5555801601522983	-0.9500645096571123
-0.2653132682046674	-0.3560656778015168
-0.327560620985401	-0.6647895288203479
-0.49203777427336004	-0.9991046552835218
-0.3763521801823591	-0.6946012859244521
-0.46054976863855634	-0.7429252935799445
1.0680977124497129	5.184758714399422
-0.4427675183455489	-0.6832218993047208
-0.3434611805637217	-0.11631703850849122
0.5779624899987793	-0.6087026516102977
-0.14288450670207758	-0.2773202529743845
-0.1591109309854411	0.01664793619248316
-0.41155041996399816	-0.8823780956382635
-0.21308731532081343	0.604046868088356
-0.19158818053012786	0.17897678646310802
-0.4133125572781374	-0.7857473796761304
-0.0907969812393831	0.8096716157834628
-0.1533775927356876	0.752949026098507
0.7421422080222225	3.4635487338368787
-0.09209216497189313	-0.05814808589683642
-0.4026696222616666	-0.6906814136744481
-0.2578398285469715	0.19372600036303447
-0.5213275618559652	-0.8895782864885968
0.15427248758123274	1.2588356954335846
-0.42991501105730723	-0.7484047208591745
0.0626839888322018	2.3605335590079433
-0.04311445948393251	0.10401378378823264
-0.2057779552109746	0.2193899935654754
-0.34894297599250906	-0.17896304361739077
0.6691612094878521	-1.2803832481723942
-0.4999385905742126	-0.8623659386754555
0.39686333402149626	-0.08893193732823129
-0.4043904680212431	-0.6224756921656536
-0.508358915516375	-0.9246051082354282
-0.10720522481745894	0.843827877403559
-0.5430455829544079	-0.9860077120033685
-0.5003978354376476	-0.8007485489110849
-0.3470949191307579	-0.30788593482572496
1.400752316793203	3.0087728414411536
0.9036823830744277	8.082145249350875
-0.1761633014467807	0.662083753437494
-0.3489193740358836	0.20212682410281227
-0.36978775750312726	-0.729228180552067
-0.5444733649098236	-0.9824067574766935
-0.4883105848806281	-0.8636134074626494
0.03669082439089069	1.6914099685050843
-0.388148158161709	-0.5255783322871632
-0.09507096723789936	0.9057372666504239
-0.47948673245510276	-0.7426990553229096
-0.47918416984108747	-0.7907831021977001
-0.36953476647779065	-1.039368928267598
-0.4126976315276988	-0.7220363502426976
-0.42585091284842935	-0.9430571004615889
4.3094019366694924	0.003602824584488849
0.010753156567246314	0.6666363295662119
0.4301265687069638	4.171075781963931
0.02130337728144595	-0.5110065377138133
-0.29705350758636684	-0.5712053499851376
-0.5007862732917051	-0.9293335325071816
-0.22094908151552056	-0.9574727619513822
3.6811228195431234	1.4826098555423772
-0.545981029421141	-0.983403659196088
-0.15974079997011653	0.27259673745721374
-0.4722956102967929	-0.8694555235814688
-0.3509739138590027	-0.3425787100394464
-0.15148159586211535	-0.8381607941928034
-0.5112457396823185	-0.9389574548784668
0.055994772238230656	2.1042256089354776
0.4060148047005536	3.024214218696415
-0.4878064947723187	-0.8422472307566986
-0.6653247616784519	-0.8733268019647142
-0.055440802607657796	1.9601109299332375
-0.42861636398149816	-0.7092857878969988
-0.22757218022827522	0.345428651682665
-0.275269054958384	0.5451302475724565
-0.4926558872978233	-0.8006209309876771
0.2813137620838017	3.5512338186816113
-0.4666620183979802	-0.7427624144380827
-0.07350174314816757	1.7364494722831858
-0.48721413622209553	-0.8602995472999229
0.1508946018152505	1.8054231018191051
-0.31386876681702974	-0.6654036668749637
0.10198374374618539	2.0664256027740735
-0.4269394016529458	-0.8850260614478213
-0.44046201436415827	-0.9776552462104474
-0.5183214451707956	-0.9934999961037365
-0.5517921625898653	-0.9738349612836456
0.758422523515926	0.46473290439226556
0.11513231337314664	1.5544701511736814
-0.08646603152716971	0.9125988785978949
-0.28517371314893725	-0.06099761400019628
-0.4326414101965498	-0.6166300989950465
-0.45390269885404283	-0.8429121811181096
7.037545109721562	-1.2488304297191701
-0.44030510456868155	-0.8117687179966656
-0.43974034307228127	-0.9419567501096822
-0.4896825592774166	-0.838349138687569
-0.01960800212876714	1.1525559754263086
-0.25833241934279993	-0.7135753534771585
-0.4814779067545846	-0.9063584397483855
0.022780852734474357	1.2145606956762056
-0.40440006298189474	-0.9582922691862917
-0.2688877937424811	0.6101963534904036
-0.08219280578409428	1.0337527323309372
0.0075517010829951855	0.8313467275376376
-0.4863114281422622	-0.7410327920125895
-0.4625083831994068	-1.0058982011578481
-0.3201369529621327	-0.6992195574858739
1.160066744051097	0.15640109076005934
-0.08381804703106709	0.03996309912565514
-0.2036045802281017	0.7622017704532096
0.025198469429733097	-0.751350464733918
-0.16948404042895177	0.916176850796904
-0.17820910059142903	-1.0074349390153114
-0.42667857199627746	-0.8652861788591192
-0.36394790377717945	-0.08388615272125875
-0.5257395344408842	-0.9906925250144442
-0.5162639610029292	-0.8624539923460414
-0.10896111973978431	-0.3014141440446362
0.5524810027171699	0.8239662371947708
0.637353428327413	1.447798339917018
-0.30861236869543923	0.0391463814293591
-0.4894464365777578	-0.9111262781608163
-0.46130105057870346	-0.6467847955722796
-0.38562603267834633	-0.20952007006857165
0.14515730339565913	2.894680487573817
-0.4145909891976272	-0.5563074700729552
-0.18022440080549465	0.5052987080795364
-0.40933160229496807	-0.9879278149784073
-0.5099764612009159	-0.9136324889753178
-0.329297468119636	0.03900119855280597
-0.41444139238269495	-0.7500478525231952
-0.40502791531760857	-0.7592475466466181
0.26984641471662735	-0.04521263412789337
-0.0408218798905557	0.19422933487862257
0.08810021038406055	0.6643876260735769
0.10049780809855079	-0.5041873253754754
-0.44432745680380253	-0.7157436653722696
-0.4213575345619457	-0.5542231976789675
0.04908925038053747	1.5963921912498866
0.16921974491434233	1.897352614744618
-0.4573476256701482	-0.8711136876432463
-0.181497439266886	-0.29967326915980563
-0.467484062879883	-0.777342578575121
0.11615359399894153	0.7847230760605481
-0.13237245515735488	0.5893322911420404
0.2562057162424736	2.6879770320644725
1.619798624638621	11.262542884392813
1.5542183190676198	0.277715059212319
-0.0022367059514185146	1.2173944137508654
-0.41376363245645764	-0.5223233438431897
0.15641839437860128	0.7236160113712135
-0.2873523142869669	-0.5646543595032504
-0.43783868192208164	-0.5539774678138303
0.16988298326310564	2.476797486000624
-0.25042375681684137	0.18894328028209004
0.2626213874373387	-0.4895823738589355
-0.19376786477690341	0.6318321259801538
-0.08389384960114694	1.230333031612184
-0.4439830945279099	-0.551739513434097
0.2295903276561887	3.2701274902118627
-0.041963360877369696	1.1580495343088133
-0.3484005708822653	-0.05395621307989664
-0.3519392412878662	-0.5369515158359908
0.5650463453716662	0.746346208953392
-0.29157672196720813	-0.22205733871972796
-0.288952411049157	-0.867747962981082
-0.06897679530494202	0.03340345674906307
0.0023865317442600493	2.1127577572020546
-0.4764190343133597	-0.8261196556361478
-0.1455506252512429	1.3615432085939392
-0.4265301535836018	-0.7435397852710796
-0.08841556700129859	0.0067413290882483426
-0.5173731883250248	-0.8923493760880564
0.7519736271816613	2.750337369895194
-0.23518317646102654	-0.26072522250803853
-0.48789649684814185	-0.8349726590165385
0.33109093185298244	2.2631206888546482
0.01714735393939559	0.3912242598842213
0.8303982229451423	0.204182504823778
0.4266592569623421	0.3578746195093986
-0.0660575743987473	1.3189430727142948
0.012365065247423918	0.004472141899914963
0.47855499378606176	-1.1722721205516176
-0.3526755548982029	-0.7689931141825878
-0.27555425905821845	-0.1308611890665978
-0.4415066360553306	-0.746609442405878
0.8570745366044614	4.535109064698211
-0.47162075020860006	-1.0035651153170284
-0.4398069035399328	-0.48945941762351397
-0.46271101199419395	-0.6486895375972582
-0.04848691253314949	2.0215893655093278
-0.2812206537326268	-1.0208039604963532
-0.1264326980281476	1.2629844712303664
-0.17194628247388305	0.14976934643537243
-0.5027997656791552	-0.8363539299934948
-0.09372757704944225	0.3294162948891412
-0.4908500210224615	-0.9626064452541372
1.2718340365251142	0.2751465840314023
-0.45686303373777465	-1.011565023771447
-0.021878385223885577	0.22129625955255625
0.05619851900195486	2.0729792953349797
-0.2398519865845504	-0.32398411298214336
0.00525838803980633	1.6328429636236363
-0.377845954345306	-0.4009969631961325
0.49534517509770293	-0.07330959532994706
0.11172662229691198	-0.7162310578697229
0.3603316832197109	-0.3233579048686286
0.018179445576258807	-0.7603697561578295
-0.4585054793701017	-0.8763356003551398
-0.29494057130374907	-0.9834277356970846
-0.4173204602947086	-0.815506529327533
-0.3695225185747007	-0.7760709727719134
-0.44866720301020213	-0.5532351154242714
0.2589610144443409	3.1038186417913507
-0.22527832929699376	-1.0451324268068767
-0.416984480559316	-0.4603738003423582
-0.4465734468917782	-0.7131471712203566
2.112419967423318	1.4908352484100595
-0.49481954325701594	-0.8922820968129717
-0.2595931492964636	-0.1280869298503066
0.179322588707771	3.114712003928643
-0.33444726477698744	-0.6334787653286678
0.26894377712357553	-0.3016684030960955
0.5398406374350726	3.678595793421901
0.9273223749623417	1.1551936065076416
-0.5380591483644296	-0.9555659445209288
-0.30210767249319326	-0.3735171415786882
-0.446262618403556	-0.5219897195735694
-0.21263853699499494	-0.7239732063182222
-0.2151605612075234	-1.0636294517944362
-0.023418179835699257	-0.9196842700271334
-0.14225090988149944	-0.30445426104039724
-0.5129561468425564	-0.9965730492469679
0.3484706250854113	0.08078525659972527
0.12633624531750043	1.9033697800278082
-0.538111221436664	-0.980159623241355
-0.6085004111980818	-0.8249928769668707
-0.39472915399040337	-0.529511001807353
0.829372944850245	3.482884057108122
0.23884819215954248	0.8670842080612264
-0.21810621730887975	0.25242386802426386
-0.5397658338857758	-0.9882773653444737
-0.3384789849779376	-0.6442632213942154
-0.33544310602196764	-0.6666683486599717
-0.10605337425248891	0.3310391479862419
0.19432876930718232	2.4076922595859167
-0.36797512531433274	-0.30993397138261664
-0.5116309318525857	-0.991172505659098
0.3022337338443648	2.0435007272475203
-0.25801088664448685	-0.7432943918596596
0.2052508571430305	0.6704760521693548
-0.5310171312869111	-0.8754883553058112
-0.36261628855140954	-0.8467154730420864
0.7562425862445314	0.0654017246090285
-0.4443960784665962	-0.7087045260919925
-0.31328670812758946	-0.9708300016306309
-0.34906851794511773	0.26663855265494707
-0.1033729786190019	0.8452117290461433
-0.08566843323154485	0.7436126012272805
-0.3868326934790019	-0.979323745165101
-0.3747952759111148	-0.562658075040375
-0.45568177334160637	-0.8760199199089244
-0.4337441003203662	-0.589613747737844
-0.3585199884133772	-0.7940244430892376
-0.4504070021805361	-0.7461516786368103
-0.5022358326076887	-0.8953454639506266
0.17755407837241124	0.00028126691496564363
-0.4803400067132231	-0.835343224237089
-0.42396078713683166	-0.706826249995967
-0.3840072764438515	-0.27213598596401206
-0.49198724673671845	-0.9613900134362956
-0.16519498238089292	0.7552511658241794
0.1110580320536569	2.8030639550965946
0.4695794506350608	1.1892797573050726
0.06463914434221334	1.7829474531689897
-0.5055562155749074	-0.9568128108412852
-0.11469014329519739	0.7184966350798702
-0.48260880224444197	-0.7751769487736687
-0.5407484271659388	-0.9551499760461134
0.9913529588736518	-0.27176756880999636
-0.2821750568611626	-0.9481328022542199
0.5963102677875591	-0.5115205902328638
-0.45967556247869373	-0.7056719411524341
1.6718160963351019	0.8744348368946234
0.10740911181783624	0.754204135302706
-0.45252410164786117	-0.7685044050910314
0.17322972148429455	-0.4958033297812617
-0.2894711993757093	0.16403482820843984
-0.4776025993932858	-0.8003766412390124
-0.21424920701281475	-1.0789620963885942
0.9749951021826696	0.35216591459240604
-0.2867340542632648	-0.7305151944566851
-0.3609915150482534	-0.43622638056450536
-0.30001848139955933	-0.3761471365381581
-0.4247484218175443	-0.5891528199644772
-0.39388262057107426	-0.5576666668546496
-0.4276377149924842	-0.9503533376345552
1.461971147105648	9.807023786368784
-0.20163308008379083	-0.36397591544182867
-0.4726239468881037	-0.8047768848435474
-0.47242863401747653	-0.8033475753573821
-0.4223857560245034	-0.5244484899761707
-0.4942663180777379	-0.8357713232976047
0.4309074716793066	-0.12153439331233837
-0.44772814196784094	-0.55233289798716
-0.24437949189012212	-0.5749438177162134
-0.3710555856681009	-0.696422077270644
-0.3651080199646272	-0.34321330663130156
0.13640961569848456	1.7728866318531484
-0.12880569314619345	1.2005192522355002
0.09277716543075615	2.9968931202866433
-0.22351169992897454	-0.09887056884900561
-0.2707980188205254	-0.06363908576119663
-0.5094389098849725	-0.9960733592584511
-0.4072636822495676	-0.42985165246513163
0.24090674861119815	1.604479443220322
1.6920259952755639	1.0151813914817018
0.0018608863605466394	2.1755876317705156
0.03031186841469099	-0.40458671406509406
-0.2431578702557777	-1.058902793530473
-0.4570421851345849	-0.6824198527315835
-0.46016563440986225	-0.5511933917558561
-0.4150180684594209	-0.3657618895456564
3.60737462087707	1.8653102794926384
0.9834056052631365	1.4580440968258106
-0.44951474234902544	-0.9193326836508514
0.2302661246489844	1.3815638935510908
0.7195021809672763	0.6578133252942967
-0.22257037150541975	-0.6588378622680421
-0.36423773982096774	-0.052350728682178584
0.04199688240905761	1.6603592900806328
-0.3304880265656012	0.04130986309779717
-0.42060971454835855	-0.8754760891312938
0.7136293676385832	-0.954011688562311
-0.39417613780203153	-0.6892844540006473
-0.5284355557134172	-0.8570959333020203
-0.32021686975919816	-0.15529636966584265
-0.19294863016254316	-0.5325061616610252
-0.4725438469645714	-0.8940754692375135
0.30772341088188254	0.4143852357935404
-0.20668041555833772	-0.16714885106347332
0.05470092340123452	-0.27362655120806817
-0.4485378447881473	-0.5191507001559391
-0.25712256519295423	-0.9411183459284959
0.12603733288520572	1.2043834291378714
-0.454647916121374	-0.7637845975664062
-0.35704851807944604	-0.6275460136853328
1.7955751487738751	0.540788903140885
-0.45856746439506485	-0.7150415790820838
-0.06339967792775923	1.2276635272101208
2.0106263367806583	-0.5564863514938675
-0.5135699464939926	-0.9596372620449255
1.5210320228794794	0.23059974407483919
-0.13201774446427156	-0.8048368303173195
0.48233345561514956	1.836200123146307
-0.38454885192491345	-0.9746666657416281
-0.5665959503290366	-0.9555561829822528
0.06307679659760844	2.392614847636563
-0.4809538908359816	-0.9958974428832399
-0.11807495705101066	0.3000020302253185
0.924644090092067	-0.7757780410207842
-0.5336014782175289	-0.9196083125517407
-0.33784728596282887	-0.31268848595994725
-0.40798887717213783	-0.46171035609554756
-0.4948627860636359	-0.9640280524666162
-0.37533269204917913	-0.5436693810363327
-0.4731901942377735	-0.6470875226788673
-0.4544691879488359	-0.8095272388737617
-0.40902152599225583	-0.42834304527177464
1.3328339878361286	4.836562165296174
1.028974328997275	1.4520319910055466
0.12417291222314743	0.028636485340463348
-0.548754495500558	-0.9806590179407245
0.6795085686238619	4.369252286624038
-0.25314049160471974	-0.5854588457419597
-0.5013016380213735	-0.8667576532244495
-0.4804095857606762	-0.9033466614754404
-0.03938635436184186	-0.6875894433409805
-0.5176920736183588	-0.9579584533585208
14.837452036089969	-0.7196554000666259
-0.019711255815263725	1.47318685452264
-0.2832887121826931	-0.976677598821085
-0.4796050384734512	-0.7386739653953172
-0.12342672571680106	1.5181109632711132
-0.5221925953910853	-0.9227042198638842
0.029834721801134334	0.5997115590605557
0.3218716355818771	1.0113951876401532
0.0016523726930648926	0.9603738943816358
-0.5798887073043001	-0.9428519682977002
-0.4629395041005142	-0.811679436974956
0.3949622319187593	5.519665603219865
-0.4340101534562179	-0.42756567980730287
1.1618799405037639	8.470596763084428
3.230286769430561	0.03738753312438846
-0.5202271698520183	-0.8897825421269245
0.06742317447473024	1.5287299154948113
-0.2895577743145741	0.3230213140013714
-0.4366001989475895	-0.714587531262691
-0.2563103177198976	-0.09558577284885557
-0.23107901886866308	0.9238340491229554
-0.41883910967446003	-0.8430252359634469
-0.4493257783015029	-0.8299420075176862
0.00913093469918107	-0.3672128131968117
-0.4926286528005891	-0.7695936888081484
-0.32349383644591617	-0.5372781266155919
0.047723217326356565	0.18194534386364478
0.2123743606338092	1.0329603889104026
-0.3595734192153752	-0.727556558909255
-0.1577093002505559	1.0440761808745698
-0.5092383443300537	-0.8979144095125933
-0.5048157050273079	-0.825493639796075
-0.38387272058191907	-0.4316637151186372
-0.2316718600042437	0.571137750851536
-0.17079003279056926	1.3963509950392257
-0.13521600382186033	-0.017477372267586347
0.011437283635539036	1.216893508187247
-0.40268640287824015	-0.4014331909986934
0.17143929682675552	1.9949589106397914
2.4661613484268847	-0.1220836318219514
-0.5134795430673719	-0.9309388502289266
1.2567727255874044	-1.3636608593160247
0.17652350344563986	3.4675758134537853
-0.35322472731372123	0.07437546160016777
0.6594291997251257	-0.22418594500547415
3.329332114877494	-0.4575042009278711
-0.4245066744071373	-0.8475081442415869
-0.1705272738974654	-0.20473187959190856
0.2113893192560281	0.7764799231914782
-0.27866082638460565	-0.7782900874406155
-0.44565940034629736	-0.9400520844081875
-0.24504763204871524	-0.1039714526909721
0.11986211631770594	-0.9325454998636891
-0.520908726749782	-0.9154322448270789
0.41705019323771153	2.738607729858639
-0.48497368566426946	-0.7783262661836812
-0.3943248607053916	-0.6856232040915237
-0.4668659986945708	-1.0053734174234799
-0.36088188538616134	-0.5009227427286969
-0.32032566228642706	-0.4501292879415152
-0.28303469272696025	-0.7386204354305176
-0.030311581858147578	0.6431348014976357
0.6257865309940156	6.036303066323319
9.825931395911331	-1.9853688902732956
-0.06879557650472616	-0.6193794375675216
-0.22785428472633382	0.11919043173497229
-0.5093181821409125	-0.8638672025912207
-0.4943420859416456	-0.9637175325328946
-0.501589974720934	-0.863623064517914
-0.27048671071481184	-0.033527879742889295
-0.4099550731551672	-0.9438869710619789
0.15737901305528726	-0.4116624667824484
-0.4463156360193771	-0.8817838864273225
-0.38520352877898834	-0.8283174503099872
0.2151539376154157	0.31201667200413136
-0.4457716922536794	-0.7980062105251104
-0.20985615170868943	-0.4965606746388193
0.11453534066025049	0.881838853766334
-0.46811986196707606	-0.923823539663173
-0.20591856385311053	0.37827262797038635
-0.3476700019894006	-0.11957065068994535
-0.28133891675448996	0.3870829686441975
-0.48004786797780347	-0.6451133783666163
-0.42745832365652686	-0.5564490325368376
-0.1496698693978797	0.5286165058326951
-0.35424581275056716	0.04300763579610251
0.04895080742250843	-0.4249679911578737
0.02237718454291045	1.0526692798270372
-0.2416038579029547	0.03063713024327084
-0.46506723251833365	-0.7766304979119596
-0.1809725066129151	0.30714949674679165
-0.1329459123580692	-0.576039317977712
0.20997754603769264	-0.985289104987852
-0.2419417326240355	-0.039368264313106326
9.114471063385817	0.35331150376636844
-0.0997431484398712	1.8042822258428715
0.7628114983835297	3.876419509883842
0.4685478096172508	2.471074792887173
-0.3967231330494547	-0.7184911769907567
0.17248695012650386	2.2211269805246228
-0.4197522644137785	-0.9142809888983711
-0.3100807339545473	-0.3531560046914252
0.45938838026387036	4.199706838405018
-0.18431614048750608	0.5015803508437702
-0.42922464485845957	-0.45668749081530047
0.18563120826345414	2.4744681292737276
-0.22859739985972827	0.510423780082407
-0.46867340591573564	-0.8319873344563069
-0.3842520371541883	-0.40271489930753657
-0.20977085788074745	1.1141120611601547
-0.3019573805933554	0.13377748037849263
-0.037162067147800515	-0.5412296122883553
-0.5652969796009308	-0.963516238062448
1.2268760613247116	-0.14938554750888464
-0.40316107556954367	-1.0288479198040525
0.3925049900928821	1.744142236898392
-0.16612172557341026	0.4022053290236609
-0.4382329802752995	-0.8483076554633192
-0.3982247959064367	-0.49458631463563163
-0.49939486431379565	-0.963359022928551
1.2049541062920353	2.187897979315062
-0.3141932302602836	-0.4450445399880538
0.9443943126905371	3.9546329462078527
0.05736755973678871	1.9468177963285709
-0.46503939919331366	-0.7200537994876507
-0.2158049450596506	0.4742800344525109
0.35239976408239915	1.3339192766982513
-0.48661891518714945	-0.969472156414835
0.41710932401502804	-0.8818116358459245
-0.16381733311928745	0.6270303575349502
0.17396806138721602	1.9012689544748402
-0.2735533116653531	0.19334518811133414
-0.0828493018007134	-0.47973602061727905
0.07116240063717115	-0.37994572689942374
0.11070829362774239	3.2510988819112265
-0.3539806743391918	-0.053094555326217326
-0.5409519523406333	-0.9829409987859495
-0.449926682812526	-0.645124176749335
-0.42919054169211374	-0.5571850835205799
-0.4012916646036638	-0.49644549859607545
-0.5595492622181824	-0.9282455229130429
-0.15160165153498045	0.3679642536297756
-0.4371984831143464	-0.7119414423436305
-0.3066115474953928	-0.028888624761873608
0.12912267989780615	1.9356448849757402
0.29450184105806837	0.8209530796324577
-0.1922212678598433	1.07912219704151
-0.3086142844790183	-0.28476043950886204
0.06440399958838017	0.49768272242967443
-0.3507041182822797	-0.6609297637134701
-0.6129716451701622	-0.9152210031328756
-0.4527347255995349	-0.8120585088207358
-0.08630663126779012	-0.7156947208226067
-0.5264448666285382	-0.9243776071138795
-0.2922483863793606	-0.059240367237611766
-0.3477366238747511	-0.4403832166210756
-0.47011903899431245	-0.8720811396002085
-0.29678685871133176	-0.8934700538240294
-0.47767424555462284	-0.9297617085259402
-0.35086277896189205	-0.9670572183997275
-0.4103185872539652	-0.7945924761782224
0.01127229242364283	0.3135198300850341
-0.1573713760866229	1.108177678932917
0.29610758125316883	2.2345410300769792
1.2271911057117755	6.554233769994227
-0.27889083640349205	-0.2893331008567469
-0.5163314893362538	-0.8763456504154289
-0.24016362398461125	0.41442177247115153
0.32235331789275484	-0.679620528322413
-0.5350093402365187	-0.9875241430097589
-0.3542733700749232	-0.536781122739162
-0.3433613076209303	-0.5362202967650952
3.356535571493758	0.6435514918982336
-0.27288235942593253	0.5772037799476729
-0.2507378081161257	-0.101086603566795
-0.5271239408077137	-0.9533054884123404
0.6877759144414939	5.708821159633592
-0.11765902510343314	1.3604397392306184
-0.36150366599052186	-0.734034393848772
0.5141863230829167	3.6830351423849508
-0.484157593877196	-0.9349704291990611
-0.14426300806247194	-0.539623558996765
-0.09680448719633014	0.7464386279248371
-0.3025508193456334	-0.34752392730731835
-0.30447208271153337	-1.031260258951182
-0.4575292901666431	-0.7767580223918161
0.08038287396264204	0.735189965563299
-0.37810786446659594	-0.6576600289229649
-0.0877727888929624	0.8744653466181183
0.20173121591359122	0.17871739998089275
-0.513822263674165	-0.9482767036880875
-0.4070647767462069	-0.3965876140074338
-0.241280609468655	0.061820793587108375
-0.04542045311276495	-0.8818425777826605
-0.3875746006118651	-0.5978165885456656
1.378051525158162	4.1379843467804385
12.205392724885494	4.109073456194456
6.166579688483645	-1.1328046674627954
-0.40138332696447127	-1.0145850986767917
-0.45117599274020587	-0.741189843599438
0.42545934456630125	0.38084342501247176
-0.2725545988380716	0.7053729127084334
0.2801476519575297	2.686065893256953
-0.23413146711049485	0.7949248945234672
0.0382633672609319	0.05543964545523608
-0.30588123131039446	-0.8741126387590415
-0.45865754370059647	-0.8061196516528208
0.10992005532116657	2.41957051319043
-0.4838289476329831	-0.9323044347249079
1.1010461709782813	-0.5338708459370399
-0.42917825986382774	-0.8519764883770781
-0.2168883082023471	0.6683342638068566
-0.08630407457087684	-0.3645531558297611
0.018533002790961203	1.982903936337133
-0.17613949038550616	0.015885902147303402
0.17377715223204074	-0.36766521596332286
0.5673388283516988	2.5865021342381755
-0.1505485767695035	-0.34443416464384263
0.4346150467271926	-0.2938004096193011
1.5372191897432166	-0.24916256854641233
-0.25729296294740495	-0.3565419189195871
-0.35114386594249486	-0.6350589027576878
-0.29403574716570574	-0.31761178173828375
-0.3099870928337509	0.1987959610555718
0.30550357428118646	1.0213603551260635
0.08781264424304026	1.1729794700739682
0.21399614202391398	3.429471158994843
-0.4664222603265057	-0.9722729817034379
-0.04089318200408196	2.020929186224914
-0.522708178317216	-0.9229557199854032
-0.3366426986499505	-0.1531605956338181
-0.24677749884646702	0.7984216458132116
-0.5020493151866365	-0.9214223229825408
-0.11906981158324936	0.5550967792028174
-0.5065891290434332	-0.91409496684488
0.3186948415783116	3.4480522554114734
-0.3677952244897719	-0.2698978899650027
-0.47055201430152144	-0.9661817107289823
0.5136223367288211	1.1778407752095363
-0.459231236306287	-0.8310887067594255
-0.5036843922890354	-0.9587125549233853
-0.3341013118220181	-0.3800077255496573
-0.5101935593743328	-0.9972592894636965
-0.470212142825321	-0.6455112507829379
-0.2218917210018157	0.21720367171651897
-0.39272406852117675	-0.20850697498402693
-0.31958348239341483	-0.28589239203497224
-0.37721193639648937	-0.7418457429205507
-0.02834071164644778	1.6995311635224764
-0.42106302151326014	-0.7796358672123915
-0.36690262079746405	-0.11545229769761499
-0.19933464224398556	-0.26233441645497724
-0.003493126709561575	1.4398125576301177
-0.42606118473500043	-0.525251884010321
-0.36142995411781303	-0.05207811487039897
-0.4291561177427899	-0.492413444312708
0.2011856278010871	3.463020834697665
-0.46061727391122886	-0.7786451365579956
-0.43425398229596474	-0.8160581334340559
-0.39568655237227096	-0.36769933224229673
0.004243237460272288	1.1471163874918753
-0.26884525506135226	0.35310440295610507
-0.49215104815367056	-0.7625900897817691
-0.46473176514037035	-0.9344765525274342
-0.34055402937104495	-0.4996686002373598
-0.1026119983134503	1.068738799354741
-0.3680454548209035	-1.0311451958692588
-0.48006468825010273	-0.9928150078206625
-0.058599898469514675	1.1262389241101607
-0.07770788034031374	1.3535412274287575
-0.4664204940397329	-0.7432242728968279
-0.38364847782117845	-0.8203471622974784
-0.2678075440053985	-0.640696598918142
0.36360897085226607	3.860610522531253
0.4520631896512095	2.0253935324029246
-0.021988883389954084	1.7307685312942351
1.3636336477394806	-0.2641494114843034
-0.2722485193505214	-0.3420019830221462
-0.17151141946532875	0.9169769825205364
-0.5086497852282557	-0.9937936046353794
-0.5488230654035045	-0.9738878581034237
-0.4750945251416754	-0.8682467480284176
2.4974608156729383	-0.7784051383385117
0.670614572122385	1.6892619956294197
-0.46962108679679276	-0.6458155802048845
-0.35154258203396904	-0.6373536743761999
-0.4659723975122272	-0.7440515053803572
-0.5031707576524073	-0.8259963688416422
-0.1638090598565935	-0.9032152062533605
-0.1874825466306771	-0.5548370439738859
-0.4594032071403229	-0.843285708682445
-0.020222833940464643	0.06788617172359897
-0.4639291044931965	-0.6156935967882667
0.5327231229588937	3.8691679313541454
2.66668210665439	0.49053768939174214
-0.21713271385647454	0.216333441312129
-0.15137390439220866	1.009021852233627
-0.5793492221493093	-0.9631112919294158
-0.5149177381787586	-0.9282168846198127
-0.21285458367394644	0.1519749233869728
-0.506257342157894	-0.8651499767547317
-0.30386275683120334	-0.8910793377416084
-0.5073236796962252	-0.9646036505354841
-0.37137761805687397	-0.5663197164455378
-0.23711177353626958	0.41328151661001394
-0.49099402374754525	-0.7715348474150575
2.117463628376972	1.6773328051037097
-0.08625453585661003	1.2565039613749924
-0.48406839980911487	-0.7935105432479617
-0.43689093231128534	-0.7791425782565746
-0.14143923761121216	0.944867596280153
-0.4326071442069937	-0.9082647263649767
0.273453397873862	1.8540097708987793
3.0008756294580823	3.1656413581750886
-0.5213404869296775	-0.9552117986881863
0.8468685418892049	0.6063320425508589
-0.41673947060830563	-0.23675669643075006
-0.5005903405594542	-0.9646170139905377
-0.509186605650398	-0.8911234996180482
-0.44294243800866145	-0.910537895514959
0.34171754624871936	0.8955466891938815
0.07875660875482715	1.044052976254186
-0.4030738458058697	-0.6419640402488912
0.239402330772087	0.05681469269288456
0.11326562426192097	-0.5741668243776595
-0.4167287061074402	-0.6560744189500668
-0.22680851162556404	0.44243439457440425
0.8755517760747797	1.182747167822122
-0.43202915054797314	-0.36318907595648425
0.633779409146174	2.9663352776580445
-0.4977001405310924	-0.8590243778635642
-0.3097772381752827	0.038985691621526763
-0.4798970046772764	-0.9351434560774682
-0.5241103267094784	-0.9385295262814981
0.2686481203268173	1.5079205329714183
-0.507987458734958	-0.9986524120969129
0.4328168416444889	-0.1322473363246257
0.35645533547038205	4.885000287052082
-0.4313632529181702	-0.8437574777329475
1.0819301867491904	3.3253749031171527
-0.28797856178620374	0.0337323265197953
-0.1614758097230622	-1.0659378019989023
0.2950823403599567	-1.1631451041495604
0.13253875496078574	1.870768805766493
-0.3211821586478992	-0.5687847331172204
-0.37169980549920595	-0.8637599098932485
-0.34704247257049464	-0.3074572956578417
-0.3881652017261419	-0.7537538919521717
0.14965078490183395	0.7756372167820578
-0.531126430914185	-0.8792288538045258
0.8430247272005054	4.0272342078294345
-0.2736223620154405	0.7369190765274852
1.184920879518499	0.6746142970764571
-0.2249139318316207	0.05883230594239418
-0.4891024706795168	-0.9647717728749947
-0.1377424891255533	0.8465659801796781
-0.37640538770423787	-0.37168629569036166
-0.06335765602965336	1.51074610755814
-0.4602709097477519	-0.7418419103978823
-0.4955606691853307	-0.997920257311882
-0.13429360637618168	0.8154010456840562
-0.4674242548623062	-0.6430952101175239
-0.43221030129577914	-0.3955408232971452
-0.09841974628215762	0.05272470113767457
5.065863084958807	1.4017870505142818
1.0071726854387397	4.236287318800414
0.4462314065206081	-1.0894574693540904
-0.29170721407868094	-0.6684973988392625
-0.5409920025435488	-0.9059570796103085
-0.2116954152164815	0.9532334820814039
-0.23728308377825455	-0.768909731371065
-0.007418158101561114	-0.2621518468043524
-0.011770874374969046	0.8317424980681914
-0.22047020168030018	0.6022578063808272
-0.35675510693330764	-0.0207923205683985
-0.41239670278017926	-0.9040971634052598
-0.4717423569215625	-1.0022902821946147
-0.06062057538188971	1.895332116321154
-0.24498186906406577	-0.4509232576060213
-0.4069203425932322	-0.8499475100338216
-0.5165702824176839	-0.9590009040398564
-0.4384447837452628	-0.9159278172084815
0.7842655734137502	1.1430319314969053
-0.4367082790806655	-0.48975319306616183
-0.19763814460872128	0.05596692607470618
-0.20070985288868795	-0.42236475318797945
-0.3636328811335111	-0.7518472407548018
-0.38431550477599163	-0.2096988719402775
2.026572977464986	0.6621240528476053
-0.44445567987312284	-0.9130727764281145
-0.11542716178518778	-0.59680449956194
-0.31689162532615467	-0.41134044282126775
-0.48808365033782225	-0.8969639312724218
-0.485389495890791	-0.995208017912954
0.9260122731005219	3.408252992606438
-0.3490886998642559	-0.6460874416452299
0.8741545860598724	8.373767243487846
-0.0584568113776442	-0.5141849413493312
-0.22888084274510573	0.026859043487813067
0.10600486853069077	1.682641684206085
1.032752607315319	1.222388540408099
1.9628912352371162	0.6737940603254792
-0.06360821003527979	-0.02919696611836187
-0.12925117426328364	1.5831290465134358
-0.5088300497648632	-0.8005614771724694
-0.016877615847598875	0.7686197058085771
0.05245108254179734	1.1771698190045539
-0.3664234551931662	-0.3411353628215053
0.07441788064523469	0.3060913566279634
-0.2071712917615589	0.5048613088458277
-0.46159572630497175	-0.8516623796074511
-0.0006410973405234327	1.3466207165418271
0.09095024843679633	0.21476385503365955
-0.39714618221765013	-0.7187176217164388
-0.21583144212857094	0.6335833738457061
0.6751857954412611	0.5825503321073315
0.43436108321002626	1.2915401729523568
-0.3694280707460641	-0.5626289592510766
0.2507574327393056	3.137959202332056
-0.3970677427937781	-0.7835106610289703
-0.3719692639993549	-0.3728098885574704
-0.4324289451855684	-0.7808868919847726
-0.11539822637080369	-0.38135922115847515
-0.4915156348967102	-0.7400650206933467
-0.2594778887196168	-0.8286389261033552
0.23068658970856912	2.400946910904683
0.25159582054069646	-0.8417084842586608
-0.28245623201872694	0.002441949925109193
-0.5067554064604514	-0.8959395878641466
-0.38331581402131587	-0.5591757290787177
-0.19070401276291477	0.4440931345761359
0.15525333614199974	2.349190374901933
-0.13668044096568252	1.1038536350391228
-0.06483617216689186	0.0029009792190577664
-0.4990027661897185	-1.001857560530183
-0.5191010591429417	-0.912559244185973
0.02999171421239685	-0.7150721589352778
0.23263617218661534	0.26329207375949004
-0.24055784129855723	0.3816820448012858
-0.21569144066820037	-0.9138118868496137
-0.10760522907143139	0.4586131404525825
-0.25483184653497426	0.7347669550220922
0.18780224260702252	2.4440115323805127
-0.3663064418143185	-0.6592941178130959
-0.42698872540484895	-0.9186087806696144
0.297875865350298	3.3231265940964905
-0.4218823304688375	-0.3976448019036056
-0.24552532229687352	-0.6597382378656254
-0.4876022012636683	-0.8885015265222288
-0.38304030114789916	-0.7572669282154771
-0.18220061052180772	0.8543042807767043
-0.2524434033994006	0.5131395026544474
-0.4278043415566808	-0.7501157376032243
-0.574748589830935	-0.94515469641582
-0.36164729055535993	-0.6449148879407874
-0.29854097827232956	-0.8714205442501622
-0.0166828490829849	1.0919991263427444
-0.3848258134208419	-0.40049026846167557
-0.4458349720016392	-0.6175582840316343
-0.2693147625839918	-0.1352169942869667
-0.45164534494371883	-0.8021899635477241
-0.25253553346168783	-0.739632732256061
0.07880454563529916	0.8877880215420058
0.13827089952355878	0.3021504694347323
-0.4520680103235962	-0.9656418992024455
-0.42444678395615304	-0.8781224335043512
-0.3841181427225351	-0.8878607560944083
-0.4635791858165069	-0.9972013292812449
-0.3230394636310514	-0.5368954026712512
-0.4057340243066931	-0.7487121468407573
-0.4857260060353421	-0.9579518748686603
-0.3495466095743754	-0.7262148616505884
-0.4505670014604478	-0.7474856103636885
-0.09474523735432931	-0.8531134984621136
0.014040018678438916	-0.04943964670920471
-0.2854798921687611	-0.22020319436602917
-0.5056323414407484	-0.8251730935116183
0.18419563578643017	0.4249798646864918
0.09380295902885047	0.6228576649124639
-0.036928394569170415	0.7739519557665802
0.01570286856180743	-0.1267613760748606
-0.46668626979805855	-0.9671754362900732
-0.4280840198031496	-0.6859234080487656
-0.1441340594073743	0.33585452289511103
-0.42831582292118103	-0.7472018201579672
-0.10033472002679926	0.8426860723695214
0.7458613854566329	0.25340703251470653
-0.4089315669897235	-0.5439997868357941
-0.3236659583246682	0.39123860022153706
0.13415629381656108	0.5506502393989204
-0.4595914268018147	-0.6481466074185644
-0.5045998797052398	-0.9990689755132277
-0.31827305666941946	-0.15519074668479796
0.16950360192792732	1.4181132794061957
0.13636918896481157	-0.8761688505167528
1.8558919174402566	-0.25235734685737166
0.49175756132147097	0.512243221419114
-0.306732744816524	-0.6061362989503751
2.0660834808019235	-0.6619974446359145
-0.42116915161588575	-0.7960728349306095
-0.258240345565342	0.25672164832944927
-0.45425376352400415	-1.0055482857829878
-0.22562791990996603	0.3176453834511307
-0.1593857974225311	1.0449377358896048
-0.3039690812619234	-0.38006491925130853
-0.3187390480369671	-0.9799445506406891
-0.13398630282995944	0.7832326287012215
0.5486916754856959	-0.8626896540220519
-0.5069795907140143	-0.8656987737662384
3.1898706410237785	-0.018520171083155068
-0.26608978381941495	-0.8727968502415456
-0.4099415951441551	-0.8112124317646393
1.404513359468612	0.38294663545606683
-0.27627432025056814	0.3201593851233789
-0.42300483673824446	-1.020780106315584
-0.14993921992059228	-0.9349561372271576
-0.34006534805792693	-0.1522726851495254
-0.22250876624022176	-0.9645569846985057
1.5015391716199782	-0.17927338305712423
-0.4119318776526537	-0.3657187599928197
0.08489168242693884	0.33762144313706777
-0.52012966757865	-0.929183569365
0.018890129802134982	-0.5784059429314387
0.8828565896296773	4.509883268609453
0.2339252460688063	-0.8103583545342483
-0.3649478012478608	-0.994224244364425
-0.40593898597828965	-0.49427907078586225
-0.4568607706189227	-0.930483541111791
-0.3695968404441407	-0.895108920803946
-0.3394504441862669	-0.8631158088096299
-0.2006233167224644	0.7269426152610315
-0.2865033340746696	-0.6430797140858892
-0.37845881835762557	-0.7235937604198054
0.2328987615876795	2.6927839393106754
-0.2813077617682146	-0.215785418432512
-0.14859701511279005	0.6884502880343955
-0.1395194601069538	0.3670681736942796
-0.4378803693712733	-0.4911262144293504
0.009712968573950702	0.7953249739291622
-0.5287602450145094	-0.9917172616584281
-0.4241555509742601	-0.8812428771218227
-0.3301495628733538	-0.08752548590953015
0.026696681000322978	-0.7438411923010195
-0.5082510564928469	-0.8644172102066043
0.35694227772991904	-0.9437340341186685
0.17849082815002368	1.2907120569801893
0.28717361525596247	0.3163163681038486
-0.20051975846838516	-0.7828102965715181
0.6589515914124887	3.5015845703715387
-0.4440574129199455	-0.8343091161626847
-0.4671795096302463	-0.9936622770740177
0.18339847486940192	1.0019176941123145
-0.5114279559634158	-0.9971505818602105
-0.4125894893580749	-0.8993157572713327
-0.03606299794548225	1.0932887339409862
-0.14700085719019415	1.201158538928468
0.8261271332264304	3.0419556630621196
-0.44011554687322996	-0.9996610965462982
-0.30377522203922935	-0.1566461450444236
-0.28336367686939457	0.29028946110886567
-0.15968100551395042	0.8181869361418772
0.3916345821305616	4.240521452320563
-0.4104334275418486	-0.36452258652904923
-0.1637986287578938	0.8861773975438947
-0.04233637308140944	-1.006513152782042
-0.4687146564008578	-0.9333530816497527
-0.12936182076808542	0.30491323338665577
0.15951285957865735	1.5173489581391062
-0.4099770381238525	-0.9163181790575945
-0.3549339461811101	-0.40630106444014813
-0.4328039451950783	-0.5855337934336797
-0.45138969061983963	-0.7091990252545608
-0.2942173678314727	-0.4530890855447837
-0.4705899708925808	-0.7431763380100598
-0.5368066989640751	-0.9809526428691902
-0.27659988288364434	0.4173240148739129
-0.3754526239162218	-0.5898974311338849
-0.5207476631388765	-0.9289281238755956
-0.45617709016258456	-0.6822488177972291
-0.5045286434695786	-0.990597566738044
1.8802818722970216	0.722149049497988
-0.06111478621074765	1.0300004273007872
-0.40294048057724985	-0.852664668109155
-0.2443920878864458	-0.06861122775004598
-0.5421653894198191	-0.9336247353663538
-0.3973125256530358	-0.5943844036684912
-0.2936483905608854	0.45156048805076765
-0.3860640187014168	-0.7857129879617997
-0.43908498337669666	-0.5228371311854109
3.9183000703923776	-0.13777723262188363
-0.4288456133963637	-0.6804428234932256
-0.49762589748931435	-0.9246915886343793
-0.36639504405944767	-0.4626211016288677
-0.4594188991139765	-0.8729512322146747
-0.496274677782095	-0.7705748886627424
0.23859267417155633	0.9334147536868045
0.40208656533940923	0.6022263157569051
-0.4479719040582136	-0.6847190761710721
-0.5576722259102486	-0.9726885382880402
-0.5317957149507799	-0.9564107690169387
-0.37527370111961406	-0.897038145737942
-0.15054970664510883	0.3712329628413538
-0.3268912425850874	0.13800661845007514
-0.11505814913105271	1.390745035734526
-0.28781489986926795	-0.02787280897546894
-0.07833117963410878	1.6425022581674713
-0.4297440150923874	-0.8799106165523739
-0.3824316843482315	-0.6638059395211895
-0.41690215251629925	-0.7536979201049582
1.1803495648329707	7.923507552789156
0.6759526782634836	0.898806371157047
-0.35331581866759687	-0.8649519061089144
-0.5268516092773596	-0.957748767985337
-0.3973741525835745	-0.3353484773230892
-0.27837822440905263	-0.34344881339365824
-0.4162902399533998	-0.46040162468853274
4.304549081693562	-0.30369274048984746
0.13436237719501193	2.5106414963784256
-0.007024101092881863	0.540230867648101
-0.12421508679624792	0.5907207035018471
-0.26277756830520993	-0.6366046020599494
-0.4401546295122542	-0.7801829340030114
1.3177887546132565	-0.4710096838466777
-0.46329532438619286	-0.9498624585182669
-0.49351559849100657	-0.812216155608614
-0.2838223724461693	-0.46592077879438926
-0.16087151658540377	0.9489818696421426
-0.34428713594946553	-0.2757710165825893
3.2397377903465863	1.8656340974384003
-0.03934391402758074	1.382162389518219
0.14249970423098046	2.509778374152539
-0.44091018637467205	-0.9055734948026064
-0.2848028997956027	-0.3095172678590529
-0.49331851130407794	-0.8357788535261201
-0.35716295086082767	-0.7297100342607081
-0.3611849884811344	-0.7931337280641075
-0.41407666325305525	-0.88917705364795
-0.1158432828177117	0.23866645586382593
-0.1413420154784505	1.2338096943013204
-0.39192254161871865	-0.7498993190736014
1.0170758862228322	2.660347588683687
-0.17640147893187896	-0.13946983984663108
-0.07124647420151546	1.9290962280500126
-0.387732946701961	-0.23816701667132908
-0.48873614940330373	-0.8670066059591363
-0.48530668539089156	-0.9025422792312155
1.3993524667687622	0.7735762893765517
-0.3022856688215596	0.1004016730888506
-0.45318876685100296	-0.8786919168346237
1.5271291881389737	5.48451206910752
-0.44950843908577753	-0.6996632951390166
-0.34039115583109886	-0.7010796832561811
-0.5037292167830869	-0.8939848491690664
0.03311625353746514	1.1452087732156258
-0.028811343413093837	0.5510093040152975
-0.2299348931164242	-1.0122293083457605
-0.39847679181016643	-0.6286991707075226
-0.1568990411806154	-0.5128057058832518
1.75970787211891	10.82913485932962
-0.4807336298436	-0.7909868423066566
-0.5030377149119452	-0.894319534888515
-0.09248600865486858	-0.056118864518236194
-0.426460872390242	-0.551435016471364
-0.3828175706859982	-0.17763485907026413
-0.19749245068155002	0.24617210156704386
0.4460543070655626	3.1790983650006925
-0.3160275634864085	-0.12041814278865778
-0.09847291933418603	0.42773566723226536
1.286476589880959	2.6850667792105196
0.4411834190975877	4.779730896615897
-0.26807874354982475	-0.1936254560246578
-0.20199128375770053	0.5686362305652628
-0.15911799888191275	-0.08223590707880346
-0.26579483647710317	-0.6884575161216503
0.4287135735616104	5.675352164601017
0.18887166074426745	-0.25888444691102364
-0.492530404744622	-0.7715656031485308
-0.003485129549118823	1.4401925038535526
0.6798100675780393	2.408820776850275
-0.5762901764397597	-0.9655502519604453
-0.330690295021762	-0.46928392018936244
0.057457453865705325	1.466385122113327
2.1545981754971146	-1.0227553707965538
-0.4105597069580958	-0.784334461095176
-0.26032366797263545	0.4802846047403884
-0.4340538413856657	-0.36344355954156593
-0.07279491818906215	-0.7862489784490355
-0.39794293161724903	-0.4651755988437509
0.03186719747599353	0.7916877438137719
0.4705723592856052	1.3784469466818479
-0.414853883616694	-0.6695959231362633
-0.3081475320508878	0.16577577217936962
-0.38127791929184296	-0.4990605498604295
-0.33221860766586225	0.10375512271566659
0.23502693129806532	2.7216200511334154
-0.46322475332813384	-0.7409559944483943
-0.395726459121559	-0.7591636493208445
1.1720136671466193	10.672906595290662
-0.4976199873885593	-0.8926525473685115
-0.5387024413852018	-0.9275043441988062
-0.29675427840688917	-0.025976178570654457
-0.43809450751686313	-0.589184419529577
-0.3692079608659822	-0.17806940821911407
-0.3366071277127377	-0.7326176215052485
-0.3577943911261555	-0.9682573424043425
-0.30169014062699073	0.42176226942601364
-0.4390728727806733	-0.7129532008746206
-0.4288452298010285	-0.846074273830746
-0.30780637459529986	0.19759308871845258
-0.475593678013901	-0.9717835348282149
0.21349197407237652	-0.123102382961926
-0.4809234596332116	-0.8608293167827978
-0.371341485057851	-0.7575259527301726
-0.06655618169890011	-0.475738038303567
-0.471465182490852	-0.6419438526815022
0.5986351663240463	-0.6336887484948875
-0.4521143234171848	-0.745722449026195
0.655306696310035	0.8726120828333922
-0.3234465707503814	-0.7384764513361045
-0.4453608597397088	-0.48994437516968875
0.3046620156044447	-0.3698446498161656
-0.3384737692236045	-0.47503006648909535
-0.37319947471664466	-0.5928007106682782
-0.4793567786038503	-0.9262852030433354
1.7959775556526734	12.171378699465764
0.3658413377670451	3.478519416195232
-0.20431515530972064	0.1212099286139987
-0.25021974583620676	-0.13150393770186
-0.2577276771939181	-1.0194180933960895
0.6279420211092771	0.41521003491728664
-0.050325696806477485	0.3532488407570963
9.284823807139723	0.10943287084615137
-0.030432032982985444	-0.3509676647914118
22.96775281038686	-1.912594380540935
-0.24237054710052205	0.12920129817014475
0.9160902502289076	7.249735931605703
-0.029051566280852762	0.6060852292581704
0.2955637039850896	3.6131578922172003
-0.48698470910754127	-0.9709322511920937
-0.13248434179610222	-0.17810186868947844
-0.17002517831210004	-0.00737076150955168
0.08944196207904523	2.6465405061918985
-0.4559128107568635	-0.9054160708371207
3.206231089659238	0.6038606685689023
-0.29418168283598084	0.3871172154711533
0.8340404378979085	-1.191199934858663
-0.1289562834159813	0.39684303254297854
-0.42433258714018873	-0.874624865402604
-0.5029238413399643	-0.8656316308415275
-0.4043386609570572	-0.8199697657724139
-0.4038280988178929	-0.6491293209892008
-0.5142708319674109	-0.8965253521929827
-0.4285603488748739	-0.8746358236385874
-0.45864407305956933	-0.8693536278881664
2.418915215144488	7.876363864625228
0.42824241162610055	0.4938556023125174
-0.19889263047747557	-0.23270142853513115
-0.41983124617564793	-0.9182021483417949
-0.4092011210636778	-0.7168997589377766
-0.0633667817513606	0.7426421726203369
-0.1979976643498881	-0.4671008478327566
0.20511298869205838	1.3187158438337847
-0.42300441874709127	-0.331820171431953
0.01154371531064288	2.6224881225882117
0.22119860684385484	3.6845846739501136
-0.45108957234545755	-0.9351369593769433
-0.09664408760940305	1.2596605305066852
0.2460488235556619	1.1880914166618763
8.328344409970304	-1.3306382363070324
-0.16622604174307867	0.24472121389549
-0.36005152243417377	-0.9472398626587275
-0.35600220071268623	-0.6009499710889162
-0.03963607824629019	1.1254454192713872
0.4210102686024167	-0.00244068939275571
-0.31112481514302937	0.13621430370403925
0.4504838503547821	2.6644607508184524
-0.4482695354860987	-0.903427621815273
-0.24031130265681536	0.5739464055014368
-0.5420568786129892	-0.9871409355147136
-0.43617168077554846	-0.4922154129675221
0.1323139215389228	0.5850362432870886
-0.4976685183370774	-0.9303305207910733
-0.2796790021592542	-0.8452543913867734
-0.015779437064024626	-0.04103782572530102
0.9469995611174385	1.898919026872081
-0.553828278093566	-0.9758972409133584
-0.33118898410027	-0.025580770154652765
-0.09882887385063352	0.10783046763625885
-0.4530967861605373	-0.5837998627791575
-0.26849381599769845	-0.7097844917962304
-0.20328724698913467	-0.28976244731118306
-0.42694436511260486	-0.7637809345651496
-0.12382343979825756	0.848401167208656
-0.34044964226524743	-0.31249240404010126
-0.49952289368510444	-0.8683509284407014
-0.3531496397848288	-0.11533459640032791
-0.4607280230283345	-0.6752795778607111
-0.35924277286427203	-0.780356816821647
-0.15283332247622758	-0.016499957722990094
1.7625677763396004	0.1337153611677449
0.25239009564471016	2.181231630292604
-0.4905314084766307	-0.9656065912814664
-0.343873782497367	-0.37526148325081027
-0.4823298529507665	-0.7085725326128707
-0.3833965697286779	-0.5855359394191293
-0.348735904803283	-0.1491632871010331
-0.047670869642032404	1.7012738765056914
-0.2110039507053618	-0.034789032987297935
-0.4262954915945694	-0.49119008988750157
-0.16331011018436314	0.017591307974396325
-0.4377888460428264	-0.7179087393523778
-0.4404924426637833	-0.979763790685536
-0.48614914134897824	-0.9919786396880963
-0.44175262467226706	-0.7785557274055095
-0.4849065928131119	-0.970932060547776
-0.45378048665146753	-0.9613059929697182
-0.48813550971857655	-0.9548625645037021
-0.45756864941233977	-0.7449268707219346
-0.42424427677162996	-0.751970742217848
-0.4777342805343723	-1.0028932379256636
-0.33989160680945574	-0.8008885200680944
-0.25377928991105625	-0.8690814471690625
-0.5295177666786715	-0.9889383418780772
-0.40131527207757617	-0.23914511345507086
-0.5062357161525635	-0.9200936025412738
-0.44362511899955565	-0.8782565985987681
-0.25766616097498535	-0.9164528901158355
-0.43433077474867626	-1.0030954321552696
-0.40497966075793457	-0.7224898322526399
0.5620336374342992	-0.8773152353942256
0.4140905814285689	-0.5945784426135974
-0.2534681977815494	-0.5235430517029548
-0.4264921251224518	-0.300757159569171
-0.1050109974863529	0.39503934783778255
-0.2321776860682846	0.38039347883246155
-0.2769164575097247	-0.7548059135890682
0.13362317189142664	-1.1104325968302442
-0.29789795660498264	0.13091332225443936
-0.3974667359260222	-0.6551091201171403
0.8715214456595571	0.9633920635233129
-0.23848434515564787	-0.7301061789414897
-0.49805336085590546	-0.9916632894651702
-0.5089632367301343	-0.9925790600069999
-0.3703646734908246	-0.21281664622580398
-0.4772323331413086	-0.7101776761308852
-0.4998239944277906	-0.8023125534904912
-0.3459916707109823	-0.40693608633092104
-0.49140245987334963	-0.8992035833660111
-0.5141287074369304	-0.9885535857108021
0.13742385697349685	0.07327008830131765
-0.24582977139155576	-0.40668820993713145
-0.3303951129125107	-0.44304076893427735
0.09282354695519776	1.3325980102583452
-0.18992496475352622	-0.5537911100819946
-0.38972171386040994	-0.8770978578889549
-0.27087133057456114	0.16090157240526937
-0.30523237512473317	0.2944193684217737
-0.1786259066461368	0.01610575443751411
0.266979425391996	-0.2937731512499638
-0.18123799476833036	-0.4985526544875586
-0.5439124271804833	-0.9840712754960849
-0.48759636892395974	-0.7706990096385157
-0.10232850151655531	1.2600396415838542
-0.1070305927080012	1.1983185109560694
-0.07914003979491512	0.16264164793000166
-0.10306763056134582	1.2607572261229478
-0.036262571788851714	0.4871544722787838
-0.4887341754757524	-0.8691595189210513
-0.42939889686620536	-0.7725389906043711
0.03987805144198811	1.0810953921294344
0.16350687896296046	1.9284877803174492
-0.5111947875253184	-0.8962233406966224
-0.4754035487666359	-0.8272749463722012
0.3714512004929139	4.659424370773563
-0.08712864845167137	-0.8385616872442646
-0.20569215168968175	0.40920936475253256
-0.5221434047287068	-0.9257456460388429
-0.3324629818978074	-0.024029093378635423
-0.49389979647077664	-0.8037913714668294
-0.4135253140331625	-0.8196702572366744
0.09214352195193798	1.1714639052894764
-0.2707745393713271	-0.5862337670984659
-0.43621420582666076	-1.016055031888554
-0.26140221367150285	0.799073543133221
0.06842684423283045	1.4651910760608193
-0.12846048092078677	0.14045155337971685
-0.32691780723274366	-0.6925380402320528
-0.6235009105096828	-0.9320690247589831
-0.31276421858032816	-0.8519400587636429
-0.19937895851573811	-0.5172071687794988
0.5011562739913414	0.3819346892838628
-0.4809998963715969	-0.8046091701662045
0.009255384480013715	0.7980637990142619
-0.519232242418647	-0.9559356540088063
0.2995901628098793	2.4905230164590475
-0.5189860804129702	-0.9918516168733834
-0.3963914928628486	-0.7490970894727712
-0.4575671480606949	-0.9363716462626057
0.5199320126626403	1.923058175724421
2.9918992774723425	3.703737566769404
-0.43851167618587095	-0.8132076509898856
0.1773863431693005	-0.38469565972859676
-0.03740850193279124	2.0528212038272686
-0.45783276967176323	-0.9068825615604038
-0.49621099654249445	-1.0010221013545926
-0.48325270436553536	-0.9984342853516734
-0.04135529414494078	-0.05369026852347058
-0.34337174705324475	-0.5077064323109384
-0.22587010714934747	0.2533649014765767
0.07504464552172259	1.9772901491140822
1.5496596974804744	5.301491643964239
-0.3271250408740697	0.2968800384890499
-0.4103032815273338	-0.49361202930956916
-0.3268417713631308	-0.5325321869059714
0.6512649405081533	0.32763730712275485
-0.4025137071489135	-0.5885737061878663
-0.34891751185631836	-0.9751214735877513
-0.11925386021866821	0.4277264207889003
-0.20323970228918026	0.7279823551572525
-0.06386015865710744	0.005956202930015482
-0.2554532513944239	0.6066826475598408
-0.27846578134358047	-0.38519585556404123
0.17527242625021344	1.739396200593275
-0.03156267142643501	1.733838901583452
-0.11596712759057158	0.6211016900160699
-0.526197780741443	-0.925548833934179
-0.04218233838208268	0.035390712558847244
-0.08578377550500313	1.2563703840213363
-0.4943506249788883	-0.9681402551059195
-0.4755897174989434	-0.8505395761810935
0.8689834928660272	2.931090839717063
0.8893444777596747	-1.0309010987784568
-0.048126686432902875	1.1877233776027418
-0.26875466740649245	0.38341295081729704
-0.43025246062227657	-0.9119206873165643
-0.004148923967267139	0.5146786100767204
-0.5206340594794957	-0.8947829059289795
-0.5656777318582678	-0.9415522988901689
-0.42926150079224945	-0.8325763472184566
-0.3851823699454716	-0.5990544100496383
-0.4826453699818708	-0.9866748631120492
-0.4529301148248194	-0.9383605870030561
-0.43234101629752986	-0.9101934111080993
0.20234761134127996	0.1045678403050598
-0.40475233957291445	-0.30223370598823995
-0.12335909171709426	1.838940474295389
-0.39502517324863573	-0.689682546638882
0.2649695031360956	1.2468738333276441
-0.3466871789197989	-0.43662008447343287
0.338174159725967	0.6655524848985586
-0.28889698914498374	-0.3880999792697596
-0.36511181469752835	-0.593540030918969
-0.1826017326093115	-0.4023434364090129
-0.4284459480083818	-0.6538467136719106
0.5702532526942672	-0.09310670743596716
-0.10048426740776775	1.2931485212328917
-0.13287834181893285	0.8795470171870416
-0.47440244020802635	-0.8729277877977336
-0.12721469446855052	-0.8085172283351036
-0.09490691372638115	1.0347155730092448
-0.3662478681605195	-0.858659929305831
-0.15994314024139203	-0.7972791435694955
-0.3663936013385739	-0.9483342940990814
-0.3875741328380062	-0.7792949547141476
-0.04598688200119049	1.4774675351238655
0.2740005401091747	0.043486515856943686
-0.51041531690902	-0.8647192538734343
0.15601251021754864	2.9577772383491707
0.038861343957740976	1.0579071473932307
-0.42698911899954795	-0.9426925898182558
-0.419949808266417	-0.8494333707475621
0.1710358812355481	-0.6593016730188502
-0.032863275947640755	1.8275268866719696
-0.26918113624514123	0.22565947697742827
-0.00433251983570864	0.44440747745113507
0.8614184458918283	5.913088002144785
0.0022565096476341016	0.09398770785960968
-0.3185965282750358	-0.49918079455150277
-0.24453986967482444	0.4437709852565468
-0.47172658786086086	-0.9036164371415806
-0.5130493756619149	-0.897602896562147
-0.5605580683382455	-0.9077941245623792
-0.23522305313378303	0.4138235971251346
0.48744004546374653	-0.8525953945644063
1.1465846830797104	4.154517646063732
-0.46676459868768005	-0.7074981969750792
-0.41632807652881765	-0.7187477993284057
-0.3018833258318634	-0.5615339120219991
-0.451225837589949	-0.9919185148210009
-0.2052860690715575	-0.10339233726161591
-0.4318285830865482	-1.0087021394711253
-0.1618656625568541	-0.7548874011490114
-0.2998304693232152	-0.4496433677582384
-0.23778241015551765	0.18737102013821
-0.4339951376665535	-0.586417446632561
-0.10135215038931789	1.7728180453109432
-0.5315835993462752	-0.9894897798251518
0.038700967858050564	0.019822623508349718
-0.42751463663415273	-0.656779393418331
-0.43409141117076766	-0.7456848474647887
-0.40706782168247235	-0.9114587438272873
-0.5261029819105887	-0.9431500704370638
-0.40627907710305766	-0.8837238213368709
-0.4278734195972675	-0.9115970273695543
-0.3861170535690094	-0.8905424928105685
-0.46212784953961583	-0.8995631606321683
-0.4805871617388592	-0.9957912305436024
-0.38121415299526157	-0.4676504860916018
0.12194652377831186	0.8412688195692352
-0.10524222392560707	0.9083573798418424
0.021256194177468525	-0.6825485319674638
0.06820398781590647	-0.7941539816155194
-0.31697061999581316	0.3266463070974243
-0.4976673343617754	-0.8643097107361469
0.10777319145482252	-1.058894752366423
-0.2651878327062023	-0.45774012675582115
0.0838493704878872	0.05022204269419571
0.2133936431275566	-0.9731973675756901
-0.21645188225020445	0.6657249324220464
-0.2277802846223629	0.4121474568501547
0.6695619346085543	7.342176696393029
-0.4692828954314176	-0.7425719401839047
-0.45779850080503476	-0.6171533327873479
-0.5400960564672863	-0.9884072700408936
-0.3391401035217468	-0.7678264620863587
0.052381910564297474	-0.5710364810371004
-0.06090173601419187	-0.46100091693295986
-0.43486682238415064	-0.7123497613173861
-0.35513103899640996	0.01114388356983668
1.3772190696256406	3.709468606867873
-0.10162931146580662	-0.8904102422471238
0.8104699321527331	5.984022635194439
-0.42353169027287313	-0.8850466462859771
-0.5144791724951912	-0.9577453676137335
-0.06850369520662143	0.5498125934655427
-0.11156992394585936	0.623824178520071
0.08252104610414962	-0.22972107860243288
0.016490242873303033	1.0193792725610207
-0.4594986791564658	-0.8105520803276789
0.11347902106240562	1.0442457635671434
-0.03509531918079294	0.6694604462648904
-0.23106656872949677	0.3167374470375781
0.33460065483265994	2.3580162643600815
-0.4185620252892515	-0.9499043919898337
-0.5332968404169359	-0.956452492808623
-0.09276308113763014	0.6530273995668814
0.6978745533910193	5.23247592027671
-0.4718226095843769	-0.9988992874530039
-0.42278654454938547	-0.6201341440511878
-0.27640558372225227	-0.2596691466843423
-0.5154960798345238	-0.8656260078648941
-0.3836162875953974	-1.0295998568357627
-0.3520419725952451	-0.7865308345830657
0.8526475193146272	0.4428219549120489
0.0507155216845954	1.338503565065201
-0.16874435609647184	0.11456774987359226
0.10901856182370777	2.260015179022428
-0.15129838392429318	1.4273615264040471
1.002447311031607	0.5029531233813056
-0.5435287277292612	-0.9866936226815558
0.01615569670203047	1.4044474985424418
-0.15789528472762746	0.6594149230273739
0.05545087110599427	1.6242515635671748
-0.4169379183483547	-0.9791395427088406
-0.4678692924579128	-0.6151972013457382
-0.17115617431844832	-0.5001936343633072
-0.30657508817118573	-0.12272036625762867
-0.29298478444993825	0.16309347467662075
0.5479487003782741	3.839766844136068
-0.5265893873733749	-0.8818437708954204
-0.31590913002992244	-0.775086354042391
-0.47580180691009993	-0.9684537708396567
-0.0927428653797895	-0.05805191396030512
-0.3164953452129052	-0.08983180933562103
-0.36008742422345064	-0.1489517403594779
1.2410578330060793	1.3932028179605147
-0.17805378485820214	1.1414219497443572
-0.5093305564158184	-0.981672921321189
-0.21688468452188628	0.6348696697782521
-0.43452289037591874	-0.5236515083061029
-0.2663432595955935	-0.19396898809375815
0.8762143908453224	-0.4205755236587988
-0.20732331679621824	0.6651817047679243
-0.23445291002700294	0.34611160154145176
0.005650836357763932	0.9632593510574413
-0.4956869523289914	-0.7977241616563486
-0.012832232580678627	1.9227214408720656
-0.3080021558349066	-0.43973044910209924
-0.49728267055398473	-0.9315096444305415
-0.5524656010615774	-0.9800653221630935
0.2499330321565019	1.0949218336121538
2.620945637299329	0.6543726066130999
-0.48717949618396666	-1.0015591512967637
2.8869768619286442	0.8923024905548543
-0.3221854531984796	-0.05775573194512108
0.19264731792510412	-0.6538082856819533
-0.2894834325859181	-0.47910588750092103
-0.46347064926707837	-0.6790203768574766
-0.12646372082981924	0.8822438350925912
-0.015659777921566136	-0.02232806133593525
-0.29735747343530466	0.06933958643030942
-0.0774506897032506	-0.2830990912534389
0.21369163415597994	3.4315229112582184
-0.5265108800003299	-0.9514882076823971
-0.07833060176701186	-0.09424894980909829
-0.06265659327691941	0.997434959715763
-0.5128740669227836	-0.992760831801711
-0.4607976262310834	-0.768968467641999
-0.40586338282411627	-0.9883682550069323
-0.4761840421650176	-0.9168671781015185
-0.1693474285823192	1.0125014494471256
0.5877830714225885	1.5026817234047876
-0.6579748284554013	-0.8952044834344933
0.10314152325683076	0.523995616699134
0.16987830439984997	2.826760204485626
-0.0872830787076281	1.5445303163471122
0.028831472250551087	0.3440779630834458
-0.24305926829360597	-0.26032400908588665
-0.44718117125454704	-0.9084441273244616
-0.416100622054343	-0.8483204208018968
-0.4808357331047897	-0.7715006825100394
-0.5761220935257679	-0.9442476749639275
-0.37213491296462414	-0.2759675776683759
-0.2710357489699939	-0.6740650954911418
1.2424438363286732	0.7619570173836813
0.05449198697851728	1.6895412539328731
-0.22669083871587387	-0.2964357388923663
-0.35842570967328363	-0.7002963492110565
-0.006719081423965597	1.3442967050501942
-0.3130755647254424	0.03652108338413851
-0.5092173500518703	-0.9636845764373841
-0.04495954873939513	0.6130049371233871
-0.39339025643301984	-0.9877172913269072
1.0979724780711686	1.7644573682598736
-0.10270853109758098	0.6515412539017218
0.22812666867896494	-0.23093730080106273
-0.577213646305948	-0.87063466458582
0.464879207845207	-0.9595886702164196
-0.114627138392657	0.5888235897412183
1.317514968206102	-0.5777826317249174
0.1814933947458298	1.8332084164255724
0.2510889519267155	-0.9731783925095812
0.12964669820264632	1.4913938542327871
0.08548599927251448	0.6598620654650255
0.138230590456002	2.15847074393406
1.0426360985077814	2.5012754492035607
-0.516316815301065	-0.8986873189845378
-0.16615969950035978	0.9163152134704386
0.2966901404450557	0.2463512852598996
-0.31207325585296936	-0.8342680887120547
0.2593672169960562	1.146440248869302
0.7425655921243622	-0.009788673169979193
-0.5494293466949566	-0.9805981794541918
-0.3203587079495099	-0.31663035588698707
0.8633567056759321	0.7176129899431775
-0.5385428163091426	-0.9724779049694894
0.173299433872859	2.4147235755031304
-0.460448571718878	-0.9335168873116404
-0.27073837087233504	0.7047231542872497
-0.3652810599136528	-0.4662101473206094
-0.45916865279041114	-0.7102618427371106
-0.39973234660299284	-0.7652559128722868
0.4037696011308321	-0.12491807714376554
-0.18131755745427883	1.0134613950600468
-0.5268746446674121	-0.891232922982978
-0.29620828396511906	-0.15740360770082967
-0.4848290660225858	-0.7078336469769235
-0.22460122583337858	-0.23476486583954476
-0.17955334191536929	0.37094218879213553
-0.13666204927308082	1.3279159947882955
-0.21890840618222163	-0.8828696659110667
0.0315763944746991	0.22215879441615627
-0.20719399778893058	-0.16847776435380707
-0.34184440235732927	-0.6179552980003725
-0.5515517497593557	-0.9175346900899386
-0.4989141969404625	-0.9650990783400261
-0.4073888821756338	-0.400371542736361
-0.43670328119441587	-0.867737580068621
-0.3337806042385602	-0.18387895124743017
-0.40201568327634624	-0.7195775438981339
-0.2959434738774483	-0.3165360141112469
-0.00920097710811475	1.6328504883326713
1.1216134034725718	2.072669837266288
-0.3032070307216991	0.03724459631422604
-0.4536874525406268	-0.8444954720575697
0.3998412578019971	0.37228395030930567
0.3045143651652671	1.373472351194161
-0.31749773765177053	-0.763041235789075
0.06734829879720436	1.497031793813214
-0.32136783304215044	0.13590451525229388
-0.12419545797944471	0.9102986556716085
-0.24946885316568226	-0.4526670502948427
0.1364814822368341	0.9120176163418988
-0.3077742400747859	0.03816723643964625
-0.22448637645764824	1.1153508393050207
0.44909352766927957	-0.5561265569140204
-0.37299919165806267	-0.2762689032464622
-0.4199702300897016	-0.5593795326264298
-0.4480363313352081	-0.9057276122696867
-0.47661860910766196	-0.8053150869765375
-0.45064342726252093	-0.8092932665038969
-0.3507713160921165	-0.019810314866348485
-0.43003430798281445	-0.5255973379961764
-0.291196109458342	0.2938807165705831
-0.19902200369276418	0.8248983665885318
-0.42788622963834133	-1.0077436777130686
0.10170216526168097	0.9790894818463171
-0.4828924089100622	-0.7639807873623563
-0.380791164996434	-0.5628621151266506
-0.09172636335228913	0.4594541860143793
-0.23198773362284722	-0.3940167921723463
1.6421657489723875	12.47337120305359
-0.2809106546717632	-0.928315606165321
5.551000738832375	1.7929196046513454
-0.48304828714842835	-0.8018917359903113
-0.19341173364035358	0.8572795636806126
-0.3550125535652591	-0.30856349696053276
-0.04949080515355815	-0.15946365346120137
0.20102396368359932	2.6649571967542136
-0.37182794511095363	-0.7606991498277242
-0.1555810445541088	-0.9760932482348949
-0.2670149010297266	-0.0007275775104274574
-0.3778738633923917	-0.9786130376019724
-0.2899437393555861	-0.06012111182676597
-0.479528718788301	-0.6750566116065475
-0.24786258844748957	-0.8223536424633511
-0.4825940009688273	-0.740594365235028
-0.09291955507420241	-0.21394489544482137
-0.24218771660607624	0.25412771990691346
-0.5115740005090852	-0.979901723551472
-0.29357793142419936	-0.8377869028791612
0.3277489630158805	0.9527289516360166
-0.1611228861608334	0.49960199665027927
0.13589295771511806	1.4216691160239912
0.37608352835130093	-0.027307742666119753
-0.4285242679183931	-0.3961423314836795
-0.40809485255077516	-0.9189045089624368
-0.4620433160903156	-0.7441928059055293
-0.45635949434044654	-0.9042228736300515
0.25755173519301977	0.9915302605630225
0.7352482167060825	-1.2504897173189689
-0.38405983876366206	-0.5227875116155887
0.028027259040313918	1.886408669794305
-0.16476130325819877	1.1073423996102645
0.22227868986139224	1.03341595789093
0.22975026409975874	1.2196944946518469
-0.5064515244718125	-0.8953662533600295
-0.2807087202223462	0.4497053088477001
-0.5163140819703028	-0.8613969201947307
-0.33406241845799484	-0.418976829589879
0.4134116014298865	5.038632059989643
-0.48514891359484147	-0.9037795409761532
-0.5148300959126977	-0.9631281612932523
1.0626653594260653	4.992848156631406
-0.2865832880081604	-0.25593182656297825
-0.4305308604309663	-0.5899720776711083
-0.37301406859608366	-0.21064922923964696
-0.253489800929624	0.3829953975562333
-0.3213795266045079	-0.4071715793551945
-0.49486457710718174	-0.7975978940688814
-1.053338152030785	-0.6416170642178031
-0.29296760268470184	-0.058550564154980056
-0.24590394622669087	-0.7114294460943709
-0.19410602791581294	0.5343805032026462
-0.5363125198216356	-0.9477714972408361
0.1596474984147618	1.4513200880409471
-0.4810986819244376	-0.9362470960524162
0.43148921450187255	-0.06492174750896416
-0.34729737411502787	-0.4016967121379116
-0.38680050824761475	-0.8980376111440049
-0.16012791030451176	0.8816888023415774
-0.3852224709022742	-0.4954011556103386
-0.5206973000054995	-0.9868485210917052
0.3023855146456747	-1.1531647870681672
-0.5036029481337801	-0.9998154523745217
-0.41342137264016343	-0.6115265614551771
-0.30061354834156495	-0.8964687285149597
-0.5061605250362369	-0.8987515980169782
-0.4838631592709177	-0.7071659853376138
-0.3240227957136544	0.3918382910284832
0.0033683834480858718	1.2483802912434299
-0.06082060205642383	-0.14814241743012257
0.16868133073753863	3.01900387345508
-0.204188930485862	-0.7250750546352384
-0.5674754952571016	-0.9038363864437632
-0.440318283012791	-0.903236978818266
-0.07291238436589911	0.4922830682084938
-0.3830634679676801	-0.30607016624556854
0.08686722413436095	-0.4123595572207818
-0.4408808601882321	-0.5547287543764023
1.353654788212792	-0.022803697663465752
9.303316125868788	-1.8017537277566036
-0.13744978101537525	1.1370183644584202
-0.4226280244818271	-0.46161705370844147
-0.034570167811242655	1.2508495099431003
-0.4687435592012172	-0.7649070741037615
1.9317368197262526	0.5315280173087998
-0.3117706749891524	-0.9028391195784874
-0.1601408486064697	0.8204710613312408
0.05129063008297685	0.9553184181865535
-0.45026967939508483	-0.42540450343456865
-0.012583792206026083	1.537074162333034
-0.4024949234853807	-0.5181683748797427
21.42194833625839	-1.9126930830846016
-0.5029301059809395	-0.8639628864327165
-0.3893419851647701	-0.9539046795759696
-0.1399867259363977	0.24064958778377513
-0.2687447515380362	-0.9870708214955487
1.4760615634123093	-0.07277936489479717
-0.1841637064217111	1.1740112184336047
-0.49114671289208717	-0.7951399421897004
-0.522582270308	-0.9895670944709352
-0.1885522704286745	0.0196360345882797
0.4648897869404726	1.773391750724236
-0.33195932572601633	-0.08869706438352164
-0.39767020285284954	-0.799647864811907
0.17549856188100946	3.337453693395243
0.532503423036029	1.9481033789619788
-0.4641658678653538	-0.9696698317802391
-0.21915236878040414	-0.3534580408854683
-0.5111985446671196	-0.9279926744540713
-0.3247773659703209	0.3278877507668314
-0.32168370746295966	-0.15266510827605737
0.3928775479699922	1.6817824267829309
0.41405262808032706	0.15499921028076366
-0.32337525845193515	-0.833481238790099
-0.18972537341146126	0.7280569551527275
-0.47003676478555617	-0.8360311825765493
0.312741548768983	-0.8965023626317616
-0.45552123858294313	-0.8428597458503424
1.3480012130477488	0.545973318389179
-0.36363567684167447	0.011953717912315075
-0.19524244004324814	-0.1578922593089603
0.6804152708781304	1.90315102346614
-0.3961628737257437	-0.3022988374818985
-0.2094284029658555	0.18639272691032596
-0.5336951931079136	-0.9341495843575074
0.06851239675604624	1.7231933055010709
-0.06742364662577094	0.8391527004058659
-0.3103552758682748	0.006984499771343421
0.5305306630541818	1.2223897423219086
-0.47003446899295054	-0.8354070986280675
-0.07491752544656591	1.4492809080067799
-0.14635608705747982	0.9787085954874318
-0.33230315967049406	-0.0867701195203442
-0.0849654680099568	-0.05790952850486458
4.319033525402525	1.5759823616836293
-0.42074485504605336	-0.3008624371724906
0.6101435573412793	6.198538882508359
1.5055926238903903	12.202182098915275
0.7850682879822898	-0.7306811547708425
-0.44384449019100797	-0.7800623286884668
-0.3626700788641825	-0.4392769456737803
0.01448846364505326	-0.8143832614463814
-0.11411710601965519	-1.0276499714467384
0.2838902108982733	1.5981445682712705
0.0034532262466102893	0.766944851412608
-0.4416789828601321	-1.0050979156431377
1.7476452669976126	-1.579167424312097
-0.42517919764056467	-0.9433042846877335
-0.4723942032353991	-0.8701187948172283
-0.36846357581087846	-0.9624965389027796
-0.28743809799005354	-0.3188108348633696
0.8625130027279808	1.397269119421925
-0.15078295513192047	-0.07564530032669259
-0.47157703639638926	-0.9055284908166473
-0.3422848061271837	-0.6049523525662654
-0.2808399617686845	0.5782704706414954
-0.26769351401831887	-0.28812487427948563
-0.42719477145791096	-0.5909200701810006
-0.4264727435698545	-0.9371367786191779
0.13591749865048686	0.6533327658130046
-0.5318289035428481	-0.9196570172413989
-0.3693657731705888	-0.8000644845460295
-0.37454743255351497	-0.30675862604020604
-0.3681416133091564	-0.688660100535339
-0.5325745131123699	-0.9161642191429952
0.026072084885504273	0.9849703830610701
-0.4637065403122092	-0.7778897574740483
-0.40643150565092523	-0.7488961819325076
-0.4479329295656053	-0.7116731567505137
-0.3792812644096995	-0.7315475899224311
0.3954511399489944	1.2905491518718866
-0.5063253851464986	-0.9657878646197801
0.2666144261447168	-1.1209170479278825
0.36086252417178477	2.7764699885473534
-0.2945117618463201	-0.06183885682289802
0.7619512090417686	4.260775488033576
-0.03070389841019919	2.307652760012556
0.024014563432027812	0.25753740053209834
-0.4687754515905018	-0.67996821440541
-0.20016150169634966	0.3097360166494644
-0.23771416605693677	-0.06721913637503205
-0.4598032632814689	-0.5200745090555151
0.3169136040458902	0.7284810910975058
-0.24040042817660195	-0.8571636398856264
-0.33254261763601867	-0.5383672043327858
-0.1774367716338749	-0.6252443891703046
-0.08399052024559514	0.07928846821295732
0.21721348935959345	-0.37161542573342776
-0.026333771095101505	0.6069222048364565
-0.20086073915282626	0.34437461320602725
-0.357333931652492	-0.14876998833941443
-0.3218804544210291	0.2647382310596188
-0.3329732954300597	-1.0389036989872416
-0.4686717405075915	-0.9625551010334358
-0.39218788306186547	-0.7856691455769405
-0.3907575638408359	-0.39663847030249544
0.9756691140157274	-0.21641385793170534
-0.060205197234773425	1.0922555286752258
4.93818217294985	-1.755675674295098
0.41568425154255884	-1.0819623175996014
1.0629418988408736	1.6591148312706094
-0.47649797988029524	-0.9977206862845582
0.45082737471837847	2.535599067482387
-0.15110779533108615	-0.9215904529497329
-0.43772415487110466	-0.586742874146889
-0.2782172296457547	0.29070879355537677
0.021759083163470055	1.4355549788594644
-0.05113148363805483	1.0305823301561714
-0.49554620000952776	-0.8673474177418494
-0.5707328842508957	-0.9467678379566495
-0.4154184673719846	-0.6545758336117753
-0.4503560313621369	-0.780392255667548
-0.3401429492276642	-0.7963909508924729
2.1247752099627646	1.9080569475965776
-0.35618501793822344	-0.8279360032756284
-0.036616980133981854	0.5450097265451652
0.30103545750055116	2.877521456827527
-0.25847489569192517	-0.19012919911994258
-0.46126225964400697	-0.8684111451216235
-0.4360706143621687	-1.000593579980106
-0.30633278399719177	0.04477717349921636
0.5382190465643216	-0.8114794823971839
-0.3541848074399496	-0.9358316111356652
0.10332521746367573	2.25914790200606
-0.3299258722783069	0.29606953121434976
-0.407887873848331	-0.884737145673101
-0.3548861012831002	-0.4385242836810864
0.44434037074761906	1.2929828893266215
-0.3854077517305584	-0.4359347521383546
-0.3873650983224703	-0.9492173334562649
-0.32605563024121054	-1.0247873139858603
0.007746691214835419	2.495092048844467
-0.4844824519517004	-0.995508906302698
-0.43212463168831283	-0.8493425226474005
-0.21030125793287394	0.9213361997010039
-0.5118263051009548	-0.9914168015934376
-0.3778146271173124	-0.3671758168340025
-0.3848826142936709	-0.17667672229207024
-0.43906264742350753	-0.8748830829169763
-0.2320251982827202	0.25163303288238803
0.2514861499810547	1.9559336711951874
-0.3366934256924946	-0.5955143793228532
-0.4096951892917082	-0.5888753546108044
-0.5263380653288834	-0.9273856056284834
-0.4398459692067216	-0.7834893114165653
-0.35966477845245	-0.3093509124615465
-0.4964872630575416	-0.897333019085669
-0.41211740783523537	-0.8762237932756063
0.12841521226941502	1.5524772789040384
-0.24085428090567312	0.5410421496825136
-0.4677389073766221	-0.6791961708688747
-0.2484648539380067	0.25285895524682145
-0.4737127464288933	-0.9631871198258122
-0.4126576569475347	-0.7595270846292304
-0.3637317799350844	-0.39468519478900027
0.9787360200969526	4.13736343388065
-0.3776872060259117	-0.20971700233619278
-0.31925455097405875	0.22977114517059385
-0.5294359955831079	-0.9200149802155076
-0.3795203259419006	-0.533033314227569
-0.20505937121833978	-0.04164484747604811
-0.272614282555719	-0.8959042831482668
-0.23395800285290072	0.25198189997903636
-0.35854027832404345	-0.4377214429289877
-0.4800023642135627	-0.8680589299873629
-0.51855196826186	-0.8953539808800042
0.11156444170580766	0.06828800068756816
-0.29336919715272863	-0.09230929020446893
-0.42549853903572055	-0.6887396117658477
-0.25506832497772275	0.7346622754440403
0.008574285431445595	-0.8117813894871477
-0.22079009488122384	0.09172297969652923
0.11099868224578543	-0.8883055850573015
-0.3194647910255509	-0.08796830249665409
-0.20778834821026118	-0.5209950262428
0.09581994757366753	1.52195804088697
0.4788273703139651	-0.3356592692670513
-0.35019959199624895	-0.373509462946275
-0.5354058513177073	-0.9842568669905535
-0.5300324997892805	-0.988008115555406
-0.4184731840838823	-0.5927491073995619
-0.2229242865794876	0.8272606286057465
0.05063789164838216	2.234423418316977
-0.048708051679394876	-0.9336081658069826
-0.4296366071537001	-0.9327474066379882
-0.1074644955566749	0.9762484772021973
4.68084694664832	2.9151981607552906
-0.242896897925366	0.6696791523976326
-0.047919083313333104	1.219768480852593
0.3370495735033668	2.5554987439483257
-0.44154609214428425	-0.6512969160591705
-0.3245096530006356	-0.1209257289939093
0.7380781368700983	1.7542108108352865
-0.3562356185832816	-0.7876596583737046
-0.43556139857263987	-0.7746499734598653
-0.5118224595018754	-0.9074639457301196
-0.386613579863587	-0.6562878894545362
0.042882112801257026	1.498378035517144
-0.5144481557911227	-0.8745805344734289
0.4321984546038151	-0.2560355227944171
0.1348069688872568	1.4566513233670122
-0.13619805390001663	1.2637685568696602
-0.4610910311129574	-0.7447471244679555
-0.43364169333614616	-0.8675989473500347
-0.4551480671275791	-0.9143652647684453
-0.37556000555286534	-0.9219585136073837
-0.3417708786378947	-0.2792161654997944
-0.44725522412671914	-0.9355625303943133
-0.5207781449262735	-0.9120390163862332
-0.45726345910330074	-0.9242982292513171
0.17513178532097112	3.4990237162279367
-0.3932481530700084	-0.7854737421964629
2.0770279482476326	-0.8882101563614857
-0.42756562890068694	-0.7838993411725567
0.8539943358942919	1.2723456787350533
-0.46910823097823934	-0.6797947915232445
-0.21670968703846563	-0.6350334402550842
-0.012539129678135377	0.5775782183911508
-0.5143397277929318	-0.9522290960679014
0.45001440835855205	0.20678235760263947
0.2674269830577252	2.4005788319557926
-0.02314321538792986	0.8988978606566942
0.511253597469362	3.362278507863596
-0.10823394670963418	1.8049612556967163
-0.20997479832579824	0.600999263922886
-0.4362277593487986	-0.5750881241282613
1.510872666449703	-0.36656538536720373
-0.271317612158197	0.6411137262179687
-0.19665660801565968	-0.6189680570879209
-0.424001116340024	-0.9151762374070301
-0.22419211415067453	-0.7806427384495154
-0.04589867017654202	1.5417985375669627
-0.33471407715312695	-1.0416207667559088
-0.544835984315217	-0.9497650988321001
-0.22196357387092747	1.0192021591957128
-0.4179748967521191	-0.8109304875867839
-0.18102066627610905	0.5328796258891029
-0.37562719929636945	-0.24121901023059295
-0.5091546504229663	-0.9545568912579074
-0.3788693093462831	-0.20944355828373112
-0.4726774645510606	-0.5824819003265331
-0.5010645120925019	-0.8964151885227579
0.12654901952925865	-0.048690348433092716
-0.2710278119594995	-0.24799239922764155
-0.5009331562363062	-0.8328445788345801
-0.3846642168156012	-0.5611965757487452
-0.443069807788626	-0.7740178709671988
-0.4560403107374551	-0.9096616459667728
-0.25168980610146896	0.19073603022292757
-0.41660666380254724	-0.493578540209244
-0.49890950727421807	-0.7715226926513227
10.41735722966391	1.8023830877605034
2.7836767150366284	12.433071078465453
-0.18022085696526577	0.3514657167902993
-0.48000006682253576	-0.9297070733391655
-0.19614583781576989	-0.5287386102159769
0.1176587525672147	1.871128808929783
-0.18061000873374444	-0.856950205086962
-0.469383806046957	-0.873547695127432
0.13296261218566327	1.8733118240606805
-0.07577373436852493	0.26283036267780374
-0.013703536859261428	1.5691593166532416
-0.4278124857937409	-0.5265903350312482
-0.45582282135101854	-0.6171855275478416
-0.5132035984571081	-0.895320731118431
-0.2937875284896418	-1.0572161298604728
-0.04740258220901236	-1.0517367232993091
-0.5077591879857463	-0.8986274682384459
0.00603678047843088	0.1939837477132534
-0.05304896308352704	-0.9419373703306517
-0.38384846491630803	-0.8502284146214456
-0.3078718700138382	-0.47634809868809674
-0.22136768559010392	0.12200848847315542
0.08226695912709406	-0.13793459015006077
-0.11637000820597279	-0.7368467636180511
1.2267334695180594	-0.5140996588711259
0.38258686116491275	1.2020275209322782
0.22024590732808938	3.237812041679033
-0.42451424660481485	-0.8474687472075085
-0.33077519514899684	0.13947090876858492
0.18180079563778198	-0.03364665399392103
-0.5001712564872153	-0.7956410672692847
-0.35150657607965324	-0.4388197401796018
-0.481740375959084	-0.9960365205083521
0.12822325980497765	1.6458349229122595
-0.5876591855025233	-0.939626988187282
1.1640176894208565	0.22574588249164096
-0.4141944234289358	-0.8758276745653005
-0.5666415946457395	-0.9711006752396866
0.35683872813209105	2.2614243517463426
0.8473163211719102	-0.8002269425232059
-0.24475960540470537	-0.7157598483071861
-0.3746213619705542	-0.6308746272689649
0.3683087696088526	1.9092814871583483
1.2167288155646458	9.837787823626714
-0.4957946866629476	-0.8186873160905971
-0.4060258221277558	-0.7850187618345238
0.2346786432822971	-0.23448562541332732
-0.5219685745624282	-0.9497568843310769
-0.45692708822582256	-0.8574923450162552
-0.0762601653747243	0.04462951707242502
-0.34709687269860673	0.16949829529383637
0.2810683615234417	-1.2090670832402794
-0.289320462521794	-0.8865953429458903
-0.25669702563261193	0.09443824928387663
0.429065996307876	-0.1716864867015836
0.5590288676682045	-0.08243995224080185
-0.5240732812406292	-0.982223638955798
1.3375793352682117	1.6760048251098616
-0.44590640604620546	-0.4889041213294902
0.4262620114653256	-0.05741550718461423
-0.1796240819002335	-0.7638126564189425
-0.020550622617711987	1.1526776186868717
-0.4054546605768823	-0.7183339391575255
-0.5223445582297167	-0.9256818609854525
-0.43663042740756974	-0.7125443416041545
-0.23615548887808274	-0.5228940247801553
-0.4769797983716624	-0.6704746491574594
-0.4200656263978787	-0.7192038437610662
0.3749161009579539	-0.41917880480242936
-0.48679956259140594	-0.9967481767862348
-0.4460458833964789	-0.9078850255345354
-0.4754158328494842	-1.005225143994187
-0.46183839210301003	-0.7390994239744569
-0.07006588337582112	-0.0005624590819883375
0.5483718201865182	1.917700714232975
3.7817256435102315	0.000964080233086277
-0.2746173860944694	-0.2601840185483807
-0.15746314406928222	1.2680324016781153
-0.331157303469256	-0.6000085066897177
-0.2616757123838589	-0.31535409538782755
-0.4739327519018228	-0.7602278798579769
-0.20697018910332976	-0.5801967297753539
-0.45436903820150176	-0.8046764179148743
1.9577708489419081	0.19337529450495192
0.008627089288394315	-0.6553401524561174
0.44523693807480524	3.1773734665618734
-0.2583761960934883	0.7034021170459008
0.3738731811564928	0.15095548139609682
-0.4476957833441101	-0.777457203678397
-0.20783225950586973	0.5701399328901401
-0.06342603107873582	0.5839608559060443
-0.24854417018582486	-0.8169122656143147
0.052781709001799335	1.655870894522366
-0.08661232522367518	1.0660074296178492
-0.181664769114089	0.7288942096483527
-0.10152501212656463	-0.12272248297435928
-0.32634869711106285	-0.3459663137687679
0.8417996709056138	-1.202251840995554
0.4274691697997233	4.875901723750587
-0.16050768774176505	-0.5964870663561536
-0.0963146148402723	0.2676238802967126
0.21718786265661175	2.4053767870419924
-0.5193496814662771	-0.8942293869641078
-0.4777009637866605	-0.9163707755621997
0.5524855642336617	3.710840467333597
-0.15406467686977166	-0.8339841165011588
-0.2775240102515791	-0.45484203592761224
-0.25754419384133004	0.01387164383293535
-0.3475296354601063	0.17041466224078267
-0.48444807666564355	-0.7102033080192696
0.3741331886006325	1.7072290455944916
0.6483751693813806	1.415081455646805
-0.1912876931297466	1.079845885805182
-0.25778695804274177	-0.5473528941380346
0.6200270583909521	-1.179209414127563
-0.33670501527077346	-1.0052302551606096
0.8945631524730935	5.841973584370747
-0.24077356721262616	-0.18768237667353577
-0.4697489435189035	-0.8980449179682748
-0.41686043189153105	-0.849538063365382
-0.3716860423433988	-0.4683685373902785
3.1044515705807427	1.6311357485107227
0.2656067511051988	-0.8982324466816775
0.14802289678826483	-0.0840211747532086
-0.4198237945225129	-0.7179521258204316
-0.5275771354103147	-0.9568115768679385
-0.10058788314170825	0.5270725289819957
-0.48749624827488547	-0.7980634068365607
-0.2143659480354297	-0.6815353953421868
1.8037496834817899	-0.9103152430345023
-0.5026718048108382	-0.9329384628538654
0.5629820127793751	-0.6953967698083227
0.305366562459822	-1.1679385346928035
-0.22123275666011616	0.954547192717424
0.0564191196684906	0.8900008917116237
-0.33364208905021264	-1.0454851936682756
0.5250783311559754	-0.8895435057644566
-0.5034807260018649	-0.8661400692074072
0.6427971439363537	3.9212851343324355
-0.07635574811703941	1.1899332442707422
-0.4748567271526737	-0.938373180431165
-0.4961034714294896	-0.9265485681862909
-0.27526732953638167	-0.759095601987205
0.18418400380875016	1.606207877451262
-0.5071025143817057	-0.8978101835322126
-0.28006115815538873	-0.44141438163821634
2.0267969745327385	1.6650363432141138
-0.3112054272329926	0.2295887482939831
-0.535002618084863	-0.9444163634617613
-0.21653995862049968	-0.7173015241455934
-0.36888603717849705	-0.4971018015301223
-0.11970399166867136	0.33366236711628144
0.9364865533526152	1.208978352035321
-0.24994256437748344	0.12779657518947782
-0.018117005959584053	1.6347457950505073
0.006372581061384372	0.7322859604180466
-0.12923924902595899	0.7521438956649541
-0.5488649013934045	-0.970885806151541
0.48252810646719574	-0.7974745181491854
-0.17059810523824073	-0.04713299546883407
0.472558408120817	-0.4306516239190545
-0.40730678616900307	-0.42602447660719844
2.948915387679682	2.9548589901616116
0.5665315462417787	0.02915456820148451
0.29315017586735254	3.80452279533533
-0.2764682294601614	-0.1254897343370972
-0.44102813902345295	-0.848387322022356
0.02087151873561956	1.1158110672506782
-0.35868614627553563	-0.5646292611786082
2.4560085934106852	0.23895425589394026
-0.22981831388776158	0.6058607835030787
-0.3643310405696875	-0.30715982793351876
-0.06391612983865395	-0.46942463684969116
-0.3163648895310086	-0.5952953328420569
-0.1967841407063489	-0.979864014950162
-0.24587208761144255	0.7024407683667689
-0.5181857298529463	-0.8608021127114036
-0.3537373961362849	-0.3423130503292263
0.1375619702934373	2.5761965125384667
1.5293437537088082	0.8563563106861033
-0.5239825104156803	-0.9589752345156239
0.3511885573274803	0.5748395667676296
2.4804458799347655	1.7693813481791592
-0.12858904005901842	-0.9722318423644829
-0.27418651457822285	0.7056407382375911
-0.10686116273784384	-0.9240783758040048
0.07252273052874918	-1.0500368375487543
-0.4472036914422778	-0.8070141585800594
-0.497521065236527	-0.9222981446570943
0.6063231061015089	3.5149457308249508
0.6981429095011741	-0.21413536694415114
-0.43845711781970326	-0.8795201581159918
-0.501236639886026	-0.8350470904336174
-0.08609945791731442	1.5475171795131832
0.8207273796265517	2.24427484111218
-0.5003310803594732	-0.9258533735695842
-0.040160162431850534	1.6055734740791159
-0.3002551150220326	0.22793775919808473
0.45535967347058925	1.227920354991961
-0.5312699772442524	-0.9524012683331627
-0.23742642026491165	-0.8202686053480042
-0.3394586419568522	-0.965128072593826
-0.4103777202663051	-0.6219042458299374
0.20730664293234471	1.6378434949686305
-0.23287819908973958	0.1908643350916268
0.38473827958252893	5.104444891136093
0.652489715573837	4.244337920589006
-0.08644402486620135	1.611233224948049
0.3816192794098206	-1.0535964380228835
-0.19449691398807725	1.3673916179222059
-0.5115502483390066	-0.9234929124979759
0.04429915481987429	1.5293964027138867
-0.3852398144138424	-0.4050060979073946
-0.4626901749963479	-0.6485923258236327
-0.5106463118039593	-0.9301483877639538
-0.472411804415752	-0.8300210003696328
4.948457705601873	0.6323068208372588
-0.15449527033962468	1.458649992317009
-0.3563233742308266	-0.9993358978090991
-0.40787551600675515	-0.7197553326386775
-0.546459242724439	-0.949574144637169
-0.12336032209071657	0.8150714844858893
-0.2847491638248183	-0.7748070306295657
-0.27293537304019666	-0.2971168376990283
-0.28428160794491475	-0.38918101065233346
-0.2194723643568309	0.7942009686057211
-0.2994880506769864	-0.058138208536350405
-0.4900176552536758	-0.9888257346173054
0.7022980535342398	-0.039458850975321924
0.07376949940061714	-0.6665263413163983
0.05164745081475156	1.3718729374329497
0.3483709103846852	1.4395860313198174
12.712278475148533	-0.22420086705810627
-0.3963950867505032	-0.9466832689258833
-0.13479115013877177	1.5843275509713215
-0.5334566522788807	-0.9893122006186751
-0.026798961866753603	0.22567525703178426
-0.4672471901738443	-0.7733832575766092
-0.4057175374178247	-0.5249539761579859
-0.3658853853553975	-0.7886854024173492
-0.4554731601864772	-0.6482635914472026
-0.36030782853626736	-0.18077346736976946
-0.30959516615644195	0.07051931034010568
-0.14001352326954797	-1.0724044780924762
0.5482490900085317	2.3084143888394912
-0.4668414703922057	-0.9320956270820029
1.3497399991366081	11.068373609928088
0.13818435214738628	-1.0221414135965983
-0.4058743240596965	-0.8632639194654624
-0.12219135030311003	-0.8333498293284691
-0.310416016028448	0.06840063572881876
-0.005867815740331686	1.9862518896601264
0.005689919168749945	1.5679444079960385
0.7068609989632335	1.1947179054694796
-0.4033613229392642	-0.7895104640078123
-0.4941108723782716	-0.9972775367240847
-0.4787468366575019	-0.8681378981348429
-0.5856346702233939	-0.9589440659422173
-0.2644459883945424	-0.09832906859196143
3.4250692225981316	2.5019470194232576
0.029886756001480975	0.7364619292680387
0.10985987573533301	0.8826039414489177
-0.3258134143638301	-0.377052988836496
-0.49762380870311285	-0.9651367001285278
0.2848090998671778	2.04468875955879
0.09466653759254748	0.012362791104500299
0.11069677871137676	-0.9222252431090882
-0.17154816793312605	0.8523795069693633
0.0423461996445219	0.8541981303075492
-0.40817761878618813	-0.3654491413406269
-0.23768785903963335	-0.23159025507159264
-0.4458439990815954	-0.9860178181318875
-0.42590940503839103	-0.807463104756836
0.1939239286339271	2.3134704084391537
-0.4118520760004521	-0.6858816440581028
2.0745098096184473	-0.7886007657314802
0.5556470930204502	2.4915268016087544
0.228198187792464	-1.0653953651002095
-0.36636858870411354	0.0764187658790852
-0.27314896600744404	-0.9170570255426244
0.020906909055233354	0.6497461812947876
-0.3714178976902252	-0.5975606744121527
-0.4221077116432052	-0.9460483814764097
-0.4273910862731234	-0.3960143361233275
-0.25761789497635884	0.2855682334558904
4.983678075067884	3.3586645539975737
0.5454227350647982	5.8225100058566275
0.07054221767782373	-0.485819493948767
-0.46852540934585324	-0.6456943346665479
-0.4675607186559943	-0.8715701082798993
-0.28438527208091485	0.2913165446246329
0.571644283367349	3.167373283071235
0.07978576507919068	1.814081079306147
-0.4658113213795317	-0.7752749582068422
3.6800453202894796	0.4324488062710572
0.25719879856886124	0.8368082246000269
0.6019847657262246	1.3319559883375474
0.1864374929160964	-0.004314497628883928
0.0936733309754705	0.7580977716586043
0.15261184136611075	-0.1866766284783457
1.2254065366666913	0.8146791583814209
-0.38857112724526216	-0.5318919974696322
0.016998479937760075	1.918159486539267
-0.5052674640287107	-0.9885136927318717
0.5842144832578772	0.37433751393476106
-0.062012354234851096	1.191088035590821
-0.3427180416975885	-0.2117737822198496
0.6117683540128337	0.6068513371240106
-0.09838624416571076	-0.21928626241484733
-0.27454112131858965	-1.040414079714529
-0.30279007598211305	-0.8804510590302085
0.009374544700613966	0.7656563768504827
-0.10119998223861254	0.7163604134181029
-0.3856626852572033	-0.5599406683333541
-0.41468677668601733	-0.6503487825812136
0.25987216738317265	-1.1499888081510818
-0.4577668544914781	-0.6171776425817833
-0.5071707104847445	-0.8668453862305014
-0.2406467799131105	-0.9079535965475938
0.16710096722515316	1.0609176706720727
0.2523234286480792	2.2092471271874015
0.8089069526056243	-1.15757722732767
-0.4058444879928696	-0.5513288743815214
-0.25133895926122807	-0.6450375647072093
-0.44151514820477866	-0.9616574356512962
-0.18235599069592662	0.9853283928805775
-0.4164015859884627	-0.6799427816716327
-0.47053945272431863	-0.8659903273349022
-0.14851761161782775	0.7851678144713311
-0.028132494132748716	-0.8393489817721336
1.713603983414079	3.3242197400160434
-0.030482259829562444	1.8924652632892236
-0.32367359902496545	0.07360633895034277
-0.49574040878392167	-0.9627321007456113
-0.3937415940227127	-0.3345966353662121
-0.04336624111141092	-1.0298182316534956
-0.43989516899951964	-0.6380137242647976
-0.08998342121694293	0.9383241918974788
-0.49047713341666976	-0.799905266223661
-0.36715762220029674	-0.3049150445546118
-0.4679802516168673	-0.9695738914597679
-0.502417634027139	-0.9289927966190006
-0.40841316252409227	-0.9782250532483299
0.8554343739826443	0.19649401745810166
-0.46638382015419405	-0.941701310940339
-0.42354272558089895	-0.4592639160552836
-0.2923191923251221	-0.12347863172685579
-0.28977749342825804	0.06530174557916489
-0.4074470707005865	-0.9671331080357358
-0.5023904258978723	-0.9923641149854532
-0.05074988689637669	0.5173596509447287
0.2985374274316067	-0.5002171023423085
-0.24652308106264745	-0.2909710635024668
-0.4399357562388675	-0.6187637236879905
-0.5112103799472819	-0.8979396947640562
0.3170618709962304	2.5266276508527183
-0.4877269537779566	-0.8635570772090015
-0.08646485570567906	-0.5546537779274834
-0.43790922365612095	-0.8085544394274912
-0.4473909462393811	-0.8059359181112135
0.02341964509207602	1.658885374162218
-0.48266325936942295	-0.7399320985467729
-0.3907026674916177	-0.6821413191485277
-0.4892507974480477	-0.7527903954865124
-0.18611525598641723	0.6297918116743437
-0.42779265705514846	-0.3638721246867348
-0.28715038712000146	0.6108742903132693
-0.31414607748781476	0.07054645703908699
-0.43252931629286107	-0.6754190405308023
1.1201566349467307	2.672300251465956
-0.38998102272570506	-0.04872208407358406
-0.49971529650481195	-0.9642777251473037
0.03116645997434274	2.204248786993728
-0.1695286636997222	-0.6311917376977574
-0.35955873410153766	-0.7325971094499709
-0.19123915273569952	-0.32605904516619705
-0.5336249366912842	-0.9707612307741741
-0.46494156041386675	-0.8357132124731322
-0.22736491696331187	-0.5878358135970666
-0.41494425895316206	-0.5218328241539792
-0.4077551003769841	-0.590156981829223
-0.41486855329391276	-0.7469799840464253
-0.4863962389700773	-0.9930808445088625
-0.12286611143750266	0.5905261473971019
-0.3949127554886859	-0.5589955782567225
-0.47115139171632214	-0.7767881514010009
0.4106423025098183	-0.42828800076959705
-0.2896972469113061	0.6433297046214003
-0.44558810569681173	-0.9558387193788549
-0.4107376245784287	-0.2700984709025514
-0.2265110615809073	0.8584570609372578
-0.23808228837551726	0.02713873471547287
-0.38605821532686374	-0.6547554402084701
2.756148797732324	-0.39467225794611677
0.7294462572363662	4.170830963259398
-0.3284920107141313	-0.8552120637079129
-0.4108800657664382	-0.9718039083785595
0.9161377984102568	1.7817493778158684
-0.29591366075529185	-0.9008147011681876
-0.5122016217080152	-0.8969233382919548
-0.4337840702565302	-0.488859379120139
-0.472678237140907	-0.8074609122038718
0.30163802547628665	2.264396137946517
-0.4663255571785739	-0.582950021576566
-0.3007930404199684	-0.02890777954367381
-0.06411823883613484	-0.8478093174131707
-0.38703657699925337	-0.7188265222083826
-0.4684921115963105	-0.7097902461051376
-0.3607840701205294	-0.6292034526295787
0.06214435522777087	1.2451074560707343
-0.4024528709630506	-0.9537723750401075
-0.3702162594711325	-0.7254655644554582
0.46074727000215404	-0.02526953539823791
-0.4471070103394031	-0.8063104798292874
-0.22558505535244408	-0.4547969274417829
0.0005593007980304553	2.559346611315999
-0.26194035512273006	0.2243704237116075
-0.48443635837264565	-0.7059008573488018
-0.07300540663373278	-0.22082562712436551
-0.3434189372882868	-0.6325878742217191
-0.5110330870237029	-0.8437478058087174
-0.44346347351825566	-0.7826137385550757
1.4091926361531293	1.7943865660542777
-0.4394952431909939	-0.8724878248220701
-0.37027121227043913	-0.8596748440935275
3.0248154021626763	3.443201145857363
-0.530157167886898	-0.987218931869455
-0.46929955613677243	-1.0050104973537062
-0.0023375507089891563	2.432667177483269
-0.200225531064581	-0.1717975470503898
-0.23054819605341592	-0.5267014784051959
-0.38644398389055123	-0.40510874166549754
-0.48265368199868014	-0.8575518177315132
0.4409174133694167	4.394805774759397
0.09727062965057141	1.812644664503586
-0.4156609512009334	-1.0086468852978245
-0.07438939601427363	-0.20000246948272415
-0.32686235078277226	-0.24970766098466807
-0.2905001657824557	-0.7390254647940145
0.6361670810700824	1.9385820384706685
-0.5066080524812239	-0.8634541046423908
-0.48268472849334315	-0.6773062422025482
-0.3058464686860688	-0.28668355534454176
-0.35462679956075466	-0.6943866796517028
-0.37451947075504055	-0.949949509933449
-0.5382285186365167	-0.9817239873965389
-0.012651088431937041	-0.788422148984288
-0.32301610056554686	-0.7734454838433382
-0.2722760738781062	0.12613952820789004
-0.28208358814609485	-0.5989357762305091
-0.13373603384960778	0.36545741328588255
-0.3474696742816446	-0.30114210589918233
-0.5262205260346031	-0.9379363653293507
0.7656174937574188	1.2108020840197358
-0.5032987844501136	-0.7710212920919924
-0.5052846599481885	-0.8996592004739009
-0.09595108535554732	1.1639413182355138
-0.3758008246028196	-0.08140735675994026
0.1709177275377902	0.23919444621638913
1.339577390433151	0.245019554022339
-0.46262056839788435	-0.936629861313674
-0.39020789607770706	-0.6239343559752017
0.16423620316283774	0.1723315434050019
3.4287848795955487	0.06948811645559065
0.09651472653226979	0.782200528107041
0.6496078246096882	2.80195510528264
1.1908982927409755	4.014648980987448
-0.3873192600794812	-0.5583596361717328
0.3807507496916425	-0.611143180380492
-0.4909441068117265	-0.8402876207313846
-0.16682948615360307	0.014967559306754693
-0.2692840098936832	-0.6355660501676115
-0.26819388712176523	-0.8692697366644294
-0.3959023034398502	-0.3646787194479866
-0.48035935491617643	-0.9991512048513449
-0.014106695003123542	1.6661978296085964
-0.08893172782192282	-0.9119825043890533
0.4402034190850783	4.6507752155189355
-0.40116145944979936	-0.6190807668758919
-0.42171511242949866	-0.9780664974425325
0.30045613143981037	-0.39938158253931216
0.34062588069249755	2.9039294798469713
-0.4672576135270739	-0.8261762257816706
-0.4371947398371656	-0.9429385635638591
-0.46491788970226866	-0.647353638738843
-0.09723522146875486	0.9058609811568784
-0.17630183036920677	0.6614738175921092
-0.4522546487450271	-0.7419279585953273
-0.5369843277794408	-0.9248984320125316
0.1461874626630531	1.8397874970242272
0.01567472884647331	0.7641498554502737
0.1214227125033606	-0.47479083482687984
-0.16396375092360563	1.587555785231339
0.342423326763183	-0.9697217723426106
-0.014950182740092365	1.3445872604468978
-0.3411317147208418	-0.8306539283322302
0.4734225474957258	-0.9804662925653416
0.2195101536751263	-0.36605949750062217
0.022073840825529042	1.4047867890169896
-0.36763615329719257	-0.4361883978632406
0.49269327771721527	3.2353080502090505
-0.05269268604759366	1.511627752545738
-0.42539292722671007	-0.7258944670725551
-0.2762399860814512	0.09460676327027875
-0.2686752596317414	-0.28721846562981046
0.011373948565455889	1.0515387875392008
-0.021701025432718648	1.5064678900202708
0.15330772341587728	2.6353996682496987
0.19447363879918073	1.895290725295736
-0.2484544010518104	-0.16338400014663848
-0.4803952549587213	-0.8248320891003589
-0.09543423065513361	-0.1178059247955278
-0.45122779686458175	-0.5539029912612035
-0.3526519678868265	-0.9619624634043735
-0.3214130948645009	-0.8997722888674101
0.8018968494012932	-0.38095339478455803
-0.5016871970452658	-0.8022911150469972
-0.44559262481268963	-0.77622958536002
-0.21939433145832313	0.4133123871780896
-0.5341895138546613	-0.9908227689421559
-0.4140318931749107	-0.6221760330864863
-0.4959092489560607	-0.8016743192171815
-0.4752431618993792	-0.9972552431433146
-0.46013056184707074	-0.7474693542006278
-0.2517194727349705	0.38220650101330433
-0.0025317446349464342	1.9846862514364358
-0.3837639944021153	-0.860278901405018
7.7458966903811115	-0.9479238375370146
0.3147282126182518	-1.0391241402698326
-0.39427846963641955	-0.6578432187131518
-0.32536050334520666	0.038818399714574195
-0.04361350971063482	2.0857459926107538
-0.22923519403735293	0.44478587548387927
-0.4608548868530127	-0.7735961029771137
0.006289993470333359	0.6049681928577463
-0.2784351619722804	0.32158768700324086
0.05210263678296951	0.11726595543420192
1.098556183447666	5.279611758740224
-0.475478751966615	-0.8725273338072924
-0.4988096985522323	-0.9637026393100948
-0.2097226353372306	0.7610132858030306
0.02412236540071302	-0.25945681102732515
0.6508955088340906	2.4151395723350886
-0.2633421107012646	-0.19335636245763554
0.26463166810546335	2.622263967588737
-0.2826203637026086	0.031495879157002804
-0.3866075500859022	-0.626844182469221
4.0549025234278515	1.046707956448829
1.6610883063616588	0.8747103769745146
-0.4035032754162649	-0.7547501843773775
-0.40820590133920326	-0.8660624669272219
-0.09052695979224043	0.7141346823769066
-0.2710483459340995	0.2896628793427746
-0.4263203314659126	-0.7849723268953337
-0.08778942715117408	0.4240999940471735
0.09580986590400785	2.741399223110566
-0.5647298366034877	-0.8865953833278553
-0.27067991136996605	-0.5142351069999891
-0.0794212629754368	1.5766689336579132
-0.2755490148779787	0.2572817965884283
-0.43858524476355537	-0.8820104052678358
0.10080660351854034	0.08324029615369696
-0.40931110276110727	-1.0161172018187767
-0.32746476195897506	-0.4690091491942484
-0.4265185051195327	-0.9856047921058056
0.9084767968480226	-0.5842276136694063
-0.09111575029008186	1.031499072432913
0.37198215129964846	2.6132787264914175
-0.26916559826911235	0.19359839598900067
-0.3661305137077123	-0.43926476303206435
-0.4918036326887127	-0.7716496385029411
-0.19694299914159796	0.3732731962661234
-0.431977623016219	-0.5896634743570082
-0.021941775157147167	-0.9363569898854748
-0.3289818241753541	-0.5061550491374832
0.1634743132002232	2.1895503958569202
-0.2834088329255028	-0.8023782134341112
-0.3212996382684681	-0.4098379749441462
-0.41219578053346245	-0.8823482186520777
0.2762043179027156	3.292544551146269
-0.33938145322716184	-0.5382675937838733
-0.289763503557953	-0.9436660498935561
-0.33600137503860045	0.10554842220467549
-0.3465692327951851	-0.37117040331703505
0.3472049052860502	-0.01616120318370192
0.6044532563104572	1.941461459804583
0.3036382865506186	0.7957617701525574
-0.35436558042768	-0.372131132409405
0.26780874812326383	1.438312946665143
-0.494801918850147	-0.9430636762719175
-0.435916230674178	-0.7516358058210312
-0.452179304034167	-0.8713897210873733
0.8967926560261986	-0.6025072665366936
-0.2777000696011554	-0.37271101113881216
-0.4958477817768421	-1.0006187694262059
-0.43429861669212233	-0.8033868537407007
-0.39869991380265446	-0.30357504932364204
-0.42089079587700473	-0.7823175353381854
-0.3771537595050041	-0.3049354056756617
-0.13294723306011352	0.1424278479846882
-0.36880379555180903	-0.8641071685037478
0.759246619875836	0.47987671365443424
0.24869293701549297	3.5528474332878868
-0.1331103448121445	0.6852420404238049
-0.11095270013464836	0.5266706947314934
0.2206097114635027	-0.5708434462685603
-0.3163484339901907	-0.7031163497308899
-0.4022259812029205	-0.9491377860756732
-0.3695554627817383	-0.8238838695991172
0.4523120020150409	-0.6215761910118662
-0.23486261556080773	0.0057889985307033286
-0.48006312343037905	-0.8925742497701615
0.10105154283063161	2.0025828581222087
-0.051903609455444644	-0.448269579205632
0.3083161237362211	-0.653237265368426
-0.4117292897505909	-0.8094047408025303
-0.46491764862205925	-0.8796659578637006
-0.3050032494725013	0.10151515839936459
6.817782788200753	-1.1081532347453835
-0.11786786042957506	0.23504900958227115
-0.40808720681061933	-0.9843308102550281
-0.22008179873127137	0.37871654069880106
-0.4435417896095752	-0.838214952158042
-0.3044613140691091	0.2606351580053237
-0.3360166500757984	-0.791563666463604
-0.3893046113654212	-0.7845460017309742
0.30694959648228626	4.794118761962081
-0.471573952421873	-0.6472011462882551
-0.46179430258206405	-0.9388597451253238
-0.3654782334662704	-0.8248323305940087
-0.4392817189406809	-0.8808489904969528
1.4805059559110973	5.296664177997857
-0.32415913803895263	-0.563029385008149
-0.4250099815643889	-0.8497506434011121
-0.28709028858659397	0.09905977917894088
-0.3727094318142066	-0.9638251677249267
-0.08924154517325862	0.2622447548386245
-0.5176128702564142	-0.9581271352462082
-0.4403611472158903	-0.9032589252443167
-0.18005289129732316	0.1521798636075422
-0.2588150494522432	0.5762364456840516
-0.2490035237782737	-0.47674896808462186
-0.15381693687125444	-0.11489939795481052
-0.15636981231005365	-0.7114206791320246
-0.515610940125333	-0.961865160192309
-0.43728834689605683	-0.6538312153941532
-0.3949763714728288	-0.6558721584609603
0.4139201650017958	-0.5307828754035514
-0.2018275906398172	-0.07312028096771554
-0.4318173034993576	-1.0146037460258719
-0.2614299242855991	0.6718051391607279
-0.44799386321143375	-0.6477473047686446
-0.4819697240571077	-0.7405027098593595
0.4366860088645733	3.756839532382613
-0.029255882339786276	1.6681038885081525
-0.5342504469899823	-0.9882569842684423
-0.45814862577127485	-0.7139771591964386
-0.17160918726066532	1.3009890027253206
-0.19751831891409558	-0.8890609229524232
0.2672311076182331	-0.1214242176801072
0.7401898923334985	1.7699241436982556
-0.4205691101718593	-0.23632941821743297
-0.3922051175551771	-0.17413628942119225
-0.4958639133279916	-0.9857207097923563
-0.3413651467014808	-0.3720766068423778
0.06820660463035054	-0.014166913999625259
0.026325007638652368	0.7618727016629325
-0.18443858212759284	0.37291181264349665
0.1171153012273516	1.271675903292246
0.552853823442873	-0.015163616782471774
0.707394222565203	-0.37021784563369275
-0.5340973108102955	-0.9485262646924025
0.13645754624672266	2.8002779541230813
0.10272433478419384	-0.3712017093580232
-0.48262319000462295	-0.8979998353950688
-0.186493446325292	0.376400970383664
-0.4498992061241447	-0.7488071508093921
-0.09853784553790515	0.7479330618611288
0.39986161542349113	-0.44410642945471923
-0.26168352900258157	0.15976218180067506
-0.5494781163678463	-0.9501133580782258
0.02674314821583186	1.7580093080656
-0.3503600575342503	-0.4045474273811975
-0.382230763066826	-0.9900458360695925
-0.14128202777601098	1.0094755088745404
-0.4751937677558131	-0.9364764564460065
-0.34705205700704633	-0.309763685230088
-0.5370970723144091	-0.9546349648630075
-0.14636245765196987	1.4577247292740836
0.6429601411357276	2.45263989611426
-0.39303641452627963	-0.8871769150956714
1.058336250582047	1.7738313778419657
-0.5145181963135679	-0.8670051818599208
-0.3594565482839561	-0.6557005734056042
-0.3908638544722434	-0.7560436502528481
8.005127407319483	-2.8817579140689573
1.6983935888048078	2.171720450610445
0.2569318842944202	-0.35277622672504366
-0.2982001279045215	0.2274266613378015
3.3658164470714222	2.142524152336065
-0.016192038760641708	-0.19363248244009354
-0.4129175761889783	-0.9097314730927903
0.055752082874820426	2.0718990028060063
-0.012071274798409873	1.439966245766647
-0.21788745290907288	0.05853100503778768
-0.11054810452715223	-0.14612608050023326
0.14277452122286327	-0.19148460171910148
-0.2849457781415132	0.35643210873369285
-0.39356129412498253	-0.30445899969888596
-0.420203067073807	-0.749819469827708
-0.3489764232622348	-0.05416270792777046
-0.3464918329135522	-0.583265643176693
-0.03187583305551189	1.1231765637718705
-0.5338123363261206	-0.9577021920187219
0.7786912014636134	4.639974963758032
0.814192438230494	0.9397393070031349
-0.21042847640213203	1.0170917563416704
-0.4601869642532064	-0.8833326320496038
-0.19893263524578225	-0.2057137328658233
-0.44997642340350436	-0.8532273980203922
-0.19982072852222257	0.11814474470334843
-0.4444945530215106	-0.9102274767807137
0.37323750197500094	0.970960657793372
0.23602234257774543	0.6486744149860735
-0.45758245923637714	-0.9676443253768678
-0.3441474182599837	0.10569223101465038
-0.4668293035392718	-0.7129001078752534
0.21296390759062533	-1.0767909020370712
-0.43912295749270036	-0.9077228941222021
-0.4095534900429851	-0.20608603266197734
-0.488289974954815	-0.9317294464804095
1.2969412392882886	1.5247141995231912
-0.43250174356864535	-0.3951004609537575
0.0529912660556745	0.20581270051228262
-0.18569726208010562	-0.4499217936745273
-0.2603096886621262	-0.8125550433815947
-0.4478731094610519	-0.6470944167376803
-0.10054993993852698	0.4573156017002741
0.16001729340901144	3.181328308916421
-0.13740639175498484	1.4243732818498225
-0.2781165010895276	0.5774112964563445
0.32294594073898486	-0.5373203458441929
0.11354428248684592	1.7135425707245204
-0.3740054438620936	-0.40172386143674926
-0.4136843703578451	-0.9793456971833989
0.02291974308057955	1.3097552409387825
-0.36377271402764033	-0.43769992591946455
-0.46262196134454536	-0.9937813669686117
-0.1805182081994409	-1.0351061133822421
-0.5111203889184792	-0.9536864618053608
-0.4939415125899589	-0.9686564043775706
-0.3945276389844457	-0.7143895535493626
-0.45433775710438934	-0.7437777795950286
-0.550476872245446	-0.9698071160428615
-0.40388147698111915	-1.0106138914298173
0.16365260390518982	1.8968487641662357
-0.4715463217163419	-0.9698786374203116
-0.43546191754404634	-0.9102353114628654
-0.46264020221167806	-0.9690992308295653
-0.5074773226687129	-0.993316751637192
-0.46367623571188105	-0.9687650205403999
-0.41099475373367617	-0.4962743158690671
-0.49452400045966993	-0.9689358747722301
-0.43823452386240735	-0.5195836559484249
-0.4474083643982501	-0.906692266553876
-0.36668113642903144	-1.0397523126100856
-0.4057139204531339	-0.5920737721802778
-0.23675300363921373	-0.38400953983386527
-0.3048543894050983	-0.2511260026219288
0.603669320761194	2.7093562031968497
-0.189520067175232	-0.5054403400585564
-0.17856062707629594	0.5977423990711533
-0.193521651059114	0.7913704160806936
0.103148020833922	-0.9533938903104133
-0.4502619848604345	-0.8712575487526011
-0.3018037777109679	-0.6008427549462076
0.29201165613433866	-0.4177693612913173
-0.5324924542681145	-0.9399779451826626
-0.3412396429906058	-0.9289059747147446
0.3400671239387123	-0.885967154301224
-0.48511828216381603	-0.9254781885295563
-0.2595797353266001	0.4470995196432591
-0.1992489143230936	0.5346904612254718
0.6125525950488866	2.0046379271610832
-0.5360719569353293	-0.9521554428415914
-0.44833503556906135	-0.9387132924306946
-0.24114034010349983	-0.34756969389162873
-0.45518328448516954	-0.8436134774796935
0.2296314428807396	0.12926767069699968
0.4949472956588141	-0.25769272094723517
0.22707145550774488	2.7877618997830385
-0.4276614835211671	-0.8731906281705647
-0.38662930737793116	-0.8225642254683919
-0.4947464248553466	-0.9658955967643582
-0.11163970808558557	-0.7247843210795533
-0.36660149420970506	-0.7864721598957515
0.5273062298293985	0.8627235912017971
-0.22264331153545763	-0.009924556445914412
-0.46379231239630886	-0.648510193382594
-0.5500441828615927	-0.8617775535068912
0.27457064533807113	-0.9725722695438869
-0.31225705657839675	-0.6006854559923213
57.963227872967224	-12.33408126938416
-0.286246244289838	-0.8329243267867724
-0.4810193104355684	-0.9390367536469856
-0.31975923395973516	-0.5393565976366483
-0.5063330093345656	-0.8279508025443946
-0.3738645495162485	-1.0207840384938884
-0.19011897371484723	0.6330290538611199
-0.4925223825850427	-0.7317321058650118
-0.2017995797066773	0.3113099002257386
0.015804494318784584	-1.0315989499437965
-0.5083213600117807	-0.9173844860761062
0.04756818981885031	1.7853312914737067
-0.24222380918615116	-0.6812393321245435
0.9709691401815558	-0.1069566004994845
-0.36822492411589003	-0.3060928124373157
0.30259621021637856	-0.5068392468906155
-0.3554278666924706	-0.6232783657494865
-0.44125046878102603	-0.8809370193284245
0.2643876029943909	1.3466967129854237
-0.4929756140234051	-0.8367562904067847
0.2734873637582892	-0.13473324260792874
-0.4407203429820815	-0.7162876019514381
1.2456759814726397	5.996549926441894
-0.11273889684652402	-0.690071994908082
-0.48992454972466914	-0.7711138153582019
-0.2569368385024478	-0.543986410523444
-0.4155935852164453	-0.967842207969588
-0.1385428446306831	1.2007245702946827
-0.3226880014739405	0.07179477765054937
0.48148310061812033	3.5916614387286727
-0.4170691359470082	-0.8343022167010024
-0.023885006534451844	1.602580521402911
-0.2928202157014764	-0.479920783573962
0.007300522300471555	2.206652914663388
0.13199413953223615	-0.5071828067213593
-0.046346734804322845	0.5853029812788739
-0.5033892920933511	-0.9220101564273293
0.8036553734454291	0.29053270385908875
-0.42258676912118126	-0.6862848860907362
-0.21976916111494801	0.5702288462897718
-0.4529537069353964	-0.7432959993092926
-0.3911771032156497	-0.557752353197591
-0.29128269351072245	-1.0143376556129324
0.10396479886026547	-0.9313306801093328
-0.1854685407990209	0.6626011545388151
-0.2781431274292662	-0.03313137168413015
-0.33084912029093116	-0.5294300596426127
0.07871110260129681	-1.0214549440577037
-0.30338062002866434	0.19691278874648172
-0.23669555461635033	-1.0326767459535027
-0.1261990117977632	-0.6345383390082899
0.16656248136240823	-0.02491407139567581
4.175818919178704	-0.8484607106813421
-0.08599017724288782	0.4264872393000333
3.486986937448952	3.0838496323964284
-0.4849696129189668	-0.8993325123166743
-0.08687423226791981	0.9396066076826141
-0.1111656271463179	0.04361963973368679
-0.4603559732481077	-0.9029277548693475
0.4274869657125549	0.3342765020518552
-0.1968323258302021	-1.003222519699312
-0.3248588851604366	-0.08635479318335955
1.2131479278157673	0.7668114217773185
0.17137637150013388	-0.6533923893650331
-0.245107141249531	0.7654176522812919
0.2862748100798933	-0.5557120246337431
-0.4738569051012818	-0.8452658790278017
0.6962659587541301	-1.1377321550107333
-0.14776199212922975	0.5277428549351297
-0.5081771810196292	-0.8988564598906411
-0.33462526266094716	-0.34685564088867143
-0.49702612748842917	-0.8030891599608051
-0.4542435147263152	-0.9731292253133097
-0.3512555293636469	-0.26612561154009035
-0.30078006963194	0.29168589666371203
-0.46678985635287173	-1.0086072551881415
-0.5217178532524419	-0.9268556736022526
-0.4957377148526807	-0.8036132130765792
-0.21761176923027092	0.5068002933362236
-0.41828737928883936	-0.7454827117477728
-0.4310158568932034	-1.01275094523682
-0.3914076511946791	-0.9414211080911499
-0.2627738996097239	-1.0144535819342584
-0.48709558473518394	-0.9559508755286104
-0.3491991427458798	-0.5437497447811334
-0.34464662687434405	-0.7673832877456116
-0.005371860491794809	0.3828614048608596
-0.37392917424236705	-0.7578723410721289
0.1508529188457968	0.23310504159951176
-0.1102519520152575	-0.9981734331579037
-0.35624898715643233	0.07493755092824972
-0.43017669524194857	-0.9052718065177042
-0.3375616964004891	-0.21452310975051456
-0.5583760661166134	-0.978910195322518
-0.2948245252673655	0.0002906541711312181
132.3102103657738	-16.336509073302345
-0.3053129666185766	0.5809285079903579
-0.3941345636718987	-0.9571991315164696
-0.4199716479627394	-0.7506725544933331
-0.13756457961533647	-0.9051831937378075
11.807050703131639	-1.5892169433400893
-0.34259228944935805	-0.47356602634119616
-0.1705880583824112	-0.9598178715110001
-0.1288634190656888	0.5907269302002662
-0.043542910209881915	0.6783955928065772
-0.49628200657487903	-0.9936612442823718
-0.32477092650841666	-0.506051356390496
-0.011117566362198012	-0.09813464622959533
-0.24285488293410035	-0.4160385773972879
-0.4454243773534881	-0.9707134747662355
-0.4992928130869255	-0.8932422275790135
-0.04734077641943231	-0.6401278286519501
-0.330201631790581	0.040744988635903735
-0.3855195280039317	-0.8764589322236797
-0.3720187097620824	-0.3074946381168941
0.6015777453964275	-1.0502630071934471
0.039194200117055086	-0.13383411919798774
-0.4402567922904544	-0.552367099946394
-0.23684361643901103	-0.5462708660758868
0.20979174547380147	-0.7764993279696414
-0.25871010691960716	-0.8269072053664578
0.16626758421050603	3.6278404035058234
-0.09840745030559304	0.329729190122572
-0.35088057812670514	-0.719989515337759
-0.31651214798098626	0.2306784335655725
-0.4216120754793568	-0.8453328204624644
-0.16929266012867955	0.5631194972083228
-0.467363011200854	-0.8638899012630945
-0.4264285034191577	-0.717530705808968
0.09981023441841547	2.5149416916248715
-0.4381000147844031	-0.9953487553998706
0.016664249982304216	1.436381609762278
-0.42583778168841707	-0.9721363702688554
-0.44600764562269346	-0.8269027614740417
-0.4115903991846627	-0.5899697964996464
-0.48920817074666256	-0.9649090298207468
-0.45425179182371	-0.9449736621307099
-0.2091040433070179	-0.6576839475220679
-0.13174321160343255	-0.9052135874657716
-0.5377095953145885	-0.9460828823211902
-0.016408573929232683	-0.16339814642764017
-0.24209218552704748	-0.61926969589297
-0.007458275055858657	1.3778727833754663
0.06719951294854963	0.40537823093560765
0.04614379742912368	2.457429155471683
0.4689923697411254	-1.1644409579245851
-0.44789446686102286	-0.7460976450929988
-0.0991474451094975	0.7166547795156236
-0.45693174229345457	-0.7781635844323022
0.22701117541337693	3.236382657418752
-0.48265945554707995	-0.8698437141416647
-0.15170244337683478	0.6298903087412472
-0.48224346327467926	-0.9355269121527787
-0.4961295644545381	-0.9623277004894214
0.6757693959847559	0.05945782976775367
-0.38316118593322945	-0.7939521898171742
-0.17267138215032157	1.3330122810992204
0.015202036598295584	2.078742747118822
-0.3122240859072814	-0.6898887835763589
-0.46324555096877396	-0.8289697706268111
-0.001917211743722618	1.09128688290309
1.6043783312571667	0.30742022847014566
0.9665973114217645	-0.6841111679171709
0.6117377311800491	-0.3683982970757578
1.1443461872232978	0.6191817851214941
-0.19060328330431858	1.0143613900338102
-0.022720649376923058	0.09622322310983185
2.3334621932561457	-1.1789506351092915
-0.5213062525210072	-0.8965496402585488
-0.40924885159115965	-0.8688349200840404
0.5704923965951935	-1.1152009263351579
-0.4876869274521245	-0.8464626598161638
-0.2979211114034667	0.22868171618400018
-0.40997591378775716	-0.9072128064682647
-0.4206825373037257	-0.3637261678438711
-0.4324140727679736	-0.7115724226505663
-0.2110538933451423	-0.13544060316969594
-0.4167697555837202	-0.4922472270716689
-0.22246971990277953	-0.13353166233768626
-0.27505438764331636	0.16334240666821662
-0.25010920924809893	-0.32667461209339593
2.2312297580284093	1.8852142921235793
-0.5338737287824961	-0.9184959821588085
-0.40879208883745904	-1.0094086298749738
-0.3063153780750361	-0.7492236423417363
-0.04807422135981663	0.0993877307894961
-0.5157262191373407	-0.9278485176589246
-0.3858210506569506	-0.7836261092893563
-0.41273958340842415	-0.7500610017465641
0.2501623696388297	0.25138573861469543
0.7100777761859753	5.546841398267752
-0.558912180510463	-0.9674846917315194
-0.4574055198996097	-0.6165380015516074
-0.057261996350328845	-0.5749843206950285
0.8653856647224488	0.7232129213761308
-0.4795024414856904	-0.8391046665225859
0.4507250329980853	-0.6409197136666186
-0.2123426901167077	0.15399402214997496
-0.11256773588383066	-0.6391034731458339
-0.5060200796187784	-0.9231478563969242
-0.47261980991832747	-1.000253029663987
-0.3116167312372306	-0.2828223780470151
-0.4946329061421875	-0.9648674251643911
-0.5041891385815234	-0.8019179551680765
-0.47819318221508733	-0.7731699348449883
-0.47486602785638954	-0.8073433002830379
-0.4170118785062871	-0.7506305256311295
-0.09690640928923237	1.5472888140793126
-0.4540677635078093	-0.7411931095551957
-0.4476468784738769	-0.9053434794536158
-0.5424951514840981	-0.9504176741719806
-0.4456766186645392	-0.6835950570813139
-0.16961770789103287	-0.7687481794041807
0.06456190256809242	0.9198971457201922
-0.15456654507138762	-0.6882148064752746
4.26543337267396	-1.8042809331537446
-0.1282262565003292	-0.7718386771717205
-0.13989416404125204	-0.9225105377443056
-0.5335989872613803	-0.9522348864239812
-0.45968995242901967	-0.9531615094796985
-0.5999294796509465	-0.9548984557743069
-0.18430870159248908	0.4754444854400138
-0.3772424579118122	-0.24133018026337907
-0.05921698700093774	-0.5231200288494806
1.15796681340905	-1.495266994057799
-0.2686115522494574	-0.09718057926510855
-0.4945929024069217	-0.7392394491227994
-0.41367192887190407	-0.5848989485941071
0.036281116661915865	-1.0591489485330812
-0.5320585196303416	-0.8586565615138417
-0.06179539079819032	1.7989907950079544
-0.49119464292003506	-0.8355508029869874
-0.14008029268795738	0.9434486639976555
-0.18913536959545393	-0.13876665863556575
-0.5371673678393323	-0.9837850404246086
-0.4459504833407312	-0.5223884178034661
-0.4662782585469932	-0.8058770306125898
-0.5064535708745768	-0.9952635314373772
-0.18574388000971553	-0.06918829749320822
-0.1399864059838799	0.7873130916947992
-0.5499099803565777	-0.9827904374011202
-0.14578049400662377	-0.9765958635313331
0.07411718563550597	0.5064695261352268
-0.3794464191167457	-0.7226142004089816
-0.11740990552353638	1.3915581555651064
-0.5164367113904319	-0.9904919371567441
-0.09039836232946001	-0.5021370276455671
-0.5293453430407763	-0.9565831763895721
-0.3498509003022853	-0.14399838649105667
-0.4504271119541344	-1.0003992254748422
-0.28608031287815844	-1.0331711772347987
-0.11039594134796443	1.74175746529649
-0.38314478744347674	-0.6933706460740182
-0.42963685338438773	-0.7545133498819849
-0.39598082548299246	-0.8111482189071523
-0.10235328250009443	-0.8875050247871956
-0.23531001596110315	-0.5801966833025528
-0.2656975748631414	0.0013094603028587712
1.1059371264659499	-0.6363616824673772
-0.39217069707347557	-0.42709935891067613
-0.3828404864884728	-0.7571645003624693
-0.17399885913677546	0.27576251921722045
-0.2350617222513884	-0.35932731461624845
2.2434135242323436	1.92883468810088
0.744503646188933	-1.0831340092356274
-0.29518205400210146	0.3572330066540017
0.12667703857999127	0.23803296172206725
-0.4276512538679165	-0.9082019544064344
-0.4414457025517999	-0.9040030134215842
-0.0423749896625214	-0.424689086883506
-0.20466179368921417	-0.8483120520782956
3.7614166628955754	-0.32182537333104233
1.5614278232781351	-0.4013981878668018
-0.11908994051995203	-0.7625135255526346
0.6574987217481766	2.023768190409977
-0.22872386607537615	-0.10280464589752872
-0.36251871684316866	-0.4030778325005082
-0.36817930392168224	-0.24516579776398753
3.122111665886231	-0.5323173655045734
-0.2512971193726617	-0.6665752659426588
-0.4391514717727904	-0.4263498457271435
-0.014769361841397363	-1.006770651111621
-0.43421221732007576	-0.6523243602325781
-0.13365391538793178	0.3997988146747528
-0.42169019098796945	-0.7179470505014929
-0.17940000578779228	-0.9010414261303817
-0.35485241952288243	-0.4376755277086097
0.06913637147683713	-0.18145640774412672
-0.4713856667373457	-0.9607902904773171
-0.48596024046616737	-0.8668864393144872
-0.47160921227245145	-0.9156123990710238
-0.4539458792129303	-0.9714512232862943
0.17531959064538002	2.633591782627983
-0.4981959221513245	-1.0009999906519167
-0.39887454950115264	-0.982058332576727
0.6187792182711798	-0.974324530921163
-0.3457587344190775	-0.24498779805113247
-0.45404823624633783	-0.9705500044433746
-0.3446294905626261	-0.9528922235360858
-0.25823797893498934	0.16150002678864853
-0.5381263875567885	-0.9538273862078445
0.1662248737373108	-1.094711426838601
-0.4368385473957545	-0.9053049548219602
-0.25634890642329766	-0.3878938570940185
-0.2940800446820165	-0.38408016435419423
-0.2478883891267006	-0.379563177776662
0.03191388141392822	0.5728410338128999
-0.21611790126374297	-0.29643170364331495
-0.42507038635240935	-0.3317112707598648
0.17902247219373452	-0.8786524847640087
0.4685903725065669	5.0632743117444505
0.9803778625609336	-1.2279874914099076
-0.13722879475315403	-1.046311202204104
-0.39468409933552023	-0.9568834572357178
-0.4128864431441217	-0.9110097143841835
0.2054113525809926	1.8310964808646515
-0.4087772533098036	-0.7884426297722256
-0.4634523396237657	-0.96708434760096
-0.4202043874114016	-0.8891363975643193
0.6948539056338315	0.39299129749485895
-0.48185268337016807	-0.8717291575620256
-0.5632174520211413	-0.9742637001917649
-0.31610734100105836	-0.4412401643397928
-0.0197759590829192	-0.5212342683883558
0.24187513377179576	1.6043889926481116
-0.3835757316353171	-0.8993131086283244
-0.2706063738677042	-0.8236859664369928
-0.2983008813467931	-0.34927782996794565
-0.008241820447300548	0.28641417199678576
-0.4071837525571885	-0.9098277522140894
-0.2532258996801515	0.1282467848798921
-0.4568825969109459	-0.936510418929114
-0.45401043504808414	-0.8455142491650177
1.937086789860205	-1.297931381982405
-0.3474605074840008	-0.8136971874815015
-0.5246103634247252	-0.9524450517019657
-0.0013727578933087	-0.753127848752647
0.6334596014056657	1.87389342163445
-0.3352603497031814	-0.641425119335879
-0.4176583403271542	-0.6871837662933811
-0.2236469452256606	-0.13357166579303703
-0.2873929239959146	-0.09383059429586055
-0.33115824734482013	-0.8613376142097373
0.4045628844301192	1.4875893161364073
-0.4333847409486329	-0.8305384578279397
-0.44020340075747144	-0.6797413654317668
-0.4246617407002168	-0.5422478962280616
-0.329093615041253	-0.6096826806948591
0.3140892347099824	0.9854876143028795
-0.2799366707338632	0.09831989053502245
-0.49313967801607395	-0.8805474281145728
0.17117863399710792	-0.8551734964750831
-0.4056476032242984	-0.9507006915400599
-0.16369221556170618	0.08268340571139687
-0.4523176062636713	-0.6471641523838925
0.9532053587124202	1.8683522267657668
-0.06376104235782296	-0.024131572714931448
-0.4597427100679538	-0.7792982423242167
-0.4239619969451795	-0.7078556062954372
0.3779951374644828	2.195900569752059
-0.3849249306189236	-0.5950302443550014
-0.4620106938057857	-0.9062475576785344
-0.44011663140795104	-0.6187404561621949
4.684901956441115	0.05274766062067487
1.5482523401977903	-0.8410881511506194
0.8363727884194557	3.5169870950728965
-0.36049677608281516	-0.40313407983022664
-0.41426893483533067	-0.4929524175999947
-0.4743103735035594	-0.7946194348623657
-0.32001136395795454	-0.6710373750743374
-0.11829328933074854	1.486594517436707
-0.2889059538846912	-0.2493739598163152
-0.07273348932862879	-0.7309674686216022
-0.22773471131472817	-0.07077665816585846
-0.5182665303384032	-0.9285609641359692
-0.049449174009524845	-0.15259188598975423
-0.012091755991056	-0.13169951234025842
-0.07320363182544444	-0.6861818579738357
0.0036090273127198464	0.15540991654751257
-0.42182006426979396	-0.7353796350857329
0.03849082883241661	2.300628503554368
-0.5017178379177103	-0.9222802988386999
-0.3878988315712528	-0.3691379264308001
0.2197667457606219	1.1896611754753674
-0.4601574735053374	-1.009648260852017
0.07912621618886297	0.6633207144351458
-0.3587322325408887	-0.7877848721326204
-0.33779132136310674	0.1696333105573016
-0.3520256647809398	-0.4034876825187161
0.3620417862638234	1.0297488599729212
-0.4672655813454705	-0.9041759228989853
-0.2886997831387033	0.4209203644825063
0.12947022434220112	-1.1613952951799262
-0.480991432075293	-0.9375579677726601
-0.450449242614013	-0.9661837474464284
-0.19221288138886677	0.6629658564736821
-0.4579344725914421	-0.7099128801615524
-0.4664370752088318	-0.8341835499964451
9.614137244252257	-1.670997685754543
0.27814832884168583	-0.6059441280133834
-0.4258184272049862	-0.42724440908031086
-0.33970734756154136	0.10481300644423625
-0.1971884263230771	-0.3344953748792829
6.1183816507023545	0.3761649376336023
1.1887638966908685	1.3281576902938161
-0.29368108008895105	-0.8682827043047331
-0.022782688177414235	0.835171514207072
-0.35337442332743235	-0.7747307638786511
-0.41069366367538757	-0.8748378182020937
0.9005511139730207	-0.4843191213940707
-0.49360156232079483	-0.980021959768251
0.6336963110338549	0.3641651124877893
-0.4064103192657083	-0.8676738455195449
-0.43761626233513384	-0.5865008483965994
-0.3824547664344097	-0.5278866379861206
0.5426546720208362	4.095667107609665
-0.29019452153915104	-0.5373573804209618
-0.2454507546133037	-0.13115166626075347
-0.09213779503348123	-0.18300930525357592
-0.14255972899737696	1.297118809590788
-0.49460100077394176	-0.9852122553800425
-0.2625226098243215	-0.913773937885461
-0.35335135748294877	-0.7316061412005456
-0.2047474968858327	-0.1331122256034063
-0.43992568471939797	-0.712941910045107
-0.19240130703321406	0.21507281748496912
-0.17095029220693364	-1.0786525828671478
-0.2913506856429377	-0.2917860409985547
-0.1505595586248514	-0.4941076004373535
0.022369312202952345	-0.6940102837266948
-0.4885684294618159	-0.8250722870636479
-0.5100966901846272	-0.8659686870939537
-0.3946779377648657	-0.7118026482666905
-0.2377009788609529	0.18869097376702068
-0.43545806874932347	-0.7821459726024222
-0.3268375293651035	-0.9223191450949084
-0.46999679250592047	-0.8994321164453571
-0.3082716873819962	0.03663035059088435
0.11754050240680744	0.66047914141208
0.029539528478562813	1.2431568293278945
-0.37910091424060377	-0.9967535326381319
-0.4372366448943244	-0.8137404135210364
1.9959454033970399	2.7767875789762133
-0.2697758744223857	-0.946916768205092
0.6296621513030106	2.2274913029834376
-0.5581681262007622	-0.9650478992251496
-0.17055045672297778	0.9177719967206113
-0.2475842801461146	0.8935988839987213
-0.4824970659126902	-0.8346755079558854
0.18575248682616502	2.4740135787106023
-0.48495019500571224	-0.8927062200763928
0.1939849128329411	2.729462721312954
0.2549898861467313	-0.6430784119168587
0.07693480909702974	2.5817966399424988
0.7442180928696907	2.18469779569221
-0.46755395134733374	-0.8354622226825914
-0.09773378974251408	-0.2132890229404073
3.070339948128876	-0.5425801652090076
-0.4000080670193859	-0.7255041172595861
-0.440030886657451	-1.0058630473658345
1.1562392132003527	4.466291988560725
19.17869384415984	-1.7534788830395687
-0.08507283901728546	-0.9451099410154932
-0.25172841424026793	-0.03677397322673739
-0.40332132418933664	-0.33524183572476624
-0.5488972649853537	-0.9781605982940612
-0.22075989888516034	-0.3888659093365324
-0.5090587203030017	-0.9628118302843397
0.05342653821487887	0.5977930931928953
-0.4475142682733484	-0.8433870263886754
-0.4718937684835323	-0.9344339226603945
-0.2982374393537902	0.5167490805025405
-0.16943822131778907	0.2741416140430325
-0.4530257231975421	-0.8727099374911658
-0.43648259119802046	-0.9040175260943202
0.07802610687302285	1.8777281700057105
-0.3769298603716249	-0.4324677012955132
-0.5253144756413538	-0.9889001857473256
-0.36229610031333165	-0.5010456120325818
-0.2173145560191681	-0.008831727585332334
-0.2796619208316098	-0.9635097166719991
-0.12013604177195647	-0.8702091188374546
-0.5470159696131673	-0.9472132999269558
-0.41156137964259976	-0.6513265716349924
-0.273050766123979	-0.5415313861709343
-0.45013117293954735	-0.712247635000712
-0.9945547694316776	-0.6807618023581499
-0.1509901272612455	0.17605866315190546
-0.13383603293136156	-0.8651482351920816
-0.4665694241595646	-0.8063250190631991
0.43372616249138346	0.09567227946819669
0.3643751899782299	3.0267249212596448
-0.49805978947385926	-0.8032181970427539
0.4787876402371658	3.0788049395574393
-0.49844109996830893	-0.8888857621416637
-0.44687282861702665	-0.9034010286555634
-0.3680245624091413	-0.7231979984426522
-0.2909186218656685	0.29112818303371363
-0.4629001673372252	-0.8934191748703105
-0.43060179396168696	-0.5139753233184301
-0.31468550675336143	-0.12136209555635623
-0.5332554396004745	-0.9908716176987205
-0.10302158722759161	0.5570338924282846
-0.4568364404278661	-0.5840772135113246
-0.3710269672647043	-0.14756079714665268
0.0322212485479958	1.4357789945522603
0.0829891987144916	-0.5238586864548826
0.36144809663892596	1.651474380323282
-0.40802724356884223	-0.23931890931690683
-0.422368146476396	-0.5545909317239726
-0.4428366700829884	-1.0132090893992107
1.2527457632985488	-1.1583895896137664
-0.5243079444778709	-0.9231777756638971
0.6946241308858603	3.1080504192412883
3.287309699825746	-0.9045162502870276
-0.5150356318380336	-0.9559049779007458
-0.27088259593768016	-0.2881003302702157
-0.3980533985866242	-0.5284817663350876
0.445613672451385	-0.3491396954698888
0.10728063870014479	0.784291690974463
-0.36803939711482175	-0.6987492646491112
-0.09344199528185598	-0.21452575313411512
-0.35765077749296226	-0.6582340382230423
-0.09684191782419614	0.8742333138622652
-0.4993906644711167	-0.7383735240030804
-0.192756689058408	-0.6817482315347083
-0.3404696876847113	-0.7060001511970998
-0.519217311144176	-0.9561935756628694
-0.4951411791857891	-0.9580618431016188
0.5619152549043498	3.037624732972524
-0.2443236902999335	0.22360050805926487
-0.4349236593330818	-0.6870455640946356
-0.5329036016048095	-0.9077387710673791
-0.49796779889840337	-0.8566162479233753
1.2139457340320736	1.7655274068758453
-0.1445273697720387	-0.17373677135328425
-0.06592664269855554	1.64007986569699
-0.4697724739161498	-0.8020808675248174
1.7374169615613861	0.02612118925079137
-0.511023763170533	-0.9030351060849153
-0.1966202723829672	-0.6159092246329094
0.12112176989704573	1.8432915225019333
-0.4841278461152601	-0.9945945682923772
-0.3064153151551888	0.10117061019205764
0.22163822485923246	2.3071726182888326
-0.377764334873589	-0.7459495647783791
-0.43017841062198053	-0.3637780743486825
-0.46630044826882483	-0.646049678769174
-0.32200649554026517	-0.11949489285293527
-0.028398768434562915	-0.5973470688820889
-0.47176973241200304	-0.8058641518402389
-0.3111291815634985	-0.47267612194306785
-0.5065876896190792	-0.9903228674032741
-0.33901285489577193	-0.700285957473949
0.1585912608112615	-0.02203164527039191
-0.33457954303405896	-0.9718159862688447
-0.44129493356248073	-0.6511992164107173
-0.5088678316047878	-0.961035142701139
-0.5246721718471339	-0.8889152580536901
-0.536157041564373	-0.9887612363255319
-0.18020923737991848	0.6947484033705755
-0.21485021765338952	-0.8864258852756927
-0.07444972753594069	1.6401084522584946
0.2229732183613281	0.03488585366800823
-0.15137687840600914	-0.10223126585100756
-0.12308624013518964	1.4233384595311087
0.007293000615969684	1.694506971122313
-0.009595867010534121	1.6319210712795762
-0.523990197116225	-0.9602668639624449
-0.5482464284584337	-0.941603588370733
-0.4858203902510885	-0.8694748465756897
0.0276389242559912	-0.47684485602546206
-0.48260034368921545	-0.8919422845561493
-0.4049004063409327	-0.8728631543731495
1.9068853418250007	1.259251902495136
-0.36358781652319194	-0.6316244707206989
-0.44984192992408095	-0.6824169402832639
-0.3010924114055538	-0.1879588780212522
-0.15366610169594136	0.8825999097307872
-0.528129089039087	-0.9774390204763821
-0.17286186985487015	0.4691305548541963
-0.04259298255564183	0.6430253980282894
-0.4815236642267725	-0.734551257038659
-0.1755662652322886	-0.5649636015493459
-0.45082311766494565	-0.8744253550837848
0.10944052991581611	-0.6952250952102268
-0.2658913071482104	0.22419441563108813
-0.2470871564993018	-0.06994392493376755
-0.38653199319657844	-0.6264791643334732
-0.4318074613476	-0.9453139091976516
-0.2724750427636123	0.1280467195315455
-0.5164102451950154	-0.9302329679177868
-0.16561188294646678	0.0844341313057172
0.19944477751590786	2.4422683232165436
-0.3655814945066759	-0.6253451594219971
-0.22510149574406418	0.059429085960637416
-0.5194506117837828	-0.9929546178542534
0.025617592593866315	-0.0736380464580941
-0.3449999197766329	-0.6284345722462896
-0.16614185330540712	-0.244278392740751
-0.3259542350296066	-0.9374786080769449
-0.523913414803359	-0.9277620243924792
-0.4280271092207552	-0.6182258655502372
0.8876704380025753	3.6369868934455307
-0.4360813306297561	-0.9443409723466913
-0.41825278984104813	-0.7439134678774043
-0.1914534229280044	0.3437942559833487
-0.3970419601190412	-0.23964607201633312
0.23979869724106936	2.594829156647214
-0.03915359693901204	0.06316305453264191
-0.08722384507107263	0.9036098519185283
1.1961832518008695	0.139729626200351
-0.4829863148939781	-0.7406655054837639
1.010789354868029	0.1074646371044304
-0.06594730422971633	1.6408391785294791
-0.27124142134899637	0.41831414140712647
-0.32586689591500717	-0.6676227422338543
-0.2443524463202017	-0.18858674962012337
-0.0577924575155693	0.8336933278491614
-0.45235715856535696	-0.8106502818662634
-0.19445378152656237	-0.013615128809632837
-0.06193640767579018	-0.1559220310753207
0.24121876098607797	2.4670775519650485
-0.44570260283522556	-0.5530562674023602
-0.486015619287383	-0.8382154371053196
-0.1464782880846728	1.0444561768920346
-0.4330967900229662	-0.6536522621638036
-0.3077624253478766	-0.2748249277016504
1.0751281499186303	1.4979688162216567
0.016859848550312247	-0.5822285733947149
6.8408695281124725	-0.0038016206386615953
2.664768739410187	-0.7726827148008165
0.1948660939255212	-0.8876575600807015
0.31028359099274094	0.22580491220376414
-0.18551636482973755	-0.770281029689477
-0.3275045234863448	-0.9129861632836119
-0.33157544270609496	-0.3452610656157633
-0.53916380417771	-0.9859613382928288
-0.20051400459267965	-1.0126275928018986
1.9336108181978362	-0.2081294101881958
-0.4714453057215823	-0.9383718849348542
-0.15023628655671067	-0.8543925465441129
0.7228393545512521	-1.2150118406135249
-0.3949781703516863	-1.0097877879687607
-0.48624958413389163	-0.7076811514241125
-0.37183176044890326	-0.9840336495956666
-0.47070448166122797	-0.956395675982547
0.6655089286862852	3.34619592127851
1.0179612775045985	0.7075190835470747
-0.22111943343784338	0.09126888730862229
-0.13319227023730565	0.6564667273921055
-0.4533552322480344	-0.6804474712536249
0.24102130473341493	2.6596093564832985
-0.3916412092278897	-0.8213110744680598
-0.45941218534894396	-0.7461199598249152
-0.18469258098445568	-0.9070559372970048
-0.30472131222392773	-0.6098025101084982
-0.5049985243101328	-0.8665641914363011
-0.6154135069234077	-0.922136665773226
-0.34495359051478197	-0.9265922983893566
-0.3215324367288603	0.19764053173842888
1.2930404718720514	2.8502995724737987
-0.12579131381165104	-0.45690698833150595
-0.06804054466611817	0.8064110085587792
-0.5079660758909242	-0.9930637813824813
-0.33273720105774746	0.10501412388066221
0.037217581090395226	1.3400503483977209
-0.5063216181592651	-0.8958736564547578
-0.40276825613035167	-0.9693986818219096
-0.21802359983683486	0.2813654010065348
-0.5238773928580219	-0.9545001616283839
5.651711950363091	-0.38698162599962904
-0.1454783279284557	-0.8419741072367268
-0.46516114985678064	-1.0045858219831674
1.2340411884868931	-1.147802486762373
-0.45275911135466984	-0.5856965123812353
-0.3212032293638169	-0.2819438303689631
1.7086068384156137	1.0062161833626317
-0.6097264742064997	-0.8009564611090406
2.328459820987711	2.7833186954905673
-0.03784397061864607	0.8379028802353814
-0.544272640699275	-0.9045493863962887
-0.48831891765014757	-0.8970652795980704
-0.45384499360988245	-0.970929649631944
-0.4300194125470103	-0.5898285316876299
-0.3983005225387098	-0.46541059426149445
-0.42499635234183075	-0.7213475342713946
0.4842804715884836	1.5094187149407046
-0.16028651370389188	-0.8911142087718263
0.5203175018346377	0.4358982175641131
-0.2985801458783224	0.3250363909663934
-0.3263134426366781	-0.7002837789883714
-0.3111013039491819	-0.6696886712548135
0.026909186803954144	-0.628520668540428
-0.33604356424969545	-0.08824393973844212
-0.29033333458231886	-0.44545512974015883
-0.4239933726327999	-1.0151937280507888
-0.4008984833829509	-0.3045871892888102
-0.45507684462303205	-0.6484654233481704
-0.434887368767415	-0.8164634040312583
-0.33162006319245135	-1.0185961828136607
-0.17107774684078694	0.05263022432508133
-0.36699013608967346	-0.24109583434649468
-0.13280958639836898	0.9113867479694239
-0.28389044322246637	-0.7661955279042368
-0.35069365666795604	-0.591172309008184
-0.2948184836230913	-0.15654872021659547
-0.04450417018424603	0.9999881548557701
-0.4558199495711333	-0.7125547024381157
-0.28195940400601255	-0.18663464118977333
-0.35138954666195266	-0.1498005340722709
-0.2761941734229368	-0.35590791443522835
-0.21437649942896095	0.7641949029988354
-0.1860573202347304	0.40688268768277347
-0.4923142687185027	-0.7633836762592175
-0.031434129966518	0.7425310227189387
5.128883753534151	-0.7181236965663382
-0.47435289591526325	-0.9362931988839337
-0.32082328833441265	-0.43848672951508505
-0.5070864633434974	-0.8555508575320038
-0.5140710149933385	-0.9612901209039022
-0.4973892713351789	-0.982783011233673
-0.12845382225069613	1.647484657483294
0.5696547358805029	-0.3792620175188664
0.2976884691005418	1.0472083376622012
-0.33708793484839567	-0.4388362994506869
2.395766105118461	-0.8951412853401285
0.0797131452726105	0.31260281903778964
-0.22479707340800825	-0.8988524694833758
-0.02774668916195777	-0.15120112086777632
-0.4493580493647846	-0.8779973979842545
-0.5161542108637691	-0.927425368586642
-0.5291083639026487	-0.9174734349789536
1.0761539527540105	0.3761843185408193
-0.1397067909227223	-0.10976354087083054
-0.5084962542626213	-0.8611004295355655
-0.13154368624525797	0.8157756370629837
-0.10092470636954819	0.20376020942304504
-0.10878162993116755	1.4531193736308052
0.5685341321698721	0.9081816543823613
-0.48768354251603707	-0.8585147695134038
-0.45941841989896665	-0.5812620557632101
-0.4945351852478425	-0.8036487756039704
-0.48248968660264213	-0.9148773884350551
-0.04436520052387729	0.2589201498395085
-0.43136798993144343	-0.4581043554341314
-0.378026038012611	-0.27089767608816734
-0.2957702720070087	0.1944783058564462
1.4339968386733386	0.46800892331959326
0.7388154518957479	1.2902406440170435
0.003740714826172154	1.5046123961945588
-0.40193601099560894	-0.07896815220864171
-0.41445975158101384	-0.9290749812463409
-0.4651258382083905	-1.009904105265876
-0.4865644540626903	-0.7726107592855017
-0.40583859196539884	-0.7562988493910608
0.04879343322589704	-0.37075218664827425
-0.11192760376440397	1.7735256934110157
-0.15693311644151708	0.884414982322793
0.37389364771146893	2.0679753007770487
0.7300149860773967	1.4560347856866336
-0.13945707517305309	1.4881119679329577
-0.10069524182860712	-0.2084407223641713
0.028506248512331984	2.780371578287292
-0.43711669083245813	-0.8817043401547034
-0.47090894867832367	-0.6458950204900715
1.9793398818942243	-0.881699511183094
-0.528768916708685	-0.9559021570238777
0.3861063788920246	1.3571267180295221
-0.303474937800871	0.4533730609443971
0.8786569987873258	0.2730427958297379
-0.3886527345200645	-0.5933288150768132
-0.3544902027515661	-0.5601698116474513
0.7806436506373573	-1.1611736478640127
-0.5052515381817899	-0.9648468223404161
-0.20906856997089887	-0.8572905885675339
-0.417219621077104	-0.7723245607947333
0.04238302308574184	1.6266951105516867
-0.4700579680334405	-0.9287460988678526
0.360814293343758	-0.3620617317573417
-0.29448754731652665	0.3227173890306672
1.1124284248803586	-1.4594213575261348
0.6508912798461497	0.2561475376351165
-0.4525795928134467	-0.8743351408312139
-0.34055647589052707	-0.8510753434712338
0.07231737341915331	-0.8003939512385644
0.5716300335662471	0.4875061969197447
-0.43679021815211505	-0.6157515555844888
-0.00022461427322731253	1.7585750269940283
-0.3102370743826211	0.3573040261526357
-0.44323804260069316	-0.42499842767228796
-0.2993587669049568	0.22635994806480605
-0.3490416943325408	-0.5168339342066971
-0.5783575556739351	-0.96132667385559
-0.046711309037354945	1.4126525846771225
-0.405325901950978	-0.2359369259834822
81.36280861680987	-13.28918872879457
-0.1933417171331738	-1.071757771521665
-0.42115708257125084	-0.521734401030692
-0.2720655292352944	-0.916578578680745
-0.4747453293257997	-0.9637299346941258
-0.46484100855663635	-0.8059393235785743
0.07796807167944858	-0.7761072377869335
-0.14460493437416827	-0.6634535720677722
-0.46619519961750433	-0.7469005633184728
-0.45358972185937996	-0.9027132231151138
-0.39080075927574714	-0.9263245908938686
0.1978069158985558	2.1533356067793608
-0.5531438137351561	-0.9350337164611209
-0.1754207627669827	-1.0132574053044627
-0.13363860330747074	-0.945979016393115
-0.42621544065420186	-0.7849118563774052
0.33355867753507124	0.12981046613389668
-0.36169139721621824	-0.6002268694872244
0.18882328217795	-0.3558641337226779
-0.35002068765106836	-0.40765734390114544
0.0642934757992574	-0.9191847529670485
-0.17866903736268827	-0.7591933691940181
-0.3361253745864571	-0.8140911937177548
2.559883319353895	0.490546777902633
-0.06027047571613396	-0.3274465399223648
-0.4481684356771399	-0.8016538977426628
-0.4727578902923951	-0.7081576171990396
-0.3760874284192865	-0.723924312262054
0.9300468987612835	-0.7272887394638177
-0.054270819922736795	0.9339144342814294
-0.48020320121637383	-0.9320227618333181
-0.5266661442929781	-0.9273469765774156
0.5047886924229013	1.092091980094103
-0.16871042542445627	-0.721975311912352
0.31977144856940565	1.8466500245704343
-0.4324590285177188	-0.45692174192706847
0.6076734036031272	2.804813439128966
-0.320180124969032	-0.6647909214892535
20.483792008152335	-0.6669094383944456
-0.25261903387686435	-0.8840639399516245
-0.44475945250168725	-0.8787282775934178
-0.12785702918808306	-0.5729287943411443
2.332214712056585	-1.8470128923691762
-0.575240861471794	-0.9645556737267716
-0.4079385297241831	-0.2067459274883131
0.8184679222970589	-0.48281262984519147
-0.5091471660362028	-0.9170194085491212
-0.5145633108588235	-0.8966409375453676
-0.17040086894396522	0.24529275227136663
-0.29114684097553023	-0.9456272400619702
-0.2615737324719643	-0.3867444186543376
-0.3783234853091759	-0.9648349585869219
0.0681421148175586	1.4333195980380184
-0.4990009218699631	-0.9114686785145281
-0.5203279952869996	-0.9589983236612336
-0.36014748745642117	-0.6325201272562212
-0.10968683036957187	1.3259482673729737
-0.363082364654965	-0.27498361766966073
-0.32368971538314295	-0.8752899828813594
-0.35512531089780036	-0.7274909175692422
-0.3121916514043175	-0.2809019296559562
-0.26583550373431325	-0.5000286996574839
-0.1278656007386261	1.231344828874245
0.153514000363565	-0.7190893827475205
0.2919191944269882	3.837336949644654
-0.4043059740179634	-0.17457229660578727
-0.043312314865310335	1.4465119500252472
0.40326720529962873	2.6083710470303667
-0.35493380697408794	-0.8928873486898496
-0.5193760948067514	-0.9948543660503109
0.20837522084590263	-0.5900339159637024
0.024819010263685395	-0.4258669876065076
1.3042130110723378	-0.2140385758671924
-0.05837941813384837	-0.08563945065158615
-0.5178467281913024	-0.9620808979672459
-0.6832729729677992	-0.8809652194525176
-0.4294036417097142	-0.6974566845011954
-0.3328981579127586	-0.21556361961617237
-0.14939644261454707	0.5634871058844323
-0.16179752084259685	-0.8031789334481513
-0.42718697560847896	-0.6233743136042501
-0.35322171761507576	-0.8760803571564851
-0.4411033751557548	-0.8769744005128173
-0.47445834735147857	-0.9377336511143073
-0.29414965418398187	-0.6857996955802907
-0.5210746217657014	-0.9926549681063345
0.4858265191406707	0.9995680121334733
-0.49092604613904584	-0.7956982149159242
-0.47879569209348827	-0.8924436814638945
-0.4426676383476826	-0.7806026328764696
0.9362525176924044	3.4385371970549152
-0.24121392175045633	-1.018731988547294
4.876664260405147	-1.517534596229371
0.7516587929753086	3.4591182294738703
-0.5127299538690647	-0.8963788982338992
-0.21045244016482367	0.31224978936722203
-0.3177730450410218	-0.5004607303265091
0.2199939192547559	2.2462952142874713
-0.486636963599167	-0.9026624971200102
-0.37538182838615575	-0.9867358125314417
0.6309302128295436	0.02316665855437997
-0.16298646411205062	-0.7378481111607238
-0.0666500153383455	1.1958028703356065
0.5315302970377881	0.46447031688931745
-0.5087492696820056	-0.9023548883725802
-0.021381998780598162	-0.165365640035524
-0.1164832494778269	0.04793001047348458
0.2275695852842471	0.15747467379589886
-0.1100402600846964	-0.5221940574296114
-0.43512967840316935	-0.36275043832993
2.1085897206161706	-0.851541523038621
-0.557700296890321	-0.9714844846615575
11.178157820109245	0.601792338724997
-0.4968860250218397	-0.9796788218201188
-0.4944874997360547	-0.8675132076078101
-0.37894293263055856	-0.6284340712177177
-0.5013006207291311	-0.7709055099421702
-0.13899464606686276	-0.873358431228734
-0.484968475609495	-0.8646372824836996
-0.1433929047541202	-1.0524674638781042
-0.2678128823528162	-0.0006134827546039162
-0.4589899896425744	-0.6487609597820757
-0.1709228573185837	1.1411413128829526
-0.4544988729617358	-0.9669159347152482
-0.5244692192119248	-0.9276011610660786
-0.3838505340933373	-1.0266681625114196
-0.34676733441028035	-0.24387339085287585
-0.5573343607731487	-0.9730932401085397
0.6669397450128289	0.6161642091099396
4.19375430136702	-1.4319893415435878
0.1653402249014321	-0.20812334663831272
-0.4712774597816354	-0.9613503116704075
-0.448743741443542	-0.5845960106431471
-0.4371266559508887	-0.5831763389810005
-0.4806122335687517	-0.97378754944996
-0.12443188528706821	1.5191762834945781
-0.4629148582582203	-0.9972629859157099
1.4922613460435417	-0.9645287280684156
-0.5314757813619884	-0.9846114565580338
-0.5267240049872188	-0.9937048815689492
-0.329654074502045	0.0718648453093885
-0.2207434887175122	-0.5166233838240067
-0.5040859176970319	-0.9984635850101029
0.5135374062365217	-0.5673587597214126
-0.36891795535843236	-0.11520993897300273
-0.31435187682893834	-1.03532660192685
-0.326640866204771	-0.6837036613536213
-0.5007557547579402	-0.9111153248302825
-0.3917832703381681	-0.4918022268334128
-0.13411359108206658	1.1061301528379852
-0.5174304381902588	-0.8878321228712105
-0.38603341392951973	-0.6534484748907133
-0.08510770550774842	0.904543719380029
-0.3955739242958372	-0.27332739037127757
-0.40984872907130454	-0.748898428076058
-0.43404172499007615	-0.9679840630504611
-0.14162178280216195	-0.8486157561884144
1.6836372559800379	1.4929216581775193
-0.15048030666811468	1.011127331565038
11.020193800993802	-2.462933780858627
-0.48032749405150016	-0.9341702907009178
-0.11228106611696563	0.04458242841811526
-0.20103097545159157	-0.6537332859779174
-0.2784533715502534	-1.0196307071969277
-0.4790243813127969	-0.8405824340781619
-0.4777470828088165	-0.9358540052775816
-0.46636386865204243	-0.9632577994505084
-0.21494823120251655	0.4728764544565517
0.8745047046409079	0.5483181167830906
-0.48183327352334665	-0.8296051704769479
-0.10053662751843975	-0.41265422237151145
-0.23256552832910055	-0.29809532380061815
0.06691758951088793	0.7292110310130993
-0.16335344266645288	0.3062542150678801
-0.23288533626689822	-0.16931133942287083
3.2531048633495523	-1.2033688911613745
-0.2972674215371745	-0.5431307835957634
0.25281538896789163	0.5697668298155345
-0.3641386621452461	-0.5972780950150524
-0.46211173906595293	-0.9041727733427931
-0.5198117401891902	-0.992150139582044
-0.18234342571072767	1.0142395805857454
-0.4678553614822595	-0.8929509347092031
0.12056497249287443	0.9156110901306472
-0.12036105121033594	1.1988492431848885
-0.09635982171467183	0.9724752969581681
-0.5116147032649162	-0.89602235848689
-0.49457473204455504	-0.9627659020937716
-0.0021076483283988066	-0.3982902518201875
-0.4963745155072708	-0.9990544728801692
-0.2843843647032993	0.48208882194472985
-0.49062236157257777	-0.8899751007102188
0.41178621000521554	-0.5001641225746037
16.82830096532768	-3.6075542851371916
2.962224709343508	5.759424338634514
-0.04078224605689824	-0.031273179404854363
-0.4763937386116156	-0.7741139051360936
-0.45033096302675035	-0.8404292990683025
0.020951668628895387	-0.7739264724069796
0.6036911081432296	-0.062373237220221193
-0.40132547564160154	-0.8399904368249825
-0.12218079491848914	1.4214460058600362
-0.482675758602089	-0.9363540167226541
-0.5019763710476026	-0.8661161815018907
-0.4244057655415682	-0.8174173775194126
-0.24686387311683178	-0.09875993417274194
-0.3473039765205106	-1.007836576670763
0.11355750539811565	-1.0204650481396744
-0.4832259378131564	-0.8708873909174091
0.8670130964683107	-1.3654606658647086
-0.43476200215454225	-0.7444810476734874
-0.055448931357530686	0.9019064889940677
0.16680772505200325	2.605271381984823
0.7998305202864857	-1.1937140945329872
0.44960800994704914	-1.212227821051636
-0.12529700195551027	-0.14542704756037297
-0.37481020180468294	-0.5913742373692012
-0.4251169811765816	-0.8671059186664017
0.4834670879680708	2.7276039922181026
0.7872338537966818	-0.6250540815908417
-0.4412369460613513	-0.8646532736404766
-0.45771144816199627	-0.8407694718598284
0.24879209516306774	0.41421138839806965
-0.23272401637588178	-0.703721973262592
-0.5731242292865303	-0.9274585228433005
-0.276848638430654	0.0683201393943088
0.43410848050877215	1.4528357863974226
-0.48836522687309847	-0.8384512134121089
-0.18460946619310636	0.9176042163519105
-0.4108208933061913	-0.808553125157861
-0.5062282903714754	-0.9967287671792157
-0.52178472594237	-0.8803262148993954
-0.38925232638394885	-0.11359223396946358
5.214423462888545	-0.4849301751777729
-0.45999635008336553	-0.9409876602049148
1.2643394139849724	-0.7964894738870655
-0.10968023112784114	-0.6077903951749744
-0.5302357084483349	-0.9856075242199716
0.2581999055965764	2.019087567267693
0.2233761281342099	-0.6127732891409172
-0.34736840887967707	-0.4042937530499203
-0.47781425178065423	-0.9320455666546551
-0.6108472354504391	-0.8515086382281942
-0.47686718214001483	-0.9643069210887251
-0.4015750077025747	-0.4333773151764796
-0.5065463924497906	-0.8340063789117733
-0.4297498887388876	-0.3316085949392213
-0.4682615214228296	-0.9747370528332373
0.1113003820679348	-0.8347270981878328
0.13327650636511276	-0.9319016036512275
-0.3968719381763929	-0.6572478236848918
-0.3673119469781443	-0.6303888747415375
-0.45970050801509055	-0.7789738367481116
-0.16194866520891382	0.5669175469243126
-0.4404020793364989	-1.003784323594789
0.12084129450974086	1.938418282033881
0.15946305613063735	3.9163221529524606
-0.37790571626690406	-0.8656147639357957
-0.30929086452500154	0.35804580868298813
2.3114333163149445	-0.5138712418488423
-0.4738284142876083	-0.7432760271519784
0.029013629851712065	1.7902184421889586
1.005556145283993	8.486476442206248
-0.4977367241685931	-0.8042952585166365
-0.2981567362159311	-0.7040059734782348
-0.5359391693829321	-0.9323470916491964
0.48208860104055495	1.8371309883873137
-0.010671367392349333	-0.9752364419676947
-0.4077660618092278	-0.4631654538019367
-0.1501634491822657	-0.6999924053914655
0.2227338293434075	1.2519262528419972
-0.2616285538012994	-0.16394106277479575
-0.5134377496068239	-0.9307972356229849
-0.23505573295618332	0.026229882168113484
-0.5175699784433003	-0.9590359005718332
-0.22302924974409677	-0.7924696644086764
-0.0855053498216128	1.160971785822292
-0.529980850832796	-0.9560554864789543
-0.33802403711764684	-0.762632105290466
-0.5064909549360538	-0.8984258574739373
0.23480194214589917	0.3137143495225422
-0.44995289577046416	-0.7122035860441872
-0.3057894176920559	-0.7651484375905127
-0.3907525334337643	-0.7851505298687409
-0.5307574718492937	-0.9882646939931354
-0.4438812086330265	-1.0052420498632813
0.014863140952890626	1.4691409347353763
0.1395166856658329	0.20426052470066766
0.8483740782746573	4.477837883303109
-0.015092374273663885	-0.6864550271269221
-0.24411536216056567	-0.13217598665622327
-0.36322703076711793	-0.24580546028131156
-0.3982053372763438	-0.8442312225919975
-0.24226785143995	0.5425796264444886
4.799696002152145	-2.574400701746994
-0.41607222570739294	-0.7514032343443046
-0.463037105548444	-0.9612286151277716
0.06038181278003633	-0.14216738191051803
-0.297604254399036	0.10089763456705536
2.277250252352105	0.8362542666661443
-0.5675887148094066	-0.9128805731784697
-0.43032216773191917	-0.5224973312728367
-0.43173505707666937	-1.0052325907406572
-0.3666526536444393	-0.436616062534559
0.2496634778710133	3.4262607297676784
-0.15020510559973096	-0.4066794828737057
-0.2968133823656022	0.03358405265457401
6.074935887698381	4.577404901362102
-0.46819861808799157	-0.8073959219013145
-0.26604238672119396	-0.6013492648877086
-0.2469952638405476	0.0965699574566269
-0.40600764540208256	-0.7526292787104749
-0.3995690534293341	-0.07915381286633437
0.41125543582709606	-0.5923805216419334
-0.27684992103842526	-0.6963279491945158
-0.5086968594640134	-0.924596514061044
-0.3877895415757768	-0.6924126196831418
0.0025499495046087677	1.4385222895890875
-0.0856854555151271	-0.968994371890639
-0.23892098396300668	-0.8405356851718971
0.3720721474114353	-0.824158129606031
-0.09284217649311273	-0.20833143637643828
-0.2784160947406937	-0.8496385779521494
-0.5160498270989301	-0.9260011404892755
-0.18190956379447515	-0.9483598934119819
-0.39624947265285515	-0.9522185886577614
-0.444742187904723	-0.6529200647703847
-0.22941290611828605	0.3479936187231633
-0.40554471320583835	-0.8511790322576775
-0.3753690382756171	-0.6825139176895828
0.13367803509334422	-0.7399962789737079
-0.21597001887629405	-0.9237275712475039
-0.4578915072644081	-0.8780564092444861
-0.5178801924547274	-0.8644748837721365
-0.47697725838584265	-0.8654709646742026
-0.2876998235415383	-0.9483927759183596
-0.33017442567304645	-0.9419656072222378
-0.2277038377943789	-0.9839932965895148
-0.3544678083672334	-0.7893214131560824
-0.48929287796681936	-0.9246419012462498
-0.5172811911962157	-0.994608084177824
0.5910613710019873	4.538280555612633
-0.3465588405485629	-0.9599636678112649
-0.21138625768307562	0.3436658161417865
-0.4133390203632559	-0.6536244978820349
-0.24932144186319502	-0.15595909192749183
2.1869520161313116	2.7023316535924193
-0.4860321262483157	-0.7084640377000172
0.3935546755655034	-0.9426967708075393
-0.34460615810527234	-0.5350403471853352
-0.37532561525577934	0.0777455368121507
-0.4688487738984643	-0.9399083462970275
-0.2840650448628567	0.03460072569043335
0.15826133671475442	-0.5334121426340654
-0.06460605741196812	-0.959977087736697
0.0355787038665961	0.7634091467059321
1.3675257740609479	0.7251255365017987
0.16173107087503277	1.547719961516555
-0.21656408168322527	0.15599612029579532
-0.3877020971664462	-0.3716154167311296
-0.3705797512196909	-0.6312894564589823
-0.44666552645909235	-1.0146677087640517
0.1870472764380667	2.1882220727286716
0.9444617029974866	-0.29461246830815385
-0.19716664376776724	0.4375222871302483
-0.2564068621450685	-0.034628425635989
1.3606745228792716	1.3174071368626792
-0.5064106581798326	-0.8985818479493874
-0.02100755032137729	1.1246072942731393
-0.5477689001129614	-0.9459639768513078
-0.4854982118041067	-0.9416192029118232
-0.49369054485277436	-0.8996961576945363
0.0453915054602958	-0.16627292278476566
0.23107538062485578	2.756739058409635
0.25286550331467966	-0.3331385522302481
-0.15608130154680133	0.595386726134468
-0.08874685784155435	0.2949591406052255
-0.013140739554806009	0.4760093734831055
-0.473759014981795	-0.9576568963862553
-0.4719322199368534	-0.7674272152285286
-0.5702209386578379	-0.898478799439745
-0.33972177261202297	-0.7423934405177779
-0.325793192256138	-0.8432176514021645
-0.07366331432509583	0.9355518468184962
0.2844662258446459	3.486838227244181
-0.45779259959089336	-0.5202188272087984
-0.3105002596995871	-0.31554918889585637
0.07636768588969954	-1.1317685036738878
-0.3805773519061358	-0.6851784660288309
-0.48393988107236535	-0.7750244181039208
-0.46520204375569807	-0.8363477038643936
-0.32618474209174225	-0.08821184180092921
-0.449537170758829	-0.8682498335248997
-0.5102909760328687	-0.8649872819838146
0.10001156708919456	2.2613769705961686
-0.3334363139543605	-0.8814699864369628
1.5755208571142028	0.6512720765908285
-0.3826892232002531	-0.8811143792515419
-0.4582421308677488	-0.7441589580936832
-0.3040119450149521	-0.4074548634242757
-0.5006641219798715	-0.9319421044692231
-0.107834145220759	0.17592812788673973
-0.1154379963930353	-0.7970878728607945
0.027889503233779065	2.076095856206844
-0.3628993117693158	-0.0838636378477896
0.1623819379699386	1.6134056693338832
-0.4017782098588983	-0.7577302246848668
-0.5286866385562432	-0.9136942068353011
-0.3941109785378473	-0.5456130858594944
-0.2118345043860554	-0.5961303187436273
-0.22616173639318943	-0.6228927225419707
-0.1647515674976824	0.5945809356713445
-0.4529161128837442	-0.7769555419712748
-0.16454099835692929	0.08240678118092705
-0.3238174201408023	-0.7639348638587972
-0.20585057325743564	0.4765645315025724
0.27910595992211856	-0.8429340996113003
-0.6231819628664881	-0.6228932464149589
-0.13378827970368729	-1.0268388354766083
-0.4951158124765227	-0.9856524823477142
-0.3422748707844166	-0.574965960582152
-0.37115709502728444	-0.08222692383263869
-0.4327629669112311	-0.8939703315786327
-0.08170175128223274	-0.9698625542480764
-0.5099707637353791	-0.9615504472784974
-0.4891029492612887	-1.000732644207033
-0.11124108700428018	0.7490050761740564
-0.4259203337185556	-0.5231145926129712
0.22902096822838303	2.6932348855984567
-0.3273443107118175	-0.3105073053712602
4.330112238646486	-0.2849010733662228
0.4116206158682839	1.9651486941643406
-0.03637479433616506	-0.39248776688060394
-0.387728649203004	-0.8265587407422968
-0.3057210962770713	-0.6403839962987709
1.2237840902391581	-0.08596173850543402
-0.5285358253246366	-0.9913890235057089
-0.3038525825042994	-0.05937654135553805
-0.5524176917964668	-0.9745183832375662
-0.2209817754286138	-0.6502321130961073
-0.44990888232194315	-0.7496589848889723
0.1184481728845336	1.226900532350027
-0.21229001770343667	-0.429910084604489
-0.41102093423459185	-0.647942324791226
0.503357217703897	4.643413120910296
-0.2809349373475731	-0.9512902339178053
-0.33583750049090844	-0.8295987236347002
-0.18462455449912707	0.372667363931084
-0.4178407259479667	-0.6479856626086811
-0.5176661078817201	-0.9916671834760179
-0.188331387033275	-0.3233839084998983
-0.2745674370345657	-0.5495052225079877
-0.502012396043899	-0.9918439921549667
-0.431293648626612	-0.7126598704801682
0.29666045785296286	-0.6408498356812262
-0.413979314064866	-0.7936991542949943
-0.49261847221205524	-0.9331980953740996
-0.5206001065608377	-0.9235802059217748
-0.45927498948105444	-0.8759689492606586
-0.45383726742100905	-0.614414176150856
0.03733537715430559	-1.1114739131418436
-0.3798761293885701	-0.754547998515765
-0.15973831768423913	0.5638166972789799
-0.5032848029752217	-0.7684980340539026
0.48463784468434223	3.1794851644909468
-0.41341912603926084	-0.7167059112040031
0.10317648060121573	1.0451564999118965
-0.434254700516219	-0.6717344737972857
-0.5214270591549758	-0.9495726830466071
-0.35449740911105165	-0.2126555587052214
-0.3266011821174546	-0.9193179759500201
-0.2052972967679035	-0.9845934085598644
-0.40341943572059824	-0.5600801769623787
0.21071376730747474	3.2397954849132264
-0.4580399221312166	-0.8076508134560194
-0.41716471051725995	-0.5265478589911805
-0.02046489578266442	1.2871701596326162
0.12971878183137434	-0.6522865859336804
-0.35789228063963247	-0.9748434475182428
-0.2401695726606926	0.4448208946124119
-0.13522395566376855	0.7850460494450806
0.30411123334802215	0.030485574394226344
4.483730698534747	4.386052305819851
-0.13234187948162174	0.6232485732049571
0.14850344594602777	2.766452416108571
0.11451283274674177	0.8237918064451947
-0.3010101286817895	-0.187545011833121
-0.5272680200837372	-0.9912728315497387
-0.17926546888315886	-0.6540091180377766
-0.044836945829928615	1.2874172007358684
-0.05061089147212649	0.29364306663090445
-0.2244721655378215	-0.40953812409122053
0.11080048247365702	1.2985917228072419
-0.5021111374543465	-0.8283611814475084
0.1863783880119353	-0.07004854732849602
-0.29917103660099637	-0.47032609956209187
-0.41403517574957155	-0.3327349106538473
-0.3465726730393191	-1.0395221736083315
-0.46785119471439535	-0.8420369540471266
-0.5360297662565596	-0.9876285065671381
-0.01743769174345204	-0.982572619351501
-0.26756929129109563	-0.71105449080362
-0.42473861147893227	-0.5593449995333126
-0.1378869850852091	-0.6589959234513869
-0.5208099383955875	-0.9941812076280246
-0.12707097309644988	-0.8949366036917613
-0.4929714215960688	-0.8018155357118675
0.35886744392511905	-0.9014896321851119
-0.34243130713421827	-0.6007420485726408
-0.21393149673132608	0.5368864157638038
0.43521184699610643	1.3223110448674362
-0.39361495425602216	-0.331365597589664
-0.4866752529423861	-0.9000621098595316
-0.468140721364695	-0.5510233028731367
-0.37952807200828187	-0.5253716434250979
-0.4720529101384406	-0.7284439728058155
-0.3196557180124347	0.06921551019399884
-0.5302680710565626	-0.9596758999875626
-0.41522910086140896	-0.3343368649176197
-0.3222357042014923	-0.8089445781609131
1.3009301213204205	0.9168774682671454
-0.347697493663361	-0.8857338383969217
-0.2907095187530468	-0.026978140963438847
-0.152902172105011	-0.20413980126452955
-0.011977312790727472	-1.0555698088188714
0.6027697632780192	2.236803925214432
-0.39533673314561	-0.6177889100107068
-0.3804999622163267	-0.5950952967187451
-0.3247904027762047	0.23099504160661002
-0.3961290717939134	-0.5959184949336986
-0.3530439534483377	-0.27976287473000666
-0.4462984057452299	-0.898539651537757
-0.4363955639620792	-0.8107190705612961
0.37950012959647494	4.3376627954486695
-0.33709743015219423	-0.8655341398817729
-0.19977443972586875	-0.985267073691089
-0.23362819863414971	0.701021224798644
-0.5372788212583737	-0.9797270080582301
-0.43175255047279804	-0.6831971905487737
-0.06272222588673515	-0.9774097172932006
-0.2684079393400685	-0.06263484977249224
-0.39254522968667177	-0.792948705523763
-0.26927928230391307	-0.9969518030259981
-0.0758138884109328	1.6093545445868953
0.43474246059659444	0.40201622898755673
0.8221968144519092	7.676122251479203
-0.4913618189416713	-0.9954942293755797
-0.46799681787356306	-0.9060873008534307
-0.4281624293590583	-0.6132105873266146
-0.5380420716520918	-0.9130117650562923
-0.4247360275666286	-0.8799812530844597
-0.4673629833853288	-0.680549848577019
-0.24329237471323115	-1.0157724593462807
-0.18293992795955857	0.9817717472093702
-0.41702389987033334	-0.5599320190898469
-0.2673819294222137	0.4486355640524848
-0.4021054241126636	-0.6840802313280755
0.3209435466858639	3.4219151182393084
-0.43152355926457225	-0.7755418401642488
-0.49970082513870373	-0.9551903848477985
-0.437666290401966	-0.7113948829982109
-0.4272244613823355	-0.7817323936667652
1.8596997097842103	2.0478098943136556
-0.18842650406379308	1.0467618963505616
-0.406370588787628	-0.27055948972632726
-0.033202895035240106	-0.9058014894976887
-0.38697205021767467	-0.43332824909640977
-0.38612476388919564	-0.6448658097752402
-0.17039240030403843	-0.04882570988112609
-0.23796151797246806	0.8285268875196568
0.3538820199308298	-0.8274283341413694
-0.3843903255255939	-0.3379910544096726
0.8015730456764052	0.7333114569287874
-0.074994831722544	1.4169880564406123
-0.13509003281141022	1.135560545722745
-0.39077161265633703	-0.49985012019801
1.339321367565723	-1.2930810127030803
-0.3311159837992357	0.13593025669721098
-0.4421075081361414	-0.6996066270890028
0.7497740011072008	6.821221180028464
-0.483208140074465	-0.928252186687829
-0.02897005992601844	2.1468273129834468
-0.13644913918154777	-0.6852964084759723
-0.09953037075778824	-0.845553458782342
-0.41803996120899367	-0.5245621513563928
0.725311197202796	3.1439839265996246
0.002525506113691912	-0.74042798197961
-0.36797082553053284	-0.21252925020730803
-0.45066854306576337	-0.8386765146396198
0.1364918572586261	1.9682495846562431
-0.46180221762007106	-0.9314360687798348
-0.46384719080465153	-0.8527598011448339
-0.29996162519341574	0.32468420298801115
-0.18673227146140836	1.462652774265689
-0.3262484793135715	-0.15137183646874194
-0.3900783555876783	-0.7506749607729812
-0.49851048358298844	-0.860527403966725
-0.40833235969572484	-0.43152268714598246
-0.36217357999273175	-0.21343325642807673
-0.2319524718854639	0.6371233871803171
-0.270669078159525	-0.3850934289013547
-0.1324222475526932	0.6554221778774582
-0.05125101514221781	0.38983570166897374
-0.30275945926615194	-0.7044329753580751
-0.33986647736947523	-0.37690504745665626
-0.3068280628849415	-0.6699399936278536
-0.2702362132036697	-0.9036359664907915
-0.11889138389140712	0.8445989303209394
-0.35656444837946977	-0.14626577983058975
0.32818125643935087	2.104869621533597
-0.18008746766210404	-0.205046688299054
14.423639539921759	-2.229198705243364
-0.07169338290411038	-0.5528931141969267
0.34562825964632793	2.6778992670571498
-0.35658513715348095	-0.5677162912048576
-0.48170682099368844	-0.8748432213486482
-0.40940890191180035	-0.46342285039215775
-0.14579464995956812	-0.7502604393328165
-0.542287243053344	-0.8949288560934946
0.08802704442444019	1.3992951933247566
-0.3196733973506728	-0.3111064935235856
-0.12897054898539054	1.1699078603272093
-0.38396314178747454	-0.30647675532589375
0.3534378465401368	-0.11202526849194523
-0.4230403310729749	-0.5861039409599713
-0.34312531665451684	-0.4704969134759313
-0.5108726023048238	-0.991917391872972
-0.19206364044923918	0.5341619722402235
2.485838165344438	5.485091178168858
0.3275102882055153	4.759993404080427
-0.42759916611485466	-0.3645950424230911
-0.4005992834485286	-0.7232206544715017
-0.29373396537962093	0.6755557276762268
-0.08284903707774673	1.6440057851222558
-0.33036412275955895	-0.4357026940393042
-0.1756936011026223	1.0147095689680776
-0.15442519751980846	0.9777118355906643
-0.5201282506415125	-0.9278900531184995
-0.21793787369411405	-0.6288601037238808
-0.29432561532300666	-0.22331464433326292
-0.5178518410625694	-0.9287684614085486
-0.5377500123835053	-0.9552660571352065
1.2457642304688654	-0.5882381858893573
0.4707357673140368	0.43004587326301685
-0.4828350345045823	-0.8361518876041438
0.059545746571749214	2.232322168213292
0.2000984746241818	2.506483991793437
-0.5452879437504105	-0.9724950255041388
-0.29230451291585846	-0.6309926982273396
-0.02751763141641665	-0.15804988142956228
0.4371824786426098	2.8652268005516723
-0.025255880442244114	1.2833753836256798
-0.38797371160891797	-0.400692454531224
-0.3130491467468741	-0.7706995648628286
-0.5320738707852399	-0.9517163860060639
-0.513756844811286	-0.9609422971371752
-0.2200032016457912	-0.5585883511011478
-0.2359474810955013	-0.3922126330693671
-0.19978305352965334	0.4389388193638375
-0.2591881318859825	-0.3603014050021788
-0.3250555960530296	-0.8914506832494498
-0.4530165092353623	-0.6154793706943352
-0.3922356637929765	-0.595847016889825
-0.31300674798263095	-0.9233563699902928
0.43519211041641603	0.055038254907988526
-0.4037094236072937	-0.7550492312840007
-0.3988604372677265	-0.8165881481439966
-0.08367123547530918	-0.08841482513545736
0.45787915783598065	5.319586797368351
-0.062317269243585556	-0.6488866883111303
-0.4006251259876964	-0.7899668614835618
-0.1797821158249358	0.4055243424739138
0.1909398537145716	1.98988370418882
2.337389786560662	1.5981290183790744
-0.3826437491724992	-0.9281319632488257
-0.38713073088830563	-0.3366470129493612
-0.31393454031952767	-0.8396748648928603
-0.330292122650156	-0.6017249874002641
0.038753110194810675	0.9480020794633177
-0.25751179627157583	-0.0021770446447126144
0.3053208123661139	1.6887129586402503
-0.4761505927311014	-0.9904604604497251
-0.5590997705614834	-0.9328082791266242
-0.34286038262590895	-0.5352186307655514
-0.3759126505063803	-0.7925416082734396
-0.2427928895412251	0.6367167693182237
-0.487143524528168	-0.9947449219831923
-0.4632301058130643	-0.7116424019501687
-0.42756321858454727	-0.3963384966065123
-0.048359913169133004	-0.2578538740340498
-0.22274830879790858	-1.0316826380185873
-0.3433704233664514	-0.9436580058092602
0.8077286506106977	-0.8811599259090669
-0.3536737634046535	-0.8124215934251398
2.6510559736545845	5.0669906420462665
-0.0922798952998923	0.1975785603840226
-0.341730946789112	-0.7321710370923535
-0.4454935954710335	-0.642906673746071
-0.19980044557690485	-0.04144507999897201
0.9179385194179392	0.6448681762913411
-0.4368976218513451	-0.9688623461000997
-0.031741651968444605	0.41375491424069344
-0.46338669032666396	-0.6775625015603642
1.7823748870366902	-0.9668279200197708
0.1677842245077718	0.65316277363024
0.18548624622287035	-1.0517660933938269
-0.08624595189023106	0.6188143450702444
-0.16450683883799486	0.18663850799521337
0.8027549013539025	0.05527471892682582
-0.5291033211156787	-0.9170740264105813
-0.3891399521816697	-0.46568730521743695
-0.28587537062501783	0.2900459687390699
0.15028919711388775	2.447401357552011
0.6205128979440641	-0.2882280768402327
-0.1248895984799289	-0.5215485513477438
-0.4731275571979012	-0.9937697926200149
-0.24634488552624206	0.09273058181424895
-0.5649788750601847	-0.9730168592514389
-0.5061542663178368	-0.8622732127907292
-0.5342352900682842	-0.9529763473566453
0.10568715188680237	1.7157846365007834
0.32407376233589286	-0.8128340060061837
-0.515317169232354	-0.8894011579537331
-0.46896285418155353	-0.6461944921912309
-0.5022770231130192	-0.8659697176204271
-0.266886558565162	0.607900670056799
0.3538627438464381	1.8138929519405407
-0.4562295181534839	-0.7406667624277772
0.04328255590894191	1.8185836176302763
-0.26947420038415304	0.09897598321487062
-0.34628690103640947	-0.5372994103391376
-0.4764082676837648	-0.9956360329319814
-0.3972416246004272	-0.6541186220661627
-0.15196096108024007	0.30204085626766836
-0.16672068132034304	0.8831675689473858
-0.4723216070558696	-0.8998797218700871
-0.3016636088754162	-0.25112211706699106
0.9920971380680443	0.5398710340278762
-0.3159554478022987	-0.34931055989531967
-0.008650053064177658	0.8324641833359859
-0.5115674595473567	-0.9285379534203015
-0.42549965799857226	-0.8943784364269036
0.43799934391249523	-1.0616725515426881
-0.13843280488399082	-0.6363756363029254
-0.40302756368837633	-0.3035213613656397
-0.3546067114383942	-0.21479959249161873
-0.5094044090579718	-0.9613407969741748
0.2735690179126074	3.071394481923628
-0.5054111556286923	-0.9601964539774518
-0.31429724807906095	-0.3746574229092676
0.3453012482868097	-0.08434315587738948
-0.45046275065798036	-0.9409985433833793
-0.22063366373141716	-0.029701087765457813
-0.4183275312652954	-0.8218089914619877
-0.383150135841369	-0.4652665085989495
0.5538814110311274	-0.49580695713977974
-0.1827947514064302	1.2378617600655246
0.04424054819002008	1.5621312522786148
1.2459413386358085	0.7406710090188855
-0.4365505604525773	-1.015895829746796
-0.20138476012254702	-0.8250648260541525
0.5238637812626328	-0.9929362435384539
0.11967230796694203	-0.6632140102411014
-0.017827126490719984	-0.423017659004997
-0.306564743190915	0.03604671021358918
-0.3562471064012511	-0.11569445620031857
0.2266176886289649	3.2695743572010882
-0.555668183358789	-0.9228482259594949
0.4439147468350401	4.525491455886091
-0.22428179319241892	-0.12998550231847328
-0.10798495210101658	1.0057063741211107
8.548628301784401	2.454696579882229
-0.5105336803922532	-0.9834703949719472
-0.2278543821606524	-0.8120579936654918
-0.4583783589224207	-0.6453038819892635
-0.37613649054070625	-0.40436914413710756
0.27875248482180504	2.2427725965326393
-0.26406237204406907	0.41611264497245326
0.22739772360611393	2.8530894267204725
0.6753998966389234	6.926121759702901
-0.24389616362934236	-0.9211239284433802
-0.4832672723694383	-0.872629259543688
-0.4418757484930034	-0.8109713068104747
-0.14481489984660212	0.3729863068016456
0.06601535053616475	1.816122417104494
-0.2748553798032413	-0.09315080402889948
0.3072712197005399	1.884218801841852
-0.11085987933942959	0.7174643489301016
-0.42984822987416954	-1.0167749119319864
-0.36792815413128893	-0.596056194955662
-0.45340091179002384	-0.9039157574530717
-0.5304398512585966	-0.9765331395262072
-0.43883794418931626	-0.8379668440322722
-0.45834120584126975	-0.9785158876055533
-0.48463618402030767	-0.8395301784297327
-0.2882127752418674	-0.02283454158798375
0.41067821565793455	-0.5635197878679984
-0.10791460553288994	0.3682896404663038
-0.31554455774168166	-0.1202486121737366
0.0006677257018979721	0.036124539006216184
-0.2772252568757108	-0.7479315930970217
-0.5344539410011839	-0.9492149965825234
-0.3993228578629397	-1.0154869993069182
0.1583521297754239	2.4451698796782235
-0.25890598902800804	-0.2286105107594429
0.10810420481245607	0.2688461527287521
-0.41945945194473105	-0.8762760374422028
0.007558160911975042	1.117568874989614
-0.34101457438205346	-0.6054108539150255
-0.4921000655207966	-0.9935486041782493
0.40753789340852686	0.37212062404254886
0.2394735217294912	-0.7148035821208855
-0.3220564907822905	-0.6963581608153917
-0.05713120311224612	1.7023274329476301
0.11402498519897263	-1.0767782514610331
-0.3529537083971225	-0.08430777886608946
-0.48603208535738807	-0.962258176272412
0.5850268085426958	-0.6071351339141876
-0.31560118335667653	-0.05644158737353522
-0.16274852000254503	1.3310753835521016
-0.21171175116742927	-0.0692340146313894
-0.4439291900302973	-0.9423175825165199
-0.23221396112028658	0.6679719967052657
-0.12881703123134036	1.1702201845770173
-0.444634802410069	-0.6159978645006359
0.014064559258662901	0.79974508183276
-0.44325919394374486	-1.0089282611008923
0.6059383560527964	-1.2621321517620565
-0.04470263186590134	0.4223683443547477
1.7471602523987118	-1.3222398247658076
-0.18250966567506374	-0.938619745472463
-0.24785469473043942	-0.5552243690038698
-0.5090075151877202	-0.8567876197511057
-0.3802870039089038	-0.8924328145166733
-0.5489112151496581	-0.934093877139091
-0.4390488147577829	-0.9044711894554336
-0.08313060640306025	0.8082210634804121
-0.3551984634030713	0.011066584249212004
-0.3929888186292551	-0.9824927556743129
-0.6668722369101046	-0.8843846287964864
-0.44125986347634816	-0.8767780217211695
0.3331714993680192	1.4321607565131549
0.2082921815877999	-0.5306904877077453
0.22426179932786947	3.5570136135928965
-0.3601240779945357	-1.0158549829255177
0.2000537187471948	0.9982364014566862
-0.46702808414609404	-0.6467159318742414
-0.37428419813742686	-0.7245098514966084
-0.48541186280612963	-0.9034962330828774
-0.4739982201590318	-0.9594893463065773
-0.4977950457637924	-0.8954986810548458
-0.036625962371555076	0.004378987554667148
0.0627818006764004	-0.8206056164563893
0.05440163342886788	1.2067936924513827
-0.5045622766438049	-0.9619855568460246
-0.470602032227519	-0.9001523085768901
-0.09162985508754094	-0.5389439434287285
4.79936157728598	0.7072107680283363
-0.2235505476822582	-0.3266766005138445
0.9252234189311997	3.4506850082405007
-0.2876996614072872	0.4828563591911231
0.037432563493308334	0.310406005529909
-0.4206908815526254	-0.7460236741991382
0.8685205007893179	-0.6282302590691664
-0.7012376593852089	-0.8369687919454641
-0.1606920949632193	0.05511230365125203
-0.3294022660456954	-0.27966943170255343
-0.47541467393388287	-0.8035556562654642
-0.18625321428775227	-0.7842669352409967
0.08783785828412533	0.4972891033251975
0.46956033009061415	0.9343699369625282
-0.4870383744305518	-0.8382994154875458
1.802956151865671	1.000740742057252
-0.424374415170404	-0.8784568945322441
-0.3960853064320859	-0.6164196272682847
-0.1908808900201218	0.3772421929777998
-0.42762551176906904	-0.36408835841166914
-0.4623687838141201	-0.5494469653877191
-0.47593409351216776	-0.6773140494543157
-0.20615897707823905	-0.10124063313149309
-0.33501845819124804	-0.7498158045736609
-0.2864795593858336	-0.5736746962982235
-0.21417798918721642	-0.26085280584439163
-0.14983832631562022	1.1045387450039996
-0.18921915432281333	0.374723361130603
-0.4587561263416585	-0.9012864766869523
1.1624676190567842	-0.9523432578014526
-0.38038086361103857	-0.9477523825367411
0.04455752372008305	0.6014015378268041
-0.31521719235779716	-0.6852883399650912
2.3832518873000232	-0.21275415682171714
-0.5112091736824377	-0.9937160374502332
2.7573153673387	0.582635804358994
-0.36819335034868117	-0.567301166469889
-0.21171786575083754	-0.48053081965859484
-0.3279483230661995	-0.21544310811901737
-0.5057897778161919	-0.9306497273103044
-0.05548231067598306	-0.9388042199925635
-0.5138499542523493	-0.9928021819177669
-0.5154108178917727	-0.954567527004543
-0.3907426034635533	-0.11102008457827411
-0.28999161989841427	-0.9618541698013395
-0.32781613038251695	-0.14991152844934288
-0.34704924543459226	-0.7838335500784505
-0.4492348077668746	-0.8085117807814732
-0.3868223815052646	-0.9234408082888936
-0.3635985327490225	-0.4973640160778844
-0.24567837594550068	-0.7568156569640293
-0.4968932453057989	-0.9638208178428029
-0.40395642812258253	-0.7158189177432125
-0.16308971519996984	-1.0544903229490024
0.7385483796644098	-1.3120158075182269
-0.48733619251844706	-0.920776174558317
-0.4721415540680466	-0.9737627665173688
0.032705512794172824	0.9257615786791912
-0.5215815437824151	-0.9550876049711399
-0.4141710861445801	-0.6899133826664063
-0.5145441314910356	-0.9637860321837921
-0.41764623269463436	-0.42652341662386084
-0.43307215671776106	-0.7771465781093462
0.06944146095385334	1.9757683351905233
-0.5006732863571031	-0.9624593420583449
-0.4692445149222515	-0.7115638994734581
-0.2195434513771258	-0.23224858183777675
-0.15070616559822617	1.1381438059585454
-0.26075767605554884	-0.8554425284603653
-0.5329129133862875	-0.9583835183219025
-0.3485905221804197	-0.43499571988296587
-0.24331540544197994	0.830064748127939
0.005276492972963425	-0.9276099561552898
-0.0666085131710455	-0.02331059921354628
0.10458548642235234	0.5328972393957848
0.06675342342783501	0.9504716671758889
0.05140553654763616	-0.7434966268935032
-0.5124066507773297	-0.9579284524550002
-0.49452857539396955	-0.8038277382689049
-0.35314744762451894	-0.66551721502772
-0.01475028036083699	1.570840658047867
-0.04448433277996978	1.3162523640048804
-0.48907928970621006	-0.7403191054372479
-0.4550336869572048	-0.9635163605590417
-0.38304956873611296	-0.5621546772563362
-0.5288274542472413	-0.9929172948529296
-0.2944224033929414	-0.6116123285948498
-0.575862256486053	-0.8431673914172959
-0.2551577662027783	0.3806225194438715
-0.31923943504825175	-0.08672903913096745
0.13780170201301073	1.6433310572156974
3.8229981764493064	-2.208698308068001
-0.1903628052629675	0.12031282067443752
-0.521254500377555	-0.9060840896262712
0.15401354676445292	-0.2876651717682012
0.34153151486699085	-1.1285814104509366
0.22389684501943144	1.5745044984841294
-0.22038539033479063	-0.9382064553328011
0.23609124493275022	2.5309284882334966
0.34178248464824323	-0.7141103560802022
-0.4460603236623676	-0.7106461354390494
-0.3473909734798423	0.04128179726432564
-0.3594905865435241	-0.7477405545649463
-0.4486705735676131	-0.7343672178363521
0.028001559563200856	1.852678130209818
-0.3761557335542622	-0.14550264004316701
-0.44107909400339645	-0.7798963213073601
-0.3299908220786975	0.19950859943824809
-0.2834658733105294	-0.18796877420349728
-0.4442266803817909	-0.5860986528543394
-0.15267338609139297	-0.1478051771240886
-0.46357798241462195	-0.8882101471266971
-0.2289123972321829	-0.35023967281700885
-0.18997973281745137	1.0796068903462641
0.20601158466868194	1.7032116020219012
-0.3700861848099954	-0.08310424749366625
-0.40485713151017605	-0.8905379259747208
-0.15040279251312041	-0.7971278961965232
-0.37681761141275	-0.6936869230093562
1.0297710349937437	0.19052959039050732
-0.47085468731679625	-0.7736149902852351
-0.34521320676893913	-0.3441214587244156
-0.504034116185683	-0.9560253170435664
-0.3940413453146903	-0.7696247826345247
-0.2944794184105945	0.41993622415457277
-0.1781733720986989	-0.6530131796633714
-0.519773867280072	-0.8966464603831892
-0.06957691460714796	-0.7199532264709924
0.06284895109728691	-0.5723184893408297
-0.42552776554803123	-0.7481062119289347
-0.09831780678140348	0.8113208813633662
0.8230820528423408	1.2356989859253091
0.17954297095307542	-0.7870291042608214
0.09279571415562216	1.848490990742621
-0.49277441772664127	-0.9948517435132627
-0.485244759210415	-0.9630994637509097
-0.5144014467902298	-0.8641044707257547
-0.3892793251029061	-0.1774397755435055
-0.40740117140439885	-1.0275149176157898
-0.5536367408185371	-0.9802717918134021
0.5287740808500809	-0.9116616916500888
-0.15601215594114415	0.1801909518699205
-0.148198761664681	1.1375857299428085
-0.37415884708010616	-0.8604313514873293
-0.4200948366942591	-0.8184627204142451
-0.20214790414897815	0.021607515312798028
1.0010034841222994	5.22106609160291
-0.4475382731462417	-1.0096951406380141
-0.43379083528208984	-0.9366914011507925
0.7387233873906124	1.476921487378613
-0.4736697800021872	-0.932197013423885
-0.3718265637566642	-0.46753923401777975
-0.3420477454164348	-1.0412442068607692
0.1718530138582669	-0.5618038617061819
5.653664669114599	-1.6139177921569894
-0.4804982018594267	-0.962895215422807
1.9102465165398987	2.038372667617124
1.5530731931815183	9.924469314408897
0.3421663084637941	3.028219615398627
-0.5523890618366963	-0.9469120874754579
0.2502716517084798	-0.7414181218990434
-0.35007024253181196	-0.24476939603488532
-0.44700096896803626	-0.9045025361248349
-0.23227006288594437	-0.16133552774371654
-0.49084657497140455	-0.8960190997658706
0.7661954185764951	2.8801104377114717
-0.19326943832195714	-0.6503223352219143
-0.5953414693095015	-0.8842460773402978
-0.3908180228629838	-0.36603797489269524
-0.48313765536207115	-0.9313045406551349
1.004510936272074	0.8297295006505586
-0.4320852033419593	-0.9484137708069926
0.4789979596575125	-0.09456003028025078
-0.023849965439555334	2.082759861255708
-0.5197157675892228	-0.9942795315959797
0.6386876514145214	-0.2783085114346698
-0.27105714847540563	-0.28940825908014645
1.1440792144702732	-0.5507511027279871
-0.3131604056699654	-0.8587143206095373
-0.4686911023191925	-0.9347087593689408
-0.4826941358466679	-0.9299337346438702
0.13793389194045594	-0.6989041841962249
0.2976728547339183	1.1779107508213233
0.25810083571449144	0.8946266132544126
-0.2596821425934552	-0.7409131823233792
-0.2444004464285218	-0.8319309809971941
-0.41717616113395356	-0.9800210282801236
-0.12397146898579767	-0.9163447437749888
-0.02483863199540151	-0.4534440435761201
-0.3540002304672579	-0.9189324355827002
-0.41134475589948966	-0.36677314488703416
-0.4532726704860999	-0.7785678810702663
2.0736487458876396	6.137867107299307
-0.5116601162975702	-0.9790541672824927
-0.39698618757881987	-0.8147022858208463
-0.483293889314567	-0.8684250451113855
-0.4887096559798356	-0.9897083518275068
-0.4846895245951509	-0.9961260772940346
-0.18285100893768896	-0.9649079039486639
-0.053174741721904714	1.0923000231172835
-0.3565187990373711	-0.4715026377168933
-0.12803495664624132	-0.008736651389406738
-0.17387522239006686	-0.2080087650166272
-0.4363765389354038	-1.0043595162301373
-0.17609991905600228	-0.6789755246691558
-0.45240281826978274	-1.0135154954495038
0.015531522271794954	-0.7402855969932902
-0.4117125840377658	-0.488171952566081
-0.548834701696513	-0.9808643465834063
-0.23715988836546306	-0.2466922632664294
-0.23709228566922244	0.8607309547070241
-0.27654010916425625	-0.5413260881878024
-0.3104824918897312	-0.1851130255132927
0.3343293612660478	0.6630947218400132
0.15191610138329206	-1.1699702114973456
-0.3109592670965242	-0.8364797737608596
-0.3338383501940575	-0.5681627965042516
-0.026874135267638304	1.055002586838805
-0.5287655714925191	-0.883059027187939
0.23469368503663524	-0.09331072836450258
-0.3633451339494181	-0.4698067934119987
-0.47058460826521686	-0.7776168514690169
-0.211199816262802	-0.681043532528308
0.027596405105109807	2.653157055136015
0.10751308003936262	3.1548083416652393
-0.26153334151292595	0.6712596436605148
-0.47561812648408863	-0.8085642173988873
-0.39964559359426927	-0.5604722942053447
-0.37383622193697824	-0.0806911005510676
0.3412770761379794	1.7184911571184962
-0.5124017111078695	-0.9285103217460013
0.7362863216839621	4.680118662602407
1.2750005953720893	0.5020840901653586
-0.41836082995510504	-0.7173991884577221
3.1520451572881023	-1.9438450651181096
-0.3703469573707834	-0.3060571748906297
-0.4563744829373679	-0.9043932493319836
-0.4681338534867149	-0.6786808571618675
-0.46432915910646455	-0.907453173732476
-0.43126283774220237	-0.771658080218899
-0.3942750677746689	-0.5612732183944275
-0.4383715023320649	-0.9440715221672902
-0.4829393951565476	-0.87205607885134
-0.28200748040031814	-0.18752602887437925
0.17096228778745962	-0.7015130626923791
0.3061788811960209	1.4985221582243542
0.22920859768993598	2.8184202275349923
-0.48549019718552255	-0.7712411230046209
-0.4812320687675698	-0.7099104950086326
-0.4174793372065023	-0.8468467274956442
-0.4606542925444359	-0.9058455791093936
-0.05319191802321338	-0.08876517904702853
-0.3064722280054759	-0.8033455005664262
-0.26063336131241294	0.2227971969190688
-0.4418172840316286	-0.5873450981310634
-0.4122394223376217	-0.26998612891904833
0.11849806356853097	0.24300473135292677
0.2231319049379428	-1.1784291084071463
0.6546973805747147	0.0821247622444451
-0.5103059554159395	-0.9002857366114548
-0.4800674828471683	-0.709283220834781
-0.493720826743809	-0.9103794783965128
-0.11510715873857166	-1.071636772720241
-0.36570876023909227	-0.6270237529490853
-0.2927384551925037	-0.31834225720120196
-0.4603503931018575	-0.8977014065784081
0.06932532378389322	-0.326793072421002
0.16879360244927702	0.16608217605993256
0.3435564035330217	0.36767874578463755
-0.43361842839057274	-0.6846118550239384
-0.40897418584450446	-0.933402635966683
-0.4669458500349952	-0.8541914885431257
-0.44942317084273975	-0.7747698446689474
-0.5279722766210954	-0.9765834249856139
-0.271882241716354	0.6416819899665817
-0.3745905704373213	-0.7177692227628799
-0.4321409987982819	-0.5251824784961847
-0.12198483377583624	-0.7784587650753354
-0.11698702184469631	0.2651057746566937
-0.35838917960188743	-1.0096960989045227
-0.36124146730047524	-0.5332529519375201
0.06809199198330347	0.6635857805435817
-0.29636941112579057	-0.44841319666991103
0.33859671651845263	-0.9045973401211549
-0.3200842368800437	-0.182198773027722
-0.15656823566683356	-1.038338356425121
-0.1655717345533957	-0.8368130120442728
0.11330716850998658	-0.4574813675896204
-0.4883048250374637	-0.8678112410302868
0.6961251577656528	0.7886166173312965
-0.5146817178867389	-0.9296374318842895
-0.4219335193712973	-0.7648310436045724
-0.33835779570216346	-0.119592861182978
-0.1479049285670086	0.49320673687277383
-0.3052671247018199	-0.5402601790898058
-0.4062466825577284	-0.8731257068529673
1.8724214719498562	-0.21701739720966354
-0.3323994676147766	0.07204025876904313
0.05056549597352905	2.5541886732993833
-0.17237713276783123	0.14524916675902413
-0.5373998353114963	-0.9486301915930784
-0.4612538567593209	-0.8662763703374479
-0.1486258792769673	0.945000394867158
-0.48760714845608616	-0.7077103659501415
-0.04026864600837956	0.44844113803481206
-0.17468383096674484	-0.6869001766464214
-0.475996373059423	-0.97382800031609
-0.21610225764022792	-0.2690467276208115
-0.5339030535348829	-0.9377762281907054
-0.43025698308026805	-0.7154259459258826
-0.45205404490124923	-0.9379695179783613
-0.4949322634933807	-0.9951604391446909
4.049505953700075	1.0563316029263046
-0.5198096240841138	-0.99026853729488
-0.3923144011505567	-0.4331628345292679
1.110055594244335	0.9885387966764074
0.5769367189049526	4.793200826672451
0.2716868790953581	0.8607450235291674
-0.10673002717804606	1.8044974687367623
-0.46449499580158715	-0.8705441224629452
-0.20910441138719638	0.9852514261875617
-0.29674186177295736	0.002679234952030058
-0.17294987528400024	0.7878637290489501
-0.43285448202501936	-0.9455094637022321
0.4851315718105684	2.889828008946175
-0.33823236162799303	-1.0417570540761858
1.4682001449180933	1.9245845517491342
-0.3851434265146743	-0.9395761203578747
-0.14718093293445855	0.07810911367392213
-0.2677823427276512	-0.09909141901557679
-0.42460130221867015	-0.7502684581836769
-0.37705133856460765	-0.819556967196534
0.4289814328604578	-0.4640910483127487
0.22229156696421068	2.8832053428750473
-0.1843730732846281	0.05302988477433793
-0.4747909960206971	-1.0028857565942861
-0.4114141563435284	-0.9737022926901024
-0.35189196904664194	-0.6628947118306516
-0.4411926427327934	-0.9099844539631918
-0.4421940427588655	-0.7162830682243241
-0.43425858115571103	-0.6499455545461772
-0.43478493987334615	-0.7447726822443745
1.0608743679162527	1.5212437321534615
-0.4970435797647177	-0.943711020804327
-0.39821690012911665	-0.6538584110161377
0.3463307416776384	0.9804938172785809
0.5462221021564326	-0.7595918150904284
0.042832933189547756	-0.7510525935676315
0.17173260458290598	0.7152076624027138
0.7078721899135145	-0.10489710519523304
0.037719844737379535	2.2362847873225298
-0.5622190060895099	-0.9550720651359961
-0.1550797620913972	1.0754390389736115
0.8530544727016051	-0.02402727550813758
3.975372721414314	3.662009262725383
0.3086258271882739	0.15709729399397943
-0.5190390776630669	-0.9935248023839514
-0.36010108254256423	-0.9591868491964767
-0.5455075563216694	-0.8903236008215409
-0.30793203186741325	0.1006122368636797
-0.48600915188809907	-0.9609940645631811
-0.36946247818388367	-0.37010889113175044
-0.15244479558370908	-0.7131479951425511
-0.3696454480128568	-0.6293665643075764
-0.2838575884706766	-0.4499939189913806
-0.2965502032202458	-0.5745194855674219
0.18856799310298514	-0.7169512997346776
0.6267463017836952	-0.372991343910606
-0.5052908184092008	-0.8315911035026823
-0.17397175914941476	0.21131307111813893
-0.11967913740511597	1.6468798922953456
0.0391207190707704	2.332035793809445
1.6455529763040515	0.13256921717412967
-0.4554092022950364	-0.5205871530683095
0.08509944814601966	0.8214128740018913
0.0027861918449732953	-1.0514084261295475
-0.3925910658710199	-0.6917822071537887
-0.17619777132132994	1.3660789589944902
-0.2854781008197555	-0.988085580655828
-0.4375149417983928	-0.5218182016641274
-0.40060930621613317	-1.0192925415518057
-0.12245973872918942	1.4867218739586074
-0.4082961403092992	-0.9599991206972961
-0.5235642945828696	-0.9604965270390673
-0.45763748880092264	-0.6470291840818253
-0.45906630169060925	-0.8184180214455229
1.8594668742371294	-0.8815263034041048
0.181376393620591	2.1850659368277925
-0.296518846388172	-0.6009292968399378
0.24143181697411611	1.4772860463065884
-0.44345949941696106	-0.7957765490720025
-0.5336961780264745	-0.9174233816554295
-0.034186815076536044	1.6665239041584194
-0.36390427062229574	-0.46365660646334683
-0.5239527168313491	-0.8958397200763359
-0.3318449827351491	0.04050155173252472
-0.5072325898780689	-0.991318490797405
0.088421442429775	-0.7912888714850302
-0.461499322313469	-0.7736086753000274
-0.1907760769087738	-0.5016816143454701
1.3765380190172911	-0.6242116342543248
0.514726047041259	4.80098194010148
-0.14913060077773965	-0.4663956716854558
-0.41857959448848764	-0.269223357961893
0.05905805445753203	0.6977439044015652
-0.2993495294323383	0.5166363631398159
-0.25519759337540027	-0.4239610766462304
-0.3624207037044309	-0.8941045764493173
-0.20746481465989686	-0.17100097191386845
-0.5055175086536937	-0.962210156165717
0.6394886220997581	3.9888609347271733
-0.3707795031142927	-0.30169592651810445
-0.5329336067478387	-0.9884845076928895
-0.3531588538081836	-0.40446415284390874
-0.5013112115458819	-0.8355894127315354
1.0151036128824744	0.2844230086748897
-0.4591986740501647	-0.9705442190936293
-0.4426235546016044	-0.6178434835090232
0.2335576841529675	0.020891297844229655
-0.13666374050725796	-0.4297604827441775
-0.011332943514847276	-0.1174475373870993
0.023027434244591957	2.1726602350615223
3.570956635340909	3.3414163322924297
-0.2015953005956697	-0.6226003668077582
-0.4681567657078441	-0.7599658030485474
-0.4984127291812487	-0.9971754416693052
-0.27960095555177567	-0.90043757247371
0.34822395749677293	1.6872534457901454
-0.3006121604420182	-0.989115830570156
-0.2947684464642177	0.03474010270476955
0.4457736212849164	-1.1189049453594924
-0.19629255161448816	0.6628826089966028
0.040998626999869024	0.05777908902103878
0.4080389249648672	-0.4454564207383692
0.08149629442480827	2.5196361101869926
-0.3842626951634141	-0.5973737054420457
-0.343532903777203	-0.6992552814281445
-0.45304737437596676	-0.5204967346898969
-0.40380612614711203	-0.5267487591889378
2.053674224357247	0.3037742567891024
0.10279843728161879	-0.44694907300114517
-0.5255164365641222	-0.9135336189034431
0.3598310555503318	-0.6724388073076359
-0.5187215929792809	-0.9893462576406417
-0.5057301412279965	-0.9939030530907345
-0.2217589863497068	0.4089305565662779
-0.164172602580067	-0.6831986106443637
-0.047059074746523814	-1.0588290544592998
0.23990958356482242	2.5980535416332384
-0.30779941437241537	-0.7687363191680752
-0.5174235152406989	-0.9291277739841021
0.059162617475061324	2.2339829504481474
-0.5357759539935272	0.05031002294084382
-0.5136315590687149	-0.9310745468952799
-0.2049516484808269	0.2786332957542997
-0.3155921776391481	0.03901563174871359
-0.4459493614595391	-0.7734945833021143
-0.5137060725709012	-0.99422242939193
2.2350123087332228	-0.06821684633740444
-0.24058505751938852	0.7334087943590493
0.1958987574720644	3.336480142160068
0.3536671689232773	-0.3729335451040942
-0.40019909333337594	-0.848276926965954
-0.12118136776053552	1.1030805891410371
-0.4844215191348993	-0.8290632318976632
-0.04257640477790369	-0.6753219383880347
-0.27072087726404426	-0.8519550140666209
0.4399034455895671	0.21451731193135237
-0.4865386106375726	-0.9277457350542068
-0.038809136265257116	1.0940660896376904
-0.337582787823164	-0.9625468775407788
-0.04203993829490433	1.3168718557160288
-0.49230351346026713	-0.9280656505869901
-0.49972051757062586	-0.9321751781097016
0.23196817393770738	0.14809969224304845
-0.32933951649557175	-0.3114016185768018
-0.23289142404702806	-0.45877259279336663
-0.428842854944782	-1.0095938504621875
-0.015512986657608335	-1.0720688297646808
-0.5523418792488455	-0.9807555651758794
-0.4474742727155343	-0.9001301026577158
0.6897839020937664	-0.858519522698409
-0.39788264528396244	-0.7580098550683733
-0.3688121374986273	-0.9082927281670081
-0.45065612512743425	-0.9390911557682492
-0.026171831641365207	-1.0805219955582663
-0.3038509288519931	-1.0210654685226201
-0.23591713765383351	0.28378245512866873
-0.43005448326361234	-0.4282453566255714
-0.24038285923079863	0.09418985362030671
-0.08177593108847048	0.8083113083858562
0.21139454626740672	0.7719970135577412
-0.5174262210907629	-0.9553179872362215
-0.33174079264672884	-1.028780167956746
-0.4925934832164145	-1.0003143446884042
-0.3712026073158808	-0.2417501545193
-0.38279431834499766	-0.6526768573360927
-0.2960820173461386	-0.5967056199354208
0.3245009562969936	3.161317812115576
-0.09683534149540125	1.6114273988940357
0.5656656067021709	2.6582618806048384
-0.42068700316067364	-0.8162914856879675
0.8349048196473445	-0.753205695231497
-0.22328899141093253	0.6990593850444687
-0.46431270408426684	-0.5838505015447697
-0.5082194813373638	-0.9265230367367738
-0.3722317380966763	-0.7966664033244958
-0.4677916537557296	-0.8095678246361603
-0.4740298964332463	-0.773200052378859
-0.14287843089474395	-0.18853288846351682
-0.35070576220401567	-0.24213217180883562
-0.48323695509625675	-0.9348544249724821
-0.481122973575115	-1.0029266983268608
-0.1961169227555819	-0.9657709818394354
-0.3975159560358001	-0.5570011031024286
-0.47114032717598114	-0.905470410446232
0.976070899761523	0.6424960123340633
-0.09215855810952368	0.8734973654431368
-0.4719095963459268	-0.9080244716363655
-0.5169260114195974	-0.8830092443474281
-0.20451061449227487	-0.9950908222131243
-0.34670117485128127	-0.9307162436919176
0.757146969142643	-0.8317453270304865
-0.4583824261378071	-0.5513254010564049
-0.1454139922569737	-0.5463204342567454
-0.4666936410896297	-0.7408445511135133
-0.47741028094386684	-0.7107270822811558
-0.07637916319748134	-0.9252471023194355
0.17458273795905704	-0.08892727758080976
-0.5219435378270206	-0.993264006752681
-0.4250630110122377	-0.8261999929336615
-0.1276951711947936	1.0726751382730697
-0.5829810687680742	-0.961682201644301
-0.5256681704518354	-0.9220314076401671
-0.20104864814798057	0.08537775157794829
-0.16680371842941552	-0.6131621735917105
-0.4395239742000902	-0.8102317766885765
-0.4953044875461553	-0.9333771597256368
0.763396933329	-0.7996224847774697
-0.4951191046972348	-0.8652900598024665
-0.4403076136382825	-0.6188829727990905
-0.32306478165250146	-0.6531491800192081
-0.3298569531330695	-0.05469502063613591
-0.4772118671209668	-0.833661320594504
-0.49446823693856756	-0.7701971386562184
-0.06170948450875403	0.8089982752981484
0.04316763004818993	-0.011647069367447738
-0.4123421108676735	-0.6220234112728634
-0.09149573411140384	1.5151518897650165
-0.4442463556357622	-0.4894636075170604
-0.5127691914097697	-0.994578229112161
1.8375001967226863	2.337560059356652
0.025845646266454008	1.9806494514774438
-0.29656769461732685	-0.47531080740819054
-0.4901414446208282	-0.8053168591223363
-0.33059063984856146	-0.5374677444177817
-0.40079222945906134	-0.640895480245548
-0.27787757806037244	-0.2544038762958302
-0.466833571154894	-0.9072473820201196
-0.3410192448478207	0.1696496012334366
-0.2300119781367659	0.05970513153813256
-0.3197303051955608	0.26303702161308345
-0.212045422569064	0.3803776598570501
-0.4545199904504095	-0.9050311898284075
1.0491994334403911	1.8396210770717116
-0.47292740395667926	-0.741537666995212
-0.122006363384979	0.4932088819538455
3.6749807214596606	-0.02548284946001687
0.3806665834393948	1.133726820453231
-0.28941430444265753	-0.6955071259879534
0.2592088785055655	1.9493285206114472
-0.42415648555485813	-0.7478546301033208
1.0288502322155675	1.628772015955129
-0.481689381946342	-0.996663821357791
-0.2526033483113789	-0.8796728763177875
-0.14132059781945963	-0.24389532380548304
-0.39341503674413136	-0.8123984645719149
-0.10653098258570895	-0.630659997759636
-0.24727975687240142	-0.5560339090697716
-0.5349977091307434	-0.9041426216266236
-0.42616780229964796	-0.8157995982756185
-0.46274724713962206	-0.8089126991144854
-0.4092137597277431	-0.9851748936217141
-0.4748157495254038	-0.8582940498488535
-0.5083775831980374	-0.9593018567854915
-0.05885195844589256	0.2897348431843703
-0.43490066148873524	-0.7160573860560335
-0.38664395098363485	-0.561336146758172
0.25597744028211916	-0.9178370468289898
-0.3551486272681133	-0.2781203093893288
-0.326358813741898	-0.8467989793563742
-0.1217491245234459	1.2308281832934413
-0.23376763584714194	0.8928663596634219
-0.4882458465697128	-0.9021189609893332
-0.4268388128354097	-0.7834593913489012
-0.21603732525176167	0.5393055102764532
-0.4699207708029032	-0.7117699656343796
-0.509254840439758	-0.9659547305543301
-0.4913336338514737	-0.8644619932753552
-0.4321250058484803	-0.8746788496501819
-0.2433391614260257	-0.9165536493286
0.027443295785602086	0.5685791657967803
-0.45992375311426187	-0.8422505701915368
-0.28977379877374704	0.19430634069055416
-0.3464519180927109	-0.8319539122886911
-0.20773550674034566	-1.0052456754926988
-0.42633131074221237	-0.7229997795983192
-0.4474347829948589	-0.6189721918661669
-0.10882949734208784	1.6135490313078833
-0.4321071467491238	-0.9119977180535431
-0.39664228248492706	-0.23971176969486252
-0.44813098497110904	-0.874957351588336
0.8066039428305324	7.61310419678356
0.00023840429645947378	-0.8695065505237242
-0.4635370616026391	-0.7143966410257412
-0.11594820348616362	1.3261004714263789
-0.14495187473708604	-0.990939966492898
-0.3695509052491942	-0.8637714244780718
-0.3361294308064183	-0.8768173740954122
-0.44668833435523037	-0.5216452149058806
-0.40059296478323353	-0.9846118051717224
-0.39449078680550076	-0.8801937434480539
-0.41995802028546747	-0.3966412547518686
-0.3805187672329019	-0.8475772064541137
-0.49854674887387646	-0.9641132173406253
-0.45409579971912134	-0.6836349230275433
-0.13521967150557496	0.4607038440141794
-0.362078081631774	-0.600488957176753
0.13011455437384156	0.38697417472614276
-0.4367944787991218	-0.42728590779448133
-0.49677915833009917	-0.9008279460027331
-0.28426190778902216	0.2582258992761943
-0.4919051933950046	-0.7652529162937416
-0.490479434007406	-0.8564705624540355
0.19600001061133124	2.8248585403640885
-0.24435512388667027	-0.878620039561408
1.7575538072720707	-0.83218790841285
-0.5468084550376455	-0.8377928910604796
-0.30965887430551586	0.42258757688194903
-0.378293450662895	-0.4652365380070167
-0.06007572127277026	1.0939679879451703
-0.3730459812677956	-0.7029284882081093
-0.41276349754820646	-0.46133221268972474
-0.4792087800069371	-0.6763253782724736
-0.5194919860870744	-0.9355524198957693
-0.057169068692737274	-1.015462776993872
-0.4269754740831641	-0.8376865907989102
-0.24260181087732557	-0.22691994233795562
-0.43434426018937605	-0.5798166230181503
-0.3746880454679326	-0.8173859442571757
-0.4460356035109304	-0.8748285596475474
-0.369771110232857	-0.43892837164453746
0.39543245631839735	-0.28244277259710393
1.4163861884379256	0.5999071740910313
-0.4382721073340545	-0.7456508566145789
-0.39551530164405896	-1.0061189838185574
0.2443141679077257	-0.9720958578292482
-0.4059850143243318	-0.9139195630689584
2.8601506410296564	-1.1151514528660607
-0.4513370680551199	-0.811626562948671
-0.2714318953997805	-0.15610459363260978
0.1465816944010444	2.256081257982504
-0.36287768658881553	-0.47012861748520135
-0.43543335428752744	-0.74745371457057
-0.2146470748714618	-0.8887025302451436
0.45031305691558005	-1.0551382702091596
-0.2557643619780832	0.8629351833192691
-0.14976793148748932	-0.9807670710696357
-0.4609653600113511	-1.0000242975314997
-0.16080390383786053	1.0436388867443487
-0.5326502148038312	-0.9450326738946435
-0.2039410901480488	-1.0787918264285872
-0.10994500498866483	1.7732870674974917
-0.5142485989224137	-0.8423248751666514
6.12177442095932	2.3549653828408497
-0.46665620970485083	-0.6796010247820954
-0.3291824759231582	-0.704096064238764
-0.3624566472748158	-0.7954011195836949
-0.3050792015200414	-0.44280501146187445
-0.3707603497530548	-0.6007355669931025
-0.29884970795615134	-0.6920843044448999
-0.5715420106800801	-0.9099694905318133
-0.49082337789614344	-0.8837875236272751
-0.3916984544951732	-0.686367859623864
-0.4919007536797658	-0.7730284096090382
1.2473771566675989	0.3257799445825663
1.0477549407954279	-0.40394910256379135
-0.005293806703884338	0.7426071180424793
-0.3998595296335184	-1.0009021458231193
-0.28608480763520777	0.514891372375636
0.24628379041645232	0.11259604090875884
-0.3249611629020068	-0.11926602047954839
-0.3331953413381527	-0.6312511706824588
-0.43600776003670716	-0.36263056102641633
-0.4728849089806521	-0.8739364182988316
-0.4417229101864761	-0.9443594708662908
0.05789400674141985	-0.40469658731780206
-0.5427398141118788	-0.9653768402294973
-0.37722572638330293	-0.7873108492923304
0.05378428000460187	-0.24174486827316263
0.3182117277264239	-0.691125166200254
-0.4243388907694763	-0.821202402367651
0.018002448119826236	2.335489197091431
-0.5004917220828766	-0.8929510624809928
0.11868652440923046	2.5133179517218975
-0.1006038385533034	-0.21799049070460377
-0.2366435083012868	0.4770834915945421
-0.5151480181359225	-0.9602864903011366
-0.489724539898729	-0.8150152486483584
-0.3574970837606579	-0.4682397176488473
-0.14786492948199342	-0.7975061362183828
-0.4462183503220415	-0.7897849075028186
-0.1430805561286622	0.8814586224086655
-0.5159207200651742	-0.8903747619938929
-0.3936301281846498	-0.4311055207257882
-0.4940853343981821	-0.770161525638681
-0.3618313988990307	-0.9674254252766471
-0.36087139981760263	-0.4728086866733941
0.05474950287600567	-0.6745668854792697
-0.2824143120201192	0.09577716752868823
-0.4143700753222766	-0.7913043450216573
-0.37295681462578695	-0.8176007356082676
0.12628625782474656	1.4583353635013916
-0.4000683785325371	-0.6054142600285997
-0.5134483844511845	-0.8506615653649823
-0.4706613634358652	-0.9614280440273818
0.33033414186118093	-0.7546910913731476
-0.04145751778461063	-0.5967160474606233
0.020103196409906574	1.7933537081806477
-0.6397678362889246	-0.9220010888212749
-0.4411595760224879	-0.554188260254924
-0.21416683926156319	0.248817643330911
-0.5130980478767184	-0.8926826508546195
0.11047049388889253	2.419114679548599
-0.07059874129587583	-0.6487467097375935
-0.5231077136412396	-0.9411594860742926
-0.5671850288213497	-0.9653954928313859
-0.2968071605054885	0.29166929634730565
-0.44499371992282527	-0.927606855979424
-0.41589252065206467	-0.6244868912621645
-0.22883701072420057	-0.9372674703553561
-0.23850498298666628	-0.2623644140452525
-0.4933156897256299	-0.9331265120769905
-0.15833652503354753	-0.955553274239664
-0.4362250990547062	-0.7775796521065216
0.019362732737271793	-0.4662636298206325
-0.43656413669390165	-0.5556270611176273
0.10516024545987013	-0.493745692508785
0.024378297168340942	-0.7072972128405327
-0.4368869592305935	-0.8748198663185871
-0.4229519189180087	-0.5208725464100319
-0.4521013554494237	-0.6721558021846569
1.3165797242870796	-0.30676667524917384
-0.46399416726712495	-0.7116545245761751
-0.49031644777588257	-0.9624310455017406
-0.15949708395820245	-0.2637552651186243
-0.46702394088618165	-0.9678789540451341
-0.4665682853907876	-0.8073729108169586
-0.03328502009768787	1.1563284013924517
-0.35888741457838685	0.014492998820282469
-0.45620180177883135	-0.8040819101735587
-0.39005283805098556	-0.9115568641909041
-0.4826757070461343	-0.7094885951910417
-0.44246459008215194	-0.39446066103036415
-0.4794459388860292	-0.7406916871884806
-0.46440876993876407	-0.5509845485419174
-0.46868990363010715	-0.9946118329506042
-0.36333018294445696	-0.6916238753016698
-0.4996914573131132	-0.865354751530505
0.001647219916127562	-0.26214097283065135
-0.21697568228407813	-0.3875814488186081
-0.3714596814193465	-0.8113932196021376
-0.409789961210764	-0.845871647550424
-0.24083779101376762	0.5438350367655017
-0.007623106642894777	2.3682150855563817
-0.09573235253389883	-0.7852042594110178
-0.23347113936223757	-0.8132049439334268
0.058272981871310296	-1.1070038545553604
-0.5060778075248434	-0.923881571307026
-0.1074255423123762	1.805047163435119
-0.29611967474128176	0.037265735150539964
-0.2154103089964725	-0.2583242053161468
-0.40767757094394863	-0.3344988869405265
-0.26598038862099976	-0.5481838642603646
-0.25649706623061763	0.41503028716704005
-0.09370471452470044	0.42492479697128793
0.7728713595035461	0.22342640697825286
0.4173587987325399	1.35638578903415
-0.37923855155805014	-1.0206223138728292
-0.48907497142272127	-0.8039318276472807
-0.4759206668716426	-0.910984631247508
-0.48041777297732985	-0.6777336810559799
-0.28051609931079613	0.3548402790317328
-0.35302122573851535	-0.1481180786682122
-0.17118071356051817	0.9803867586653346
-0.12728767690811352	-0.9752204291065197
0.5892222959035834	5.751771373050659
-0.4813132903786716	-0.8075034176227297
0.3359362031423956	2.7100054974173156
-0.3774498008851607	-0.530259708787764
-0.19670382540038261	-0.4614370071497207
-0.1990169120367225	-0.19784524885839788
-0.3608276219589416	-0.14642200705668443
-0.4956474435349647	-0.8354778890641409
-0.5070425952516787	-0.9986307574970889
-0.39767520646817767	-0.8905049004644319
-0.4193312953498577	-0.6232600991247672
0.7548493202013957	1.7065387582401672
-0.49881746763576296	-0.8663725836601877
-0.26863579604369603	-0.8827662122658048
-0.3055242803559575	-0.6459019217880378
0.25137395923934575	-0.5901406180028382
-0.2487311396602029	-0.06673437019762421
-0.3736082245641548	-0.7326101079353458
-0.2914813785713976	-0.582657570761851
-0.40178538094175403	-0.71304042301804
-0.37949914494274817	-0.8903079515158793
-0.2587224512625416	0.5749196363684163
0.8564151999345067	-1.1167694490995506
-0.3728396861787568	-0.7319495993071065
-0.23853287526353925	0.8609213179653806
-0.456087697300836	-0.5518516577594106
-0.26522618528794545	0.06913907422775083
-0.42063566177418293	-0.7512081504827213
-0.10254467408868698	0.7160409940019464
-0.4932706140776756	-0.8685261029356144
-0.38047468071620927	-0.8540885968187075
-0.43255344983511546	-1.0145792047968007
0.5622417671587351	1.883204576368121
-0.4925072026460886	-0.9336600101312637
-0.4366073104050527	-0.7136771179412028
0.4826037005896496	1.18850249772229
-0.37019580933243873	-0.9993380995061649
-0.3928148424528247	-0.4809415100541114
-0.35080562320544656	-0.7638656604795326
0.31750392186087045	-0.38996347141778454
-0.3968175828356737	-0.369087025089964
-0.045825548037217924	1.6038332712413863
0.16690004889292492	-0.7105248867516447
-0.06407304450222936	0.6141163535532141
-0.29012947317829724	-0.11427529215128404
-0.04965425709811508	2.341938726875184
-0.5241623359311393	-0.9616884938689506
-0.36076701280435364	-0.43580711825439533
-0.38091939211853426	-0.7258695720703043
0.060834567016126315	-0.6976604686163261
-0.5382484191625473	-0.8769913121171553
-0.2997771957964135	0.07074452520068136
-0.34971185857663273	-0.6729695872847232
-0.34053402576135755	0.23343439712380012
-0.16009249308520135	-0.640280621205208
-0.4224157337203248	-0.913294858514874
-0.18282639990880803	1.2059945114546102
-0.13174346125579198	1.2624151845137372
-0.4549690071803642	-0.9996089300213502
-0.40351636526284707	-0.7323926426929732
-0.3864924627747355	-0.20928216238645594
-0.45169127142222515	-0.8024648798465115
-0.34130277085433625	-0.33617569683230386
-0.45612909767600035	-0.8943379760589254
-0.2522819724222448	0.48004220086414895
0.16541116617352378	2.410266803423665
-0.4558621676288074	-0.6497705504967256
-0.014143003579602485	-0.9787893841527202
0.13859750096646117	2.3519782681289616
-0.3625013256782494	-0.3424214499803201
0.35874963053043585	0.9455860677060289
-0.4539795226730652	-0.45678282527700725
-0.5472830461152802	-0.9411039532339718
0.13517672938441933	-0.4190328523418402
-0.29184228857957495	-0.2574395041867617
-0.23981573362286604	-0.7536940002804096
0.3220908123529867	-0.8988377416027757
0.2594011169681163	3.680367645547815
-0.06934624750608945	-0.5064585099918365
0.1232899940257203	-0.9571476499758529
0.06512757330668445	-0.9029441611841453
-0.47589680409695384	-0.9355321782564588
-0.5148587038449255	-0.9518972225472732
0.846790989052796	7.128382305480583
-0.17057002742341618	-0.631075722401837
-0.35807048195889746	-0.27797996950008574
-0.22071459007455219	0.020523418083146477
-0.004394727249121056	-0.5845251030205564
-0.37451180406839146	0.07766416316444495
0.613532356662598	1.72394657086626
-0.5138630067158849	-0.8920022792255365
0.1393680301603202	2.5758740165506024
-0.18531135451642472	0.2444525932302665
-0.5114810984159752	-0.8613379127882103
-0.18533741732220346	-0.012651913481211868
-0.07222657303569247	-1.07077041188365
-0.23809718144012437	0.8294832367021181
-0.3255062940215795	-1.0430880785805154
-0.47275354992311186	-0.9701731990899886
-0.12445377454562469	0.9426998803250056
14.473400389551243	-0.6095055106345476
0.33697287632730827	0.06457034672068944
-0.2893985764738289	0.1638341308367699
-0.27163164601859247	0.6095913825332171
-0.38569700738125134	-0.8843276477254151
-0.43736243609017167	-0.9406003260911364
-0.3984150164367575	-0.17584019403910106
-0.5256508526232144	-0.9577484143031423
-0.3910682290525476	-0.3371081156081261
-0.3990661595267566	-0.6594926021652207
-0.3942575483021222	-0.17434540194403397
-0.47732888693486125	-0.8592001748186419
0.5721822448682615	0.7849403505233713
-0.41461548532321535	-0.2690136740585164
-0.32347957256092835	-1.0169194416880514
-0.29755348780311647	0.09705146493184136
-0.1800836786477027	1.2691268368183128
-0.4414352655155495	-0.9652317221434371
0.14805421058249799	-0.681333339043044
0.12167814288272337	-0.9582959540135682
0.34843177029129757	2.643623356894829
-0.11188311707740481	1.2943147907987886
0.08990285295308677	2.196303863696859
-0.5321460452768075	-0.9900053858898937
0.7331940537861876	-1.120090310170488
-0.3206356545987571	-0.7340592960048243
0.06896834137144275	-0.0592396944442337
-0.45955189789829365	-0.720652793034056
0.8859065764722882	-1.267698936053878
-0.5450315046618625	-0.9478508330494206
-0.23048292947560514	0.6998939938557395
-0.22020864555032332	0.731254108681175
-0.1784418239798977	0.6615133365397273
-0.04495797743999612	1.8605220715704103
-0.4391964752687757	-0.8422559761254842
-0.5051278263957747	-0.8625696320928785
2.1446525069943663	-1.1719842342978501
0.20941053197808104	1.6390726438825685
-0.309655806367499	-0.8351242754651376
-0.16300939759607183	-1.0767063086826518
0.5266989954992751	0.6394495572454492
-0.42202642965793397	-0.6517523720450237
0.02717938076524613	1.9488576472156454
0.3964788944197716	1.9034280289037113
-0.06550221955119802	1.5117895690647147
-0.5959418114266352	-0.9423169312024339
1.7536049498098472	-1.6163844491422312
-0.02561362343998952	-0.6476557234612641
-0.434783814760485	-0.7446525267312438
-0.5070500658503309	-0.8289314547934608
-0.023590968226056348	0.20369576440214354
5.668339998310992	11.636474648354039
-0.24928516917815535	0.09323580622588938
-0.4717055362811241	-0.6797239400127534
-0.42726790980111207	-0.6491817935228532
-0.31621094924078014	-0.8061083616166362
-0.14380836454582016	-0.6020222037000907
2.068943096396959	6.706680952553421
18.684110869478896	2.2076736715212157
-0.05846887556342143	0.7396510237963583
-0.34628629702103375	-0.913602860049267
-0.2684375615105983	0.5136165770785956
-0.47174598150459407	-0.9017281121290721
-0.07744987745078209	1.1643404887746658
-0.3017139926986786	-0.7230259873561132
0.5407516241068878	-0.3108634158207094
-0.15983316814586637	0.6933261800679235
-0.20134592826050995	1.111806775979878
0.05153795067862843	1.3696195810216445
0.5692877252076621	1.397021544286173
-0.5288403716962897	-0.9589759221415443
-0.22519980905726683	0.2193104318264081
-0.4735813436516381	-0.9653370761304062
-0.48320077421226293	-0.7425299659404988
-0.3171056913781266	0.3578153780007647
-0.4274792352879698	-0.6833144737675111
-0.24865548027182818	-0.4538646192851017
0.08592762395309958	0.8852725416027915
-0.49157827756923234	-0.991481250294753
-0.3403627871142296	-0.7931399836860117
-0.5321188238089116	-0.9154324195276595
-0.5191091311174849	-0.9723004956591634
-0.39591023497068123	-0.9928203413043888
-0.4036893902539925	-0.7778068815022297
-0.39094527182468963	-0.9202041429585293
0.22422529987684467	1.1579275673852438
-0.4905851974464869	-0.9959977030845035
-0.24427728200651577	-0.3182378505421474
0.25346044822626446	2.564170646853567
-0.5057248998360349	-0.9660174775060557
-0.4935108093188613	-0.9873041133191103
-0.5207212518005514	-0.9934583574813055
-0.5108751791618652	-0.9292391174769598
-0.5392996453695822	-0.9158593507070755
-0.4314451228314521	-0.9752246632875169
-0.39812018184727055	-0.3671921058037467
0.15606520184084868	1.1343228239034118
-0.46250004788919596	-1.0130205461902584
-0.24050201381229241	0.25432367803891875
0.3825560185562694	-0.7208226987051443
-0.4051187744239536	-0.3368745150920928
-0.3119276833079879	-0.154640696760188
-0.2135899829270964	-0.16342069226324923
0.6122423851869688	0.9754763935839217
-0.4904447857318592	-0.7718299153524587
-0.20847365575350754	-0.9293450442172964
0.03271431388633729	1.5335187721883805
-0.4202497013939392	-0.8432816886215274
-0.5438650915342301	-0.9752240626275633
-0.3989247788399942	-0.2706009574522156
-0.29156466125592984	-0.5455548321752377
-0.19557400960867397	1.2074013211358305
-0.03253720377411107	1.7008919282752095
-0.4138038421483263	-0.752476232398208
0.16371473594335892	3.3081903280614955
-0.4136150997267946	-0.869370077542809
-0.4870664846432466	-0.8330795544876425
-0.07619409438263272	0.03471482928386719
-0.3424245883722591	-1.0462172536204624
-0.1386943331512194	0.975928521604623
-0.4834648064099841	-1.0030919613740372
-0.4980902166875744	-0.8991608321993211
-0.43867865045870985	-0.8808277241472021
-0.348459548382847	-0.975558136086818
-0.32762563669908357	0.23237802797794807
-0.2508848335141359	-0.9683628491766202
4.338763635302394	-1.0857338176185927
-0.47758911766199424	-0.6771962587090794
-0.5183414968804546	-0.9246386595341574
-0.06060522218853933	-0.812782341321997
-0.44112896546277597	-0.9406470887083171
-0.3710350275594788	-0.8514918904486247
0.510317026410244	2.2431255715797658
-0.4025305901200886	-0.4644854753335719
-0.36608948951611475	-0.564034404145346
-0.44916324787336886	-0.6129860338731922
-0.46070784041865576	-0.9702791029532719
0.0028508764934573323	1.7270992784404986
0.2211012382168475	-0.9725461062681665
-0.2579238397416351	0.38567455122668787
-0.2792182048883843	-0.6168246662821844
0.7585156346692634	1.7003461515380458
-0.499296253300859	-0.9595234633849027
1.398759190307616	-1.1220675238314233
-0.4594722957574784	-0.9044394016388912
-0.4012632615413998	-0.4959440521547335
-0.1598631296767676	-1.0708833028567866
-0.4850618791723674	-0.8004069089186278
-0.5378965667370881	-0.9520923606534785
-0.5405326363998929	-0.9880532281334319
-0.5127023289287388	-0.9566533016400187
-0.2977156800876569	-0.444556853275176
0.16333868012127006	1.4826812782289123
-0.4799722155610132	-0.8401723786141859
-0.3888148701724703	-0.7165776566606401
-0.21090704288157597	-0.5884165918678578
-0.23578025487083315	0.12456796429608587
0.16540576251322778	0.1301846941619766
-0.1348471755166269	-0.8677891428482404
-0.18559489168111698	-0.8350605582555207
-0.4262020474162169	-0.748634808295201
0.3234901036748872	2.6480346233593948
-0.40699240525667396	-0.45999765857965613
-0.4218923125654641	-0.7770273791641096
-0.48872349259767306	-0.9981131007928085
-0.43614620434087015	-0.6218126425481149
-0.4241980766833603	-0.6160274494681424
-0.4784296073855912	-0.8398507971697105
-0.4941814540860424	-0.9805156164929785
1.198416585589524	0.3210307486297583
-0.43414889526344513	-0.8503686008132073
-0.5003503966090586	-0.984911988970336
-0.5106207054157258	-0.992976060912867
-0.47934689000498565	-0.962843234558864
-0.12150327256484934	-1.005744562082728
-0.2512927400681724	-0.9160145369440246
-0.45121678559559075	-0.7134725994560124
-0.47408139501584684	-0.8068914843193179
-0.5071124260926075	-0.7976675132433826
-0.043968551728121606	1.2214331014694613
0.5334615222597658	1.5730613569275784
-0.37067086828547513	-0.27606809840836716
-0.43680471659738973	-0.6819848598026572
0.21340063242493093	1.9293759253318072
-0.39282963170317087	-0.3038145245066014
-0.5869052558079506	-0.9123251223831905
-0.4715546394204867	-0.9965672967839829
-0.5547729409771458	-0.9728091338766384
-0.2380929749623061	-0.41235152084460236
-0.3234574048496734	0.1045145807004513
0.25642728090058836	-0.7596088678779869
-0.2639198437861826	-0.09974737523495773
-0.3668850911976871	-0.43597970877446834
-0.3696995135549826	-0.9422496828768085
-0.249656980631261	-0.7773282999944696
-0.3706193684382838	-0.3725672926508876
-0.2858606081142628	-0.12934190225487852
-0.30253742236788833	-0.6062025491902169
-0.3622705040043785	0.2040660750821754
-0.2068172489826182	0.08434082843438949
-0.38980441002699245	-0.6236133928519163
-0.47793618357991874	-0.6773001783198908
-0.5111697699041092	-0.908110096774815
-0.286974618456076	-1.0065123885158382
-0.3720970919844806	-0.4877131936331827
-0.1884214941108925	-0.9211208549267831
-0.43320699521221556	-0.6175728369121605
-0.38559802159251827	-0.0817103112081396
1.8370571110782221	-0.4126329635217217
-0.6577777696971348	-0.8507770023064213
-0.5568651821107042	-0.9749959614166184
0.15204598985435228	-0.13718723938520055
-0.30596641569305993	0.03646106735773417
-0.39948207942510444	-0.4318798107632344
0.48276447291335284	1.064803723731971
-0.5505592315033869	-0.9834602676232341
-0.4100043579679741	-0.6554535798392436
-0.49178500210122567	-0.7695679524380141
-0.5316843921863101	-0.9259701906710466
-0.14154992336996866	-0.11765462079888397
-0.44512300420380624	-0.5861977364374658
-0.3769736339230148	-0.9084395760968635
-0.13424478117205763	1.2964911862793502
-0.508032883923134	-0.8276762936037487
-0.49067799342831464	-0.869383006803013
-0.33560790984222333	-0.6959268885374591
-0.3650608286487538	-0.8564807929537743
-0.4299548302335761	-0.7492546670087962
0.3104301351070246	2.8426604426009363
-0.29237000612970754	0.004642650100074967
0.07970572821738334	2.9349726558927256
-0.3929719730308997	-0.2718480366441652
-0.46825727787560706	-0.6783529057451959
-0.4508813515834676	-0.7475045471577186
-0.45192104607002986	-0.618582399137384
-0.389670962501285	-0.4030669219048508
-0.04458062452710491	1.6052401274302732
-0.016325114826449695	2.2423655901439714
-0.05893226670707483	-0.8874221239303981
-0.4873329707545945	-0.9994749394114281
0.20802304355475493	-1.1052126437838397
-0.5107859255661392	-0.9638068739643036
0.21651279737201737	0.22554353173687816
-0.383051914263408	-0.813205595730341
-0.471295469486619	-0.7736892117967146
-0.41835079249984647	-0.9701015784366632
0.17056114925552612	0.194478448429096
0.8859919404791963	-1.2809228374045578
-0.3585015528191064	-0.34251512109427623
-0.40837244391397604	-0.7182001049522894
-0.399956359689338	-0.20752760705012976
-0.5239000022350123	-0.9571492843600246
-0.4078374153668724	-0.5892633504463751
0.24156634274688774	3.6180602432997526
-0.45094478235988594	-0.8347156962638587
-0.5222151886342062	-0.9620434486365456
-0.21858354432136187	-0.7200734710925273
-0.4855201539509048	-0.8045825897341253
-0.5215404149138285	-0.9269708736827234
-0.22107947607248224	-0.38862759065697927
-0.2809884664462366	0.35383264487382093
-0.3106957208159991	-0.027206200717502037
2.3001610258471996	-1.3598175197983648
0.43653180864718677	-0.008867395745571714
-0.24365417564370231	0.1917341265183847
-0.2110060154589645	-0.39579863283211913
-0.2749375927810248	-0.22450010773882245
-0.40598739113343707	-0.9288049233896469
-0.3366756054151148	-0.567172135042988
0.07333889146233949	-0.5769243261268816
-0.07704781684854702	1.3226746225453807
-0.23965704106900448	-0.2586164421573504
-0.28736955847398826	-0.2518442344649636
-0.5185245165001736	-0.9569559126424674
0.14496020296664716	1.2229609455583021
-0.5370190525910155	-0.9900943010603164
-0.5098037741781533	-0.8985167426454528
-0.08700337983556526	1.1301159018692435
-0.4540065819914638	-1.0089476137396984
-0.3242939721893399	-1.0015086482790116
-0.5143139602766215	-0.8890518674720003
-0.21790203423941487	-1.045928654712396
12.823524154253805	0.6255096560969989
-0.45542470999932844	-0.8462472227455982
-0.2634353156871184	0.383066006406502
-0.49052094745650526	-0.8363517733076251
-0.18551433528612343	0.21175284112736426
0.0018060670530565073	1.0840821004979058
-0.36187171686151476	-0.5967661953721531
-0.2911236354671731	-1.0431901751927153
1.2158771630529852	-0.9456469173034917
0.9742942125736828	1.9768404006514577
0.311865151476273	1.110243447642728
0.9196629459768317	0.393511431601964
-0.31140919983516946	-0.08376744334365803
-0.3952791553278387	-0.495878084249601
0.02653020105260003	1.5003742546002452
-0.10532687848551966	-0.511771151491102
-0.44886073439154417	-0.9367205785292798
-0.3195746456015214	-1.0422688545049474
-0.2122359090518507	-0.5279756676433168
-0.3719076586372998	-0.9164462904129458
-0.39364457918552603	-0.3005787753538151
0.17592391720566639	-0.36123859904950106
-0.027646643846766926	-0.5418928195086027
-0.45746661191862914	-0.5206473210139686
-0.4875839462233115	-0.7082045060264243
0.12945943456196748	1.968359611109951
-0.5144615355057193	-0.9230412587107913
-0.5029110581275313	-0.8025679925390928
-0.39115913282135767	-0.4327205157023216
-0.27355138230633447	0.4806686081979835
-0.09256579020805467	0.8079455965953994
-0.5093221815932717	-0.8298513096110437
-0.0030148875850117864	0.1638558989817529
-0.45446421117367203	-0.5826605150724325
-0.20847938943355773	-0.4598066434656478
-0.47633955868047084	-0.6779989995488211
0.3976040283264337	2.608608347747314
-0.27603845346657646	-0.44803173643052596
0.2171016577133874	3.4307564925275975
0.3968876368228633	2.5783439667967682
-0.1535442024463438	-0.6336863775002215
-0.17776410945344914	-0.6277590322033132
-0.4189663123042193	-0.7754588229306785
-0.189828379249748	-0.35204072055464336
-0.10641203846070436	-0.3664908304226576
0.871854372805003	0.1519134600354743
-0.28849399286284033	0.002652738519716539
-0.47140486288508054	-0.9702157206101276
-0.0038182167054037004	0.4139823974958264
0.029310730521549717	-0.4277158944478654
0.21699759700713486	0.5114209883403157
-0.5206545220482433	-0.9931746403957179
-0.15849334190595896	0.7882981123247518
-0.008919127806632737	-0.37451568114391126
0.4524839097237154	2.952243464843362
-0.35107273700107006	-0.361133847896731
-0.5963332076186395	-0.9121058637342067
-0.3057937874896248	-0.6637032267486935
-0.32313995139345475	-0.6994064137851376
-0.342592456841102	-0.5041051193064706
-0.42779450113491463	-0.6203237769139803
0.6448163351651697	-0.40019163046751793
1.197535687386486	-0.6509621314235908
0.2901583386786067	4.5729289718007164
-0.48297000485174724	-0.7400878549794022
0.259557717294474	2.945547924396008
-0.5035108583074204	-0.8337336354844552
-0.45679964007156315	-1.0005360243207029
-0.41743309257229266	-0.6212571261134692
-0.4241849813478682	-0.5557015757974711
0.04983627178268386	0.08379482907488349
-0.0677516427612944	-0.47619978363129234
1.2192680101223137	0.5992400811968754
0.7379333409293107	-0.8677351046156521
-0.4778217475555173	-0.8957871640312342
-0.33951359961808053	-0.6959370951439254
-0.1720185425548041	-0.20769930136054493
-0.40956044645728	-0.3662925268786201
2.4268427052067705	-1.428149820358238
-0.5031884540079745	-0.8670921104079699
-0.38304213963730027	-0.08146361446233358
-0.42958708725898526	-0.9289822730921204
-0.3602335424525775	-0.8892829706746883
-0.5199391148329362	-0.9876902593542439
-0.3944396172533987	-0.7301232026854398
1.1907947439024962	-0.08025759914132476
-0.2033975978141593	-0.925302546987606
-0.4171263510879641	-0.9123416139242055
-0.10982205099870479	-0.8490138759933785
1.169915014771767	2.0577912177436537
-0.13532601171193315	0.11215154741392303
-0.2943642533066588	-0.708505012776695
-0.4381233924381086	-0.876393394473739
0.2578054436861569	1.023126437977815
-0.3496452002882029	0.04234030644195307
-0.33812545417054096	-0.8556734829181752
-0.2518129016426008	0.19017106037637163
-0.06562780399712434	0.9687824898713624
0.7430740567864014	-1.0758127427465607
-0.3510430494746475	-0.7940119165447155
-0.2890145300201308	-1.0292310419272386
0.28985022416871503	1.2453966045175506
-0.49436184119736465	-0.868696757086526
0.1177000332560371	-0.7181857914008731
0.21104813427120642	-1.181654103154955
-0.35124980237063663	-0.879253337928015
-0.5103975340517001	-0.9838979563663905
0.0507362411937856	0.11082427357305193
-0.4334711471514262	-0.8798979356481655
-0.33135198593551196	-0.4028194677667035
-0.2963215870595102	-0.7851308616941611
-0.16359011352490457	-0.2445205822664844
2.1330954219554603	9.632987913502317
-0.29702593820133333	-0.3166226775974018
-0.4416321342974523	-0.6199015543629112
-0.36521252214490996	-0.8111065599582911
0.03347777940247716	0.08445243758781723
-0.39983897466058366	-0.9191181889706599
0.4823913749267294	0.24693207068178444
0.2680149072788591	1.9514050031255954
-0.49403963017916847	-0.8556156271083251
-0.38873995494745617	-0.928130231939673
-0.5200863226960316	-0.8882400437556975
-0.1898391912919443	0.278806653324109
-0.5146427158355639	-0.9940298565299951
1.9354154258954	-0.02392878195022518
-0.027797526684477384	-0.161484379657099
0.04915410210081988	-1.0452754236918707
-0.343352922656707	-0.43705215342199627
-0.47840045215274274	-0.6734220107636585
-0.3815585450086892	-0.2743758273399627
-0.17497152071870042	-1.0622883546528774
-0.5054839965744836	-0.8576951827377273
-0.44108540285930176	-0.8163089919128543
-0.2816817076895978	-0.06100066128157485
-0.05083229531593546	0.32594011476594253
-0.559562992711481	-0.9316261895350508
-0.3623161723246438	-0.5028142946176499
-0.08078453021677744	0.8390938454209353
-0.09583407532552993	-0.46481203563766915
-0.3070873984311751	-0.38200831613241243
-0.43406817702302797	-0.9365769365438004
-0.3140006106565382	-0.3410072115126635
-0.3421936591875557	-1.0059048654414338
-0.1327970638061463	-0.9180658849417794
2.96866384499997	1.1378958082487087
-0.505085304834546	-0.9971173817462698
-0.49312516771071435	-0.957577229965009
-0.21643899456747	0.5378368561433701
-0.30257115637668186	0.3246120350942043
-0.41188838349368617	-0.5273516001068502
-0.23515496189945162	-0.42475120007033135
0.4458393206060527	2.4487039370412047
-0.43998218325039107	-0.9679316598236115
-0.41622606006734947	-0.5263777328603101
0.4356151615297529	4.459576393433406
-0.1237112142075917	1.2331719959027625
-0.37937356726949023	-0.46635984352419757
2.0485101465671565	0.7044237833718947
0.06087531189044537	2.5202211258491167
0.25995909489753993	1.5671896703984205
-0.06068676088299365	0.29786802856060957
-0.3435122150539796	-0.7170499226802328
-0.40630188368655773	-0.23871821893085055
-0.4358881716318792	-0.9464183374295992
-0.21995631439933627	0.6037239921118416
-0.5256684909476026	-0.9823773496788334
-0.4290409155549615	-0.8144747450101287
-0.030624598283892718	-0.40448691445997886
-0.4359799567601378	-0.9687866538124277
-0.5395493618597088	-0.9733751308848083
-0.24900418678393776	0.6065496367844609
-0.21790471600877795	0.25036688412226654
-0.18181393485031327	-0.044959831556970316
0.025277719345802516	0.4108989826053249
-0.3445835939147469	0.011357710961963087
-0.34574514187599803	-0.3426642051634999
-0.4768152164704574	-0.6740295611884047
-0.014370722199666078	1.8907564982660086
-0.32011120518982233	-0.12180264106347219
0.7125868100846768	1.7736379910497038
-0.41012518123552033	-0.7169937301086025
-0.10535056698782103	1.0703659347715477
0.09142605238975017	0.5850100022762151
-0.3644899458955262	-1.0303753745539086
-0.46984546796655396	-0.776792089898594
-0.20346552991948727	0.2495864210243912
1.1004860802660723	0.011957120216944655
-0.15706004406167312	0.5622238833179865
-0.13678833996605308	-1.0275340156209483
-0.3687104043406252	-0.5308234005781085
-0.3145402985222131	-0.570322456846106
0.25492061867188126	4.320803115706505
-0.38433262960011255	-0.561513452819872
0.057360840610056196	-0.7690640555774164
-0.4915288372878574	-0.7722185227893316
-0.394003314389398	-0.9742365420949813
0.8232919292514662	7.099546321678745
-0.3069610906266919	-0.18673972354424023
-0.41179943992297113	-0.6892816680924275
-0.2945612889268937	-0.3764755985287173
0.7789270408059181	3.519436973390185
-0.11766781618335771	-0.21376956638138275
-0.36214496026294135	-0.14761440012453456
-0.3303716145895825	0.20008011983096702
-0.2454884008775402	-0.3422122012212844
0.30350299356453825	3.865617601278961
-0.5172392001094749	-0.9368638681095663
-0.48837370547565134	-0.8341376545282435
0.229020371119942	2.4774140259298663
2.2355736224583374	1.6198386063620398
4.350238445197999	-0.1580869499617775
-0.4009335006696923	-0.6561408396873816
0.18549826286535134	0.8345816675348063
-0.4569226665586207	-0.965986634753541
0.19273536211509382	-0.08529019918910216
-0.4205185940595503	-0.9496328210341525
-0.39725647974162587	-0.4956523262745597
-0.43353912347797113	-0.9159076572233407
-0.4183789221263763	-0.30028443459768506
-0.04810965442008273	-0.5781315268945173
-0.2386897346210842	0.41522286796951524
-0.368853483198467	-0.712206432936793
-0.376454623421834	-0.14662400131435904
-0.09136970833262059	0.26482575348447407
-0.34398294427207565	-0.8483774637320266
-0.04583204166881551	-0.574499104375151
-0.5315979008664319	-0.9574423620005122
0.16188758677753676	2.4438821825501065
-0.47182928305429966	-0.9331150380638026
-0.447093217770921	-0.5218362102234446
-0.420539996938638	-0.9776634690240834
-0.3243593473549069	0.07223144168658695
-0.30909145693010004	-0.5554734764200099
-0.04329495522836503	-0.6785629147535981
-0.35619520910351643	-0.8918015518320095
-0.49099150263818614	-0.7723520077601156
0.0013594958617611911	-0.6025090723864691
-0.5061530761932517	-0.8675549967332202
-0.416642900098258	-0.9855767349976785
-0.472578346273926	-0.9075449832973065
-0.18197012327275314	-0.9063169076331912
-0.3684504338854107	-0.27228777522157793
-0.39654682391052753	-0.8891732847614869
0.4136507763955197	3.408474469131816
-0.5058799272039024	-0.9607009917555298
-0.5293448576301848	-0.9581809385450666
-0.18553505683323124	1.015450610282796
0.3350113544329065	0.8107496205131258
-0.36444649476702967	-0.9495722344023966
-0.14118235128746096	0.26938249851261487
0.013847982879320984	1.6970741333038197
-0.42394471185673793	-0.8783288721865402
-0.4348487671467223	-0.8772870283617944
-0.4616919360963862	-0.6170661863416614
-0.3781065415735516	-0.11519561155709007
-0.23384809909206053	-0.9692803877006086
2.816680550333879	-1.8035568419004582
-0.3349919063183294	0.23204187167598797
-0.27318849960132063	-0.7114240811115802
0.43313621129516716	0.8443540287996503
-0.3725564274637533	-0.4651636088671296
-0.3548361164343284	-0.24373858581745667
0.8168786623626157	0.5482205999058952
0.5366094646765673	4.8016842253920995
-0.38898048882265446	-0.5580918204832397
-0.35847552711413205	-0.8590440476916568
-0.26601685591509777	-0.6763785414138005
0.5294347925768265	-0.1862642709136034
-0.46664147730917216	-0.6462262544585681
-0.2948679521560555	-0.25274438405204014
0.2845858612999821	-0.1387774459376702
0.12365471378853606	-0.962484364353153
0.08156263173754866	0.20447362313192363
-0.33659703715494893	-0.7364538347637106
8.748841554051255	-1.4180176234487243
-0.4400869358629262	-0.49085109493850476
-0.4248931921660543	-0.8057506040961416
-0.19944491252351343	-0.007505367451318535
-0.3429751809787414	-0.9939424269608299
0.0778765286416574	2.198679824929623
-0.015594412006752899	0.5754604214455648
-0.4278220929048643	-0.9427728329717971
1.0198943261352649	2.0829834852531657
1.0406424113081887	-1.4720820566434631
0.4537891243149896	-0.13712295960613674
-0.1323549956430896	-0.7633307603103239
-0.22720108178302884	0.09159732483681084
0.7915712845749945	-1.0659297248008912
-0.28842738189623623	-0.029326038362413976
-0.4137045456692392	-0.8114234001646943
-0.0189935343434882	0.610112168758949
-0.48166545657935955	-0.9633506452350561
-0.08311485468447549	-1.0819442007457358
0.0019497350413959925	-0.08664042326303384
-0.5720301336965277	-0.9641134949130267
-0.556777430044985	-0.9746488015702968
-0.1436815845763541	1.1705970156508863
-0.16411563087668068	-0.8251664255513493
0.040387327229876376	0.4070331611594281
1.1952386499305263	6.295913236595087
-0.49053864156231985	-0.7727566322651283
-0.5049200175189424	-0.990618931640458
0.9040020785445263	8.180187206929947
-0.540403437452751	-0.9823455206410359
-0.2874154494805707	-0.20939820636143763
-0.5347681993693941	-0.9900519835568737
-0.43815276027364986	-0.7148063569027376
-0.48572464244440344	-0.7743000446254668
-0.4057633991000911	-0.6851725664931724
0.29223140005344533	-0.8708220802633021
0.026562439273685734	1.852493723903613
-0.43587397573558545	-0.7196811856837035
-0.06688385882371221	1.6390971849038536
-0.20502744441238124	-0.3819857825486816
-0.4666458848268266	-0.7427308331127594
-0.3716265121130559	-0.8789299455821411
0.012319430456171914	-0.010199199031588217
-0.11350640984082525	-0.5667838694069551
-0.06009903493327911	0.937864108658999
-0.47006287133627317	-0.8413013779665028
-0.1471347317631401	1.0437625147327083
0.36764311601267835	0.95693879201838
5.3133463597652675	-0.5173491765319304
-0.3348847188842175	-0.46451239646579545
-0.47245514005841355	-0.709960637598784
-0.5038997073479259	-0.9768269984074762
-0.19971595418088384	0.9525535746556758
0.7548099608871491	-0.42218088424119155
-0.12203520541745771	1.294926116063718
0.038244705633684914	-0.7756684226862288
-0.5063729505433933	-0.9696098109824538
-0.508524959719182	-0.9617567507229519
-0.20891873249793444	0.697035456957208
-0.2418338384879614	0.7018866356733457
-0.24181453494171729	-0.5484685622289532
-0.4686406042999577	-1.0061626561202548
-0.4701607157659121	-0.7396230014625252
0.614932446749086	0.16842522599188628
-0.3547577797017522	-0.631017894729086
-0.40642793757854817	-0.7466502048892213
-0.3406687496164359	-0.1522785461190705
-0.04003388964131836	-1.073180767383246
-0.47811413899220256	-0.9035363638945995
-0.3541717547454606	-1.025582280472929
0.34199742652641313	0.5578237144954278
-0.5026288264982021	-0.8252773997162252
-0.35886199350675285	0.13955527505071513
-0.08856489315307688	0.9043591269977944
0.6199301648841969	2.2916776540067993
0.17878023223522332	0.3557825811678393
-0.4538279556797278	-0.8140037421998206
0.13950489812264238	0.24278727503228514
0.8919626071957082	-1.3213549893042877
-0.5340763800059468	-0.9521551872563706
-0.250789552306249	-0.19571954610161676
-0.4861336715502501	-0.8708238228521693
-0.4092892863937533	-0.3951592188800155
-0.506883188997003	-0.9947833180055473
-0.45466745335345154	-0.6471515394346267
0.3543053533017236	1.3320009482122142
-0.5911482399513165	-0.957772841163551
-0.5220240917429395	-0.9910902596233294
0.4155275545140908	0.4577014254699656
1.464882858409547	1.6388882739756394
0.059882891186181425	-1.1122560272554167
-0.2580565457608962	0.5753621624440453
-0.008877723454901574	0.928252561761653
-0.46348821266557805	-0.8408178178197967
-0.43164581534895663	-0.8428441753649607
-0.3816414777963037	-0.4973696868338478
-0.4286203631621166	-0.33213592908518735
-0.42804592994233526	-0.7836433376754866
2.2400233793801134	-1.3451435526579543
-0.5169518239641843	-0.9933957420360503
-0.44861194126189435	-0.5201016579365334
-0.408603660740874	-0.5862834068249777
3.0094169910492297	-0.6508338167697408
-0.5052533318097352	-0.8527384814122971
-0.10332276827031726	0.6492391075818369
-0.47562968846049153	-0.5818847923349327
-0.3264200418417632	-0.1485960651215019
-0.3051238283338639	-0.34891275669143473
-0.5166403297778913	-0.912542083406169
0.9081343737027103	0.8855841216999213
-0.4965533932389893	-0.9669807578618755
-0.21238776605487134	-1.0463137737354573
-0.4644567924868382	-0.5816809484982761
-0.5215602936063932	-0.9591109173979613
-0.29374155797698465	-0.8875271243174258
-0.3465140800460637	-0.40602662804250356
0.2674682341803961	1.7618661915200313
-0.4852696520324681	-0.8903183233159684
-0.08522489859299798	1.7388150132543558
-0.4551841599026518	-0.8436942806826958
0.18793038257002703	-0.4246203643605657
-0.366050181323322	-0.8575281312517936
0.05809618707044369	-0.36309882611704825
-0.4572124279310297	-0.8086962171298478
-0.22744207108429396	-0.3307093385792702
-0.14816140005789707	-0.8627153577658532
0.2262889317685535	3.206053019413914
-0.20825830591324118	1.0494853643239608
-0.39420160188677306	-0.726561485604379
0.9778079904062114	4.459936387385283
0.03156873407174791	1.595656689074641
-0.49571723817042596	-0.9022073931930555
0.12111084424116744	1.1661362171549574
-0.2949180159329379	0.0982010969906759
-0.40451349686729987	-0.9162487774427973
-0.3795927844856099	-0.2739460589975211
-0.4421655648962213	-0.7233752076716121
-0.4496743720899853	-1.0129175119877232
-0.024247414448390917	-0.6854433240576755
-0.5490602047776613	-0.9834907471781296
-0.20152705263416376	-0.26834300992079435
-0.4523877352950799	-0.8056390150713463
-0.37915064819918165	-0.7829765560240781
-0.25863571113949796	0.4791963710913195
-0.17255897018068916	-0.6583209187588683
2.8280889332217924	1.22694303444637
-0.1356900150572265	-0.44300717095602593
-0.3097174652044919	-0.057850766472796
-0.0846302399940959	-0.6732249864577797
-0.14992301101112487	1.0108363362532296
-0.44257010832770305	-0.7989443373280679
-0.3540325308751733	-0.2785199799034189
-0.5537990431015065	-0.9250304741919275
-0.2586567270837521	-0.25025310423324765
-0.11669085363459086	0.7816253226969527
-0.24621184481342503	-1.0165881710788647
-0.3527249833676066	-0.5997475702928445
-0.4324377049555478	-0.5551361174813898
-0.33207821415441213	-0.14888874530337842
-0.0009472458339898921	-0.7812995650882542
0.18839601945682743	-0.0677091549832429
-0.4542169739290184	-0.773538080162881
-0.5569684142330251	-0.9368165027317331
0.18739286296981927	-0.9113503642509371
-0.10498640480996978	-0.7242863405461435
-0.25617593044246934	-0.5777089063972386
-0.4668403397670765	-0.9611684307400014
-0.4093500556110235	-0.8864375283802841
-0.503604809805413	-0.8636966875183807
-0.18743209270157807	0.5360898589535457
-0.5012399787848716	-0.8963153834188348
-0.49823935368751726	-0.9616296011587212
0.4720382290008921	2.3740337685935824
-0.5516679602877976	-0.9795136640177793
-0.33929113346673095	-0.43685215721652726
-0.19719859060478545	0.5693173972488557
-0.25063424636018045	0.35231009917005196
-0.2588909398936005	-0.06699623067826622
0.060963787891295786	0.8231083446259607
0.2713933626719155	0.3372742977928732
-0.04557315362544221	0.9011941050367664
-0.4633596754728234	-0.9734925977972244
-0.10447681480739306	-0.48152611662903405
-0.3937564765436856	-0.6570577427486611
-0.42955040622495877	-0.5517524911074878
-0.33421112179277773	-0.9750237591377924
-0.4789840187916515	-0.766773794744076
-0.2523370314049175	-0.45283838772950535
-0.33924396438969806	-0.7337219804699401
-0.3837447596551431	-0.9634944267853123
-0.1652653899776817	-0.9548284710281861
-0.44844841937125096	-0.9114838139560429
0.1663144757274811	-0.238159862063867
-0.3394330288154494	0.16882036661158414
-0.44350719735897004	-0.8749981215787306
8.960877915608311	1.0097231231741408
-0.331782515362014	-0.9865228037710846
0.10223039274595112	-0.47420166550071563
-0.29741124272072356	-0.05646774297867857
-0.3705895897431603	-0.30794725620235214
-0.47652364838302924	-0.6773883204667086
0.4328805475281886	3.49754549839312
0.08352422516832339	-0.38474010253331303
-0.1316579977077918	0.8161981513430829
-0.5126913793124891	-0.8843458723591523
1.471292140933562	0.22795489284485554
-0.460490413678475	-1.0019006658509424
-0.4235677822319504	-0.9321149673873231
0.1586856745783926	0.8120741510753848
-0.30037315015539423	-0.5117412496102481
-0.25177573034915635	0.8307813495400919
3.666724621961335	-0.32898710765409167
2.8729669988049467	-1.4844677447275785
-0.39656090672328315	-0.7218458318878977
-0.4927803428804637	-0.8991114789797
-0.44573023461328687	-0.7106836362172246
0.08393126563099222	2.90136952078824
-0.5057478103371859	-0.8664009714013822
-0.46068827681181074	-0.808798063889572
0.10831544557865529	0.5778097298490373
-0.4278096845414382	-0.9210858960792299
-0.4497731180370483	-0.9719763787688572
-0.4699440787913904	-0.8063737779720526
-0.19666696231525185	-0.7812059447017587
-0.33211072669144925	-0.6720252359121572
-0.4548179942911208	-0.9979905832785778
-0.144448738202939	0.4979293322737431
0.027146145365706018	2.205726911902759
-0.22167297803430813	-0.3260240085178371
-0.26767093294340893	0.039277812331531436
-0.4440601605885153	-0.8570730845826532
0.14280143349758137	1.5802536302036658
8.734569168521915	3.1940770891538075
-0.3518408039919551	-0.919550790113034
0.6137787366597752	0.12259093005896915
0.012760537417353767	-0.4089820896559927
-0.2645593600089698	0.3856979491877664
-0.3584788042428086	-0.4694744023753478
-0.20539008641131884	-0.1404485676195508
-0.5158789531814402	-0.9211609030861145
-0.3869262339810065	-0.8566939635776737
7.894327249356595	4.269077109774913
-0.16287762884984303	-0.5324136608446053
0.27406733622092827	2.269949333086554
0.22870200601827467	0.13152897321319504
0.5010307865660941	2.235746712422656
-0.443958040843518	-0.7766776693034818
0.3515196049458366	0.6186689432721019
2.4754899789337603	4.661930022732436
-0.13894344453237772	1.2977096389114635
-0.27169284206032807	-0.06586481531499844
0.8486175991366504	-1.1698469182939186
-0.5063830445394024	-0.8024553305691541
-0.4720629837623131	-0.7722735396820798
0.12216496576131804	0.6901874767286151
-0.6282622181823508	-0.8868505958640409
2.700392763547816	4.317893887439359
-0.26581365407961566	-0.4753980798249747
-0.3972001035177417	-0.8554072642639259
-0.0012732359250270952	2.0148020744956554
-0.4979201618611716	-0.8654522035868865
-0.40488070963545353	-0.7188590756419985
-0.4118623439756583	-1.0145136478919097
-0.5007650322001188	-0.8323048534332905
-0.4198241522557083	-0.9380835601187235
-0.19308854542670248	1.2071310270987454
-0.2691339112648191	0.35103139572378805
-0.45762171284458475	-0.9415914148383666
-0.42362646696236267	-0.6232924060016112
8.015758575332663	-1.4121724413327168
-0.3609335613014258	-0.43341580451218686
-0.1609075055090594	-0.8289876619347565
0.060998667665875764	1.4629658666744942
-0.2548460085666395	-1.0083082688425604
-0.1438378745246729	-0.6993595230276705
-0.5051606958325787	-0.9942285185473112
0.19860039731145634	0.41624676902714236
-0.33314335161102376	-0.9074938375282668
-0.06308067327960654	-0.057843290068361655
-0.41656538113502406	-1.002547802213783
-0.2766873184444518	0.19287400854534864
-0.31342952643340777	-0.8594201566256223
-0.04164873944556234	-0.4824484020593898
-0.38829201215638465	-0.8565900382241235
4.029606118370225	0.5983284835787501
-0.41090865712759705	-0.8865876999604214
-0.5118518811247422	-0.9616337010534872
-0.5175702394008844	-0.9901700966403423
-0.4980377032063598	-0.9342375704271181
-0.23550294854574544	-0.10379667726125393
-0.4851531217331338	-1.0009829476704988
0.05174540590188423	-0.9323554732615966
-0.48277261525600174	-0.9982544722856285
-0.4917681067554953	-0.8268917311885808
-0.3324073338092393	-0.596092959223098
0.007553109942308709	0.9586451465316537
-0.51538757456634	-0.927164864432331
-0.29152173436419393	-0.21879185401640555
-0.12780238353052722	-0.620207579930855
-0.4704360231280234	-0.8397013522031047
3.539970589591289	2.6064330635546025
-0.051508776389337	2.1824658769718432
-0.46357364607875423	-0.8842102172062721
-0.39299153365971884	-0.40149417832786627
0.2355883045703619	-0.8174513419547272
-0.4313337314637369	-0.5579879027926627
-0.5032780912240041	-0.9618707114306512
-0.5200743056949234	-0.8970718916822761
0.7252978236608685	1.709297432892986
0.05391665709432388	0.1238794784388663
-0.07633531292377153	0.3873467750239279
-0.4471449761627523	-1.0109302624740701
-0.46247272798318	-0.7450386950128846
-0.9575036290321837	-0.5867772937167981
-0.014800772764564919	0.9591094438190342
-0.02979928479138938	-1.078552123427867
0.20488262167800902	-0.16950932467393887
-0.11326849071060832	0.14228944755099462
1.2551731192656599	2.018544928256651
-0.009705273527366137	-0.7722282128598681
-0.30654041813466626	-0.5063203819626637
-0.36302666791617966	-0.9268578491597536
-0.3438464318157173	-0.6708328290079061
-0.46570170141073364	-0.8627698784707674
-0.5308291844664808	-0.9904059498415121
0.18683591417618095	1.4493144484367715
-0.1692013453373867	0.7880571200582759
-0.09487448731583369	1.899370085703805
-0.4444103016129904	-0.702156133422329
-0.3488922073505388	-0.11793110850963916
0.08960893823176114	-0.8949135356170468
-0.11559985450433556	1.3911848911499016
-0.17935336689438083	1.1423664407592493
0.015594851871451949	0.2891728137550094
-0.1779014620571348	0.8206465788221109
-0.45047943414625574	-0.9685354807080198
-0.35125610912951205	-0.1820744911452168
-0.24912480018202388	0.6712817175746049
-0.15967884433353774	1.3945381235959229
-0.42168013208034894	-0.7084773319207321
-0.39615204616181376	-0.23874251544255018
-0.23212765230189839	0.9234241226984832
-0.39560940241820586	-0.39640353453324123
-0.29925851130256065	-0.09080320407046089
-0.4934540655015431	-0.8259445518683516
-0.39862632775817136	-0.8394246409634236
-0.3244991617181132	0.136935514706533
-0.32302510264209666	-0.5412311891603121
-0.21445974233051468	1.0180408971187722
-0.5126134382901469	-0.9303076502319455
-0.3463496586797499	-0.9194560144146275
-0.5355029874183433	-0.9557541845513767
-0.36839278636769285	0.04541539611269202
-0.42214134733055303	-0.49218931160682117
-0.1498431548654943	-0.6464850661346834
-0.393400452592939	-0.9518487838231628
-0.46929405792415624	-0.9316002376279954
-0.3754083436910114	-0.5637614963583832
-0.37232196169446324	-0.14849917841460902
-0.3444945756912199	-0.5630954054109409
0.057161262807500855	-0.6862445189549651
-0.45382789963065784	-0.7745318450186544
-0.3614054900605066	-0.9129989992852587
0.14617236802755884	3.246224652267595
-0.3685930984771242	0.012912204454541944
-0.21941700814010018	-0.7649729954552371
-0.12354610333568705	0.018538900908598378
-0.3800807367837731	-0.9936374799057859
-0.025225733220335625	1.8585758283717186
-0.17169714472012548	0.05410579241472736
0.488031257360823	0.6731251966262165
0.7782160211064432	-0.7135848464762969
-0.49063580380321975	-0.834036543686777
-0.45286934242134524	-1.004097325994527
-0.24156073338143397	0.31668586665847115
-0.06112600914422444	-0.08464142999787934
-0.16922592412779974	-1.0176818687473714
0.2444103006468109	3.364149312385902
-0.11777424630580059	0.008940680533175076
-0.33313449768756864	-0.5339876668088311
1.351554254270208	2.469456871525402
-0.34593845643062593	-0.40285116993488895
-0.2542008801562445	-0.29013028459094264
-0.2454166303134935	-0.7378291009766865
-0.4665896756326589	-0.963495301763024
-0.20351799822304192	-0.9718331724712697
0.3608641308928441	-0.8682339908432506
-0.054647249627267455	-0.15137702134972872
-0.31919125297831213	-0.9115053289317218
-0.4295702244105189	-0.7824397939541742
0.320176860423479	-0.6824155340020128
-0.42929257342312904	-0.8340082801346623
-0.5090723276082171	-0.9869810693117158
-0.024729058834964263	-0.057054269195352024
0.0004178367121991232	-0.6620433045252859
-0.35472350645970496	-0.40448494203972873
-0.4893887482426338	-0.9628940090141993
-0.4535959351053038	-0.6412361666398411
0.5519305445245465	2.6536965842209606
0.15427457645869638	-0.7717213731209877
-0.5087262575658853	-0.8546078830674048
-0.31651450646148604	-0.15516049063477458
-0.30405117513536184	-0.2190299302212991
0.028734262672017723	2.8124148907884767
-0.150609445393034	0.8529583707713686
-0.5059918759013029	-0.9626082321853627
-0.36079841130084417	-0.3706702372758203
-0.08172630069344108	1.8024508071233816
0.22762147527876317	-1.027303032895261
-0.04032076575597239	0.8332359165884214
-0.2889704912016201	-0.28777805107116416
-0.4973046622431796	-0.8335187535538919
-0.41929308404086135	-0.4607456649606782
-0.5116107274192192	-0.9944506377993804
-0.46394030958915405	-0.9367145574702581
-0.07913540442540848	-0.2796989832598009
-0.059238327819923914	0.23282007476337335
0.38351145951024995	-1.0286519216181007
0.6668742493990258	-0.690025011827252
0.0012110427337429601	1.2475186975402643
-0.47555151297443954	-0.9713801528810551
-0.31955896362138125	-0.1861710138618994
-0.48686722379151126	-0.8360622662958437
0.11478482035316805	-0.9618375853698851
-0.4155655307318396	-0.39814451399849293
-0.49098350700972665	-0.8351021580657575
-0.44126987410948054	-0.8555851071367258
-0.17548728279546627	0.8218928993643327
-0.25228398352511255	-0.6853965922577097
-0.2214003514489359	-0.521440565020764
-0.3844573357828553	-0.7485191757634517
0.032064822660414584	1.659282894869391
-0.5403168515203722	-0.9557033323112178
-0.01222895878408805	2.3695039459453575
-0.3601980651387227	-0.9155633086336613
-0.12568634103311105	0.9420853933718768
-0.07730233703084864	-0.023714960763126833
-0.4972196282372212	-0.8663803481073655
-0.4594016572209421	-0.7111544476356295
-0.4734340571294718	-1.0012223728975866
-0.36296990655883615	-0.3055830442212568
-0.5140072669405983	-0.9307786104891936
-0.14940360665590258	-0.03953845122271042
-0.41139598145276285	-0.7206305145260153
-0.5221612412569562	-0.8921771664865737
-0.37651284663269413	-0.9938888982506349
-0.5018255808675558	-0.7949370665131533
-0.08736359100492265	1.930611878615275
-0.4714173628760238	-0.872980744324502
-0.5056721910174576	-0.9000137372697471
-0.46684541141739655	-0.734750096866835
1.0061006975607734	-0.42012177295841857
-0.37884478624694895	-0.04873754476622864
-0.47848046065725114	-0.6770620788090906
0.30870926394385073	3.4192359667167485
-0.55099618012386	-0.939087523288635
-0.5071325287681151	-0.9624913959071426
-0.5939674675411738	-0.9590747975551912
0.20933186961106143	0.5189416912910632
0.0914041347298312	1.5258680830251365
-0.33494262932993196	-0.05633833040657224
0.019697604283647707	1.8226368455476836
-0.4959501671491742	-0.9286083546555514
2.6668342431828136	-0.9161472762557492
-0.4462463992040103	-0.6142165155780547
0.381583503194671	-0.5166536960149029
2.8692925528468165	-0.3075355576037864
-0.40034025322957423	-0.917006020158578
-0.19885113390344794	-0.4750805356113632
-0.15251719281448972	-0.11122137970284925
-0.2259771180236907	-0.4217496846365484
-0.22813538422041366	-1.0264482883232506
-0.4281252550119778	-0.7804591235459306
8.744838406659088	-1.7300400720262592
-0.3559828525271457	-0.5661704504281764
-0.5159367545697006	-0.9154507737567859
-0.21696597611766893	-0.13519364417942198
-0.3654482768147176	-0.33618304452293823
-0.2835557913732962	-0.22850084654386876
-0.44458377012308	-0.681320827725168
-0.4468288271893938	-0.7738485351791218
-0.31034020393263395	-0.5967397488802607
-0.02937032523207018	1.6668081351846646
-0.48920210429570915	-0.8297530473754217
-0.4333522059271403	-0.5888888896699691
-0.1691366012287983	0.6286206206948769
0.10703612869327302	0.878730315709922
0.514706245755905	0.17000187686412715
0.5914360839779098	-0.5487025653827559
-0.37232719159669025	-0.8140720049466059
4.487626241563124	-2.207563358101142
-0.42336716160789367	-0.6802056204973453
-0.5250870919658198	-0.9601701163708477
-0.2646538306900646	0.3208839134116806
-0.37102233031601006	-0.9736635599027814
-0.3775215772983161	-0.4949357236046376
-0.6012507471398023	-0.9303812347677523
0.3008982745976681	-0.4832431452797303
-0.17148687457571613	-0.7561075789535211
0.10558837043936586	3.1870839675162475
-0.4168084379076915	-0.20477445279218878
-0.49756787201570596	-0.9021276075142582
-0.35359494629348737	-0.9062931553936436
-0.5284269125954641	-0.9890167716121215
-0.08998064662014708	0.495779071941023
-0.5049361598977761	-0.9908451051993946
0.06920424349823275	2.072254591285322
-0.1672453847047118	-0.882647112672633
0.016569589029588463	-0.7569742180979357
-0.49094967003417095	-0.7073357249903949
-0.3851916536687118	-0.6633417275337491
0.8734812498030148	1.7849417507429428
0.07240182882582566	0.49279800756210546
-0.08398338890316068	0.3569897267770231
-0.44270730395979296	-0.9387393989045054
-0.038669041964099385	-0.6381637435106968
-0.28865034981432564	-0.8001161526403899
-0.5116974794663447	-0.9585634618236665
3.4379484043554203	0.47964604753488843
-0.07046239839843335	-0.6182263412797462
-0.37568870131296006	-1.0005757525069705
-0.4044117955577077	-0.7216507469542556
-0.2882202418957408	0.29024006107771355
4.257755783448653	-0.6910539884429915
-0.39613136375183744	-0.6173482703610644
0.8350832898486324	4.032313211961207
-0.49036478791897437	-0.9965389232054589
-0.35443445855634625	-0.7481523522628963
-0.17554507261354005	0.5349597803870366
0.5685874920013659	2.497783840883911
0.11163012290089906	0.7814261079848975
-0.023302969898390098	-0.8642742507905588
-0.15993429625128122	0.9474732484068736
-0.3773227341320277	-0.4022935230950021
-0.16826390208437153	-0.6771164590973013
-0.24990929315020163	-0.5590013075520043
0.06129942941474377	1.7200017859834358
-0.05417722022071512	-0.21452042569238897
0.08807643895712891	-0.8121643126578076
-0.5056597272025204	-0.9260853252341268
0.04509114657572054	1.851245060255251
-0.38522783482076123	-0.5933958224514261
-0.15317091495677895	-0.9575881010272465
-0.5159223549545078	-0.9871414942671947
-0.3544183170087872	-0.37149256987820817
0.15576138124129532	-0.8923618073331474
0.5106228582045673	3.812324690916068
-0.22961642061990833	-0.5208501488104961
-0.037506924916309255	-0.48312651425352965
-0.0838319741439483	-0.4477007671363057
-0.0024909009893317965	0.7675373689344349
0.0697458420102234	0.6009606314433482
-0.4816862830751753	-0.8686180402119599
-0.4847842211294485	-0.9588111504170085
-0.46288267387291754	-0.9647494667767685
0.35666984850498207	3.3481582174128786
-0.09951351323202069	1.2285538514675505
0.3147821876874944	1.1776594687797541
-0.5251790289422814	-0.9052039811045324
-0.3293301773089362	0.10354172594698582
0.0011991001605132852	-0.21578585250389498
-0.4883581083001963	-0.9664275017741086
-0.4495911542254879	-0.8394346714540355
-0.11739056268283682	0.42772672787166344
-0.5066404671962423	-0.8558117556673676
0.04658036433444489	-0.8310882698751739
-0.22657033079737776	0.3134060508099154
0.03977620476570009	1.498606095722397
-0.40635860968033916	-0.6527147768588775
-0.14896586778321644	-0.11111921849240089
-0.20688298411710374	-0.4668537738612399
-0.4815862820476364	-0.8723147590916355
-0.5314914374587036	-0.9587387033178887
-0.5100714316865821	-0.8629443023389436
-0.48510541984447353	-0.8071052178707154
-0.22276796976657035	0.25300025313004704
-0.33051570173726164	-0.12055272529298137
0.11372441336442195	1.7760556796786249
0.27516962449994714	-0.5811006833559049
-0.3277386610954316	-0.8102053005464314
-0.44121247396371893	-0.9167924930402968
-0.27053345955487246	-0.001546405434983189
0.35328181876363146	-0.014044183488589988
-0.5213307388937639	-0.9948963862603729
-0.5068608166331975	-0.9881320657358311
-0.5120132678469903	-0.8303435979935729
-0.45554842983649324	-0.6488175341542526
-0.33955551171668996	-0.9455938565892796
-0.4871338668512737	-0.89904655256658
-0.5175950994803008	-0.8845440875576186
-0.4234655267763076	-0.8119115766208166
-0.3413015844049539	-0.02181934742146195
-0.30088792460186453	0.0036310620640460575
-0.3168900011031521	-0.866911288272235
-0.4728440141746366	-0.6141778267094017
0.03690814241932875	0.889920839965688
0.3513471713323056	0.5976827148522273
-0.489889466500081	-0.799665848343918
-0.47798738671246627	-0.6734215912883172
-0.38674862847804586	-0.4657679157372756
-0.5296805461276924	-0.8878395714955063
-0.12495320391066107	-0.3754132789509209
-0.4806814417933645	-0.8315345057713786
-0.4424306519527091	-0.9332080617612517
-0.13933699337028366	-0.9777821487950616
1.3895268783882737	-1.50887685962436
0.4885705127157595	3.0134991438835073
-0.1292500137940156	-0.8774131033964072
-0.2632171327560809	0.031170028545725238
-0.44580649860745597	-0.6178079556920479
0.054696409987515224	1.9757470502093404
-0.2543363412195754	-0.5470726941917252
-0.42476029184473746	-0.36315138189118745
-0.2623180080440097	0.19263487952124533
-0.3076087601648281	-0.15526995682202122
0.18531357814552427	0.06855965988143263
0.0958497474962732	0.3095142916933129
-0.6008241286696292	-0.8619014953343404
-0.31184388431647614	-0.28303800555859027
1.1032677713282752	0.9601919584970043
-0.061587172832743106	-0.9705311059411722
-0.040053903576101044	-0.030027994441820846
-0.2857080610759488	0.5464305453873709
0.24523707763677888	-1.0764638211886304
-0.05753369974221987	-0.9025086174587357
-0.348953653278964	-0.8185764943261363
-0.1806608735406323	-0.397238852589068
-0.11210995424260053	-0.6923952028310602
-0.011656417714352258	-1.0438121576253763
-0.44192340778813277	-0.5845635917481654
-0.23971160060663055	0.06604657470444976
0.11158629427109	1.9395043424713838
-0.164106690571917	1.2995539908317555
6.124313346438393	0.9456785336771754
-0.34048669480300886	-0.987732362682862
-0.49673971355421054	-0.9660704622668878
-0.22822788402928848	0.5710051819776407
-0.4907789092705414	-0.7388500629635827
-0.4716413176315324	-0.7123266134339795
-0.024246550438689812	-0.7934082618496833
0.02634036615651459	-0.7787116465747638
0.1301410699637026	0.10896744345130868
-0.3221209611455215	-0.18554721607382477
-0.4387865180394135	-0.7733030767232494
-0.21204943735127854	0.9219425569367976
0.2541320152581526	-0.9870099997116554
0.36523805737239384	4.0194796253895655
-0.1174236142272215	0.23958339485318708
-0.3749330027158973	-0.8906404519535431
0.361174966097589	-0.9299844014383003
0.6194287262547513	5.781639994590355
0.7291690566555793	6.409525131846932
-0.4631336924194933	-0.997243321122119
-0.4548328707934325	-0.5207679903801944
0.15367646824239758	-1.098193060250289
-0.5064227521062343	-0.834528685160636
-0.34991392398496257	-0.667701832257684
-0.3904926798399723	-0.5173422879270934
-0.412931872340109	-0.49627382721666685
-0.5312464150134674	-0.9233515753487755
-0.3401980856080223	0.2017430123299122
-0.5333651751934652	-0.9555246267735402
3.4526577776661505	-2.1749107587255336
1.1727608893498713	0.803028116643226
-0.3813882638067137	-0.7551868841943349
-0.21003384164441052	-0.5301673883912169
-0.19370080043433144	-0.48460067811977925
-0.47970366746437293	-0.9947775100831635
0.5355238897388028	0.664353343016585
-0.5113298742471271	-0.8339937069203399
0.4071933077724496	-0.32767347889772974
-0.05612578252340845	1.0308084318713358
-0.46836659104134937	-0.8587819474171811
-0.37796882974757884	-1.0329604841829816
-0.5026736754782078	-0.8671781580176943
1.3147957077601569	-0.5538676021660032
-0.461840237599289	-0.5196145801380475
-0.28555013166751436	-0.634061279909583
-0.08328518634449612	1.130033807114539
-0.5056177099088818	-0.8196271799258765
-0.4515192817953044	-0.45683302487333416
-0.4390765950151546	-0.7463492044701845
-0.5030953409529185	-0.9934175517205801
-0.434295376414172	-0.4909680209724905
-0.39033321269626386	-0.6202589977153915
-0.47741784929158615	-0.9387189583387032
1.7789356247680794	11.883826559116368
-0.336815238337111	-0.023688595015919238
-0.3598374062271248	-0.6937513587298563
-0.32821067913798896	-0.1820368718922922
-0.4643838122136605	-0.5509371006078907
0.03839972133243007	2.1079329076475237
-0.2686826698378264	-0.034732611412498886
0.04389046107941855	0.820505967737536
-0.42751216419488713	-0.7784809088942581
0.08389856657451436	2.485924464024578
0.2387725647639632	3.2364450280172807
-0.4980882686152244	-0.9943798070831905
-0.3336904392457302	-0.602471855494135
-0.47725265719232923	-0.906795953344812
-0.10364393715218698	-0.8291572188919789
-0.15075207331150903	1.2015922500450191
-0.09209943264933367	0.5903037585272459
-0.4812520633485343	-0.6748827888790944
-0.16815001638827304	0.4985430321238284
-0.4896468628969178	-0.7400662449738308
-0.12846009437730185	-0.7274598407277693
-0.25353931736624247	0.4455691013580419
0.024706573742657785	0.29429670163263716
-0.16748723029560103	1.076367357083537
-0.4518076895725295	-0.5830294791751353
-0.4997436687356815	-0.8362234916629331
-0.12242341931977775	1.5183677587190367
-0.5223446752851328	-0.9407878621125759
0.13531942305848987	-0.35269327971671455
-0.1794744786315608	0.7242081227381743
0.25801282793515323	0.6371783051257199
7.464567792437107	1.572201564022905
-0.41348468293906365	-0.6246014705974883
2.281625599692591	0.31829586409750754
11.297698477461912	-3.1015014808934027
-0.27586548520240667	-0.1277195197987313
-0.40064069079062853	-0.7212373991725439
-0.47495519381436785	-0.8981046630121564
-0.41370929429339504	-0.6893443696547772
1.072133960667321	4.584369630223469
-0.15442945404981787	0.5615769759443422
-0.30768052897081455	-0.9754982415982201
-0.5641039147313737	-0.9710197080158298
-0.33264954344497605	-0.723886484002861
-0.1738172397604951	0.7241453490193211
-0.3000473336446424	-0.63498245016646
-0.3990783512465358	-0.9133802694418456
0.31993520593370306	1.1076919037779844
-0.2616747753159871	0.31848632836879853
0.06937114651217771	-1.1550003551787704
-0.4078538045433595	-0.915805849783478
-0.20827183486595052	-1.0422631749323015
-0.4979586394988189	-0.8498298493464084
-0.46089139357931697	-0.5512170446825896
-0.40014949061197097	-0.5463145213937256
-0.13138651761076311	0.08581992841700818
0.02780603906522875	0.28655114684363225
-0.43636478940345963	-0.557419237216422
-0.42345103836111175	-0.6528616294273436
-0.33133215580644243	-1.007907675246289
-0.39006185208606386	-0.1765868273587105
-0.12127671000942232	-0.8108050987956309
-0.524269139333165	-0.9563248130576762
-0.4034415428334772	-0.3961249505892476
-0.4861022188380581	-0.7383113029237938
0.1782967263650741	-0.7965811147128177
-0.20126980959787827	-0.6944285613575656
-0.5497538524759489	-0.977454840412232
-0.4146889347302039	-0.777243881962026
-0.06639337153447285	-0.8602144505029048
-0.45689221139370595	-0.5807229539205915
0.2643060868504656	0.26169602421633165
-0.4793137067129757	-0.9097498964827669
0.09781373932870514	1.10909673807353
-0.5002182333053946	-0.8337411138110709
-0.5026961544390555	-0.9557366972384861
-0.1738452786634512	-0.2114401931963316
-0.017231112203440712	1.6693983957595946
-0.3111720508637065	0.32532504052861616
0.2377882442574297	0.543620567988107
-0.5001342201538834	-0.9654662524003195
-0.1878514602093585	0.9831825562331182
-0.05891920283246785	-0.6884164161745289
-0.06030376699510453	1.7986891078985758
-0.3994799424224312	-0.5559123385671826
-0.16929363491400304	0.43627977301732007
-0.5133810369571316	-0.8390452459708095
-0.45412827771976144	-0.48915409555054395
-0.442225122791127	-0.7135509673344409
-0.5716548177727007	-0.919327158583191
-0.0046757083114517956	0.3193263941299609
0.1292467165624393	2.064481962187724
0.4509527780786819	4.362657283154071
-0.15613102140738824	0.496442316653675
0.016186505690965115	-0.9752282795020564
-0.22611149181149043	-0.1999585411374899
-0.16895038248055574	-0.7026911091863395
-0.4425717428804653	-1.0087759474337592
0.003864665540326455	1.9193770785112945
-0.2992588410315835	-0.9076637022706965
0.5862534293021131	0.23319755898019934
-0.42474825335137817	-0.9920380399010907
3.574747195253807	-0.06084099662005642
-0.511156971260973	-0.9651926216662363
-0.27735789413793704	0.12624900982012366
-0.15950708166927183	0.6917042233485303
-0.447918719152298	-0.9039275493069968
-0.507466331053001	-0.8663356389370482
-0.07356725985719727	2.216699257693022
-0.35920810787293717	-0.5321292004126034
-0.5518839972330657	-0.9756035446139129
-0.1223580654097472	1.201332379376955
-0.3919271637647799	-0.3694057711566337
-0.5102019621374445	-0.8605380475867284
0.7340259007489468	-1.2200045442172194
-0.5018562751660158	-0.9964281818474305
0.638827925245543	-0.39872491956961215
0.052574931781240536	2.5850311475684147
-0.369089852458714	-0.6617380354255692
1.5345804440171555	-0.7969976390423195
-0.2171283874684285	-0.6431945573431769
-0.21619802514620381	-0.35856069347921543
-0.45977496835512016	-0.6792965704808165
-0.4415922337932415	-0.9691216181922342
-0.028680456307845704	-0.6910271438305233
-0.22708564762861044	0.18769446236705725
-0.5278979125846939	-0.9220639690926783
-0.018938250262311825	0.6731544884415733
0.6840260484140256	0.35295470823209474
-0.1885653559351997	0.21390213257932747
1.1308654886386424	1.611504929578663
0.07000632639845318	1.0169092316075736
-0.38832051063611195	-0.9429715748595352
-0.34303612068806133	-0.8319743061052931
-0.24844099620126087	0.6688865336497689
-0.5528579581675003	-0.9612229668595438
-0.13537659331238638	-0.7632468569611065
-0.03016943292605639	-1.0442919138514628
-0.3519056580467514	-0.8325101358248704
-0.1426867329136089	-0.08235264776795963
-0.060274706429655586	-0.1247079282466622
2.685211738545829	6.948476636880971
0.11064441042577976	0.8491823006223059
1.494109482429182	3.1242329293305366
-0.5051446023007465	-0.9484175478534664
0.13855306657058636	1.5827944114844397
-0.32054161908491363	-0.8336911743257167
-0.3646049314618632	-1.0198064593292573
-0.505173438699132	-0.9296620656627899
-0.1756589975853901	0.9494183008857253
-0.4170532770087762	-0.6507157402867255
-0.4970048766162726	-0.8945392353502573
-0.09961324378448547	-0.4035602155194011
-0.33877697889649255	0.010540942150889692
0.9831314415312148	-0.8022550373261855
11.019476429977908	0.8055952395919843
0.6492983393336919	-0.22997358922320513
2.513645974301584	-0.1536595338486085
-0.2227370298762302	0.28377180861558143
-0.5271034595597222	-0.9924408808495834
-0.3935026891226892	-0.8259766823203466
-0.4684340876039085	-0.9093109449456936
-0.4475251729581002	-0.6808734896212961
-0.456601574969236	-0.7680197927107609
4.826757451325939	0.7295799780252449
0.8718661103675005	6.676748874300022
-0.21792571162181834	0.5055048430407346
-0.514072839250865	-0.9571593275725573
-0.5005698512246418	-1.0007311359744793
-0.4576229436797942	-0.7409492275908717
-0.4285943604532032	-0.4595330014039457
-0.27342651587953054	-0.2921694402835692
-0.45897584335530706	-0.9976169522003484
-0.33482609479986286	-0.6927305160176009
-0.5577652616416876	-0.9487441305764913
-0.04263353503764875	0.8050635815811806
-0.5298831005761099	-0.9585364670263731
-0.06410048506813004	0.2286457425603971
-0.5447416773676719	-0.9503124166156127
-0.42244529012146076	-0.4597702279873783
-0.517607503053106	-0.9931845894053526
-0.12717793749280615	-0.6902836096600397
-0.54820216447236	-0.9832566057879312
0.23213566522371323	-0.873248283838678
-0.27469682065917056	-0.9661072505083673
-0.46346631353110096	-0.93212922256018
-0.41089175707899506	-0.4944047370831717
-0.4880589041436999	-0.9591438392717342
-0.3619322625864415	-0.7213996719485617
0.06069317235527529	1.6597631398886594
-0.004348312409072029	-0.32726169940675204
-0.5516856506417911	-0.9683046230533504
-0.10867187486765845	0.7222432855066775
-0.4036069004862628	-0.3947900538327214
-0.31003881130042726	-0.2796660086816009
0.9947701188883378	-0.7322721154958423
-0.5640487000880207	-0.9234431758217955
-0.2485394463861011	-1.054702674257114
0.04496216804686835	0.3098230984157608
-0.48314425828467705	-0.9373692455943258
-0.05195638868261673	-0.9768784582357917
0.309258958251933	-1.1424252880617216
-0.10393197762171955	0.49208315174313616
-0.542445756176097	-0.9859606752218489
-0.48158977038577455	-0.935722103150506
0.0933668252350531	1.875947432238252
0.08158152508676217	1.8487529720264622
-0.2184690634355676	0.441133284077963
-0.44628290079119975	-0.7162147306546037
-0.31360146209213324	-0.9645114414118117
3.009580524718307	-0.9929231722030638
-0.3101435067060059	-0.026072533463209896
-0.4919370426461501	-0.8610301547204493
-0.30919406574433905	-0.0933953161891611
0.6319900432860815	2.200121973111765
0.11539696748028186	-1.1634652174632172
-0.2801663197405152	-0.8634734270687495
-0.5829561304629666	-0.9671349154904877
-0.4326242380717608	-0.9118496774743775
-0.35872977107383	-0.3389346461705439
-0.6348386616312626	-0.9268074163537092
-0.01351292395228168	-0.9315289722514113
0.15482745587089475	2.475988147987573
-0.3458914937069257	-0.558263684119008
-0.4450189719804028	-0.9067114461528402
1.0194828451210967	1.2589561623562053
-0.35643471836738	-0.6291159224759832
-0.4041581643419679	-0.8877853590092385
0.1355103405700602	-0.1184453787192328
-0.3656775203838067	-1.0291044256044255
0.4903053314136444	1.3697178418978857
-0.38139098184524156	-0.40383204128923095
1.58980177989907	1.2951926769908224
-0.3079426300396595	-0.5425472342837719
-0.4646255790693599	-0.9383399370948987
-0.1820188588822628	-0.38898639661219375
-0.41791396077223575	-0.4930287053626959
-0.4187158809370725	-0.39761365646871905
0.3071196732843911	0.5735998350927012
0.02666543454063513	0.21938150266477807
0.3443001550436509	3.380270951525506
-0.40447207552076947	-0.8125338114834901
1.7933245961042203	0.5494944766629338
-0.0648959132671018	-1.0318079097190904
0.39924352206090946	1.2619290540483539
-0.25075445625759724	0.6379825842277028
-0.4924316889457828	-0.9203101536130716
0.5566174898401319	-0.17134293691591376
-0.3768047487980004	-0.5966613622015429
-0.3207341270927961	-0.09028372547902111
-0.4863510723660876	-0.7729881674459357
-0.41054786576401664	-0.6835659542217489
0.3942722744335975	2.866847970135358
-0.2870401427866576	-0.9798454071341286
-0.5102449028498468	-0.9517434077931212
-0.25984046506917985	-0.22187612618301056
-0.24593088533986274	0.25349065503650503
-0.13744644497021796	1.2327288079384173
0.8574425674344295	0.3089462807258006
0.007249055970362872	1.087992945825761
1.8929324807858632	0.4739412223373355
0.027035683295691428	0.4500000775885121
-0.41251683361224156	-0.5891980809777202
-0.45801159430621324	-0.9385732178352658
-0.34961752395528706	-1.0218263568707644
0.17697810778199077	0.26368603119016926
1.8024637037690903	2.1766276631840866
0.14655313415640692	1.5175975521979927
-0.16817233776250562	0.37094048829885456
0.07181438028439767	-0.17850630510504517
0.1109228095156158	0.6901898427413455
-0.47911563855806966	-0.8895797200099967
1.3965513932176017	3.5100411578581334
-0.46312914740563543	-1.0082305958789188
0.6459884925359072	-0.9589598176472461
-0.34165991457461986	-0.7620523345901493
1.353376029580692	1.5249853753176774
-0.25177459263091573	-0.8697667876454368
-0.36309276029528875	-0.2777214677479359
-0.5235718320555403	-0.9604771708878058
-0.39640372175720406	-0.9697883320674433
-0.4558332788482603	-0.8717493816128032
-0.3772943548090149	-0.6938122026313117
-0.29736451713739925	0.26091397901949337
0.6995526384726795	1.7682333442588873
0.054574240426328864	1.5927060930139854
-0.46010105599171813	-0.5820181910265616
-0.5118280353634198	-0.8323942486523844
-0.3293389915127252	-0.7877042085428205
2.5262174996724385	1.4455500753523494
-0.03204750225958355	-0.10179279827319122
1.4404759097735464	1.5076679591346664
-0.24251314045082928	0.3175157839044012
-0.48388560412699216	-0.8038818865278656
-0.3590397144559237	0.044178007296118656
-0.04434115825923448	0.7772497001708956
0.3169498282713246	-1.2271711621166002
-0.5183562272625851	-0.8604949398899218
-0.43469951429908094	-0.46018912119867317
-0.5193686711080616	-0.8612822479030932
-0.34089899731444995	-0.6993906385423755
-0.14159807651655945	-0.39202471338652306
0.2930420531794592	-0.3603661584626444
-0.1825547953211039	-0.8448252571416255
-0.29049042525179614	0.002755346463796344
-0.20324924968537342	0.21553854393270538
-0.09722419854085995	1.0013075786164403
0.5006289771994102	-0.6430768529495051
0.45129013981268956	1.737849147596971
-0.3856897385464113	-0.3366918741066933
-0.45607522934984246	-0.8110627749411623
0.4254387633484525	3.0530968921758714
-0.47742151192145693	-0.7108029370387433
-0.5306030482529961	-0.9580197020004816
-0.3234911582569062	-0.6694889256710399
1.055435515657574	1.7336663942535808
-0.4340948408277524	-0.9068236060017694
-0.25019615984524746	-0.19508137458239005
-0.5295497003820752	-0.9257243198448112
-0.504795239234433	-0.9985694101413991
-0.17884703784061462	-0.1376104069470019
-0.42858497266451345	-0.46065496842515974
-0.38123023788193117	-0.825190290259729
-0.2952336540722713	0.09617566888126937
-0.3088097359610361	-0.4429461581142687
-0.26709649454000367	-0.3849190624851751
-0.35662253246403725	-0.6574722590746299
0.6676183052632008	3.6718899853067626
0.5473836824425407	1.765357759064041
-0.3950103613161648	-0.7263092933285483
0.1269385154309026	3.247997503399976
-0.48132054811253916	-0.8976347657391655
-0.2364516134113401	-0.12999029603562032
-0.3382939982346098	-1.0066381156868294
-0.40902784924621116	-0.7517072130508872
-0.4522632625739836	-0.5209954666021145
-0.39187396745118136	-0.7915951163217156
0.4691468468952161	-0.19490919353743363
-0.3911401172896637	-0.5306296191099064
0.4644140008740292	2.8487966835965697
0.20557596771340292	1.7629861339141628
-0.16204515785977738	-0.7945904392433657
-0.511023304859247	-0.9270613289357439
-0.38418374860649673	-0.5932196793818199
0.34221342457585213	3.831625269641949
0.2785706774162419	0.6034532814182532
-0.1348583823408353	-0.29597637856238385
-0.4512178310480507	-0.7297563824336883
-0.4429839140854735	-0.5858604113987571
0.13165376750991553	-0.8043745088777912
-0.4565942860540576	-0.5200242973109075
0.2845969623225148	1.727746654885858
0.035462505369475074	-0.40434454760945976
-0.5041642821931289	-0.963388106594735
-0.4180496278898885	-0.4305803739383164
-0.36028289764356924	-1.000559211116376
-0.24966344768009774	0.38252263242230267
-0.08838275828313756	0.6514797633653889
0.21648076459076454	-0.7443709312776319
-0.5088491882404583	-0.8977930478192806
-0.40692213188451526	-0.781906846206654
-0.4745168856401424	-0.9043426432213827
-0.4259048766023454	-0.6199693348739816
-0.3416335946173617	-0.21236079875198882
-0.46683039396383885	-0.5837774922868773
-0.348933020921634	-0.5047801279373616
1.3138387197894568	1.0504272151749738
-0.5045547301501826	-0.8349494687843952
-0.19658175164644273	0.8559354829362442
0.060723964782332246	1.81565019986737
2.514445509679843	1.3801658903352971
-0.4932698308809144	-0.8018508864637582
0.9299993182485424	2.896772271983104
0.5243030636470892	3.0087083593137174
0.25743199691274243	-0.8502168858177881
-0.032438953916070254	0.5789112914776482
-0.4344001586129521	-0.878055267483825
-0.49548031532875547	-0.8669827220877712
-0.3442425937051036	-0.5047502963366756
2.1764399865309034	2.782533080846115
-0.5354503624218935	-0.9802425215529034
-0.2793626987128847	0.41673974302225053
-0.4226873038651972	-0.5911390397283287
0.22544945686198858	3.07670297649402
-0.47548957757028343	-0.709953965560572
0.049219296498701104	2.0100490231403882
-0.4804043189241473	-0.7097607270270275
0.0736846427564167	2.0712548841058185
-0.32378842626886206	-0.7003524778051141
-0.10041633006339265	0.3600726184307678
-0.2904231084578335	-0.4555246753932987
-0.29935561623186535	-0.7290764562210097
0.5943176986719668	-0.6236275857464973
0.15439195078276183	1.3587651628992194
0.6333998549942401	2.5186360133306396
-0.46728264883623855	-0.8348386883335565
-0.07518711603771792	0.3910704626945555
-0.4180996668193175	-0.6548378924836546
-0.35508697213939233	-0.47541393664037324
0.383917623299851	1.3324491316234133
-0.47600207096594804	-0.9338338876912293
-0.5046455374927975	-0.9564845172173406
0.043164501566679885	-1.1087878365567756
-0.23105994876770883	-0.6792232376087354
-0.035840586165334976	1.7334445602882838
-0.4473853057684959	-0.9978069356380109
-0.47454729142125035	-0.9290148600433951
-0.011550768557701816	-0.061471462091205145
0.020168214178703875	2.013769813537967
-0.4728541013403762	-0.6781173487607621
-0.49449105746392574	-0.8044973473880174
-0.3446471753093421	-0.05590211257668922
-0.4015025245941057	-0.9245522087662578
0.3368870153884725	3.6694700287947146
-0.09751428916798255	1.25950631668922
-0.4746777937023826	-0.8687336169100079
-0.23563755954594773	0.9885901147617511
0.034002631626686014	1.851430444615597
-0.45028180923828554	-0.9389776215397149
0.39483207632980855	-0.20941240527760152
-0.4198297595407828	-0.7820320588120987
-0.2974736403370573	-0.7475519542913532
-0.5417585506716063	-0.9461828195732659
0.22000929658050886	2.787316053686484
0.4229989614665198	-0.5877678459630045
-0.42963134917628265	-0.5578865610294927
0.10239141180348722	-0.6894515028172127
-0.49011465351045974	-0.9962681224614005
-0.3218201276179851	-0.2818418630450428
1.4793092253279416	0.22754067808602246
-0.41707748265575056	-0.6194005244165677
-0.3561274967193631	0.10759728659751243
2.4793792817762434	4.324041701561282
-0.36344274709023733	-0.6284064872855086
-0.5221184065789152	-0.9576579726560244
0.4495651822081135	0.03527096087834785
-0.35292373573127905	-0.8307852010964982
-0.3829694752795083	-0.6577343278071625
-0.3166337345127251	0.06972558859348749
0.21045041288591956	1.7373256227457732
-0.48292603345257545	-0.9616141546807184
-0.4467074490477654	-1.011190208000478
3.2937659868972613	1.6491960652341653
-0.06011564260628646	-0.7833872665200495
0.4108719204003971	0.24515761544359801
-0.03530605594828896	-0.421960376897755
0.3396841262111697	-0.3115631102008913
0.4842851186961978	4.167361913656935
-0.2688417259684729	-0.5621430953845802
-0.49526099195323775	-0.7718882417888239
-0.3760344121519816	-0.4621637520678067
-0.2459170900919349	0.3161649184916211
-0.45130505893431944	-0.7458660148699645
0.6025075794048591	-1.129807065705988
-0.29788015181952837	-0.05611204385614207
-0.26581708927775166	-0.32134318119433136
-0.04798698545692094	1.4143454210379018
0.05512081754059593	1.5927804152488254
-0.30814140043503896	-0.9718402656751871
0.14503049292295161	-0.551941475774785
-0.48796041843002724	-0.901721532069762
-0.40518612945418153	-1.0229754228381245
1.2989189444288758	3.968974250451422
1.8834718420835117	0.34407114418900014
-0.47823370014949873	-0.7400792932700155
-0.280793796377075	-0.4146319748460791
3.295028497840858	-1.2302423850558544
0.040738490403732716	-0.40812189669978016
-0.3561707228316521	-0.7663251084123535
0.14056405851287285	1.8666588465951084
-0.3882916382746188	-0.9578639852928461
0.3410843973248787	1.7169894765261589
0.11657272559356387	1.619995219385515
-0.5114770769240776	-0.9737525685330211
0.3371025639816528	2.934776558064519
0.2796157677586514	-0.8399916113580302
-0.43240993862052063	-0.9151250236845959
-0.5148208038616426	-0.8985568846402613
-0.3372201464289367	-0.5407373565003977
-0.5347834682214976	-0.9852101766052492
-0.0056600042892434215	-1.10268309689971
0.4771457000272067	-0.20231908459014905
0.33010849991803276	2.299718972219893
-0.5017220239423718	-0.9299648233417989
-0.2799851253498342	0.5459561793312465
-0.36294234825644367	-0.47141243634255936
0.6560264565769459	5.936076517324544
-0.13845647014395773	0.8793056746666957
0.4894008147677818	3.3017099686439386
0.8451623408865637	2.496085460753686
0.294675823709203	3.4846608300010073
-0.4104156396375579	-0.5290453145621737
-0.12205501882393092	-0.9059661524542201
-0.5203408937172339	-0.8962959499978119
0.009938723681634934	1.2468051896834922
-0.3348820292524569	-0.11638021231959002
0.31971925640027876	0.5451442402655508
-0.40450880903838765	-0.5576441573987352
11.304434367217354	2.4866643265500055
-0.04536681209100586	1.5723823517620727
-0.4705580596242974	-0.8425729950540493
-0.45200162935853516	-0.9746140552401211
-0.33822441430591293	-0.5642697997253397
-0.2510416109049877	-0.4202401504074252
-0.3955675131695476	-0.6570078122910121
-0.5094410414440496	-0.9307118307446861
0.06238003096540005	2.904169453716366
-0.18573532009412408	-0.5597109870941883
-0.1400753992732049	-0.7802009748146043
0.582535878517863	2.136693197830299
-0.4010702327904631	-0.3357250499808343
4.624282465159419	-0.49135201546831775
-0.32670227510418726	-0.5721324678024644
-0.4183784248681963	-0.7152640019265831
-0.35241989239355076	-0.8646951093246708
-0.3584351773748763	-0.31199074172481933
1.4998608633554464	0.44413285806988995
-0.4779258894011259	-0.8980577455362376
-0.0422281990465498	1.5409635606425405
-0.46878794756587144	-0.8750923975579019
0.14006452493862234	1.7106155150764921
0.04012499813374523	-0.42977932794998347
-0.4801382365119989	-0.8390501091907334
-0.41669044529243776	-0.7176779383050839
1.3409059196159951	3.047362855284339
-0.19184103883649634	0.5364304837905884
-0.4479340540845852	-0.9065694440504775
-0.47386287702410373	-1.0037398673990396
0.5280064675356321	2.3049419934612616
-0.036936921182306605	1.6371771272360085
-0.3907675274062623	-0.8594047520442323
0.08717301670058389	0.8496111233464094
-0.303919548476716	-0.31798411306810104
-0.35677864908953877	-0.46973965861266953
-0.2709227526187916	-0.8140060571146216
0.669707415135372	2.255579483664803
0.19769063939603582	-0.36689245015507604
-0.4466526824297438	-0.878930483253095
-0.3663685062176797	-0.6025282058447425
0.14920441347801328	1.738080729271284
-0.2557428024702816	-0.35562393229148254
-0.3418840100396076	-0.4669348802767593
-0.47299015194011385	-0.9906764552523043
-0.43214788034140156	-0.909380208158651
-0.09257884212047554	0.36036613816850854
-0.34634760311441953	-0.861167286541694
-0.36635616581794367	-0.4361073943875939
-0.4031607159555264	-0.4636745839377534
0.13462694261034713	0.014715299293742936
-0.007835975313826087	0.9906422941338094
-0.43039505624167335	-0.6195267539144078
-0.4748255432527183	-0.7018652363413939
-0.1808812382612686	-0.6976273905798416
-0.3147090401285684	-0.18782151148254678
-0.19468427163536814	0.7585454018197416
-0.2944157741304995	-0.9373917600338163
-0.3497602172323588	-0.8984070873760455
0.0177794910326823	-0.25314308794175433
-0.41781485532166956	-0.4545650866695333
-0.40295809298616203	-0.655544740142502
-0.4642323512221277	-0.8436074716583895
3.4251620779943703	2.6026297360769983
0.2870027080873347	-0.988434827225849
0.9450349063774557	2.4405737719616605
-0.44427258147666254	-0.7794344796035165
-0.3604643682991818	-0.3090824742042557
-0.3232669363240909	-1.0429893295034784
-0.01788555457005161	0.6101652580745961
0.30450119022903027	0.7299969904712923
-0.44258820022114703	-0.9265990487428397
-0.3929188806121791	-0.7530071542446677
-0.40918428487404535	-0.9649397387700998
-0.2520648803142055	0.2547408838233195
-0.15044689989963897	0.8829196734063591
0.5084397786468625	1.954565010420908
-0.4952258532007538	-0.7714551539746318
-0.26743883593724566	0.35121231366592703
-0.44165030014595485	-0.7492978969978275
-0.5945726403113268	-0.9398991752645386
-0.4014680603282717	-0.9158857290679053
-0.15565761546513593	-0.8976218673579476
-0.4994556194026016	-0.9308719634620748
-0.059478887596171336	-0.8905880054636706
0.2837060380671388	2.940923081178835
-0.3752952538005577	-0.9868859846015497
0.2918135644370622	-1.1095045453264856
0.056890097309543766	0.44512186422219724
-0.018498384572333267	1.058149407162249
-0.4252818365104406	-0.8840754724033818
-0.2971007522406929	0.1947946939944791
-0.3986905634957436	-1.0163285314098414
-0.3430897724291672	-0.8663599991988399
-0.05114472070412346	-0.9589298169065755
-0.2592381479465379	-0.8779705725530406
-0.2352535521566575	0.2208190246815693
-0.10951463237170483	0.5294964966164584
-0.5287567096354651	-0.9642365428321459
0.2621283541037676	3.743139892856241
3.232899708277636	0.7994435343662903
0.656122970692384	3.1848395948061197
0.4621496776135343	-0.865525856900111
-0.09309588286363911	-0.5700913674408643
0.10936618132388942	1.33006000495652
-0.2163566059228987	0.15035053636367188
-0.4706990856018943	-0.9367122650211598
-0.47726320796150484	-0.9992377866965153
0.25398564827542347	-0.5815302905845733
-0.14114108489220542	0.7496704129642208
-0.4961274317582497	-0.9925988699344275
-0.3756714383102298	-0.33839557069801135
0.9338804296498255	5.232690007669678
-0.46005654131052354	-0.8118255160675523
0.33874976570746074	4.311216399431163
-0.4213356627169635	-0.8492088979122921
0.5350088898698142	0.8919059041950801
-0.498055476008508	-0.9003564713794789
-0.15322957249249566	1.0436639806475974
0.1277307899604336	1.967394168211475
-0.5283977386725084	-0.912902491482789
1.1324759498874186	2.4857289484125586
-0.19872315942620772	0.11777425003646581
-0.44006329665711785	-0.8472709718887756
-0.3163964104990685	-0.09096155577385868
-0.5179428857772173	-0.9935174985009987
-0.28298481187778124	-0.9486593236161424
-0.15828554663289734	0.14339648639359837
-0.18055941794243704	-0.9905665306516226
-0.5063335468620562	-0.9566266446264923
-0.4373984123673862	-1.0136972098305863
-0.4157488100769791	-0.6189137684520707
-0.25256371938259836	-0.1959887615452157
-0.15926082575789677	-0.9844782655054743
-0.3245537755811016	-0.7804022564945567
-0.05480065875443205	-0.24886992171235942
-0.25886865617968535	0.5760553412228702
-0.43956853027288145	-0.4897295697354404
-0.3788215345685779	-0.30845134357550485
-0.17579212232216226	0.3139909607806846
-0.08544671062524119	1.5456573740695274
-0.2835956347970736	-0.7410562970443165
-0.11874037492699872	0.29826294702800293
-0.25287955353087493	0.5136420604278178
-0.224514319700102	-0.6451769837255749
1.964598452872107	0.6667144816876853
-0.3890045803814678	-0.42793224266137475
-0.036963184677875134	-0.1010120873113973
0.746853195710596	-1.2869642802909182
-0.31804915519969285	-0.6752223992783688
0.45579390229711947	0.26011618441597356
0.3524594300226946	-0.38843338863329513
-0.2347818426591543	-1.0637766326620306
-0.06921215395564628	-0.6919211303361473
0.17071063803426687	-0.7653862879755603
-0.24111362472990164	-0.2891720828538232
-0.20497252574354405	1.1454100187482765
-0.16810710501800383	0.4043392631486012
-0.18505105805547156	0.11628075292283926
0.5977290201164458	0.14140594263789802
-0.24038880466473597	-0.22902149223395776
-0.48142659268010146	-0.9356566412364387
-0.21164503677968088	-0.558890439513384
-0.49892056021695075	-0.9001507721926276
0.3935257708787888	3.1845823199207666
-0.30041161506447167	0.1326151756163374
-0.2593484968959719	2.226817626812392e-05
-0.4586349758644028	-0.8441695146114804
-0.41999337926213637	-0.8913672441702679
-0.05117689157486353	0.7750796915468308
-0.13333447136349555	0.528033123168617
-0.12098069330791926	1.358902194213375
-0.348928793615481	-0.3755569916322137
0.861428739484504	4.856737536797889
-0.45622748737454755	-0.7472674318815238
-0.4529001241774217	-0.9437499930220266
-0.27133094380720174	-0.7447628294692766
-0.23878378803401276	0.09035838460578557
-0.5223879968220784	-0.9583593030981886
-0.3404712809410302	-0.2805292088796527
0.2801238988420445	2.0461320494133464
-0.2580232001437482	-0.4367092389498202
-0.09386467063626437	-0.11817328415912345
-0.4978186666371971	-0.9833094518340849
-0.19714085207547566	-0.23221438838036124
-0.31855955222613247	-1.0492349024216086
0.34391106847779573	0.07435752986779354
0.16262978117381086	2.923630916388112
-0.3135855900957149	-0.9353242802170403
0.012002724602783277	1.6616715905373054
0.3387825316773142	0.37477338558749473
-0.34689017024605706	0.010068002395098948
0.24291377489849553	1.5735271626481393
0.34518443159855955	0.5934044765069152
0.4131453901115173	-0.5463059054145405
-0.10290054408395374	0.23522988930006317
-0.450926966011406	-0.5160740741729006
-0.4525159373435141	-0.8978278561949147
-0.32286046440893806	-0.8420633570965779
0.8839387392388747	6.710230480889713
-0.13486387572477498	0.17465187795998752
0.0034483577285593222	-0.6845237346271096
-0.40095953638792253	-0.23911809881789037
0.4701807766898703	0.07769001313724053
0.3333766336951559	2.4868843335699706
-0.1245575343162122	-0.7003398914811761
-0.12428665704079078	0.717208249120825
0.3731345258616531	-0.3447982803667894
-0.07852935286234608	-1.053501877981802
0.08262490115385475	-0.7633032255150675
0.05854843132595435	-0.2756164725185781
-0.513165019654781	-0.8648128331511395
-0.26985937346785976	-1.032782763120074
0.15051767327270832	-0.4603239642064171
-0.3474769609563647	-0.5607065950382881
-0.44389285865512	-0.5212158206048783
0.0888639701945515	-0.6708027940700465
-0.448172119120084	-0.6187267007294418
-0.29029411763246016	-1.0067484606926271
0.3561274799507859	2.518453776621271
-0.33913762833039496	-0.7367567240989631
-0.06383311612062013	-0.6634980638483289
-0.44096850829180156	-0.7807347717076327
0.45378134084050215	1.92790448963119
-0.2762492160119475	-0.5761272391306171
-0.3260158138734258	-0.8720316806616086
-0.30320116731597735	0.09810622913905719
-0.3745174012012951	-0.24393656236384442
-0.18913766348329983	-0.8290212132267317
-0.45576432468074024	-0.8763324917741067
-0.3792839842379111	-1.0119874212558206
-0.4083190663161024	-0.3018850318891759
-0.4968662627588014	-0.9990572583488577
-0.3181581198915777	-0.9008034851274196
-0.04114576005911746	0.27602456314306206
-0.4201665914375107	-0.7408584884941345
0.3248543902977836	2.1394174873739567
-0.1208475242798025	0.7849191624536882
-0.5063224880160776	-0.8665539544201294
0.23848125336102774	-0.8231632185050252
-0.11867588700679675	1.0370925198970111
-0.48546989121527606	-0.8381496131785139
-0.44868498117628874	-0.8012402554362626
0.9676304747532805	0.5882723942729838
-0.3005276918343542	-0.9050601692954205
-0.25582210303389935	0.15795018324104027
-0.09914042721638552	0.5206249842716996
-0.2618847285619451	0.2544763891513277
-0.40810686088580866	-0.40027681653970304
-0.325355332847867	-0.31574563639119396
-0.0011578544651663818	-0.4676784571820846
-0.5037637815138063	-0.8347563860151999
-0.2080533974418242	0.11954878528341822
-0.3581223958686164	-0.34428122583005105
-0.34086909639210566	-0.7312534183052223
-0.3584126898676217	-0.4371254230873526
-0.34395460394163063	-0.4070583366047772
-0.008980503914319976	0.766235766793311
-0.057927333540932935	0.19048905670360555
0.6841567053502208	4.461134064177444
1.0053603259276886	4.358578405226863
-0.22376462517751325	0.06121878629441955
-0.16020736284489215	0.33828936718484404
1.842714415769917	2.2069295935202127
-0.48316917002508636	-0.8378057755263492
-0.40262217624611335	-0.46585371789606156
-0.16157965737359592	1.2029082175229122
-0.43708156046286945	-0.9469217560312662
0.1770268168847027	0.6807306224875773
1.5646371369421248	0.9854542496848422
-0.29974353153067673	-0.027117853259301106
-0.41520134904667666	-0.8213778689044515
-0.39679595228424785	-0.6853143669758935
-0.48002416555727295	-0.867705958728426
-0.38083066823936335	-0.9751216278903755
-0.2893350492449033	-0.7084011790941265
0.6454079006739872	1.4027031819565206
-0.2148805447109819	-0.007247280107616119
-0.49671618814683366	-0.8032239665776496
-0.12787933508111698	-0.22209760012199722
0.6560297270295764	1.9084227945508083
0.5004076505097881	3.815070186486813
-0.46706964162326237	-0.6800056393358045
0.10628626984548203	-0.8379108128862427
-0.1458985975045803	0.7522631868103938
-0.499927184818719	-0.9994316827274184
-0.275037441464414	0.3203842051549732
-0.25661994962559737	-0.09933934138060713
0.21547175339035415	3.141545613875948
-0.2449791683613904	-0.25618671435191237
-0.44377718712555175	-0.9097284603882955
-0.3250339679460324	-0.3778302853520035
0.5589047044567552	2.9063849439561618
-0.39685987745523155	-0.8848327656916343
1.1251289324104492	3.189256190349641
-0.3485401557158636	-0.537469504297263
-0.014600392517332937	0.6448987281987077
-0.05179954469645008	1.162017503122948
0.0343022440785136	-0.07197777723194931
-0.27652938173697206	0.25756599183801976
1.8899589138569957	12.57500820171982
-0.06046969357644339	-1.106701359096054
-0.32039823008549445	-0.283722855630188
1.2918903425114665	2.1893868741848914
-0.4156046920375044	-0.688432622640633
-0.42611190458745285	-0.7214635104332814
-0.46846275176934693	-0.9094676870221322
-0.4831268085825176	-0.8707675784578517
-0.13322905020584455	1.3288140200592138
0.06564384871382109	0.8546172312990852
-0.1607221703454289	0.3354437535717329
-0.3215660617105296	-0.15535199523278387
-0.2342097201522167	-0.5859246873349647
0.11193591428979109	1.4231634643340358
-0.5260836168883674	-0.9892524577734787
0.044484031085421094	0.6652534292265113
-0.39770289235392314	-0.4001267504011755
0.5039315503884356	1.3206907650422264
0.40426088194331855	0.5234558906212322
2.222590878878862	0.42623343514868056
-0.2369236198949918	-0.8239904805128865
-0.4731713098694031	-0.7396863584900542
-0.47744361596025214	-0.8072998468876706
0.3563694787902165	0.4901380247650938
0.3848649729988695	3.407928821435344
-0.5025901999694333	-0.8974570012141116
-0.15550846108484145	1.3632426946285694
-0.012685480342125363	0.9280441779647172
0.2720989917012753	-0.20313782347302908
-0.37141277920156895	-0.14810637836565618
-0.46793954536671356	-0.644213854370801
-0.07099632370076765	-0.7626553173318413
0.7021655812489851	2.1860130721081945
-0.4366122725392741	-0.6853369055917505
-0.45474619113272713	-0.7147980465540431
-0.2673712107121967	-0.4201839410278423
0.17324556450342074	3.1471739429712176
-0.3049126946033041	0.03780507364619827
-0.3483837060403304	-0.5602419438829359
-0.2684266057651878	0.12803133335894845
0.1375186315766503	0.7871741214125049
-0.41470316114592154	-0.36462194096395545
-0.3952671799529481	-0.6164199689209079
-0.17454549691766874	0.08055213643322492
-0.19452754065825828	0.7604423149239374
-0.24570809482126216	-0.6331089463989557
0.16036683711556182	-0.12092033357827912
-0.4532585523518976	-0.8385669712016498
-0.14185482053919557	-0.21353027778395947
0.0181138898913734	1.4367238191862082
-0.4590269555879209	-0.8455732654586474
-0.4895475098736618	-0.8706772107713379
-0.1907692878283965	-1.0335097281920096
-0.4709338481766161	-1.0013692932386378
-0.24242156871478301	-0.6095274628851073
-0.5003227606174415	-0.9009022721993136
0.6501386578069993	1.0392611769609417
-0.3599741122473212	-0.43997448030906045
-0.5071763635272394	-0.9993273784192378
-0.2734900696843269	0.4160223439012819
0.11788405700907548	1.1034449734860996
0.3105071596848559	0.12402889914762728
-0.4355806831722561	-0.7487178571441
0.5076510141247861	0.12492853231096528
-0.1914036425011124	0.5009768231854533
-0.4635585009381654	-0.9299838910851327
-0.3141467538535561	-0.05744576832901284
-0.44255413285167694	-0.7830141995287401
0.7901400253840623	2.6555981926771457
-0.3262864159199597	-0.8673154223336917
-0.13456207907907722	-0.7907347953250036
-0.3962695990277346	-0.8848295519759165
-0.35214767144581127	-1.0019295329285385
-0.3645072447332174	-1.0324552202388766
-0.3182487968766178	-0.7027317364932373
-0.19957553619722684	0.21807941560442556
-0.2761981436713814	-0.6993358702170395
0.16876653384969847	2.316356857735141
-0.40868774228239624	-0.491406591061215
-0.09443566654591119	-0.08738113696805952
1.1630997354170092	10.353964065833651
-0.36614049298663237	-0.27315256368567337
0.6031553035436558	-0.659925015644232
0.8997829251509469	7.441281913130911
-0.09320270394497568	-0.6355533555474403
-0.4023438179133918	-0.3357121025280332
-0.20090816436504913	0.3431009491367522
1.135889949424998	9.653468842953863
0.2804852305265593	-0.6121802004639724
1.3697106644857786	11.321458614959468
-0.35760700376670823	-0.27378135008553117
0.14506209617281	1.5107245518048993
-0.3105552750081825	-0.15534071759264753
-0.393889426827317	-0.3043413465035589
