data_hora	user_name	title	id	viewer_count	language	game_id
28/05/2026 00:40:31	caseoh_	🟨LOSING MY MIND🟨	319518605274	49366	en	23020
28/05/2026 00:40:31	Jynxzi	[513/730]  🟥 NOT ENDING UNTIL DANTES IS CHALLENGER 🟥	317232704600	45579	en	21779
28/05/2026 00:40:31	TheBurntPeanut	The Name's Nut, Pea-Nut	318777289436	34300	en	229772247
28/05/2026 00:40:31	Tumblurr	🎉MARATONA DI COMPLEANNO 24H🎉[BADGE ESCLUSIVO]	315582189521	28533	it	509658
28/05/2026 00:40:31	LVNDMARK	[!DROPS] ICEBREAKER STORYLINE DONE| !STARFORGE !MONSTER | LVNDMARK_tv On Socials @starforgesystems	319508742746	22898	en	491931
28/05/2026 00:40:31	PlaqueBoyMax	ANNOUNCEMENT 😊 GOOD NEWS & BAD NEWS 😢 #FIVESTARSUMMER2026💕	319620995291	20761	en	509658
28/05/2026 00:40:31	Lacy	balesh convo's w/ @yonnajay	316658370039	20401	en	509658
28/05/2026 00:40:31	加藤純一うん〇ちゃん	雑談していく	315959184754	19005	ja	509658
28/05/2026 00:40:31	wendolynortizz	BRAZIL DAY 4 🇧🇷 yacht day	319458628313	13278	en	509672
28/05/2026 00:40:31	jasontheween	🔴MAXED OUT BALESH STREAM🔴CLICKING LINKS🔴NO CONTENT🔴BAZINGA🔴EPICNESS🔴	317905215319	13226	en	509658
28/05/2026 00:40:31	Emiru	AADDASIODOIAJDOJIOFJICAIOERFJIOEAIJDJOWJIADEOIADJKSLDKLLOADP;OPAEOPWJEPAIJWIROWUJAEOIJEWOIIEPWAEPOKJOSDAJDAIOHDAHHADIOHDSUOAIOHDHSIAIOFJIOSD	317906043095	12738	en	32399
28/05/2026 00:40:31	fps_shaka	佐渡攻め 豪雨編	316660572535	12017	ja	509658
28/05/2026 00:40:31	summit1g	att prac w/ team @summit1g	319511985114	11662	en	32399
28/05/2026 00:40:31	Dantes	1 WIN -> CHALLENGER	319613703643	11243	en	21779
28/05/2026 00:40:31	SanteaTv	LAST FULL DAY IN BRAZIL 🇧🇷❤️🛥️ get in here	318771205340	10418	en	509658
28/05/2026 00:40:31	aldo_geo	HOY MEJORAMOS A FALCO	316658323319	9844	es	1422023940
28/05/2026 00:40:31	dano_mall	🇧🇷🇧🇷 4TH DAY IN BRAZIL 🇧🇷🇧🇷 CLUBBING 💃🪩	317909764311	8558	en	509672
28/05/2026 00:40:31	AgustinUnaplay8	🍟 SOLO UN CHICO RANDOM JUGANDO HASTA QUE LE DE HAMBRE 🍟	319457454809	8181	es	491487
28/05/2026 00:40:31	zagowt	FESTA DO DO XJ ft BECA +18 !pix !discord	317908247767	7987	pt	509672
28/05/2026 00:40:31	mago2dgod	【SF6】イングリッド全裸待機	315958986610	6713	ja	55453844
28/05/2026 00:40:31	Kaysan	Cyrus Ali 🪖 UMP Commander 🪖 D10 🪖 Villian Arc	317235951704	6545	en	32982
28/05/2026 00:40:31	Cellbit	😎AO VIVO😎SEMANA CONTURBADA😎MUITOS JOGOS😎POUCO TEMPO😎LIVE LONGA HOJE😎TODOS OS JOGOS DO MUNDO😎ESSA SEMANA VAI SER MEIO CAÓTICA😎	318124409972	6448	pt	723826053
28/05/2026 00:40:31	tarik	🍟 THE UNCTION 🍟 XITTER @tarik	318773769820	6206	en	516575
28/05/2026 00:40:31	supertf	hello everybody i hope everyones day is going great and filled with posi vibes and fun ^_^	318726490718	5990	en	2132205352
28/05/2026 00:40:31	TinaKitten	GEARING UP ^_^ NEW TWITCH AMBASSADOR BTW ^_^	317235822808	5948	en	1422023940
28/05/2026 00:40:31	Pestily	[FREE DROPS] PC !GIVEAWAY | ICEBREAKER! PATCH OUT NOW!	315666557289	5878	en	491931
28/05/2026 00:40:31	loltyler1	QUICK FASTS HURRY MUSTS !!!!! NOT TIME WAITED SPARE LAST FIRST PLACED ACHIEVE !! beep beep ! CAR go FASTS LIKE RUNNER ME !!!! yup	319457770585	5584	en	32399
28/05/2026 00:40:31	Ludwig	😈BRAND NEW GAME RELEASE😈CS2 PRACTICE WITH TEAM AFTER😈	318853952864	5370	en	32399
28/05/2026 00:40:31	ImperialHal__	RANKED	319615552859	5353	en	511224
28/05/2026 00:40:31	RealzBlueWater	🏆🏆BACK TO BACK🏆🏆✨CLICK🐬✨NOW🐬✨💰BIG GIVEAWAYS💰PS5💰💎GIFT CARDS!💎(>❛̀ 👅 ́❛)>	316657835639	5190	en	512980
28/05/2026 00:40:31	iiTzTimmy	LOWEST TO HIGHEST RANK IN CS2! 30K TODAY LETS GET IT! | FPS GAME !MARATHON !TIMER | 1/7 COMPLETED! | Socials @iiTzTimmy	316658261751	4631	en	32399
28/05/2026 00:40:31	Squeex	TEAM LUDWIG PRACTICE~ YAY~ HAVING FUN~	319509610202	4526	en	32399
28/05/2026 00:40:31	sasatikk	まずはイングリッド興味あるね	316013858291	4484	ja	55453844
28/05/2026 00:40:31	Yugi2x	🌟CULTURAL SWAP MUKBANG W/ @sakurashymko 🌟 !socials !comm !oscs	318726192222	4472	en	509658
28/05/2026 00:40:31	SheefGG	[FREE DROPS] SOLO GUIDE | !STARFORGE	319612710875	4436	en	491931
28/05/2026 00:40:31	Valkyrae	FIRST TIME PLAYING GOD OF WAR 4 DAY 5 (also live on yt)	317906411991	4300	en	6369
28/05/2026 00:40:31	rivers_gg	RESTAURAMOS UNA ISLA DESDE 0 🏝️	319514707674	4179	es	1637760740
28/05/2026 00:40:31	Doublelift	✅4 GAMES FROM CHALLENGER✅PLAYING CHAD CHAMPIONS TODAY (NO MORE SMOLDER SENNA ONLY)✅ATT CUP FINALE: CS2 TOMORROW✅	318723713118	4173	en	21779
28/05/2026 00:40:31	rayasianboy	🦇 LEGO BATMAN 🦇 REAL GAMER 🦇 DESKTOP DEMON 🦇 w/ @kelo	317906198103	3828	en	1813168901
28/05/2026 00:40:31	JLTomy	Pexing entre quarantenaire (0 PVP, juste taper des mobs OUNGA OUNGA) w/ @Fana et @JennyyL	316826798690	3692	fr	18122
28/05/2026 00:40:31	VeryBadSCAV	New !drops ON 48 hr stream / promo !codes / !guide to enter icebreaker	318705209694	3666	en	491931
28/05/2026 00:40:31	Asmongold247	24/7 @zackrawrr / @asmongold | VOTING LIVE | WOD/CLASSIC WOW | ELDEN RING/ SOULS | FF14  | GOOD VIBES | !voting !playlist !streamtime !new	318774933980	3585	en	1584836809
28/05/2026 00:40:31	Tigz	✅[DROPS ON]✅ICEBREAKER GUIDE > !GUIDE |  - !YT	315601741650	3534	en	491931
28/05/2026 00:40:31	kyootbot	[DROPS] CARRYING VIEWERS !playwithme ❤️ my back hurts... ❤️ !musicvideo !discord #marvelrivals partner	317235780184	3451	en	1264310518
28/05/2026 00:40:31	Reginald	THEY STOLE MY CAMERA IN JAPAN /DAY 4	317236300120	3262	en	509658
28/05/2026 00:40:31	Kenji	HI	316661035767	3142	en	509658
28/05/2026 00:40:31	moistcr1tikal	007 First Light tonight	318728787038	3113	en	229772247
28/05/2026 00:40:31	yurnboi	🇧🇷NIGHT OUT IN BRAZIL🇧🇷 DAY 4🇧🇷 STREAMING EVERYDAY🔵 349/365 🔵ROAD TO 11K🔵 JOIN UP	318846804064	3068	en	509672
28/05/2026 00:40:31	QuarterJade	valo 5 stack to immortal	317234242904	3018	en	516575
28/05/2026 00:40:31	RoshPP	🎰🚀 18+ !Bonus in chat – Tonight we’re chasing the max win 🚀🎰	316100009813	2863	en	498566
28/05/2026 00:40:31	shuto_fgc	調整どこに行った？	315959081714	2787	ja	55453844
28/05/2026 00:40:31	Repullze	🍑$3,800 Diaz Biffle x Console Kings Switch🍑*STROBE WARNING*🍑	319621907547	2775	en	512710
28/05/2026 00:40:31	BeanDip	Birthday Countdown + Front Page! :D	316659253239	2747	en	13389
28/05/2026 00:40:31	AlveusSanctuary	Alveus Subathon (Day 4 / 25+) | !alveus !institute !pixel !schedule !video !subathon	317487222758	2744	en	509658
28/05/2026 00:40:31	生駒どぐらデビル	どぐげー 最速潜在的宇宙規模美少女配信	316013538547	2730	ja	55453844
28/05/2026 00:40:31	YonnaJay	🫰 CHILLING WITH @LACY🫰 !discord !snap	318723658974	2708	en	509658
28/05/2026 00:40:31	CrystalMolly	CHAVA FRESCA, NATURAL, FIT Y BONITA 💋	319516811610	2635	es	491487
28/05/2026 00:40:31	DimaTaboo	ПРИГЛАШАЕМ В КОМАНДУ RED SQUAD | DIMA TABOO	316171674324	2475	ru	1923236616
28/05/2026 00:40:31	Axel_tv	[DROPS 24/7]☢️Icebreaker Guide making ☢️🌊Chill Vibes. 18K Hours🌊 !bitbot [ ON ]	317480244966	2465	en	491931
28/05/2026 00:40:31	Ben_	tourist tours through the tundra - !starforge	317908488151	2442	en	1702520304
28/05/2026 00:40:31	evelynomadera	GRWM FOR CLUB 💄✨🇧🇷 BRAZIL DAY 4 🇧🇷	317909469399	2435	en	509672
28/05/2026 00:40:31	AmyDoggy	Pink Doggy Girl on the Front Page	318852992480	2379	en	499003
28/05/2026 00:40:31	Warn	[!DROPS] #1 ASHE  🟧  RANKED #peace #love #positivity + POKEPACKS FOR WINS  🟧  LOOTBOX OPENING -> !video	318724645086	2318	en	515025
28/05/2026 00:40:31	Rekkles	🔴 KOREA DAY 23/40 🔴	316658609399	2310	en	21779
28/05/2026 00:40:31	Sypeh	[ALL DROPS] Support games / World Champion / !Rank 1,2,3,4,5 / !newvideo	316107307349	2289	en	1264310518
28/05/2026 00:40:31	Im_Dontai	007 First Light Is Game Of The Year Worthy - TRYNA BEAT IT TODAY IDC IDC IDC	319451831385	2284	en	229772247
28/05/2026 00:40:31	jungroan	crunch time !mobalytics	316658836855	2217	en	1702520304
28/05/2026 00:40:31	けんき	釣り配信	316013827571	2213	ja	509658
28/05/2026 00:40:31	GEEGA	KING OF THE WATER TRIBE 🟪 Vintage Story Hell | back to Death Stranding on the weekend 🟪 !gsupps !powergpu !scum !merch	318722129246	2212	en	498417
28/05/2026 00:40:31	jennmcallister	escaping the backrooms......	317234523736	2185	en	1075600787
28/05/2026 00:40:31	カワノ	すと６	319457704921	2139	ja	55453844
28/05/2026 00:40:31	Pikabooirl	!Drops WOW INTO MAYBE SOMETHING? MULTISTREAMING??? !wallet #ad !youtube !vods	316659712631	2129	en	18122
28/05/2026 00:40:31	MajinPhil	OCARINA OF TIME + MAJORAS MASK ARCHIPELAGO NO LOGIC RANDOMIZER WITH @zfg1	319620256987	2116	en	11557
28/05/2026 00:40:31	AmaLee	🦋 NOW: Call me 0067! Playing 007 First Light for the first time! ❄️ !newcover !va !gs !cons	316658379767	2088	en	229772247
28/05/2026 00:40:31	BAXBEAST	🔴DROPS GRATIS🔴ICEBREAKER TODO EL DÍA!🔴!TECH🔴!CODIGOS🔴PRESTIGIO 6✅🔴BITBOT OFF (Solo Timeouts🔴⚡REDES: @BAXBEAST	318122876020	2078	es	491931
28/05/2026 00:40:31	BURGAOfps	+18  💰RINHA COPA E NOLIMITE DA BANCA💲🔴!RINHA 🔴!LINKS	318126752372	2074	pt	29452
28/05/2026 00:40:31	CoolDee__	FREE !DROPS 24/7!!!⚠️FARMING ICEBREAKER⚠️ICEBREAKER⚠️NEW MAP⚠️NEW MAP👀!TANGIA	317266164583	2043	en	491931
28/05/2026 00:40:31	magiik777	DROPS ON | ЛЕДОКОЛ |МЕТА СБОРКИ ДЛЯ ТАРКОВА И ТАРЕНЫ В !tg | НОВОЕ ВИДЕО НА !ЮТУБ	316104395733	2036	ru	491931
28/05/2026 00:40:31	nemo_good	【SF6】美少女戦士🚨	316013693939	2031	ja	55453844
28/05/2026 00:40:31	Kurumx	1191 start | team xbox has fallen drowning in soloq !scores	318850255712	2030	en	513143
28/05/2026 00:40:31	Grimmi	Backrooms by Kane Pixels and Liminal pics and videos time!	317235032536	2025	en	509658
28/05/2026 00:40:31	pge4	Almost fully packedr	318775597660	1987	en	515025
28/05/2026 00:40:31	roflgator	WEDDING NIGHT ITS GOING TO BE ROMANTIC AND BEAUTIFUL	319458845145	1944	en	499003
28/05/2026 00:40:31	Staryuuki	⭐ NOCHE DE RETOS EXTREMOS CON CARTAS ⭐ + 🔥 DINÁMICA: ADIVINA EL GOL 🔥 !CARTAS !YOUTUBE !CLIPVIRAL	318778152412	1917	es	509658
28/05/2026 00:40:31	DatModz	Path of Exile 2 Preparations! New !Patch Notes - Monk Martial Artist Mains Assemble - Build Making + Practice Runs	318775877852	1894	en	1702520304
28/05/2026 00:40:31	小舞	【5】 爛泥 A5 @nein1203	315950413041	1870	zh	509658
28/05/2026 00:40:31	DesmondPilak	[DROPS] Icebreaker 24/7 - Prestige 6 Level 73 - | !settings !playlist !sens	316659131511	1864	en	491931
28/05/2026 00:40:31	delegarp	VOLTEI PRO PROBLEMA @delegarp  ❗SUB ❗PIX ❗LOTTU	317994294774	1853	pt	32982
28/05/2026 00:40:31	べこぉ	【Drops】今日こそ進めるアイスブレイカー	316013462899	1851	ja	491931
28/05/2026 00:40:31	BarbarousKing	Face the wrath of my COLON CLEANER - Blades of Fire	318725260510	1807	en	1846723828
28/05/2026 00:40:31	Pezzzy	talking about it... !BBL !AFK !video	319616624219	1802	en	518213
28/05/2026 00:40:31	eido	DNS Winner #40 !merch	316660971895	1793	en	2132205352
28/05/2026 00:40:31	momochoco	アプデ！イングリッド実装	316013617779	1789	ja	55453844
28/05/2026 00:40:31	fobm4ster	🔴DROPS🔴STYGIAN RESET??? AHHHHHHHHHHH	317233685720	1785	en	456845141
28/05/2026 00:40:31	Nokan777	💎 CASSINO BANCA REAL - DIA DE FORRA? | !cassino !banca !oxentebet	318067545973	1742	pt	29452
28/05/2026 00:40:31	DiazBiffle	SWITCHAROO WATCHPARTY | !YOUTUBE | @DiazBiffle	319455249113	1732	en	512710
28/05/2026 00:40:31	ravusssss	NOCTURNE SUITE DE  007 + REACT   !holy !maillots !emma	319450914649	1729	fr	509658
28/05/2026 00:40:31	RatCousin	HELP ME EAT A BEEF ISLAND?	316661171063	1728	en	509663
28/05/2026 00:40:31	sunsetgaiaASMR	LIVE ASMR -  Beans, beans the musical fruit, the more you eat, the more you toot.	318128022772	1727	en	509659
28/05/2026 00:40:31	Zfg1	Ocarina of Time + Majora's Mask Archipelago Randomizer with @majinphil	317234314968	1717	en	11557
28/05/2026 00:40:31	nl_Kripp	React Andy | !IRL - PEAK RIO! https://youtu.be/mTE1Q4DJv2I	319620982875	1707	en	1702520304
28/05/2026 00:40:31	Mikan	[Capybara VTuber] My 6 Year Streamversary!! ʕ ◉ᴥ◉ʔ	319459971929	1690	en	509663
28/05/2026 00:40:31	dooby3D	i live here now	319456751577	1662	en	723826053
28/05/2026 00:40:31	UHN	007 double drops double badge double double	318728152670	1628	en	229772247
28/05/2026 00:40:31	sakurashymko	🌸CULTURAL FOOD SWAP W/ YUGI  🌸SPECIAL GUEST TODAY 🌸	317906335447	1628	en	509658
28/05/2026 00:40:31	Arielle	SO MANY THINGS I WANNA DO AND NO TIME TO DO THEM | !sleeve !tts	319513502554	1626	en	498417
28/05/2026 00:40:31	slimeIRL	great attitude, great player. +rep	316659132919	1610	en	509658
28/05/2026 00:40:31	TheMrSark	Night Shift in The Backrooms.  Every Single Backroom.  Can't Shave Till I'm Out... (Day #13 - Game #59/278)	319458558809	1595	en	683724012
28/05/2026 00:40:31	OhTofu	🟢🟢 OLD MAN !GAUNTLET GAMING 🟢⭕ !heratourney !gamersupps !exitlag !newvid !newshort	319618134235	1588	en	491487
28/05/2026 00:40:31	LilAggy	FINISHING JUMP SOULS (probably)	317906685911	1581	en	1945019091
28/05/2026 00:40:31	MelHssn_	j'ai retrouvé confiance en moi hier, la duo de Houssein on top	316869713763	1574	fr	516575
28/05/2026 00:40:31	GronkhTV	[GTV24/7] ✶ S02E184 - BOSSKAMPF; Blutgrimm ✶ #DOSENWURST - Die 24/7 Dauerbeschallung	317270432103	1569	de	27340
28/05/2026 00:40:31	elded	PROBANDO EL FORZA HORIZON 6 EN XBOX GAME PASS!! #XBOX #AD #XBOXGAMEPASS| SOCIALS: @dedreviil	317909664983	1558	es	1991115310
28/05/2026 00:40:31	なるお_	佐渡ヶ島釣り 釈迦、けんき、マザー、おぼ	317909478359	1530	ja	509658
28/05/2026 00:40:31	蝦愛橘子	[✅DROPS☠️最高難度🚨不破關不關台🚨😎今天我就是007🎁Sw2 每月一台 !抽獎🔴看台免費拿MyCard/Steam點數!MY🔴 【🍊蝦愛橘子】 🎁Sw2 每月一台 !抽獎🔴看台免費拿MyCard/Steam點數!MY🔴 【🍊蝦愛橘子】	315949590641	1522	zh	229772247
28/05/2026 00:40:31	Aydan	$4,000 ConsoleKings Switcheroo w/ Adrian & Clxp	319458663513	1521	en	512710
28/05/2026 00:40:31	Hungrybox	THE SMASH 64 REMIX CASHBOX FT. WIZZROBE, M2K, CONEY, LOWWW, HBOX, AND MORE!!!	318774889564	1518	en	17516
28/05/2026 00:40:31	DolphinChemist	🦀 dolphin is crab 🦀 chat is crab 🦀 everything is crab 🦀	319514379610	1506	en	488335006
28/05/2026 00:40:31	kyo1984123	買入美光人生應該怎樣 🔥大談🔥 5/27【KYO】 @kyo1984123 Surfshark    ! VPN !水餃 !延長線	315950611697	1487	zh	509658
28/05/2026 00:40:31	まざー3	マジで釣りたい佐渡ヶ島	317235473880	1473	ja	509658
28/05/2026 00:40:31	gameplayboy2222	chiling	318722324830	1469	en	499973
28/05/2026 00:40:31	HisokaT42	$5K SWITCH W…..|!GAS !DOC !TZ|	316658207607	1450	en	512710
28/05/2026 00:40:31	agendafreetv	New U.S. Strikes in Iran - LIVE Breaking News Coverage (Plus Other Stories)	318776943196	1441	en	509658
28/05/2026 00:40:31	Liam	120 star speedrun (big announcement)	319459672921	1437	en	2692
28/05/2026 00:40:31	itswill	itswill007 🚨 FORMER HITMAN REACTS 🌍 1000 GAMES 1000 UNDERSTANDINGS ⚠️ #1 GAME UNDERSTANDER [HARD] 🕊️ !newvid !odyssey	316659787767	1431	en	229772247
28/05/2026 00:40:31	stankRat	[!DROPS] SOLO ICEBREAKER !CODE	317906700631	1414	en	491931
28/05/2026 00:40:31	Elquaria	ZUM ERSTEN MAL 480HZ  !insta !pmm !more	317279805031	1413	de	229772247
28/05/2026 00:40:31	Kaydop	[DROP ACTIF] UE6 UE6 | !Holy | #ad	316870595683	1376	fr	516575
28/05/2026 00:40:31	KYR_SP33DY	Draw mogging my friends on Garlic Phone!	317234285400	1375	en	278888515
28/05/2026 00:40:31	kkatamina	cs practice w/ team	316659881335	1362	en	32399
28/05/2026 00:40:31	AsmodaiTV	o7	316171515348	1324	en	138585
28/05/2026 00:40:31	aimkey	😈EMERGING VICTORIOUS😈 - 20K Knocks	317907084759	1298	en	464339927
28/05/2026 00:40:31	BlandShip	🔥🍕ESPECIAL EN TWITCH 🔥🍕DROPS ON 🔥🍕| !redes !discord #007FirstLight #IOICreator	319513352282	1287	es	229772247
28/05/2026 00:40:31	Matimi0	Let's Go - 007 First Light - !Charm	317234943832	1286	en	229772247
28/05/2026 00:40:31	locking	+18 DOENTE MAS FOCADO! !betspin	318777738844	1280	pt	32982
28/05/2026 00:40:31	ZynyBeme2	🍒🎁PROMO CODES AND FREE SPINS ON THE WEBSITE IN THE CHAT🍒	315214981232	1272	en	498566
28/05/2026 00:40:31	sheviii2k	PRECISO DO LVL 20 E PARTIU COPA DO MUNDO ❗skins ❗fibras	317992445686	1267	pt	32399
28/05/2026 00:40:31	LowTierGod	EARLY - CHARACTER DROPS - PRELUDES - MORE 007  - REACTS LATER	317908240855	1263	en	55453844
28/05/2026 00:40:31	Samwitch	Sorry im late actually no im not apologizing. Lets play some weird games	317909687255	1254	en	509658
28/05/2026 00:40:31	Nezba	DROPS 🔴 Difficulty: Purist	317909132759	1232	en	229772247
28/05/2026 00:40:31	綠茶	【綠茶】5.28 改版練習 Try Try   靠賽走不遠  戰棋音樂台	315959114738	1229	zh	513143
28/05/2026 00:40:31	Macaw45	The Craziest Double Dragon Games	315622991080	1226	en	27284
28/05/2026 00:40:31	문뚜야	LIVE 🎈Do you have any plans? [ kor/eng/中文 ]	317235037272	1220	en	509658
28/05/2026 00:40:31	brawlpro	PATCH NOTES TODAY relaxing on forza after probably	319458713049	1220	en	1991115310
28/05/2026 00:40:31	santipulgaz	POST ZION DESKTOP! !comm !socials !discord !oscs	316660329079	1213	en	509658
28/05/2026 00:40:31	Fairlight_Excalibur	Doing some hardcore unintentional deranking	317907767639	1209	en	21779
28/05/2026 00:40:31	yusuf7n	⛈️CALM BEFORE THE STORM⛈️ KODE SUMMER S00N | new discord - !discord !twitter !com !clipping	318725782622	1204	en	509658
28/05/2026 00:40:31	EsfandTV	TBC ARENAS✈️ Traveling to Europe TwitchCon 🔫Finishing 007 First Light After | @EsfandTV all socials	319614709851	1202	en	18122
28/05/2026 00:40:31	paparatto18	[a10] just chillin a lil today | !factor !youtube !reference	315622672232	1193	en	1435206302
28/05/2026 00:40:31	LegendsofAvantris	[Finale] Witchlight in Space | Once Upon a Starlight Ep. 11 | FREE Dice at NeonRPG.com	318776913244	1192	en	509577
28/05/2026 00:40:31	SrTumbao	FINAL DE TEMPORADA EN MUERTE SUBITA, INTENTANDO SUBIR! hejejeje !redes !discord !terror !lootbar	316852473188	1191	es	491168
28/05/2026 00:40:31	DGthe99	STORY OF THE LOST SOULS | HEADLINER RP OWNER | DUKE TUCKER | LOST SOULS MC | FEAR THE GULT	317235772632	1190	en	32982
28/05/2026 00:40:31	PlaqueBoyJuice	(TRADING !!) STEAL THE BRAINROT + GIVEAWAY | ROBLOX | LIVE EVENT right now	319431203417	1181	en	23020
28/05/2026 00:40:31	LefoPos76	🔥AO VIVO NA BBS🔥 NOITE SENSACIONAL 😈 – BASTIDORES QUENTES +18 !bonus	315214981104	1179	pt	29452
28/05/2026 00:40:31	vaderffps	🟢 (+18 ) PUG E MAIS TARDE CASSINO🍀🍀🍀 |  ❗luckyx ❗❗hellcase ❗  CONTATO	318128151668	1165	pt	498566
28/05/2026 00:40:31	HEYitsm3l	Outlast trials ! lets play!!	318855169376	1163	en	518144
28/05/2026 00:40:31	Gladd	Terraria v Corekeeper v Stardew??? | !gladdlfa !24/7 !Socials !Clips	318846910560	1158	en	373384440
28/05/2026 00:40:31	jeanmago	(AO VIVO) soloQ challenger top 20 em busca do top 1 !cassino	318065617781	1156	pt	21779
28/05/2026 00:40:31	CursedFiber78	🎁DROPS MID SEASON🎁📖CAPITULO 3: SUPERACION📖🔥SUB PARA NO ANUNCIOS🔥🚀💪 FULL GRIND💪❌NO LLOROS❌ 📲 REDES: @CursedFiber78	319623326299	1152	es	515025
28/05/2026 00:40:31	CRREAM	🎯!DROPS🎯| 007 - I Am  Master Of Stealth | !ADV !Surfshark !Hello	315686445802	1148	en	229772247
28/05/2026 00:40:31	NoGenerals	[DROPS] Icebreaker | !OPERA | !coaching | !exitlag	315582866129	1139	en	491931
28/05/2026 00:40:31	sashagrey	🟢 !DROPS SUB=007 BADGE \PURIST/ @SASHAGREY | !PATREON !YTCLIPS	317907298775	1137	en	229772247
28/05/2026 00:40:31	wakewilder	🔴(a)WAKE W/ WAKEWILDER🔴I'M BACK? HACIENDA UNGUS HAS RETURNED -- WE CATCHING UP, TALKING PLANS AND WATCHING MAFS🎙️ !SOCIALS !PODCAST	319453749465	1136	en	509658
28/05/2026 00:40:31	dnmdota	TRAINING FOR FINALS OF BORIS LEAGUE...🎯LEARNING HOW TO BE A BETTER PLAYER🎯	319622230875	1126	en	29595
28/05/2026 00:40:31	kelo	hmmmm... 90% | ROAD TO 3k SUBS 🍀🍀🧪	316658840695	1124	en	1813168901
28/05/2026 00:40:31	eggsterr	YORU Goat	317907336663	1113	en	516575
28/05/2026 00:40:31	Putupau	🔥 ENDGAME FULL F2P 🔥HAY QUE RASCAR MIGAJAS!!  !OperaGX !Eneba	316828289890	1112	es	1901865180
28/05/2026 00:40:31	MiruneMochi	💜3DIO ASMR 💜 Deep Tingles + Soft Kisses 💜 !gg !merch !daki !clip !socials	316869488483	1092	en	509659
28/05/2026 00:40:31	DaddyDimmuTV	!SUBATHON Day 41  !YOUTUBE !focusfuel !UNDERDOG !UNDERDOGHOF	319624916443	1086	en	1832641890
28/05/2026 00:40:31	SquirleyTV	O MELHOR ORACLE DE BF - cogite apoiar a stream comprando na !loja	318126924020	1080	pt	29595
28/05/2026 00:40:31	SofiKimmy	no hweibiemos 🗣️‼️  | ig: @sofikimmy	318127976308	1079	es	21779
28/05/2026 00:40:31	HeavenlyFather	11 Hours of Marathon.  I did 44 Push Ups in one day in return !GG	318855548768	1077	en	509658
28/05/2026 00:40:31	Jessu	down the rabbit hole 🐇	317909106647	1073	en	1669431183
28/05/2026 00:40:31	tonystatovci	GAMBLING W/ THE FREEKATEERS HOP INNNNNNNN	319457862105	1060	en	461492
28/05/2026 00:40:31	German_intelligence	NEW⭐DROPS ON⭐-> TIER X GAMING VIBES⚡️-> !OperaGX -> !Tankr -> !Gfuel -> !Exitlag -> !NordVPN -> !yt	319512630362	1059	en	27546
28/05/2026 00:40:31	Gragolandia1	CHALLENGER JUNGLER GAMEPLAY AVANÇADA 🔥 SUBA DE ELO NA JG COM O !CURSO !bonoxs !elo !sociais !livepix	318726166878	1056	pt	21779
28/05/2026 00:40:31	Safiro01	día #3 jugando valorant sin tiltearme	318776772956	1055	es	516575
28/05/2026 00:40:31	rodrigobugado	Vamos rookar em ferobra agr  !coins (mais barata mercado )  !tyronot !youtube !verdinha !livepix #Ad #tsbot.io	318123754996	1053	pt	19619
28/05/2026 00:40:31	cawcawTV	🔴 NUCLEAR DRAMA 🔴 🗣 SSS GRADE YAPPER 🗣   🗿 REACT MESSIAH 🗿 ✅ DROPS x420 ENABLED ✅	317907515863	1053	en	
28/05/2026 00:40:31	EeveeLinh	[ESP/ENG/粵語] 早晨! 打街霸 ✨Ingrid Trials and Labbing ✨ @eeveelinh	319618300379	1050	es	55453844
28/05/2026 00:40:31	GamesDoneQuick	Fatal Frame II: Crimson Butterfly speedrun ft. @Cloudmark27 - !fromthecrypt !schedule	319514057434	1050	en	8483
28/05/2026 00:40:31	TalkTo_MeGoose	⭐ Drops ⭐ Chill Stream Cheers Good Vibes!!!	318723464542	1047	en	27546
28/05/2026 00:40:31	ClioAite	What the heck is a reechee !merch !Vershion !gamersupps !eu5	315666622953	1046	en	509658
28/05/2026 00:40:31	帕蘿妮	▌帕蘿妮 按一下即可輸入新標題	315622982632	1038	zh	1277738947
28/05/2026 00:40:31	OniGiri	Onimart Ebike Maiden Voyage to Saitama! |!merch|!okban|!tts 300bits	316013851507	1032	en	509672
28/05/2026 00:40:31	DrGluon	Lets burn it all down... for fun!	318727243230	1029	en	518762
28/05/2026 00:40:31	catsen	!DROPS 🤵🏼‍♂️🍸 007 FIRST LIGHT [Hardest Difficulty] James Bond → Hitman Devs | Thanks IOI for the Key!	316660130807	1020	en	229772247
28/05/2026 00:40:31	Nexzou	🎙️🔴 SOLO QUADS REBIRTH | 10 KD |🔥THE BEST ENERGY🔥|	317234380760	1011	en	512710
28/05/2026 00:40:31	AmbiR6	Arise	319517895386	1010	en	460630
28/05/2026 00:40:31	Fragas	[DROPS] I Will Win No Matter What !event !mousepad | @mythictalent | !starforge	319451762905	1004	en	491931
28/05/2026 00:40:31	savage7th	IMAO LOL LOL/ +18 / gambling !TELEGRAM	317495992806	1003	de	29452
28/05/2026 00:40:31	Rush	Lee Sin only to challenger (Unless full AD or taken)	315187185006	1001	en	21779
28/05/2026 00:40:31	NateHill	DROPS ON - Every Gifted sub is a gifted sub | Gone thurs-sunday for golf in South Carolina	317906421591	1000	en	464339927
28/05/2026 00:40:31	Calebhart42	FF 1-10 + MORE 100% MARATHON | FF9 STARTS TOMORROW !ggsupps !lastvideo	319456532441	997	en	18181
28/05/2026 00:40:31	soldierfps71	lobby com os rlk	318126667508	995	pt	32399
28/05/2026 00:40:31	ShawnCee	im ALIVE! more MUSIC / drake hate / REACTS / Playing 007 FIRST LIGHT !!!	319460550489	988	en	229772247
28/05/2026 00:40:31	Felps	266 | hã?	318852469984	978	pt	1039416021
28/05/2026 00:40:31	BtbDezzz	🍀 We Back 🍀 CMB🍀 TOP 5🍀 !instagram !twitter !discord	317906380887	973	en	509658
28/05/2026 00:40:31	sshaggy_	а мы летаем в небесах..	317495992934	968	ru	29452
28/05/2026 00:40:31	YEBshow	😈WE ARE CHOPPED IN REVERSE😈FLIP IT, REVERSE IT😈 PREMIERE-A-THON DAY 5😈!whatshappening !utc	316660039159	965	en	509658
28/05/2026 00:40:31	SouzaSoul	QUARTOLA de STREAK dos STREAMERS vs JASON na PTB e depois STREAK nos SERVIDORES NORMAIS...	318126947956	964	pt	491487
28/05/2026 00:40:31	BarleyTheBurr	"MAKING A ""HEAR ME OUT"" CAKE ＼ʕ •ᴥ•ʔゝ☆"	318779078876	962	en	509667
28/05/2026 00:40:31	KyouASMR	🔴 LIVE ASMR! Hachishaku-Mama's Mochi Mouth Noises! (FREE ASMR redeems)	316659885047	954	en	509659
28/05/2026 00:40:31	TaeBlizzle	Week 2 we hea	319517803226	954	en	2112738408
28/05/2026 00:40:31	TQQ999_	OWランクいくぞ！	316013865203	941	ja	515025
28/05/2026 00:40:31	OverEzEggs	VINTAGE HELL DAY 6 COVERT OPS   [!SOUP !PP !MILKIES !WOOD !MERCH !COVERS]	317907070935	936	en	498417
28/05/2026 00:40:31	vickypalami	ROLEANDO DE GORDOS CON LOS DOWNYS | TENGO LOS TRIGLICERIDOS AL TOPE	319456057689	936	es	27471
28/05/2026 00:40:31	Thiefs	"🔴Zero Build Fortnite! Positive & Good Vibes Only. Use Code ""Thiefs"" #EpicPartner🔴"	317907748695	933	en	33214
28/05/2026 00:40:31	PABELLON_4	SE PINCHO LA PIÑATA 2/20 !1x	317995970166	932	es	498566
28/05/2026 00:40:31	おぼです	佐渡釣りに来たぜ！	315950869233	929	ja	509658
28/05/2026 00:40:31	limitlessqt	WINLINE Star Series S3 | 15500 3pos | !winline | !tg | !freebet | СБОРКИ -> https://t.me/limitlessqt	316171661140	926	ru	29595
28/05/2026 00:40:31	狂暴小建	【小建】5/28 限時最後半天。日本十天一百萬小馬幣 小鋼珠/SLOT教學直播 目前Day9 -25張	315950672369	925	zh	509658
28/05/2026 00:40:31	Vinment	🚨🚨🚨Америкацион 1.0 !tg !Америкацион !Заброшка !Режимы !карцер !правила	316130009686	920	ru	509658
28/05/2026 00:40:31	Hayashii	QUE TIPO DE BLACK OPS É ESSE? | !SorteiosMaio !Kaspersky !Monster !Pix !Vods	318127051380	919	pt	229772247
28/05/2026 00:40:31	Luckyzeal	[EXCLUSIVE !DROPS] TOP 2 GLOBAL SPIDEY ONLY (#1 NA SPIDEY) / !discord	317909588055	918	en	1264310518
28/05/2026 00:40:31	vinixiste	🎙️ XT CONVIDA #8 – CONVIDADOS: PHL NOTURNRBOY 🔥!pix !dc !vods	318125879412	911	pt	509658
28/05/2026 00:40:31	卡嘎咪	【SF6】Ingrid	315686677866	899	zh	55453844
28/05/2026 00:40:31	RebelDustyPinky	🟪DROPS ON🟩 GIVEAWAYS Every 20 Minutes On Warframe! 🟪 !FreeWarframe 🟩 !Giveaway 🟪 (Streaming Everyday This Year! 147/365) 🟩	318777019228	899	en	66170
28/05/2026 00:40:31	嬌兔	外面好熱 007boy day2	316013890419	899	zh	229772247
28/05/2026 00:40:31	りーり	修行編 １	315950383345	894	ja	513143
28/05/2026 00:40:31	WhiskeyDing0	⭐FURRY GETS TRAPPED IN THE BACKROOMS OwO - BRAND NEW HORROR BACKROOMS GAME w/ TALKING DOG WOW - GIFTCARD GIVEAWAY⭐ | !discord [18+]	319456258649	889	en	66082
28/05/2026 00:40:31	tahielraw	Aqui jugamos de todo ~ Jugando con seguidores	317995932790	886	es	1095275650
28/05/2026 00:40:31	sugarhillddotlive	SUGARHILLDDOT CHILLING | DESKTOP STREAM	318728955230	879	en	509658
28/05/2026 00:40:31	HyperRatTV	🚢🧊 DROPS 🚢🧊 | !Grid !Merch | !VPN #ad	317903541591	877	en	491931
28/05/2026 00:40:31	sharap	Drops ON | Твич дропсы приуроченные к Ледоколу	316136323542	874	ru	491931
28/05/2026 00:40:31	踢虧	【TK】5/28 小開一下等等要出門	316013524467	873	zh	491487
28/05/2026 00:40:31	furkcs	AO VIVO +18 - CSZADA MARCHA !contatos	318068037493	873	pt	32399
28/05/2026 00:40:31	Saullo	AS SKINS VALORIZARAM MUITO HOJE + DEPÓSITO na conta de VOCÊS + Sorteio R$2.000 para quem mandar LIVEPIX❗ csgonet❗betboom	318128199412	871	pt	32399
28/05/2026 00:40:31	Aurateur	Super Mario Maker 2 -> 007 First Light	319460171097	870	en	511399
28/05/2026 00:40:31	Zooombie4k		317281011815	868	en	
28/05/2026 00:40:31	chrismelberger	You can only watch this stream if you're chill as hell...	318775484892	865	en	33214
28/05/2026 00:40:31	bboladin	+18  pug na noitada ❗️clashgg  ❗️sweatbet.io	318128296564	854	pt	32399
28/05/2026 00:40:31	NekoElla	꒰ 𝐈𝐓'𝐒 𝐌𝐘 𝐁𝐈𝐑𝐓𝐇𝐃𝐀𝐘🎂🌸 ꒱ catgirl turns 23- celebrating my birthday with you ♡ | new petal tts mascot! | !yt !discord !merch🌸💜	315630546515	853	en	509658
28/05/2026 00:40:31	yuki_nuki	Твой трек на стриме по команде !yuki	316136558678	849	ru	509658
28/05/2026 00:40:31	TFToddy	Unranked ao Challenger no Server NA - Start D2 + Leitura do Patch Novo	317994348406	849	pt	513143
28/05/2026 00:40:31	AirwingMarine	[Drops] Icebreaker is here! !TiT !Music !merch	317231489496	845	en	491931
28/05/2026 00:40:31	AxialMatt	Uncapped Subathon Day 12! Star Fox Adventure! | !alerts !subathon !weekend	316657501943	839	en	17424
28/05/2026 00:40:31	Grimmmz	[!DROPS🟢] Bond...Grimmmz Bond | !youtube |🌞Afternoon Gaming🌞|	317233730008	837	en	229772247
28/05/2026 00:40:31	sbolttt	4000 elo top 20 eu | НОВЫЙ !PC | СНЯЛИ !vaс !tg !секретка !настройка	316135889110	837	ru	32399
28/05/2026 00:40:31	Mictia00	JUGUEMOS :D VEN🦈 !SORTEO SWITCH 2	318850034144	836	es	33214
28/05/2026 00:40:31	keliencs	3600 elo top 67 eu | разминка перед сст | !tg !fonbet !ggdrop	317425774053	830	ru	32399
28/05/2026 00:40:31	我是一件	"""GZ 1Jiang"" 5/28 韓服1800"	315958538994	828	zh	21779
28/05/2026 00:40:31	snessh	!зеленый !кешбек АБУЗИМ ИМБУ ПАТЧА 7.41C УЛЬТРАПОТ В КАЖДОЙ КАТКЕ!!!	316136551766	824	ru	29595
28/05/2026 00:40:31	JerseyJerry	Chattin/Shootin BUSH	319517781082	823	en	2012789438
28/05/2026 00:40:31	pKennyS	(+18)LETS GO CS	318128625140	817	pt	29452
28/05/2026 00:40:31	K1m6a	🦁 K1M6A.TV 📺 WATCH DAILY STREAM REPLAYS & HIGHLIGHTS ON !YOUTUBE 💰 TYPE !GIVEAWAY	319498927578	817	en	499634
28/05/2026 00:40:31	fr4nk_xd	007 First Light en Xbox Series S/X	319623669339	814	es	509658
28/05/2026 00:40:31	dolmanpo	BIG WIN OR BIG SADGE?	317495992678	808	en	29452
28/05/2026 00:40:31	CordsDisabler	DROPS ON✅  OKAK💥 NIGHT CHILL😎🤙  我该怎么办☠️  !commands	317280918119	807	ru	491931
28/05/2026 00:40:31	jacarepereira	"+18 GTARP [CAPITAL] Mano a Mano  pra mim é esporte"""	318127320436	806	pt	509658
28/05/2026 00:40:31	vulture_ow	[!DROPS] back home happy face emoticon !discord !newvid !optimization	317233153496	804	en	515025
28/05/2026 00:40:31	FrankitooGonzaa	LuckyX // !DS 8/15	317996550646	802	es	498566
28/05/2026 00:40:31	wehoopinx	🫢 im a low testosterone demon 🫢 🏒 Canes in 5 🏒 | !ads !prime	316660413559	802	en	488559
28/05/2026 00:40:31	MaryMaybe	More Chaos Rising packs to open POG - Early stream tomorrow so maybe we rip some chapters on wc3 then get off~ | @marymaybe !factor	318855965408	800	en	9618
28/05/2026 00:40:31	sallesgoti22	18 🟢 R$ 7.00 FREE, BY COMPLETING THE PLATFORM MISSIONS 🟢 COME TO THE LIVE STREAM! !GIVEAWAY !HOUSE !PLATFORM !CASINO	318127839476	799	en	29452
28/05/2026 00:40:31	cdewx	FRESH $55000 LEADERBOARD, JOIN !DISCORD FOR GIVEAWAYS! !WEBSITE  #ad	318853765088	798	en	498566
28/05/2026 00:40:31	velja_lol	🇰🇷 KOREA DAY 27/69 | GM 1726 lp start !korea !coaching !ig !youtube	317907399511	795	en	21779
28/05/2026 00:40:31	parkenharbor	⚔️ELDEN RING BUT A PRO TEACHES ME HOW TO GET GOOD	319513368154	794	en	512953
28/05/2026 00:40:31	SlaayerQ7	6 UHR Giveaway 🔥 l !insta	317424450661	791	de	509658
28/05/2026 00:40:31	sabrinoca	RUMO AO GM !elo !pix !vod !meta !cardapio !música	318126454772	788	pt	21779
28/05/2026 00:40:31	CrunchyCrew	Come Eat Lobsta With A Monsta Duo: @hutchmf	319449316185	788	en	490948
28/05/2026 00:40:31	Smzinho	UM TRABALHO E UM SENTIMENTO - !VODS - !LUNATAR - !LOLJA	318125111540	779	pt	29595
28/05/2026 00:40:31	senclerk	🔴PUG DA MANHA - ❗DISCORD	317993977846	776	pt	509658
28/05/2026 00:40:31	absolut3	Как выиграть мид ✅ AURA ✅ я не гуль ✅  !конкурс !tg !румтур	316171705044	775	ru	29595
28/05/2026 00:40:31	Panketee_	JUGANDO UN RATITOOO!! TIMBAAAA	319519608026	772	es	498566
28/05/2026 00:40:31	ItsJXin	[ES/中文/EN][SPECIAL DROP]💥CHILL STREAM !!! | !discord !tutorial | DIFUNDIR PLS❤	316852355940	770	es	515474
28/05/2026 00:40:31	babybay	"STAGE 1 CHAMPION ""THE PEOPLES UNC"" G2 BABYBAY"	316661040887	769	en	516575
28/05/2026 00:40:31	Cohh	[!24 Modded Community][Block:2/2] Cohh 24/7!	315583964369	763	en	499973
28/05/2026 00:40:31	seucreysonreborn	17k ATUAL CAMPEÃO BRASILEIRO - VAMU RI - 322 Q.I. 1300 TESTOTERONE !site !social !bmbr !flow !pix !scorpion	318126101108	756	pt	29595
28/05/2026 00:40:31	Velion	❗[Drops On!] Finishing Icebreaker! SUBATHON DAY 5 !wheels !delete | !bitbot !tangia !pingpong [ON] | !ghost	318775170780	756	en	491931
28/05/2026 00:40:31	Dynquedo1	🟢SUCATA MODE CBLOW | RUSHANDO ELO ❗pix ❗gamersbrawl ❗headset ✋😜🤚 🟢	318063944565	754	pt	21779
28/05/2026 00:40:31	BHarp	💎DROPS💎👑#1 SOLO ARC RAIDER👑 !hats | CODE: BHARP | !donate !socials !discord !drops	319514957402	752	en	464339927
28/05/2026 00:40:31	ぷげら_ぷげら	イングリッドとりこれ会場	319516864858	752	ja	55453844
28/05/2026 00:40:31	sharsok7	[+18] LOBBY COM OS CRIA !CASSINO !CS2	317992780278	751	pt	29452
28/05/2026 00:40:31	cesarthb00	QUARTA CASSINADA FÉ CHATZINHO ❗PIX❗BORAWIN	317995279990	748	pt	29452
28/05/2026 00:40:31	BurkeBlack	[✅!DROPS + SUB=BADGE✅] Its Damn Good 💀 !Factor 💀 !Madrinas 💀 !BootyBoard 💀 !app 💀 !Discord 💀	318728287710	742	en	229772247
28/05/2026 00:40:31	El_Persa	MI KALISTA ESTA EN SU PRIME | PREGUNTAME LO QUE QUIERAS, SEGURAMENTE TE INSULTE	317995604214	738	es	21779
28/05/2026 00:40:31	Ev913	【Ev】5/28 誰要玩0.0	315666779753	737	zh	21779
28/05/2026 00:40:31	AshendisTV	⚾ Rockies vs Dodgers, Brooms Out, Shohei On The Mound LETSGO !discord !kofi	318776879580	733	en	1832641890
28/05/2026 00:40:31	telefe	EL AFTER CON DIEGO POGGI	318856018016	733	es	509658
28/05/2026 00:40:31	jankyrondo	🌽CLICK HERE ASAP🌽IRL SOON🌽LETS GO🌽WEDNESDAY🌽REACTIONS🌽GAMES🌽VIBES🌽GOD IS THE GREATEST🌽 | !socials !prime !sub !seatgeek !kalshi	319618015195	732	en	32982
28/05/2026 00:40:31	ghoul33_	radiant ranked !pix !twitter !mouse	317996071798	731	pt	516575
28/05/2026 00:40:31	Mirys	♡ asmr ♡ It's bedtime. ❗CustomASMR ❗site	318067146229	729	pt	509659
28/05/2026 00:40:31	CuteDog_	🐔LOOKING AT THE POE NEWS THEN -> 2 INSANE NEW ROGUELITES JUST CAME OUT🐔 ૮₍ ˃ ⤙ ˂ ₎ა🐔	319622857691	727	en	1702520304
28/05/2026 00:40:31	zherarrr	Ночные битвы в герои 3 для засыпания!	315686081386	722	ru	12839
28/05/2026 00:40:31	YungeenAce	OUTSIDE LIVING TO DIE BABY DRENCH	317235615320	719	en	509658
28/05/2026 00:40:31	AdrianaChechik_	!!DROPS!! 007 FIRST LIGHT	317909065431	718	en	509658
28/05/2026 00:40:31	MikaMoonlight	✨Mikafest Night 3: Wiggle Wednesday✨!plushie last chance orders open thru 6/3	317235336024	718	en	499003
28/05/2026 00:40:31	Nakkida	Tessa Lamb | grounded | NoPixel RP 4.0 WL	316658770039	717	en	32982
28/05/2026 00:40:31	咪咪蛋	【叉滴娛樂 MMD】5/28 今晚阿泰爾龍王啟動 想到就抽1600WC #世界樹計畫 !YT	315950881777	716	zh	21779
28/05/2026 00:40:31	Lourlo	🔴 Ap kALIstA? 🔴 WE ARE SO BACK 🔴 fredPls 🔴 !discord !factor 🔴 !newvid !ig !tiktok	319519242714	715	en	21779
28/05/2026 00:40:31	RenRize	TERMINAMOS LA BIBLIOTECA , me duele el cuello XD ♡ !wsp !video	317910354647	715	es	771717624
28/05/2026 00:40:31	Terablade	!drops Агент 0 девушек 0 денег 7... !funpay !расписание🎄 !wow🚀Наконец-то любимая игра💗	316136664022	708	ru	229772247
28/05/2026 00:40:31	jacksfilms	JACKBOX NIGHT!!!	316661021943	704	en	493174
28/05/2026 00:40:31	nyhVT	♡ kisses for the win ♡ !merch !gg code → NYH	318128511988	704	en	509659
28/05/2026 00:40:31	nabrizarp	✦ Boa Noite, chat 55/100 !NEON !club !bc	318065498613	703	pt	29452
28/05/2026 00:40:31	Pixienaut	Danke Twitch 💜 James Bond kann einpacken! 00Pixie ist am Start 😏	317495027942	701	de	229772247
28/05/2026 00:40:31	Esskayuwu	MEGA CHILL ZONE	319621495003	698	en	1264310518
28/05/2026 00:40:31	onemanaleft	Chonk CoC. the world is not ready	319452027737	697	en	1702520304
28/05/2026 00:40:31	jennsanli	ME VAN A TROLEAR VDDDD? MINECRAFT 0	319516091226	696	es	27471
28/05/2026 00:40:31	VulpesHD	[BADGE] Cute Emotes - Playing as Henry from KCD - GIGA SHORT STRE - #007FirstLight #EarnTheNumber #IOICreator | !gamersupps | Mute streamer	317496399590	696	en	229772247
28/05/2026 00:40:31	APlatypuss	🌟$500 !GIVEAWAY FRIDAY! !DROPS🌟🍌	317907463255	693	en	229772247
28/05/2026 00:40:31	pivo134	top100 faceit	316136643542	691	ru	32399
28/05/2026 00:40:31	mole	45 just got dumped 💔💔💔 and my toenail fell off 💔💔💔	317233851224	690	en	509658
28/05/2026 00:40:31	gateoo	🔴NTE CN 1.1 LIVE!🔴PULLING FOR LACRIMOSA & PORSCHE 918🔴NEW MAIN STORY & ISLAND MAP & 7.5M HOUSE🔴	316657242487	689	en	1901865180
28/05/2026 00:40:31	Kaiju_Waifu	BIRTHDAY SUBATHON DAY 5 [new model] 🌊💙 | !socials !merch	317233065432	689	en	1099705332
28/05/2026 00:40:31	Sardaco	SOLO COX | VARD 1/3 RINGS | DOOM | SOLO COX | !Odyssey	319451486297	687	en	459931
28/05/2026 00:40:31	ShiftyTV	$4,000 CK SWITCH | !socials !tipsy	318780509148	683	en	512710
28/05/2026 00:40:31	BorahaeHQ	Cooking with BANGTAN: VEGAS DAY - 3! | !Discord !Socials !Twitter	319458699993	673	en	509658
28/05/2026 00:40:31	JoinTheSystemm	Ночной тарков → Olden Era JC PVP !заказ 💽	317425881829	672	ru	1426873999
28/05/2026 00:40:31	PattyMeza	Jugando R.E.P.O con CAPRIKONG !reel | !redes !yt2	319624111323	669	es	1294658629
28/05/2026 00:40:31	TheNicoleT	RERUN TINGLES :) !s for my links	317907231319	666	en	509659
28/05/2026 00:40:31	SpeedkicksATL	Let's see... | Tekken University	317909921367	658	en	538054672
28/05/2026 00:40:31	Eros	[FIRST PLAYTHROUGH] the water temple can't be that bad right???	319514571994	655	en	11557
28/05/2026 00:40:31	ろぜっくぴん	イングリッド来るぞ	316013690995	652	ja	55453844
28/05/2026 00:40:31	Abgxlina	WATCHING LAN CLIPS	318778770780	651	en	509658
28/05/2026 00:40:31	りきゃっぷ	新パッチ来たみたい！ 朝ランク チャレ1500LP～	315950657777	650	ja	21779
28/05/2026 00:40:31	Caprimint	MAÑANA NOS VAMOS A MTY!! 💖🌟 !tier3	319456410841	649	es	1294658629
28/05/2026 00:40:31	あくあ_	【スト6】イングリッド最前線攻略所	315958915058	644	ja	55453844
28/05/2026 00:40:31	quante	BEST URGOT WORLD, no end until challenger take 2 (3w) !bible	318852160096	643	en	21779
28/05/2026 00:40:31	slwalekoP		319515256794	643	en	
28/05/2026 00:40:31	BoostlerF1	ÚNICA CARRERA | LATIN DRIVER | FECHA 12 | BRASIL GP 🇧🇷 CON HAAS RENDIMIENTO REALISTA	319623894875	642	es	93798731
28/05/2026 00:40:31	MandyMess	"quero jogar de Jason :(❗pix ❗sub ❗fila | Use o código ""mandymess"" no DBD! #DBDcreator"	318853445472	641	pt	491487
28/05/2026 00:40:31	betboom_dota_ru	Rerun Day 2 | BLAST Slam VII | Online Group  | Bo1 |	316105527381	640	ru	29595
28/05/2026 00:40:31	KhanAsadi	100K CELEBRATION🥳 | IRL LATER?	317908187607	635	en	
28/05/2026 00:40:31	Arex	DARK SOULS BUT CHAT DOES HALF THE ACTIONS	315950739441	631	en	1122982998
28/05/2026 00:40:31	Yumi	GTA MINIGAMES JOIN UP?? CODE YUMI	319622561755	631	en	27471
28/05/2026 00:40:31	Welderb	Зацениваем новую версию Гаммы 0.9.5 на одной жизни	317281227111	628	ru	2121806469
28/05/2026 00:40:31	paulbelter	W streamer Paul Belter (24/7 rerun of @Pobelter) (PLEASE DON'T SUBSCRIBE HERE!!)	317230563672	625	en	21779
28/05/2026 00:40:31	Ceremor	MELEE FIGHT ME FOR ]100$ (IF YOU HAVE PAYPAL) (IF YOU DONT HAVE PAYPAL GET FRICKED) (BECAUSE YOU CANT WRITE F&$#@*($K ON TWITCH)	319613021531	618	en	65632
28/05/2026 00:40:31	dede_of	TOP 200 EU PREM solo выживание  БЕЗ НЕГАТИВА 👽	316107728341	615	ru	32399
28/05/2026 00:40:31	LasVegasVP	★ Punt Social Casino Fun ★ #ad #sponsored	317234932056	615	en	498566
28/05/2026 00:40:31	jorge	boa noite !lista !cinefy !site !tempo	318127247732	611	pt	509658
28/05/2026 00:40:31	GoatClamp	TORNEO CK x BIFFLE SWITCH x $80,000 | Redes: @GoatClamp	319458426841	610	es	512710
28/05/2026 00:40:31	ProtonJon	Super Battle Golf with Friends, Hanging Out After	319457877721	609	en	2128193047
28/05/2026 00:40:31	snKarma	🟠75.000$ ARAM MAYHEM TOURNEY PRAC! !T3 🟠	317280184423	608	de	21779
28/05/2026 00:40:31	Naquito_1	LUCKYX QUERIDENS , 40 GANADORES TODOS LOS DIAS EN DISCORD!	318856033760	607	es	498566
28/05/2026 00:40:31	むらおかりばー	レディアントランク	316013451635	606	ja	516575
28/05/2026 00:40:31	lolmechs	SoloQ y luego alguna otra cosa  | Extensible día 212 | !metas !precios	318725875422	605	es	21779
28/05/2026 00:40:31	vadriss	♡ Adriana Garcia ♡ | Prestige RP | !P.O !wishlist !merch	319621596123	605	en	32982
28/05/2026 00:40:31	JaboodyShow	[DROPS]🎯 New 007 Game! 🎯 New Jaboody !HardTarget Video	317907664087	604	en	229772247
28/05/2026 00:40:31	ChrisRaynold	[PEAK] Super Spontan! - Marek Danielowicz - !clip !discord !meta !bsg !follow !knochen 👀🦴 || 26.05.2026	317280974439	600	de	32982
28/05/2026 00:40:31	rasty_airsoft	DROPS ON! Донатофон день 1. ЛЕДОКОЛ!!! Масштабный ИВЕНТ в Таркове!	316134984406	599	ru	491931
28/05/2026 00:40:31	kartanacs	(+18)🔴 go driking !telegram	318128401140	598	pt	32399
28/05/2026 00:40:31	Quantum	streamer reporting for duty o7 - Day 100 - Nick at Night !Factor !gsupps !mossyplushies	319453573081	596	en	21779
28/05/2026 00:40:31	冠賢	🔥冠賢🔥 5/28 撿東撿西 徵求有在看台的小畫家	315950775921	595	zh	509658
28/05/2026 00:40:31	CesGoD	🔥 CCP DROPS ON 🔥 COLISEUM🔥 CCP OFICIAL🔥  🔥	318126718708	592	es	461221
28/05/2026 00:40:31	tenchevand	HOP HOP HOP GAMBLING 700$ DEPOSIT	317495992550	590	en	29452
28/05/2026 00:40:31	RealKraftyy	DROPS ON. ICEBREAKER BANGING. !starforge	317234395480	589	en	491931
28/05/2026 00:40:31	Kruzadar	✅DROPS✅ 10hr stream | 007 First Light (Day 1) -- 🐉YouTube vids daily: @Kruzadar	319615897179	587	en	229772247
28/05/2026 00:40:31	Weak3n	HORUS/BASTET JUNGLING + POE2 LATER THIS WEEK - !SUBGOALS | !HELLOFRESH #ad	318852593504	583	en	2094865572
28/05/2026 00:40:31	CineIlloJuan	CINEILLOJUAN 🎬 24 HORAS DE CONTENIDO A LA CARTA ⌛ SINVERGONCERÍO EXTREMO 🔥	316822220130	582	es	499973
28/05/2026 00:40:31	綠寶	【綠寶】5/28 如果明天沒開台那就代表	315950890737	576	zh	509658
28/05/2026 00:40:31	Bahiaqz	+18 - [METROPOLE] HAI HAI QZ! - !PIX !FILME ! PAYPAL !STUDIOPC	318065448565	576	pt	509658
28/05/2026 00:40:31	JakeWebber69	IM IN THE BACKROOMS!!!	316661143543	574	en	2066107586
28/05/2026 00:40:31	Conterstine	DINAMICA DE SOARING Y DINAMICA MIA DE GORDOS	319515830490	573	en	27471
28/05/2026 00:40:31	PekinWoof	GRANDMASTER MID?!!!! ABOUT 10 WINS FROM CHALLENGER. WE GOING BACK.	319517742938	573	en	21779
28/05/2026 00:40:31	DeathyDL	Lash/Rem Wins only | !academy !wallhack	318773191900	571	en	2132205352
28/05/2026 00:40:31	Sentry	🟫🟫 Deputy Davis ||【 ChaseRP ™ 】🟫🟫	319455987801	569	en	32982
28/05/2026 00:40:31	Saeko	Bunny fox + exercise ball - !sale | !socials | !merch | !gamersupps	316660183671	568	en	499003
28/05/2026 00:40:31	BrycexD	✅24/7 DROP STREAM✅DAY 881🐝!discord🐝WE WUV WOCKET WEAGUE🐝ON THE REALEST THING THO I TOOK A DUMP SO BIG ITHINK MY FARTS ARE NOW SILENT FORT	319620472539	567	en	30921
28/05/2026 00:40:31	lasstishen	trying not to kill everyone !discord !iceout	316660142583	567	en	1977278621
28/05/2026 00:40:31	T10Nat	[DROPS] LAST STREAM IN SYDNEY FOR A WHILE....	315623111272	565	en	509658
28/05/2026 00:40:31	TheBurntPeanut_247	24/7 @TheBurntPeanut VODS/YT | TARKOV | ARC RAIDERS | SILLY GAMES | BUNGULATORS ONLY CHAT	317221929944	562	en	499973
28/05/2026 00:40:31	sneakylol	mythic lura	317235191384	558	en	18122
28/05/2026 00:40:31	SsQRush	[EN/中文] 聊聊天 打電動  5/28  !YT	315622573416	558	zh	1702520304
28/05/2026 00:40:31	MBTYuGiOh	WEDNESDAY! THE DAY YOU REACTY-ROO! AND GENESYS GULP! - REACTIONS - BREWING NEW GENESYS LISTS - BINDING OF ISAAC - MAYBE SOME MORE CRAP WHO	318777399900	555	en	1119642287
28/05/2026 00:40:31	jay3vod	24/7 BEST OF @jay3 MARVEL RIVALS (RERUNS)	318759725404	555	en	1264310518
28/05/2026 00:40:31	nezumivy	💙 TERRORCITO DE MUJER💙	319624953435	555	es	509658
28/05/2026 00:40:31	SnakeEyez	GIEF RANKED! DISCOVERING INGRID TOMORROW! FORZA TONIGHT?!	317905315031	554	en	55453844
28/05/2026 00:40:31	SkittishAndBus	Vibey tech house with cozy Bus	317908842967	553	en	1669431183
28/05/2026 00:40:31	AlphaKep	✅NEW #1 DROPS ON✅🌎#1 WORLD👿PLAYING LIKE VATIRA🏆WATCH PARTY A THON🏆🔥988 SUB STREAK🔥w/ @AlphaKep 🛑SUB FOR NO ADS🛑!Merch	319625060443	553	en	30921
28/05/2026 00:40:31	MarcDeezyy	( DROPS ! ) #1 DIHDEVIL RANKED GRIND #YOP #DISCORD !YOUTUBE	318853215456	552	en	1264310518
28/05/2026 00:40:31	Cozart_2s1	5Х5 С Фоллоу, Ножи ЗА 1 БАЛЛ  ✅ @m0NESYof w @donk1437/!Нож!elo!донат !роспись !Итоги	316171592276	550	ru	32399
28/05/2026 00:40:31	SeeCatPlay	End game FFVII Rebirth💚 !merch !nohelp	318852114272	547	en	1102949822
28/05/2026 00:40:31	Rodil	CONTRATEI NOVOS COACHS PARA A SKT TELET0N, TÔ TRYHARD? 🙏 | !pix !preço !live !songpix (vou ativar após os treinos)	318124649844	544	pt	21779
28/05/2026 00:40:31	AudioEve	LIVE ASMR ~ Come Here Cutie! [heartbeat] ~ !asmr !menu ~ !links ~coffee !youtube	319623381595	544	en	509659
28/05/2026 00:40:31	bushszn	Pretending to be Typical Gamer!! | High Kill Zero Build Gameplay | !discord	317908173271	542	en	33214
28/05/2026 00:40:31	vinicin_lil	VOU CURAR SUA DEPRESSAO !pix	318066108277	540	pt	509658
28/05/2026 00:40:31	Sludeina	V6 FB : NEVADA IBARRA : SUR LES TRACES DES CRIMINELS..  - EP.45 !holy	316868198883	540	fr	32982
28/05/2026 00:40:31	shinchan_oficial	@shinchan_oficial, canal oficial en español	319509869530	540	es	1398657661
28/05/2026 00:40:31	CaRtOoNz	I'm bout to have DOUBLE Os!!!!!!!!	318779574364	540	en	229772247
28/05/2026 00:40:31	Aspecticor	007 HARDEST DIFFICULTY | HITMAN SPEEDRUNNER EARNS THE NUMBER |  !plan !palestine	317905914839	540	en	229772247
28/05/2026 00:40:31	enemycharlie	Tearin it up evil style	317909735127	539	en	509658
28/05/2026 00:40:31	VesperArcade	INGRID Patch Tonight / Labbing, Learning & Chill	317235221336	537	en	55453844
28/05/2026 00:40:31	Mudynh0xD	QUARTOU !!! PRA CIMA❗️pixgg ❗️Razer	317989525494	536	pt	32399
28/05/2026 00:40:31	Mogsy	⬆️SUBATHON DAY 42⬆️ MASTERING THE JASON 🔥$3000 NEW !MATTRESS GIVEAWAY🔥NEW PLAYER FRIENDLY🔥 !baby	317906367191	535	en	491487
28/05/2026 00:40:31	beamom	PÔ QUE MÃO, HEIN	317994862582	535	pt	27471
28/05/2026 00:40:31	MoMaN	[DROPS ON✅] New Patch - New Event - New Map ICEBREAKER Tarkov WTF?  ♥ :p ♥ !vero !décor  ♥	316824777314	534	fr	491931
28/05/2026 00:40:31	melibela	[DROPS] 007 REPORTING FOR DUTY: DAY 1 🫡 MAYRATHON DAY 27 !drops !operagx !vod	319619058139	534	en	229772247
28/05/2026 00:40:31	Parasite	#1 Ranked Gamer w/ @LACH	319617415643	533	en	2012789438
28/05/2026 00:40:31	ElChakotay 	Ingrid is finally here!!!!! | 24 Hour Ingrid Stream	319623276763	532	en	55453844
28/05/2026 00:40:31	TheHamTV	Drafting Strixhaven	318851129952	531	en	2748
28/05/2026 00:40:31	Eskimalito	SEBSATIAN RAMOS el Travieso de ROLEPLAY 🩵 Hoy vamos a VACILARRRRRRR	318854740448	531	es	32982
28/05/2026 00:40:31	ヘンディー	早くエンドコンテンツしてぇな	316013749619	528	ja	1901865180
28/05/2026 00:40:31	Binas	✅24/7 DROPS✅Masterizando o Farm do IceBreaker	318840704736	527	pt	491931
28/05/2026 00:40:31	cafelovesbr	⭐$200 WAGER vs @alexgakill46 (0-1)⭐ !yt !gfuel !gamesir !controller !discord !playlist !kf !prings	319454759001	526	en	1832641890
28/05/2026 00:40:31	mang0	NEW HAIRCUT NEW ME	319513623514	520	en	330654616
28/05/2026 00:40:31	Aavak	Modular ship design? Say less. // Starminer	315603505618	520	en	502181387
28/05/2026 00:40:31	zeeny7	PLAYING IN BETHOG	318068026357	515	en	498566
28/05/2026 00:40:31	Natspresso	[!DROPS] Day 2 | 007 First Light is here! #IOICreator !schedule !games !spoilers	319619870427	515	en	229772247
28/05/2026 00:40:31	firiondhistory	ВЫЖИВАНИЕ В ЗЕМЛЯНКЕ! День 8 W/ @MaksFakov @Saturated_Soul @alko_trener | !тг !донат !вк	315950897905	514	ru	509658
28/05/2026 00:40:31	LIRIK_247	24/7 @LIRIK | GTARP | ARMA | VODS | YOUTUBE | VIBES & FISHING	317890889047	511	en	499973
28/05/2026 00:40:31	정서이_	New Dance (f. New Studio) 💕 [Rerun] !Link !Evt	318771406300	511	ko	509658
28/05/2026 00:40:31	Mawkzy_	[✅NEW DROPS ACTIFS✅] REDIFF - POUR LES DROPS : !drops <3 ( CUT A 13H )	316848209892	509	fr	30921
28/05/2026 00:40:31	hitchariide	HARDCORE ALL ADVANCEMENTS | Attempt 2 | Day 16	319621369563	509	en	27471
28/05/2026 00:40:31	FLlES	🌍 𝐂𝐈𝐕 𝟕 𝐁𝐀𝐃𝐆𝐄 • 𝐏𝐑𝐄𝐌𝐈𝐔𝐌 𝐃𝐑𝐎𝐏𝐒 • 𝟐𝟒/𝟕 🌍 #𝐁𝐚𝐝𝐠𝐞𝐬 !𝐧𝐞𝐰𝐩𝐥𝐚𝐲𝐞𝐫 !𝐚𝐜𝐭𝐢𝐯𝐞 !𝐮𝐩𝐜𝐨𝐦𝐢𝐧𝐠	315603200210	508	en	414822821
28/05/2026 00:40:31	Peeve	Quest to defeat the Dreglord (and other stuff) | !schedule | !peevetv !patreon !gifted !merch	319456493273	507	en	982348888
28/05/2026 00:40:31	sinatraavod	24/7 SINATRAA GREATEST MOMENTS	319493158746	507	en	516575
28/05/2026 00:40:31	todurooficial	A VOLTA PARA O METROPOLE! 🔥 AO VIVO 🔥 GTA RP	318127527796	507	pt	509658
28/05/2026 00:40:31	諾諾伊出來	5/28 訂閱告急QQ !vpn !簽到 !發瘋啦 !YT!賣場	316008715635	507	zh	511224
28/05/2026 00:40:31	AlexGaKill46	$200 WAGER VS @cafelovesbr bo3 (1-0) | #1 PLAYER | LEGEND RANKED | !yt	318727407198	506	en	1832641890
28/05/2026 00:40:31	kayceeedilla	[NEW DROPS HERE] DEVIL DINO IS HERE!! | CELESTIAL STRAT MAIN | !SOCIALS	318771328348	506	en	1264310518
28/05/2026 00:40:31	Kamikatze	Subathon 2026 Tag 15 | WIN CHALLENGE	317272067687	505	de	513143
28/05/2026 00:40:31	KarQ	[DROPS ENABLED] SUPPORT maybe tank later if queues are long	318778616924	505	en	515025
28/05/2026 00:40:31	darkmoonknit	DARKLUA QUARTOU SE BORRANDO DE MEDO MEU DEUS ELE TA TREMENDO TADINHO DELE GUYS !pix !discord !youtube	318777911388	503	pt	1945673289
28/05/2026 00:40:31	starknivzz	[+18] QUARTA FEIRA COM A MELHOR !TOPZINHO VEM VEM [+18]	317996411254	503	pt	29452
28/05/2026 00:40:31	Crayator	[DROPS - THE BEST DROPS] 007 - All collectables, all trophies, 100% Run! - ALL CHALLENGES!	315666580713	502	en	229772247
28/05/2026 00:40:31	starsmitten	back to our scheduled programming	317908409943	502	en	516575
28/05/2026 00:40:31	r2cronus	R2 Online Cronus Обновление башни метеоса 2 этап уже 19 мая!	316163326932	502	ru	502829
28/05/2026 00:40:31	ALLinPav	Hitting the matrix real quick	315666443497	501	en	488190
28/05/2026 00:40:31	Etalyx	Agent 0047 - Screen Shaken, Not Blurred Pt.2	317906887383	501	en	229772247
28/05/2026 00:40:31	lxizfps	Live on!!	318127521652	500	pt	32399
28/05/2026 00:40:31	TheBlackHokage	Can yo momma touch her toes?	317234575960	498	en	229772247
28/05/2026 00:40:31	pastelero_yuuta	390 LPS BUSCANDO GRAN MAESTRO NA	319453434841	497	es	21779
28/05/2026 00:40:31	AbbyCakes	[EXCLUSIVE DROPS/SUB BADGE] More 007 First Light! | THANK YOU FOR 23K FOLLOWERS! | !giveaway	319512110042	496	en	229772247
28/05/2026 00:40:31	FlashForce	Comfy Cozy Nightmares :) | !donate to St. Jude ❤️	319621105115	494	en	518184
28/05/2026 00:40:31	DoubleToasted	THE WEEKLY ROAST AND TOAST -  Roast for 'Alone in the Dark'	319519529818	493	en	509658
28/05/2026 00:40:31	MotherlCat	Киновечер анонимных котанов. Лабиринт (1986). !tg	316136251478	493	ru	509658
28/05/2026 00:40:31	pava	GAMEPLAY TRYHARD ATÉ A PRIMEIRA TILTADA !livepix !hellcase	318126244980	493	pt	32399
28/05/2026 00:40:31	Sprooky	i vintage therefore i story	318725539422	492	en	498417
28/05/2026 00:40:31	CeeSlay	🏆HOSTING STACKED TOURNEY'S W/ @Plalism🏆 | USE CODE “CEESLAY” #ad | !topflight | !map | !tweaks | !Twitter @CeeSlay	319457603929	492	en	33214
28/05/2026 00:40:31	KargozGaming	Classic Hardcore: 25-30 TROLL Frost Mage - Race Locked + Self Found	317232063960	491	en	18122
28/05/2026 00:40:31	iaaraS2	👩🏻‍🍳 HOY OJO DE BIFE CON MAC N CHEESE ⟡𓌉◯𓇋₊˚⊹♡	318067420021	483	es	509658
28/05/2026 00:40:31	netenho1	Netenho pubg bora?	318126339828	479	pt	32399
28/05/2026 00:40:31	ゴリゴリ	【drops】初心者タルコフ7日目アイスブレイカーて何でしょうか。	316011397619	477	ja	491931
28/05/2026 00:40:31	soybranflores	Temporada 2 de Jujutso?	319516703706	475	es	509658
28/05/2026 00:40:31	IFCYipeS	Ingrid waiting room! 10pm EST! Tunes and talks till then!	318854286944	475	en	55453844
28/05/2026 00:40:31	貝克	賽揚谷 GOGO	316011031667	475	zh	509658
28/05/2026 00:40:31	Thio	kirk is back - Kirk Jerkems - NoPixel WL	318777675996	474	en	32982
28/05/2026 00:40:31	PorcelainMaid	THE TOMODACHI LIFE STREAM💢| SEND HELP	319512224858	474	en	1099705332
28/05/2026 00:40:31	LaSheepy	FlashBack WL | Mary Jolyne, agir ou dormir?  Ep 43	316869045859	472	fr	32982
28/05/2026 00:40:31	Delt4Forc3	NOCHE VARIADITA !redes	319623165531	468	es	509658
28/05/2026 00:40:31	ReneKreher	Unterwegs nur mit Solar? Auf den Weg in die türkische Hochebene! Ohne Stromaggregat und Ladesäulen? Challenge! Franky unterwegs! Tag 11 🇬🇷	317478336614	467	de	509672
28/05/2026 00:40:31	KitsuneNoKokoro	18+ ❤️‍🔥 LIVE ❤️‍🔥 SCAMATHON DAY 10 | !merch | alt channel @KitsuneNoTamashii	317909166551	465	en	509659
28/05/2026 00:40:31	LimboSauce	👾5 STAR GIVEAWAY+WELKIN EVERY HOUR; I LOST A BET, BLINDFOLD STYGIAN THEN VIEWER STYGIAN| !review !paidreview #lament !yt	318851128416	464	en	513181
28/05/2026 00:40:31	Keeoh	LAST DAY OF 1% AGENTS LETS WIN (PLEASE) 🔰 1 Sub = 1 Backflip 🔰 follow @keeoh	316659440759	464	en	516575
28/05/2026 00:40:31	RiffTrax	24/7 Stream of RiffTrax - the stars of MST3K!	317231913176	462	en	499973
28/05/2026 00:40:31	Mr_Mammal	SubnautiBuh	319451680217	461	en	511212
28/05/2026 00:40:31	ronnyberger	IN GOUDA! 777KM TRIDEM TOUR - Road To TwitchCon !emp !grover | Merch: !shop	317417227877	460	de	509672
28/05/2026 00:40:31	freakazoid	🟩PUGS / SCRIMS (15s) - PLAYOFFS NEXT WEEK - GAMBA/UNCHARTED 4🟩	317233170136	459	en	32399
28/05/2026 00:40:31	muvaellaivy	5 more days until my sub a thon!! !PLUSHIE !discord	318780392284	459	en	23020
28/05/2026 00:40:31	逼比	【BeBe】528	315666842089	454	zh	21779
28/05/2026 00:40:31	DragonSpit	Time for some Spit Maneuvers	319618013787	453	en	1991115310
28/05/2026 00:40:31	silvaggggg	AMONG COM OS PARCEIROS🕹️| !pix !dc !insta !tiktok	317994903030	453	pt	510218
28/05/2026 00:40:31	PurgeGamers	Farming away from my team 24/7 (unless they scream on the mic)	319620359643	452	en	29595
28/05/2026 00:40:31	chromuchromu	chromumimi funtimeee @henemimi ♥♥♥	315666312169	452	en	1995140989
28/05/2026 00:40:31	Templetaps	ROCKETS ON DECK | !rage !missing !about !rules	317907842135	451	en	263490
28/05/2026 00:40:31	Vulpixie	wing farmmaxing | !tmg	319452224345	451	en	24241
28/05/2026 00:40:31	waterlynn	IRL LA - CHILL STREAM WITH CHAT !pc	316661352311	451	en	509658
28/05/2026 00:40:31	FirstTourGuardsman	[DROPS ENABLED] 24/7 Patch 13 With FTG [VOD] and True Solo+Siege Stuff in Space Marine 2	318770040284	451	en	223869970
28/05/2026 00:40:31	BadgeNotify	🚨 24/7 Twitch Badge Tracker 🚨 | Type !paid To Get The Badge You Want	317415003877	450	en	723826053
28/05/2026 00:40:31	saintsakura	🚨short strim meybe 🚨 spy guy time 🚨 ! !gg !socials	317908531031	450	en	229772247
28/05/2026 00:40:31	Eduardo_Hook 	007 is very lit  ! Gift sub or tier 1 for 007 badge !	318779931996	449	en	229772247
28/05/2026 00:40:31	xNZ6x	🎮 MIST - ALBION + RECLUTAMIENTO ABIERTO	318777804124	449	es	417528
28/05/2026 00:40:31	Emstrogen	<Exalted with Uber Eats> GRIND TO 70 | !fulltime !ChaseRP	316657761015	449	en	18122
28/05/2026 00:40:31	Moxsy	BELL MASTER MARTIAL ARTIST LEAGUE START! FINALIZING PLANS// !maxroll !advanced !Xidax	318774134236	449	en	1702520304
28/05/2026 00:40:31	garro8cs	[+18] ✅Bora de pug cola tropa❗Hellcase❗telegram	318067567733	447	pt	32399
28/05/2026 00:40:31	Mokonoise	[CC][DROPS] LAST DAY FOR DEM DROPS  !SHDNetwork #UbisoftPartner ☣️ CHILL VIBES ☣️ !links	318851994464	446	en	504463
28/05/2026 00:40:31	蕭政銘	【叉滴娛樂 Eason】5/28 親親幫3 line貼圖上了	315666940649	446	zh	509658
28/05/2026 00:40:31	xeiqzin	[+18] ooooooohh féééé !skinbucks !telegram	318067843061	445	pt	32399
28/05/2026 00:40:31	華澤なこ	✅大型Drops「ICE BREAKER🧊🔨」いけるのでは！？	316013272819	445	ja	491931
28/05/2026 00:40:31	qaymichael	• ♡ •  SUBATHON IN 5 DAYS • Scarlet Vixen 🫦 Prestige RP • ♡ •	318725358302	444	en	32982
28/05/2026 00:40:31	hiimsky	!DROPS ^ . _ . ^ TANK GRIND >_< :P XD :0	319617874907	443	en	515025
28/05/2026 00:40:31	danehearth	WOW This deck is cool !fractal !HDT	315630878547	442	en	138585
28/05/2026 00:40:31	Kourra	[Drops] this stream is goated 🔥 - Furry Free: 0 - K-thon (donothon) day 60! !secrets !codes	316659022967	442	en	491931
28/05/2026 00:40:31	PatoPapao	Live 137 | zerar esse pokelike hoje | !pix !cronograma	318124894452	441	pt	743214338
28/05/2026 00:40:31	jjmes	26 years OLD 😊100K+ NX GIVEAWAY LATER🔥 BOSSES + YAP | !discord	319457714777	441	en	19976
28/05/2026 00:40:31	shrood	24/7 @SHROUD | VODS AND STREAMS | CS:GO | PUBG | VALO | RPGS | REPLAYS	316658973175	440	en	499973
28/05/2026 00:40:31	toad	🐸I AM TOAD🐸ONLINE ADVICE SHOW!!!🐸$3/300TTS🐸202-935-0688🐸FREE HELP ONLINE!!!!	319623065051	439	en	509658
28/05/2026 00:40:31	HappyHappyGal_VOD	Official HappyHappyGal VOD Channel ❤️	318726629470	439	en	33214
28/05/2026 00:40:31	JKucci	🔥The GodFather of Rebirth feeding BRAGIOLE to 4STACKS👑	318778182748	438	en	512710
28/05/2026 00:40:31	carolbalds	SUBATHON DIA 15 - em busca do pc gamer !cinefy !social !cr !patrocinio !pix	318065552757	438	pt	509658
28/05/2026 00:40:31	westlicia	PHOTON 100B PNL	318777645148	435	en	499634
28/05/2026 00:40:31	Decipherr	PJ SLIM | TARP PARTNER PLUS | LETS GET CRAZY BABY!!discord !gfuel !CTRL	319516169178	434	en	32982
28/05/2026 00:40:31	Gaules	RERUN: Jogos variados! - !socio - Siga @Gaules nas redes sociais!	318061027061	433	pt	510117
28/05/2026 00:40:31	RazaH	LOBBY PREMIUM DE QUALIDADE !Ignition	317994547190	433	pt	460630
28/05/2026 00:40:31	Tecnosh	Casinou - !ytlives !pichau !pcpichau !superbet !pix	318064491253	428	pt	29452
28/05/2026 00:40:31	ArminTF	DROPS 🏆 I WILL NOT COMPLAIN 🏆 I WILL NOT FLAME 🏆 I WILL NOT BLAME 🏆STEALTH IS MY GAME 🏆    - !kumi !discord !youtube	319514543194	428	en	386821
28/05/2026 00:40:31	caiiiofxx	@caiiiofxx - 12/30 No foco!❗VTR ❗sociais	318127345780	428	pt	509658
28/05/2026 00:40:31	chrisudalla	james bong + Oct island tour + gay high + vibes typa night	317235842136	427	en	509658
28/05/2026 00:40:31	tr33_ow	[DROPS] new mouse	319455790937	427	en	515025
28/05/2026 00:40:31	maksde_radio	Maksde Radio 24/7 (все в описании)	316136196822	426	ru	26936
28/05/2026 00:40:31	lolsaori	SCRIM: MIBL x PIT | TIME: MIBL | #CBLOW | !time | !pix	318725891550	426	pt	21779
28/05/2026 00:40:31	ama9vlr_	2 Horas de auricgate	318127970164	425	es	498566
28/05/2026 00:40:31	Nemurf	[DROPS 24/7✅] NUEVOS DROPS Y RANKEDS / !redes #EpicPartner	319507960026	425	es	30921
28/05/2026 00:40:31	rafaao	❗️OESTE - Sheriff Jax Hawtorn  ❗️    !pix !oeste !rec	318126222196	422	pt	493959
28/05/2026 00:40:31	PizzaHS	Tayla Earthstrider/ Coin Roam Free for a Demon / Calculated Plan	318853157344	422	en	138585
28/05/2026 00:40:31	TheUnexpectables	DnD The Unexpectables - Salmon of Desire	319457072345	422	en	509577
28/05/2026 00:40:31	SaveFile17	🏆 ARENA 🏆 #1 Leaderboard a Long Time Ago, in a Meta Far, Far Away	316660272631	419	en	138585
28/05/2026 00:40:31	hamikuro	🦉 THE AMAZING DIGITAL CIRCUS watch party w/ @nihmune YIPPEE | !socials	317235531352	417	en	509658
28/05/2026 00:40:31	PinkkDemon	❤️ПОСТАВЬ СВОЙ ТРЕЧЕК❤️ИЩУ ДРУЗЕЙ🌸Команды: !donate !tg МРР❤️ПИШИТЕ БУДЕМ ЗНАКОМИТЬСЯ❤️МИЛОЕ ОБЩЕНИЕ❤️	316107867221	416	ru	509658
28/05/2026 00:40:31	jonnics2	Solo prem  !Dadyskins !tiktok !lb (ENG/GER) !hellcase	317425800293	412	en	32399
28/05/2026 00:40:31	jmdeck	REACT DOS CRIAS	317993336182	411	pt	509658
28/05/2026 00:40:31	Qoo_ch	新パッチサポ研究会 とりあえずパッチノートから LOLの質問いつでもどうぞ	315958827122	411	ja	21779
28/05/2026 00:40:31	hailyXalyse	STUDIO SESSION ☀️🎙️ + THIRD WHEEL 🤦🏻‍♀️  ALYSExZAY? 👀	317907056343	409	en	509672
28/05/2026 00:40:31	nyxie	🗯️ [ANNI SUBA DAY 4] THE EEPY.. IT'S TOO STRONG | !merch !wallpaper !youtube !subathon	315623090792	409	en	509658
28/05/2026 00:40:31	aksually	I am Back..... Some Awesome Funny Moments and then Checking in On Paralives.	316171570644	407	en	1235192017
28/05/2026 00:40:31	krysttl	[✅!DROPS] FIRST TIME PLAYING A JAMES BOND GAME (But I loved the movies) 💛 266/300 !pp !youtube	315686533354	406	en	229772247
28/05/2026 00:40:31	CloudCrystall	LIVE ASMR ☁️ eeepy time... zzz ✨	317234667864	404	en	509659
28/05/2026 00:40:31	AiCandii	💜 I WILL MAKE THE TOWN PRETTY | VINTAGE HELL 💜 | !preorder !cheeky !gs #VCHIBAN	315622937960	404	en	498417
28/05/2026 00:40:31	MiaMakesMusic	🎹 Soothing Late night Piano Music 🌃	318723800158	404	en	26936
28/05/2026 00:40:31	Ifera9	[asmr] 🩵🩷 can you survive these tingles? !gg !candle	317235374552	403	en	509659
28/05/2026 00:40:31	messalatrem	[+18] ONLINE !CSGOSKINS !PIRATESWAP CS2 GC/PREMIER VEM DA UMA BRINCADA !csgoskins !pirateswap	318066788213	403	pt	32399
28/05/2026 00:40:31	Onsta	✨[ONSTATHON DAY 50] Spencer's teaching us how to draw holstered eggs & minions!!✨	315959096434	400	en	509660
28/05/2026 00:40:31	NorgannonHH	🛑 [DROPS] METEMOS PVP Y CINEMA! 🗿 | VUELVEN LAS !actualizaciones MENSUALES ✅ | !guias 👀 | !redes 👈	317992771574	398	es	464339927
28/05/2026 00:40:31	HeyyVance	DAY 874, NOT SLEEPING TONIGHT | !discord !youtube !tiktok !twitter !newvid	319624408667	398	en	66082
28/05/2026 00:40:31	KarasMai	11 Year NA Challenger JG -  Kayn Main  - !Build !Discord !newrunes	317907711319	396	en	21779
28/05/2026 00:40:31	MasterMarkVGC	Pokémon Champions VGC: Ranked Laddering	318778390236	396	en	1931693784
28/05/2026 00:40:31	Lorak	Pintando o planeta terra, mais tarde se der, live de telescópio ou DLC Diablo IV [Dia 139 de maratona]	318062663413	395	pt	515024
28/05/2026 00:40:31	FerretSoftware	Ferret Time! 💜 @PirateSoftware 💛  !Wiki !Music !Diet !Rescue !Socials	317222265304	395	en	272263131
28/05/2026 00:40:31	Ahlaundoh	2 gruuls + RET t5	319456709337	394	en	18122
28/05/2026 00:40:31	むかい	今日も設定いっぱい変えてFPSチェックから	316013422963	394	ja	511224
28/05/2026 00:40:31	ion2x	What they say	319518784474	393	en	516575
28/05/2026 00:40:31	Dilera	Casa Nova  boraaa ❗skins ❗csgo ❗patoloco ❗loja ❗sub ❗livepix ❗tourette	318128390388	392	pt	32399
28/05/2026 00:40:31	Squerk	[CANDICE SPLIT] PLATINUM KAIZO SQUERKATHON DAY 46 | !madrinas !intotheam !squerkathon !newvid	317907249367	392	en	1982936547
28/05/2026 00:40:31	NinaDaddyisBack	BIRTHDAY DRESS SHOPPING  😍🫠 PEPTIDES? WE GETTIN SKINNNYYYYYYY 👀🥸 HELP DO WE DO IT? BIRTHDAY PLANNING VENUES? HELP 🥳💰💸	318852312032	390	en	509672
28/05/2026 00:40:31	HeyYouVideoGame	MAZE DAYS with @AshIV_ | !adv !cheeky	317910317143	389	en	2099548241
28/05/2026 00:40:31	ThaChrispr	EL MAS BUSCADO DE LA CIUDAD💣 BICHOTE 💣 DIA 3 FUGAO 💣 OPERACION BOMBINI GUSINI 💣 TOP STREAMER DE BAYAMON	319622730971	389	es	32982
28/05/2026 00:40:31	LLauqSTV	A chegada do Agro?	317992582646	389	pt	556907291
28/05/2026 00:40:31	JeanFaymas	KOTOR ... I HARDLY KNOW THIS WHOR- | !shop !site	315622837096	388	en	17179
28/05/2026 00:40:31	survivalistaoe2de	9 villager start on ranked!!??!?!?	316013226099	387	en	13389
28/05/2026 00:40:31	Vswed	Bingo Brawlers Season 6 Training Arc! vs @pepeJack_ ~We are SO back~ !bingoinfo !pobox	317233421784	387	en	512953
28/05/2026 00:40:31	CANTDIE	[DROPS] COLD BOAT!!!! | [TANGIA ON] !playlist [DAY 582]	319512091098	386	en	491931
28/05/2026 00:40:31	Cinemarxism	500 ICE DETAINEES ON HUNGER STRIKE ✊ FD ADDRESSES THE LOSER WHITE LEFT ✊  POPE ON AI ✊  GAMING LATER SURELY ✊  LAST STREAM BEFORE OMAHA ✊	318777194460	386	en	509658
28/05/2026 00:40:31	Prozy	THE ALPHA AND OMEGA⚡️KILLY IN D10⚡️POLICE COMMISSIONER⚡️INFINITE CHANCES	318849069664	385	en	32982
28/05/2026 00:40:31	우정우정우정우정	❤️RE❤️with stockings💕 [ENG/KOR]	315217430640	384	ko	509658
28/05/2026 00:40:31	6elle	✨this stream has been blessed with zero technical issues ✨	319623455835	382	en	505015
28/05/2026 00:40:31	Fahhkies	MENTAL RENOVADO 😶 NO MAS QUEJAS (solo alguna critica constructiva esporádica) 😁 ultimos dias partner plus 🚨	316851622756	382	es	21779
28/05/2026 00:40:31	HAchubby	Trying to Beat Malenia in Elden Ring! | !socials	319509055194	382	en	512953
28/05/2026 00:40:31	robcdee	Tokyo | CLOSED RESTAURANT | !esim !vpn !yt	315686823914	381	en	509658
28/05/2026 00:40:31	787prada	2 MORE DAYS MY FRIENDS !t14 !update !video !moba	317907128279	381	en	1702520304
28/05/2026 00:40:31	TSM_TheOddOne	Bond 007 day 1 ( then Forza sponsor at 9pm pst then  war3 customs with chat at 10pm pst	319616732379	380	en	229772247
28/05/2026 00:40:31	Zanfas_Cenegal	DOTO! !velkaris	318064994037	379	pt	29595
28/05/2026 00:40:31	BikeMan	My Name Is Pop.  Doctor Pop.	319616575067	378	en	229772247
28/05/2026 00:40:31	HumanDilemma	public freakouts, bodycam dashcam moments 😂🔥	316852188644	376	en	509658
28/05/2026 00:40:31	otplol_	LFL SPRING PLAYOFFS - KCB vs SLY - UPPER FINAL - BO5	319451013081	375	fr	21779
28/05/2026 00:40:31	meiya	🦊 FIELD TRIP TIME!! harvesting bandits for gold! | 🔔!bb 💙!merch 🔔!socials 💙!cheeky 🔔!supps	316660505463	374	en	458912
28/05/2026 00:40:31	PoliceChaseNetwork	🚨 🚨 🚨classic pursuits and breaking news	317906431575	373	en	509658
28/05/2026 00:40:31	Elegas027	fim da escola 6x1???	318128353396	372	pt	
28/05/2026 00:40:31	dj___shige	yo	315950999153	372	ja	509658
28/05/2026 00:40:31	MintCastella	screw it oomfie lets go diving	317909237847	372	en	509658
28/05/2026 00:40:31	JunoTheMartian	(DROPS) Junowatch pt. 144 (whar Martian?)	317233915480	370	en	515025
28/05/2026 00:40:31	jezabzllz	WEDNESDAY NIGHT SPOOKY GAME	317910179031	369	en	
28/05/2026 00:40:31	REDinFamy	ARP [ON] BACKLOG CRAWLER LETSS PROGRESS !Wishlist |  #GEEKGAMETYTE #AlienwarePartner	318724902110	368	en	36799602
28/05/2026 00:40:31	TACOCS	🟢 CS2 TACO RUMO AO LEVEL 21? e trocando ideia !sociais !g4	318068142965	367	pt	32399
28/05/2026 00:40:31	Amir19k	IM BACK BBY 🔥	319620582875	366	es	624536948
28/05/2026 00:40:31	MyelinGames	Massive DRAMA in bound!	315622917096	365	en	407314011
28/05/2026 00:40:31	minky	PEARLS COMING SOON? GANG TO COME? SISTERLESS? 🫢 !wishlist 💟 !links	319514372826	365	en	32982
28/05/2026 00:40:31	light_e7	yes rnl is op !tierlist !stats	315622882792	365	en	510056
28/05/2026 00:40:31	kei_b_bnbbn	イングリッド最速攻略＋調整確認	315958943346	365	ja	55453844
28/05/2026 00:40:31	roberttson	Ai Slop, Inteligencia Artificial, Chile, El Papa, everyone is here // Documental	317994072182	364	es	509658
28/05/2026 00:40:31	HotBeatsTV	🔴 Electronic Music Experience • Clubs, Events, Festivals & Studio Sessions 🎧🎶 Ad-free for subscribers 🚫	317263893735	363	en	1669431183
28/05/2026 00:40:31	阿土	阿土Atu 5/28 三國謀定天下 新服6/6徵求戰友!	315622932968	362	zh	509658
28/05/2026 00:40:31	Gotikwai	Reaccionando a DRAGON BALL Z por primera vez :)	319624578139	362	es	509658
28/05/2026 00:40:31	Wintergaming	🔴!AOE2 - goal 1200 ELO - practice for casting hera tourney - Day 3	318779855708	362	en	13389
28/05/2026 00:40:31	aandyh	LIVONIA 🚁 | S27.11	315666486121	361	en	65632
28/05/2026 00:40:31	Buni	💜MY BDAY TOMORROW AAA (Training a Puppy Also)💜 HOPPERTHON DAY 147🥕  !socials !subathon	317233704152	360	en	1335606199
28/05/2026 00:40:31	mrxsmurf	✅ЧЕЛЛЕНДЖ 5000>10500 ЗА 2 МЕСЯЦА ( ТЕКУЩИЙ 6400) !ЮТУБ✅ РОЗЫГРЫШ !TG !ДОНАТ !ЮТУБ	316170650324	359	ru	29595
28/05/2026 00:40:31	Muxa___	💀МАСТЕР НА ВСЕ РУКИ ПО ВЫЗОВУ ПОТОМ ГТА 💀 WW !!! ))) PROMO: MUXA🍄 !famq	317494407014	359	ru	509658
28/05/2026 00:40:31	Saintone	D-2 POE2 0.5, chillin' and gaming then maps prac later.	317232565208	359	en	1702520304
28/05/2026 00:40:31	chocoTaco247	24/7 @chocoTaco PUBG	319621850203	358	en	499973
28/05/2026 00:40:31	Johnpal	HEY! LISTEN!  Yap and react -> LOA Stuff and things 🧀 Serca !Ratlympics Signups -  DRAFT THIS WEEKEND!   HAPPY RESET!	317233560664	358	en	490100
28/05/2026 00:40:31	Maxylobes	NEW INDIE HORROR GAMES (speedruns after) || !fire !sgdq !vods	317236512984	357	en	1552585002
28/05/2026 00:40:31	official__pro	O que aconteceu ontem TODA A VERDADE ! CHATPT	316828555490	355	pt	509658
28/05/2026 00:40:31	TehJamJar	"Ronnie - ""Shut up & Drive"" - ChaseRP"	316829021538	353	en	32982
28/05/2026 00:40:31	souuza	02 DA RUSSIA - RR, EP1: O COMEÇO DEPENDENDO DO FIM !pix !sociais !exitlag	318127828724	353	pt	509658
28/05/2026 00:40:31	ImBlade	RETURN OF THE LEGENDARY KRASH OUTT | CHASE RP	318849999712	353	en	32982
28/05/2026 00:40:31	ScrubNoob	Challenger 1158 LP Start \ Educational Rengar Jungle	318773320796	352	en	21779
28/05/2026 00:40:31	sunshineg0d	faceit w/ @madlife516 | !tg !force !case !sign !женадонка	316171199572	351	ru	32399
28/05/2026 00:40:31	gwhip	back on the night shift???? !tip !discord !socials	316660777719	350	other	509658
28/05/2026 00:40:31	Enable	DETECTIVE RICHARD LONG	316659370103	350	en	32982
28/05/2026 00:40:31	Taylien	🌎REVERSE COWGORL GAME W/ @yebshow 🌎1-800-YAP🌎GAMES LATER🌎	318778951900	349	en	509658
28/05/2026 00:40:31	Calamarei	【NOBLE !DROPS】👑 LEARNING THE ALBION WAY...my way | 5/29 LAST PREM GIVEAWAY  DRAW !kraken | !albion !1shot !discord	319616051803	347	en	417528
28/05/2026 00:40:31	遠藤つよし	【CR2000~】魂の最終日!! 絶対にBEYOND行くぞ!!!!!	319513099738	345	ja	114524791
28/05/2026 00:40:31	itsnotmyreality	DAY 4 NOVAS CONTRATAÇÕES, NOVOS ATLETAS DO ANO!! RECRUTANDO CP 5/5 ~ 7/7 - WEEKLY REWARDS #AW+XM	318067729653	345	pt	515349
28/05/2026 00:40:31	Ventress	WELCOME BACK TO THE KIKI	318728997982	345	en	33214
28/05/2026 00:40:31	AeriytheNeko	Cozy Fishing Stream - Instant Death Ocean	318853436000	344	en	499003
28/05/2026 00:40:31	conix	🔴TETRIO BREAK🔴BEATING IT TODAY🔴COLD SWEAT 98%, 13-100%🔴DAY 8🔴ROAD TO SLAUGHTERHOUSE🔴	318851617760	344	en	517447
28/05/2026 00:40:31	therealbigwinnn	💫MR.BACK OUT BEEF WHAT 💫 2 MAN WITH KAI AKA BIG CRUMB 💫DMV TMRW 👀…💫LAUGHS💫JOIN HERE NOW 💫	319516914778	344	en	509658
28/05/2026 00:40:31	THump	GOYIM IN-GAME LEADER. WARZONE COMMS. 100% EFFORT. PASSION. FREEDOM. LIBERATION. ETERNUS 67	319454045273	344	en	2132205352
28/05/2026 00:40:31	wanderdl	RANK 10+ PUSH yippeeee	318778740188	342	en	2132205352
28/05/2026 00:40:31	Brederodess	FEROBRA, ARRUMANDO UM BONECO PARA LÁ! WZ 123456 21:30 DIA 3! ! GRIMORIA 4 !PASSE !GLOBAL !PIX !LINKS !RUBINOT !DRACOINS	317992698614	341	pt	19619
28/05/2026 00:40:31	transforms	🚨SUB/GIFT = BADGE | LEGO BATMAN (COMS)| Affiliate Grind | !SUB |!DROPS |	317904029911	339	en	1813168901
28/05/2026 00:40:31	Krabick	!АУКОФОН || НОЧЬ 3||  АУКИ ВЕСЬ ДЕНЬ || 7 ДНЕЙ БЕЗ ОСТАНОВКИ || t.me/krabick	317272712935	339	ru	518764
28/05/2026 00:40:31	Angelz	X9 | KILLER WINSTREAKING	318776398428	339	en	491487
28/05/2026 00:40:31	crayon_fps	Deadlock Night Shift Watch Party new urn patch !video !bracket !tierlist !uh !agafat !yt !discord !patch !builds	318849945696	338	en	2132205352
28/05/2026 00:40:31	Geraldin1824	Vamo a jugar y despues BTS... Let´s Play and then BTS...	317993785974	338	es	509658
28/05/2026 00:40:31	BatAtVideoGames	My drunk friend gifted this to me at 3 AM	317495696998	336	en	766085071
28/05/2026 00:40:31	xwLUMPY	FULL WINS EN VALO Y DESPUES DETROIT BECOME HUMAN PT (FINAL)	317235789400	335	es	516575
28/05/2026 00:40:31	Hectordg2	CALLS POR TIPEO EN 1WIN | !sorteos !ds	318128248820	335	es	498566
28/05/2026 00:40:31	Wingsofdeath	INFINITE LOSERS QUEUE CHALLENGE! BUILD TANK ❌ FULL DPS ✅ TP TO FAST CLIMBER BOT LANE ❌SPLIT PUSH ALL THE WAY TO THE NEXUS ✅	316660936951	334	en	21779
28/05/2026 00:40:31	Trickywi	🔆I WILL NOT BE SUSSY! RE9 ON INSANITY MODE  | 🌴 | !discord | !twitter | !gg	319460877401	334	en	1597660489
28/05/2026 00:40:31	RealLifeSpartan	!Plus Push 238/300 Ends 5/31 | Consider Subscribing to Help on Twitch if Possible So they Don't give me a Pay Cut and take away my 70/30 :)	318723470558	334	en	417969
28/05/2026 00:40:31	foxzfoxzfoxz	rlcraft dregora day 2.5 พร้อมล่ามังกร	315685719530	333	th	27471
28/05/2026 00:40:31	1BladeZ	RANKEDS VALOROSAS DO STREAMER KAWAI - BAIXE OPERAGX E AJUDE A LIVE EM ❗OPERA ||❗PIX ❗GOATGEAR❗OPERA ❗RIFA	318124575732	332	pt	516575
28/05/2026 00:40:31	aaasunrise	LET'S GO ! 🔥DREAM @ LYNX🔥Watch 🥳Party🎉 +🔥🔥WNBA Hot🔥Takes!	318775935324	332	en	518203
28/05/2026 00:40:31	RADIAACTIVE	Women Fear Me, Fish Want Me, and I Still Get Extended Warranty Calls -> Raft Later🌊 | GSUPPS: TISM | !discord !stoneforged	317909150039	331	en	509658
28/05/2026 00:40:31	HoliSofi	MIERCOLES DE AVENTURAS!!!!!!!! ~W~	317996058486	330	es	509658
28/05/2026 00:40:31	hukaslase	🔵 Farm Gaming, TOP#37  🔴	317496405478	330	en	464339927
28/05/2026 00:40:31	raysfire	🍌 2ND ATTEMPT AT THE DK64 RANDOMIZER ARCHIPELAGO 🍌 SOLO 2-GAME 🍌 MASTERING THE POWER OF THE KONG 🍌 RANDOM EVERYTHING 🍌 | !bald !drama	319621855067	330	en	13765
28/05/2026 00:40:31	snowcone	⭐️ DROPS ON ⭐️ SILVER ---> DIAMOND  ⭐️ IM BACK ⭐ !COM	317234215512	328	en	515025
28/05/2026 00:40:31	friend44444	🔹ГОТОВИМСЯ К PLAY-OFF НА 120.000 -  3700 ELO IGL - 24.000 HOURS | ⚡ЗАЛЕТАЙ НА !турнир | !розыгрыш !tg !разбор !задания !тренерство !winline	316107927893	327	ru	32399
28/05/2026 00:40:31	bigbadbeaver	CAN WE ESCAPE THIS VIDEO GAME?? - !socials !discord !vods !schedule - BROADCAST 943	318725622238	327	en	31339
28/05/2026 00:40:31	KaileyMaeASMR	come fall asleep w/ me ♡ cozy asmr tingles ♡ this is @KaileyMae's rerun channel :3	317905699799	327	en	509659
28/05/2026 00:40:31	Duky	😱BIG PLANS COMING☪️EID MUBARAK🐏💵SAVING FOR SSF MAY 30🔥MASSIVE SUMMER PATCH JUNE 17➡️!operagx	319617368795	325	en	19976
28/05/2026 00:40:31	Raylene	ALL !DROPS SCRIMS + Marvel Rivals BINGO #marvelrivals	317232830936	324	en	1264310518
28/05/2026 00:40:31	CoolestJonas	🔥FREE !DROPS🔥FIRST TIME ICEBREAKER TODAY🔥DAY 328 of DAILY STREAMS🔥!discord !portfolio !cat	316847208420	324	en	491931
28/05/2026 00:40:31	Baddie	[DROPS] TWITCH AMBASSADOR BADDIE | !HardReset | !gamersupps !TCGplayer !cheeky	319619952347	324	en	491931
28/05/2026 00:40:31	meilylol	no cam stream :D | japan june 3rd | irl streams yipeeee! | !fafjapan	317908121175	322	en	21779
28/05/2026 00:40:31	CoopersCharms	WEEKLY CHALLENGE & NO EVIDENCE BINGO/GAMBA | !share !fractal | 18+	317908616663	321	en	518184
28/05/2026 00:40:31	edsonmalado	FILA FECHADA !pix | USE CODE EDSON #ad | !sens	318125665396	320	pt	33214
28/05/2026 00:40:31	Knight	Console King Switch | !ig | !iems | !discord | !socials |	318779081820	320	en	512710
28/05/2026 00:40:31	matta	tenho q jogar uma hora disso aqui ;Z !leon	318125624308	320	pt	29452
28/05/2026 00:40:31	socksish	🟡OUS OUS OUS (hi)🟡!discord !yt🟡#DBDCreator	319456255449	319	en	491487
28/05/2026 00:40:31	DashDucks	🦆<3 !tokens @dashducks @ourchickenlife @rooville	317902998743	319	en	272263131
28/05/2026 00:40:31	sargetwo	sick irl, but I slept 11 hours, catching up on news since monday	317425758565	318	en	1702520304
28/05/2026 00:40:31	leagueofangels1	✨Noble Drops💥NA Server! 7 days Premium Codes!	317908486871	318	en	417528
28/05/2026 00:40:31	Lamic999	unwashing myself, getting dirty even !youtube !socials	319455188057	318	en	511224
28/05/2026 00:40:31	Emm3D	[DROPS] TASKS ON ICEBREAKER | GIVING AWAY A COPY OF TARKOV! | LUMIA: ON | BITBOT: ON (PAUSED ON ICEBREAKER) | !operaGX !tangia	319452330841	317	en	491931
28/05/2026 00:40:31	Anas	Day 380 | سحب على العاب  | عشوائيات	315690229483	317	ar	509658
28/05/2026 00:40:31	Hunt3r	SAFARI NOW Table Lax.... Super Kaizo IronMon !oneshot	319451821785	316	en	13332
28/05/2026 00:40:31	NOHITJEROME	This method will make you rich (in wow) (also wheel of doom hardcore 60 or carolina reaper)	319453499737	316	en	18122
28/05/2026 00:40:31	ToastRackTV	[!DROPS] PVE SOLO ICEBAKER	315622804200	316	en	491931
28/05/2026 00:40:31	dandannyboy	END OF PHASE SPECIAL?????????????????????????????????????????????????????????? 😈😈😈😈😈😈😈😈😈😈😈	317908845655	316	en	27471
28/05/2026 00:40:31	Montbarque	⭐ BDAY PARTY  ⭐ WAGGING MOONPUPPY ⭐ Celebrating Becoming Unc Enough to Be a Lich |  [!dc | !socials]	318850038752	314	en	509658
28/05/2026 00:40:31	JoblessGarrett	[DROPS] Worlds Best Secret Agent on DUTY FOR BOOTY	319620292443	314	en	229772247
28/05/2026 00:40:31	Branca	Fazendo RP no DBD ❗cardapio ❗site	318726690014	313	pt	18846
28/05/2026 00:40:31	aizamyey	🚨🎰 MAX SLOT ACTION – jeder Spin geht steil, sichere dir jetzt krasse Gewinne! 💰🔥	317418861541	313	de	498566
28/05/2026 00:40:31	Italiazeta	Itália forrando $ !SPIN (+18)	318067714165	313	pt	290961240
28/05/2026 00:40:31	kiikjad	🎰 ALL-IN LIVE – Risiko pur! Entweder fetter Gewinn oder kompletter Verlust 💥	317478848742	313	de	498566
28/05/2026 00:40:31	chosen_ow	[!DROPS] Champ2 Support 🌸 Long Stream 🌸 6v6 Fun Haver 🌸 Going for new endorsement peak (never been lvl5)	317907578071	312	en	515025
28/05/2026 00:40:31	mikecakezlive	MINECRAFT	319617872347	312	en	461492
28/05/2026 00:40:31	amablitz	COMO VA SU SEMANA? 😝😝	319460518617	312	es	509658
28/05/2026 00:40:31	skinnedteen	PIXELATED CYBERPUNK VIBE CODED	319511199578	312	en	510649
28/05/2026 00:40:31	GURU	100% DROPRATE NEW !DROPS 🔴 DINO 1 TRICK 🔴 YO🔴 TSM GURU 🔴	319519824218	312	en	1264310518
28/05/2026 00:40:31	iLumpE	GIVEAWAY | MATCHING 10% 1ST TIME DEPOSITS DOLLARS ON SHUFFLE CODE ILUMPE !DISCORD !TWITTER !MATCH BIG WINS AND GIVEAWAYS TAP IN FOLKS	319456909273	311	en	498566
28/05/2026 00:40:31	durpee82	[DROPS] Playing some heroes on overwatch! / !koreatrip	318776269020	311	en	515025
28/05/2026 00:40:31	Covent	"[Drops] [Hardest Diff] Please join, I need to feed my dog Ramona 🤘🏻 ""Beach Bond Cosplay"""	317907590871	311	en	229772247
28/05/2026 00:40:31	freyumme	JACKPOT JAGD LIVE – Adrenalin, Action & große Gewinne jetzt! 💥💰	317489293158	310	de	498566
28/05/2026 00:40:31	RdcWaitingRoom_	RDC RERUNS!	317900371927	310	en	499973
28/05/2026 00:40:31	TheChad_Wick	Halfway to the weekend, good reason to get wild |The Academy Roleplay PARTNER FOCUSFUEL | !server | !socials | !discord	319458475097	310	en	32982
28/05/2026 00:40:31	gyre	Fantasy Final Fantasy	319517594458	309	en	27284
28/05/2026 00:40:31	Momo	Ri'harra | Keizaal RP |【VTuber】!throne !Keizaal !twisted !rogue #mature	319516325338	308	en	1050003477
28/05/2026 00:40:31	メルトステラ	負け組ですが今からでも誕生日祝ってもらえますか？	315950606961	308	ja	511224
28/05/2026 00:40:31	AndreNinjaPJL	+18 OI OI OI OI OI OI OI O IOI  OI O IO IO IO I 😈 !VODRA !EMMET !LEON	318126057460	307	pt	509658
28/05/2026 00:40:31	blackrabbit342	в полнапряга !playlist	316107867733	307	ru	29595
28/05/2026 00:40:31	hmblzayy	WALKING 3000 MILES TO CALI 🌴| DAY 63 | PHASE 2 of 3| 23 MILES TO MOBERLY ,MO 📍| FAITH WALK🙏🏾 | !support !donate !faithwalk !vtl	317231522648	306	en	509672
28/05/2026 00:40:31	Rhyzohm	WEDNESDAY NIGHT BRAINROT  !help	318776159068	306	en	509658
28/05/2026 00:40:31	galego_pururuca	MIL CONTO $$ CAPITAL CITY +18 o Mais malandro da Capital, eu trabalho porque gosto, + meu ramo é negociar! [̲̅$̲̅(̲̅ ͡° ͜ʖ ͡°̲̅)̲̅$̲̅]	318064898165	306	pt	32982
28/05/2026 00:40:31	MattGael	🔴Knife Only Nemesis% speedruns 💀 💀 | WR's 38 de 41 | !valka !wr !knemesis	318065458037	305	es	5126
28/05/2026 00:40:31	9QOQ	🐶瘋狗娛樂 9QOQ🐶8點《心動小鎮》跟想龜來場躲貓貓派對！  @sweetcampercs !YT !gearup !YT	315950604529	305	zh	509658
28/05/2026 00:40:31	shvfty__	IM BACKKK🔴STREAMING EVERYDAY🔴RP SERVER OUT NOW🔴GOD IS GOOD🔴!discord !sub !server !merch	318728410590	305	en	32982
28/05/2026 00:40:31	Lightorias	🍍Super Kaizo People's Champ | Day 20 !gemathon 12+ Hours a day	318854559200	304	en	13332
28/05/2026 00:40:31	GALIL_Weevil33	NEW[BADGE]EXCLUSIVE Partner[DROPS](1sub/gifted=SHOUTOUT) i make emotes. BACON is delicious! WE help other small streamers BACON IS DELICIOUS	319614168923	304	en	460316
28/05/2026 00:40:31	theresnoee	PLAYING THE SCARIEST GAME OF 2026!? 🔴 GAME NIGHT LATER W THE BOYS!!🔥	318853802464	303	en	1143686580
28/05/2026 00:40:31	Goratha	MONK LEVELING TESTS - POBING MARTIAL ARTIST (RIP TOTEMS :() !builds !maxroll	319459065689	303	en	1702520304
28/05/2026 00:40:31	BadgeAlerts	Badge Alerts - Earn Twitch Badges - !RTTC26 !CRASH !BUBSY !AWOO !ALTERRA !007 !LEGOBATMAN !CIV  | Just Vibin !website #badges	318774205788	302	en	499973
28/05/2026 00:40:31	pealeaf	i sing 4 U AGAIN :)	317235831512	302	en	26936
28/05/2026 00:40:31	jaycgee	SEASON 13: JAY'S MOONROCKS 🚀 | !links | !PEEPOSTREAM	319454156505	302	en	509658
28/05/2026 00:40:31	puhnoo	[ALL DROPS] FIRST TIME PLAYING SUBNAUTICA 2	317234514392	302	en	723826053
28/05/2026 00:40:31	jokaa45	ON EST LA COMME TOUS LES JOURS !! avec @meyabouh SPONSO !Operagx !insta !tiktok	316871558627	302	fr	509658
28/05/2026 00:40:31	tupoyyan	🔴 Ikke gå glipp av dette! Rå slots og casinospill 🇳🇴 med store 🔥 gevinster og episk bonusjakt på tryggeste nettcasino 🎰💰	317489456486	302	no	498566
28/05/2026 00:40:31	ghcoffee	MIITOPIA AKA MUGTOPIA 🏰 ( plus reading more of the 1D FANFIC AFTER?!??!) !discord	319460775513	302	en	1261897788
28/05/2026 00:40:31	heatfps1	JOGANDO RANKEDS RADIANTE !pix	318067666165	301	pt	516575
28/05/2026 00:40:31	Faith	#1 GODDESS ON TWITCH 💸❤️ | !s !throne !x | IG: FAITHTTV_	316658393847	301	en	509658
28/05/2026 00:40:31	Almighty9od	поздний игрок, дел нет +delay + без мата✅ // ?+ hours //  !funpay !win !steam !rank	316171020628	300	ru	516575
28/05/2026 00:40:31	SenEvades	[DROPS]VALBINESERENA MAIN !VALBY !VIESSA !DIA !HARRIS !META !2026GUIDE !SERENA !FREYNA !GLEY !LEPIC !NELL !HAILEY !LUNA	318848936416	300	en	2104758320
28/05/2026 00:40:31	Fleshy	【VINTAGE HELL】making pies with devious intent✨ ♡ !cheeky !GG !Rift !nexus	318855030496	300	en	498417
28/05/2026 00:40:31	ogfelps	vão invadir nossa favela!! - !pix !dallas #30k	318123270004	300	pt	509658
28/05/2026 00:40:31	arfarteg	🚨🎰 SYSTEM LIVE – Freispiele aktiv, jetzt Gewinne sofort abholen! 💰🔥	317280118247	299	de	498566
28/05/2026 00:40:31	hameko	イングリッド調査	316013624435	299	ja	55453844
28/05/2026 00:40:31	StreamerHouse	[24/7 Live] !Drops Enabled ~ The names Bond, Gold Bond - Follow @StreamerHouse	318767315932	298	en	229772247
28/05/2026 00:40:31	EvScape	ALL STARS MOCK DRAFT TIER LIST DRAMA DRAMA DRAMA !operagx	315686439402	298	en	459931
28/05/2026 00:40:31	jdotb	[!DROPS] mw keys into raid | 21 resil	319451844953	297	en	18122
28/05/2026 00:40:31	oxalate	🏅ULT CHAMP TOP 200 PUSH | ROAD TO PRO🏅🔥🔥🔥🔥!Friend	318777297884	297	en	491168
28/05/2026 00:40:31	DeputySmitty	🚨HUMP DAY = FUN DAY!!| The Academy RP (TARP) | 🚨 GOATED Twitch Family 🚨 | !Discord | !Merch	318728180190	295	en	32982
28/05/2026 00:40:31	LilyPita	LIVE | Techno Night	318852677216	295	en	1669431183
28/05/2026 00:40:31	NoWay24u	[24/7 VOD Kanal] Jungle oder Nutzlock TAG DER ENTSCHEIDUNG 13.04.2026	316871546467	294	de	21779
28/05/2026 00:40:31	DubDot	🟩CLIP FARMING🟩	319457926105	294	other	272952894
28/05/2026 00:40:31	AidanBeans	🟢#1 REBIRTH POV🟢 DAY 583 SUB STREAK! !tts !CLIP !socials	318856056032	294	en	512710
28/05/2026 00:40:31	AxelLarsen	100% speedrun	316136356822	292	en	12482
28/05/2026 00:40:31	koragi_ch	the lord of the elden ring	317907617239	292	en	512953
28/05/2026 00:40:31	stephaniemx_	DETONANDO CLUTCH COMO BAÑOS JUNTO A LAS ESCOPETERAS Y GEARS !paypal	319458299865	292	es	512710
28/05/2026 00:40:31	criminalgod_	Torneo  $1,000 EWC SCRIMS	318773206748	292	es	512710
28/05/2026 00:40:31	beatriz	anotaram a placa? | CDANJOS | BEATHON DIA 121 | 1 sub +6min, 1real +2min !pix	318063257461	292	pt	32982
28/05/2026 00:40:31	BayesiaNash	🔞 What are we doing tonight? Vote! | !s for links	318855165920	291	en	509658
28/05/2026 00:40:31	otwzpowtw	💎 CASINO LIVE – Jeder Dreh bringt Nervenkitzel & die Chance auf den nächsten Big Win! 🔥🎲	317418790885	291	de	498566
28/05/2026 00:40:31	whithblade	✅DROPS✨RE EQUIPANDO AL FALLO✨	319624071643	290	es	417528
28/05/2026 00:40:31	rekrap1	They cancled my dance class... sooo i'm back	317909188823	290	en	27471
28/05/2026 00:40:31	Ete_Tv	🎉🎉Guten Morgen 🎉Die 90 grad  Dachgeschoss-Sauna  ist geöffnet 🎉 🎉Rücken kaputt - aber Back wie Rücken🎉Ölerei und Kochstudio🎉!insta	317424794853	290	de	624536948
28/05/2026 00:40:31	HisandHersLive	🎉Military Appreciation Night (Ranked w/ Viewers) 🎉We Host Weekly Community Apex Tourneys Anyone Can Join !Signup  !Schedule🎉	318727200606	290	en	511224
28/05/2026 00:40:31	Almighty_Tevin	Maybe a few idiots will buy it | D.I.D Days Ignoring D*rziak	318842705504	290	en	870620989
28/05/2026 00:40:31	GoldGlove	⚡The Man with the Golden Glove⚡007 First Light - Day 2⚡!ftk !24/7 !links⚡	317909413079	290	en	229772247
28/05/2026 00:40:31	Livvcote	help	316658858999	290	en	516575
28/05/2026 00:40:31	authorblues	Skong - !spoilers !backseating (any backseating = 1 week timeout)	318778732252	289	en	511391
28/05/2026 00:40:31	Dcosta	🔥DCOSTA DO BOPE🔥 ❗LIVEPIX	317992433910	289	pt	509658
28/05/2026 00:40:31	Bullet	STREAK HUNT WENZDAYZ - 10K STAGE SERIES LATER - Daily sub goal !prime !sub !bald	318778611676	288	en	2112738408
28/05/2026 00:40:31	wasabiicat	🦇🩵 WAGA WEDNESDAY 🩵 MY FIRST LEGO GAME!! 🩵 BATMAN/SUBNAUTICA 2 🩵 DAILIES + REACTS + SLEEPING EARLY EHEHEHE 🩵🦇 !socials	318726130142	288	en	1813168901
28/05/2026 00:40:31	zeldasauce	[NA CC]Drops/Giveaways Come Div !youtube !socials	317236104920	288	en	32502
28/05/2026 00:40:31	CookSuxAlwaysOn	24/7 CookSux Rerun Channel > main @cooksux	316653010039	287	en	509672
28/05/2026 00:40:31	Melizande	WE DON'T NEED PANTS ON WEDNESDAYS | 💢 !gg !vite	317236142296	287	en	509658
28/05/2026 00:40:31	CanalBySpeed	FUI QUEBRADO! BORA RECUPERAR O RECORDE, SPEEDRUN RAIDEN MK2	317996018294	287	pt	27284
28/05/2026 00:40:31	Player5	TotK Glitchless Any% Speedruns!	318777999836	287	en	512998
28/05/2026 00:40:31	Bluekandy	BIG RUN | !sgdq !PLUSHIE | The Last Kaizo Ironmon Challenge - 8/9 Games Won	318727054046	286	en	497334
28/05/2026 00:40:31	supr3meecs	¿🔴ANUNCIO SHINDEN! 21:00hs... I $1100 USD EN !SORTEO I !Keydrop I ShindeN Supr3me I 30 SEG DELAY	318065233397	286	es	32399
28/05/2026 00:40:31	cartifan22_	[DROPS] i cant wait to play overwatch🥰🥰🥰🥰🥰	318728092510	286	en	515025
28/05/2026 00:40:31	RiddlesMK	Trying Out The New Character	319459691865	286	en	55453844
28/05/2026 00:40:31	Unwetterjaeger	🌪️ USA TORNADO ALLEY STORMCHASING! 6 Wochen Sturmjagd & Roadtrips vom 02.05-13.06🌪️!ziel !tornado !discord !merch !kachelmann !simusa	317492474470	286	de	509672
28/05/2026 00:40:31	naumanzoh	SF6 絶対的宇宙規模美少女全裸待機中年	316013578099	285	ja	55453844
28/05/2026 00:40:31	kyanafit	Zerobuild Fortnite | 375 CROWNS 👑| PS5 Giveaway | !ps5 !discord !gfuel	319624805851	284	en	33214
28/05/2026 00:40:31	youney	Hazel/Derpy Grey | NopixelWL	317276662759	284	en	32982
28/05/2026 00:40:31	luvstruck	swag is back	317235723608	284	en	509658
28/05/2026 00:40:31	JonahVeil	🔴!DROPS🔴 /// (NA) No Alliances, Never // !guild // !newbievid // Referral - !albion	318773124060	284	en	417528
28/05/2026 00:40:31	theerickkhan	Wine Wednesday AND B0NG RIPSSS	319624216923	283	en	509658
28/05/2026 00:40:31	TheDarkness	Napolitano pra quem perdeu a história - jaja é nois de volta	318128164596	283	pt	32982
28/05/2026 00:40:31	KittyBeSilly	[ Visual ASMR ] KittyBeComfy	318728294366	283	en	509659
28/05/2026 00:40:31	ElPina_gg	Buscando algo mas lejos que el oro xD 🥴🍍 |ESP/ENG| // !clip !redes  REDES: @elpina_gg #NarakaBladepoint	319621737051	283	es	515474
28/05/2026 00:40:31	eridonxii	Faceit Solo	317425799909	283	en	32399
28/05/2026 00:40:31	badbishlilyy	lets play some gamesss	317910572247	282	en	
28/05/2026 00:40:31	summyahmarie	PLAYING ROBLOX WITH TATI  HURRY !discord !sub !brandig !prime !depop	318728561246	282	en	23020
28/05/2026 00:40:31	gwizdakk	DUO PREM 3500 ELO w/ @murlokk | SKINY ZA PKT KANALU | !strona !g4 !swapx !yumisu !ig !dc !tt #reklama	316169790804	282	pl	32399
28/05/2026 00:40:31	CASINO_BUSTER_7675500	BUSTER IN CASINO теги для поиска: ЗУБАРЕВ ЛОРД БУСТЕР ЛУДОЖОП vitus vitus_tv медисон евелон zubarefff зубареффф апасный VIRTUAL CASINO	316107866325	281	ru	
28/05/2026 00:40:31	SoBadStrange	🐀!Arena Prep Day | !ArenaGearBounty | !Tournament🐀!Website !Goldguide !Bossguide🐀 Raids: @Glocktane	317905819479	281	en	2009321156
28/05/2026 00:40:31	stunt	cozy support solo q 🌠 big support changes tmrw	317905942871	280	en	21779
28/05/2026 00:40:31	DeemonRider	PCG✨| !pokestart | !pokeloyalty | !rewards🎁 ⭐New command: !wtpdex ⭐	317279915111	280	en	329951934
28/05/2026 00:40:31	TopTierKid	[✅ALL DROPS]🏞️100T TTK🏞️DINOO🏞️I AM DINOO🏞️STACKED LOBBIES🏞️WEEWOO🏞️WEEWOO🏞️!YT🏞️	317236282584	280	en	1264310518
28/05/2026 00:40:31	DouteuxTv1	Mercronspi 287 - Creuxniqueurs, 2026-05-27 === avec Keto Warrior (Qc/Fr/Eng)	319617112795	279	fr	509658
28/05/2026 00:40:31	Caedrel247	🔴24/7 @Caedrel VODS/YT - LEAGUE - COSTREAMS - REACT - VARIETY🔴	315600692946	278	en	499973
28/05/2026 00:40:31	Zeusy	I need my butt scratched | TBATHON 2 DAY 13 | 1 Sub/500 Bits=10 Mins | !Discord !Newyt !Socials !Incentives	318725551838	278	en	1143686580
28/05/2026 00:40:31	yaboyroshi	007 First Light w/ Roshi & Sheera!	318727717854	277	en	229772247
28/05/2026 00:40:31	Diegosaurs	[DROPS] TOP 20 DPS PLAYER TRIES LUNA ONLY TO CELESTIAL !CHALLENGE !HEROES !SOBER DinoDance	316660866423	277	en	1264310518
28/05/2026 00:40:31	mandraka	+18 antes tarde do que nunca  !neon	318067067509	277	pt	509658
28/05/2026 00:40:31	Midnababy	「DAY 8 !MIDNATHON」Gift sub = BADGE ✦DAY 1 007!!! Hardest difficulty✦ @Midnababy 🍰🌙	316658582775	276	en	229772247
28/05/2026 00:40:31	hotrodd	ZERO BUILD GAMING | Use Code 'Hotrodd' #EpicPartner | !discord !socials	317235725144	276	en	33214
28/05/2026 00:40:31	PaigeTheWitch	[!Drops + Badge] Bond... Paige Bond 🔥 Finishing The Game? Forza Later !passes	318780079836	275	en	229772247
28/05/2026 00:40:31	will_shand	⭐strange and scary games⭐	317908266071	275	en	771717624
28/05/2026 00:40:31	spicee	HARDEST DIFFICULTY FIRST PLAYTHROUGH || !song !discord	318727396446	274	en	6369
28/05/2026 00:40:31	sweet_frequency	[18+] !drops ✅!giveaway✅Playing w/chat✅4.5mEXP HD2 ✅Max Difficulty✅[Vtuber] !discord !socials !merch	317279802343	273	en	223869970
28/05/2026 00:40:31	SincerelyAurora	🎀【 GREMLIN vs. FALLOUT 4 】Debutathon Day 19 🎀 | !merch !c4 !toot @sincerelyaurora	319451581529	273	en	498592
28/05/2026 00:40:31	SharonQueen	Harley Sharon Quinn ♣😍🥵💛18+🔞👋 !S  !king #Cosplay #Anime Sharon Goddess UwU Massage Latex	317276332647	273	en	509659
28/05/2026 00:40:31	xxxDESPERADOxxx	🔴007 FIRST LIGHT🔴 4 TWITCH DROPS 🎁 Exclusive IOI Partner Drop + Sub Badge 🔥 !DROPS !CHOOSE !CAM !TTS !LINKS	318728292190	273	en	229772247
28/05/2026 00:40:31	RetroLongplay	Retro Games TAS Marathon 🎮 Tool-Assisted Speedrun & Superplay Videos ⚙️	317487964774	272	en	27284
28/05/2026 00:40:31	Loganolio	THE HORRORS 🔴 THEY PERSIST 🔴 INDIE SCARIES!	319518411610	272	en	342481912
28/05/2026 00:40:31	dewamoon	YOSHI LMAOAOAOOAOA	317236106456	272	en	2132205352
28/05/2026 00:40:31	MaLaRiaTV	PARIS RP - Mapping & Gaming (peut être)	316850349796	271	fr	32982
28/05/2026 00:40:31	MarieMoone	⊹. ꒰ঌ Cambié el ángulo de la cam, te gusta? unu ໒꒱ .⊹	316851410404	270	es	509658
28/05/2026 00:40:31	內埔薑母鴨	鴨鴨陪伴台｜鴨鴨直播🦆 ｜Duck 🦆 LIVE Camera｜ダック🦆ライブカメラ	315947702513	269	zh	272263131
28/05/2026 00:40:31	ZLOY_6205473	Артур Злой! Онлайн-стрим. Заносы из казино. Лудим катка. Казино казик. dota dota2 общение девушки тачки бабло	316107954645	269	ru	
28/05/2026 00:40:31	NinoTheDon	CAN WE BEAT 007 FIRST LIGHT TONIGHT🤵🏽‍♂️🤵🏽‍♂️🤵🏽‍♂️	317234969560	268	en	229772247
28/05/2026 00:40:31	Furball_Farm	Furball Farm Cat Sanctuary 24/7 Live!	319506438874	266	en	272263131
28/05/2026 00:40:31	werster	Pokemon Heart Gold - Manipless Speedruns | FAQ: https://speedpastes.org/PVHrgyXi	315686701418	266	en	23857
28/05/2026 00:40:31	knirpz	TRIDEM TOUR ROAD TO TWITCHCON | !knabekola !burnhard !grover !merch #werbung	315581352913	266	de	509672
28/05/2026 00:40:31	NoahLunsi	ON RALENTIT LA FITNA, ON REPREND L'ARC 007 🕶️ [ !music !rs !discord !sub ]	316827664994	266	fr	229772247
28/05/2026 00:40:31	Yuggie_TV	Universal Studios 🇨🇳 Beijing, China Day 1 !mediashare	317236085720	265	en	509672
28/05/2026 00:40:31	ambearleevtuber	UNLEASH THE BEAR! ASTROBEARS: GET THE GACHA	316660581367	265	en	2109666737
28/05/2026 00:40:31	zDark	🏆TORNEO SWITCHARUUUU / JOINED @leviatangg	319518171738	265	es	512710
28/05/2026 00:40:31	SHADOWKEK_WG_2616017	АЛКО БОНУСКИ на 9 МЛН ЭВЕЛОН x КОСЫТЧ x ШАДОУКЕК x СКИЛЗ СМЕШНОЙ КАЗИНО СТРИМ #melstroy #меллстрой #литвин #ramzes	316171653716	264	ru	1496435078
28/05/2026 00:40:31	HamuchiVT	pill bug gaming no more worms, best sion oce !gamersupps !playlist !Throne | <3 | s2 ep17	315666734697	264	en	21779
28/05/2026 00:40:31	Marco_Veio	+18 É HOJE FII, O XAO TA QUENTINHU! -  !SPIN (+18) - !OperaGx - !Trovax - !Exitlag - !MarcoVeio	318126434548	263	pt	29452
28/05/2026 00:40:31	joshtwoh	ESEX STORYTIME ✅ BPDSLTS & VALORANT ✅LEGO BATMAN ✅ !discord !donate !prime	319619699803	263	en	509658
28/05/2026 00:40:31	AndyCortez	new witcher expansion announcement?!?!? NEW !MERCH continuing Blood and Wine  | !merch	317908207063	263	en	115977
28/05/2026 00:40:31	nikozfps	NOCHE MOLESTA 🙂 | !ytvideo !sorteo !keydrop !redes !telegram	317994903798	263	es	32399
28/05/2026 00:40:31	toaststix	SQUAD GAMES	319442493273	263	en	33214
28/05/2026 00:40:31	pomatomaster	🚀🧬I ESCAPED CON CRUD?? -> Pragmata Later | !discord !Stoneforged	319518811610	262	en	509658
28/05/2026 00:40:31	TexPlaysss	🔴LIVE | THE BEST STREAM EVER | BO6 | #texplays	319456517593	261	en	1672324422
28/05/2026 00:40:31	ToriOriane	🥀SOULSLIKE STREAMER TRIES NIOH (first time) | UNCAPPED SUBATHON DAY 60 |⏰!subathon💸incentives	317907831127	261	en	24872
28/05/2026 00:40:31	elalquimista_1989	🔴DROPS NOBLES X2🔴DIRECTO NOCTURNO!!!SORTEO CAÑA AVA 8.2 Y MAS🔴NUEVO HO🔴EL GREMIO CRECE🔴!OPERA GX🔥!SORTEO🔴	318063899509	261	es	417528
28/05/2026 00:40:31	Little_Huge	[!DROPS] Master Mission, Brooklyn GE and Exclusive LHG Badge for a Subscription!	319512181978	261	en	504463
28/05/2026 00:40:31	Checoche14	COCINANDO CON @eneninn ll !redes !ds	319624818907	261	es	509658
28/05/2026 00:40:31	MissMikkaa247	MissMikkaa 24/7 OFFICIAL ✅ | RE-RUN VODS | ELDEN RING | DARK SOULS | 🗡️🗡️🗡️ | THROWBACKS	317225573336	261	en	499973
28/05/2026 00:40:31	くろいけもみみ	【パチスロライブ】来店実践！【くろいけもみみ/Vtuber】#PR	316013499379	261	ja	509658
28/05/2026 00:40:31	EnNopp112	Majora's Mask 100% Speedrun	316135995734	260	en	12482
28/05/2026 00:40:31	jakenbakeLIVE	premier player* 🔴 full team practice omg?! 🔴 grinding cs for att tourny 🔴 !YouTube !PC	317235053912	260	en	32399
28/05/2026 00:40:31	MetapodParaPresidente	tierlist del maclo el denmedio	319622183259	260	es	509658
28/05/2026 00:40:31	Drewskys	Lv573 PIN 1 ~ NEW SEASON REVEAL!	319454010457	260	en	407314011
28/05/2026 00:40:31	Arthas_CASINO4972218	ПАПИЧ! REAL! Играем в казино, по моей рефке БОНУС. Ссылка в чате	316171762516	259	ru	
28/05/2026 00:40:31	Niyeko	🛗 Niyeko Plays Psalm 2 [❤️ HR Monitor] 🏨 !merch !newvid !discord !socials !schedule	317908033751	259	en	1612297294
28/05/2026 00:40:31	Baiano	🟢 Reacts & Gameplays | IDL NIGHTS 🟢🌴 !cupom !sadia !status !grupo !kbmidl	318128121844	259	pt	21779
28/05/2026 00:40:31	GroovyTuesdays	Bunnies shouldn't be alone. Give me company?	319622734299	258	en	499003
28/05/2026 00:40:31	hikaru_shiftne	【SF6】A.K.I.なのじゃ→イングリッド研究所	315950977649	258	ja	55453844
28/05/2026 00:40:31	Skilli	Quelques games , review de patch INTO QUIZZ A 6H30	316828829410	258	fr	21779
28/05/2026 00:40:31	2052354	ПРЯМОЙ ЭФИР КАЗИНО! КАЗИНО СТРИМ ОНЛАЙН!  НЕ ЗАПИСЬ! ЗАНОСЫ ПО КРУПНОМУ! БОНУСЫ СМОТРИ В ЧАТЕ!	316107949781	258	ru	
28/05/2026 00:40:31	樂優	｜0527｜最近每天都作很混亂的夢 又惡又長的	315948859889	257	zh	509658
28/05/2026 00:40:31	WSH_TV	Sayer mon Konoha à craquer	316850944228	256	fr	1763263
28/05/2026 00:40:31	CAPONESKI2K	THE GREATEST IS LIVE! #1 RANKED 6'8 IN THE GAME LESS GET ITTT !Discord !Jumpshot !Build	319516510426	256	en	2112738408
28/05/2026 00:40:31	Flare	Pokemon Ranked Singles	318778045148	256	en	1931693784
28/05/2026 00:40:31	TiagoNWG	ANOTHA DAY ANOTHA GRIND ⏐ DAY 148 / 365 ⏐ !𝘥𝘪𝘴𝘤𝘰𝘳𝘥 !𝘴𝘰𝘤𝘪𝘢𝘭𝘴	317281448039	256	en	509658
28/05/2026 00:40:31	feyy	[3DIO VR] Be a Good Puppy and Enjoy Yourself 🐶	317236384344	255	en	509659
28/05/2026 00:40:31	RYNxRYN	FIGHTING KARENS (maybe Subnautica 2 after) | !youtube !merch !gg	317908618199	255	en	392324597
28/05/2026 00:40:31	rglqq	🪞NEW drops 🕋KiwiEars🀄️Trump v Asmongold !drops🍀!join🥭@StarforgeSystems @RGLQQ #Sponsored 🏔️Enquire twitchtalent.business@gmail.com 🥝	316822748002	255	en	168648543
28/05/2026 00:40:31	VITUS_CASINO_534944	VITUS казино стрим онлайн! зубареффф Evelone эвелон злой артур Егор Крид бустер лорд трепутин прямой эфирхесус меллстрой	316171650516	255	ru	
28/05/2026 00:40:31	tuxedoqu		315725936621	255	en	
28/05/2026 00:40:31	Grayskull83	Mega Man X	319455886041	254	en	27284
28/05/2026 00:40:31	indiyababy	"IM BACK BAE | LAYLA ""LALA"" REYES 🦈 IN LIFESTYLE GTA RP!!! ♡ | !sub !prime !socials !of"	319459347289	254	en	32982
28/05/2026 00:40:31	Saiah	Golden heist Complete | yoshi vision of the game | MLC Saiah |	319459614809	254	en	2132205352
28/05/2026 00:40:31	mariabagatti	HUMPDAY !socials  rerun	318725825118	253	en	509658
28/05/2026 00:40:31	RareGangster	🔴(18+) LUIGIS MANSION CROWD CONTROL !CC ALSO RAISING MONEY FOR THE LFA ALL MAY !DONO | !pronouns | !socials | !tts	317908167767	253	en	27284
28/05/2026 00:40:31	blackmikebmb	Best in Madden 26	318856176096	252	en	272952894
28/05/2026 00:40:31	iiizwerg	FIRST TIME PLAYING !D2 !HelloFresh	318851243616	252	en	229772247
28/05/2026 00:40:31	howudoinTV	⚔ PARTNER PUSH ⚔ SSC/TK ON SHAMAN ⚔ LOG ON !SOD ⚔ <mfa> COMMUNITY w/ @graycen @mcconnellret ⚔ !discord ⚔	319456249945	252	en	18122
28/05/2026 00:40:31	KirkCast	☄️DROPS☄️SHE A DEVIL ON MY DINO☄️ALMOST 10K ON YT☄️!discord !youtube	319456487641	251	en	1264310518
28/05/2026 00:40:31	star0chris	Teaching @parkenharbor Elden Ring bingo stuff :)	317233433176	251	en	512953
28/05/2026 00:40:31	FRG_KAZIK_5611749	FRG ФРГ Заносы недели бонусы casino казиныч катаем слоты залетайте на эфир	316107843029	250	ru	33214
28/05/2026 00:40:31	Zwave	On reprend le bon rythme de la nuit l'équipage !!  !holy !eneba !gamepass	316850690660	250	fr	18122
28/05/2026 00:40:31	NuclearPastaTom	[249+/300 !pp] Bingo Brawlers Practice Solo and Matches | !discord !ytstream	318852425568	250	en	512953
28/05/2026 00:40:31	baccendsbanned	Lil Noonie Frm THF we going onna run this time @baccendsbanned 💫	318853821152	250	en	32982
28/05/2026 00:40:31	Fakemonster	Le rêve américain de Franklin commence | SnowFall S5 EP02| !eneba !react !patreon	316869877091	249	fr	509658
28/05/2026 00:40:31	Arkane	QUARTA DE DUOS ALEATÓRIOS 🔥 LOJA DA LIVE !loja 🔥 CODE: ARKANE #EpicPartner 🔥 !logitech !noping !youtube	317995372022	249	pt	33214
28/05/2026 00:40:31	chilevisioncl	🔴 FIEBRE DE BAILE 2 💃 REACT CON CLAUDIO MICHAUX ✨ CAPÍTULO 46	318067380597	248	es	
28/05/2026 00:40:31	Eden	IT'S MY TWITCH PARTNER ANNIVERSARY! (it's actually tomorrow but it says today) 💎 | 🧸 !plushie | 💫 !discord |  ⏪ !vods  | 📲 !socials 💎	318727884254	247	en	460636
28/05/2026 00:40:31	ElSrSanto	SEÑOR VS LA VENTA DE MERCH	319624255067	247	es	509658
28/05/2026 00:40:31	TwisterDrops	👇 DROPS Activated 🟨 Road to 100% LEGO Batman Legacy of the Dark Knight	318065982965	246	en	1813168901
28/05/2026 00:40:31	pwclassic126	150.000р 23.05 14:00 Старт марафона ТОЛЬКО новичков и 60.000 лк!	316124760662	246	ru	20050
28/05/2026 00:40:31	sh0wtie	FLASHBACK WL KIRA AGUILAR	316848197988	246	fr	32982
28/05/2026 00:40:31	luispicasso19	🎰TIMBA EN AURICGATE, TIPEOS PARA NUEVOS !DS APOYOOOOO +18	317996313718	246	es	498566
28/05/2026 00:40:31	EMELEA	SHRED N' BASSSS [DNB] 🔊🔥🎸 | !throne !dono !MMM	316659744119	245	en	1669431183
28/05/2026 00:40:31	JonTheBoat	New Ranger Vid Pinned HR DUOS	319453847641	245	en	2009321156
28/05/2026 00:40:31	gokslol	NA SOLOQ LOW CORTISOL	317235673432	245	pt	21779
28/05/2026 00:40:31	Mitchflowerpower	OOT Rando no logic scarce items (fewer upgrades)	317907256535	245	en	11557
28/05/2026 00:40:31	Xibbe	a donkey is never late, nor is it early	316170402388	245	en	29595
28/05/2026 00:40:31	MOONBTCH	I'M BACK! ☾ NEW MODEL, EMOTES AND REDEEMS plus TOMODACHI LIFE UPDATES ☽ !PP !credits !merch !socials	319457392857	244	en	1099705332
28/05/2026 00:40:31	KoraaAura	IM HOME! DANCING UNTIL MY FACEPAINT MELTS OFF (starting a stream streak: day 1)	318778950108	244	en	509658
28/05/2026 00:40:31	Haxxing	396 AP. Practicing pvp and farming up silver for next update's new gear.	315959201906	243	en	386821
28/05/2026 00:40:31	G0ularte	ULTIMA LIVE DA SEMANA ~ REACTS, CASOS, TERROR ETC	318126467572	243	pt	509658
28/05/2026 00:40:31	MAXON_LIVE_4360069	MAXON! теги для поиска: ЗУБАРЕВ ЛОРД БУСТЕР ЛУДОЖОП ЕГОРКРИД ЕГОРКРИД vitus vitus_tv медисон евелон zubarefff zubarev зубареффф хованский	316107843541	243	ru	29595
28/05/2026 00:40:31	DannyLed	🍞HORA DE APOSTAR TODOOOO @shakotsu_vt @kiannyvv @soyelsuper @kokomia @drpandino @lapiniacolada 🍞	319519673818	243	es	1143686580
28/05/2026 00:40:31	TateiroTV	TAXI DRIVER (1976)  | Semana cine inicial	318066661749	242	es	509658
28/05/2026 00:40:31	Dyrus	solo queue terror	319624923483	242	en	21779
28/05/2026 00:40:31	drac	[DROPS] NIGHT SHIFT WITH NATE HILL AND XEDNIM | !youtube !tiktok	318778295644	242	en	464339927
28/05/2026 00:40:31	RayBankrollTTV_	Fortnite Vibes!	318728853726	242	en	33214
28/05/2026 00:40:31	X33N	STS2 w/ RIKI AND RAFON	319619317467	242	en	1435206302
28/05/2026 00:40:31	m76arek	Australien - Zurück zum Outback - Tag 20	317495956710	242	de	509672
28/05/2026 00:40:31	HusKerrs	#1 RANKED GRIND REDSEC 🔥 WINNING EVERY GAME 🔥 Follow @HusKerrs on all socials!	317906652503	241	en	168648543
28/05/2026 00:40:31	bubnilkin1337	🔴 ПРОКАЧКА ВАШИХ ИНВЕНТАРЕЙ 🔴 САМЫЕ ДЕШЁВЫЕ СКИНЫ ЗА БАЛЛЫ 🔴 НАКЛЕЙКА ЗА ФОЛЛОУ	316132877142	241	ru	
28/05/2026 00:40:31	LeeshCapeesh	Let's Finish Directive 8020! | !merch	318779068252	241	en	1977278621
28/05/2026 00:40:31	mikesaboveu	(DROPS)😵‍💫RANK 1 PUSH AFTER LARP (#20 RN!)😵‍💫#1 TORCH x DINO😵‍💫NEW SKIN😵‍💫1 SUB = 1 PULL UP😵‍💫 17 Y/O😵‍💫THANOS😵‍💫!yt	318850959328	240	en	1264310518
28/05/2026 00:40:31	PapiSosa	Noticas importantes mañana ... hoy rankeds en NA	319458443353	240	es	21779
28/05/2026 00:40:31	ちーちゃんん	🧸✅DropsON🎁┊今日こそ前提タスク進める。アイスブレイカーい゛き゛た゛い゛ @chi_chaan 【Escape from Tarkov】	315950404081	237	ja	491931
28/05/2026 00:40:31	Autodestruction	она умеет играть SHTO 13к менталити ✨ самый приятный голос на твиче ✨ !моитреки	316136423254	236	ru	29595
28/05/2026 00:40:31	Masamune4k	⛧[+18] 🟢 -> !pix !exitlag !discord !sr	318067614837	236	pt	491487
28/05/2026 00:40:31	MinhArte	BANCA REAL , VAMOS DE RESENHA	318126378356	235	pt	29452
28/05/2026 00:40:31	yosoyricklive	FINAL DE TEMPORADA EN *MUERTE SUBITA!* TOP CLASH ROYALE EN VIVO - YoSoyRick	319624493787	235	es	491168
28/05/2026 00:40:31	ZONEsama	ZONE-Out with Cecilia Littlewing | Featuring @kyaterina	315631170131	235	en	509658
28/05/2026 00:40:31	KuruoGG	STREAMER CON EL MÁXIMO RANGO DE FACCIONES JUEGA ALBION ONLINE CON SEGUIDORES. ARRANCAMOS!	318725054174	234	es	417528
28/05/2026 00:40:31	Gio	Gio e i suoi amici... nel chill	318854912864	234	it	509658
28/05/2026 00:40:31	emagoplay	🟢Feliz Miércoles🟢Compartiendo codigos para tvbox🟢!puntos !tabla !speak !telegram !tiktok	319518206426	234	es	509658
28/05/2026 00:40:31	五股石油王	《Oil King》-  英格麗特Day1 !行程	315623175272	233	zh	55453844
28/05/2026 00:40:31	EllieNoire	🏎️💨  Be my passenger pwincess? 🥺 👉 👈 UNCAPPED PARTNERTHON - DAY 53 💖	319452431833	232	en	1991115310
28/05/2026 00:40:31	KayShomi	MOST HATED🌩️  YAYA THE MELEE PLUG⚔️ STL💞WELCOME BACK🤍FLORES FAMILY HERE👩‍👩‍👧‍👧.... 🎯D10 RP🤍18+ 📍 !discord	319456278745	232	en	32982
28/05/2026 00:40:31	Egor_Krid_5904619	ЕГОРКРИД ЕГОР КРИД vitus vitus_tv медисон евелон zubarefff zubarev зубареффф апасный хованский теги для поиска: ЗУБАРЕВ ЛОРД БУСТЕР ЛУДОЖОП	316107953237	231	ru	
28/05/2026 00:40:31	MST3K	The Halfway to Turkey Day Marathon!	317892599639	231	en	499973
28/05/2026 00:40:31	Dylqnnnn	theyre calling me draftout dylan	316658728567	231	en	27471
28/05/2026 00:40:31	agilities	(DROPS) RANKED DAY 24	317908871127	231	en	515025
28/05/2026 00:40:31	ShizzyDE	2 Tage bis Release | Marathon | Tag 250 | !yt !timer !nyfter | Shizzy	317413693029	231	de	1469308723
28/05/2026 00:40:31	aircool	MAKING MONEY | !snap !yt	316658666359	231	en	33214
28/05/2026 00:40:31	AnotherMatt_	Isaac !GAUNTLET+ || ✨New Plum Collectathon !PLUMME✨ || !rogue !merch !hat	319515601114	231	en	1414860634
28/05/2026 00:40:31	RGLgg	Anglerfish vs GlobalClan Ice - RGL Inv 6s S20 W1B	319624163547	230	en	16676
28/05/2026 00:40:31	laser_cs2	SHOW DE 1:30 HORAS, SALUDEN SI ENTRAN. TEST BLACKBARS.| !redes | !store !skinclub	317996188022	230	es	32399
28/05/2026 00:40:31	sidokans	🟢BANCA REAL TWINBET (650 EURO) +18 !twin	318128545780	229	pt	29452
28/05/2026 00:40:31	5557038	КАЗИНО СТРИМ ОНЛАЙН! ПРЯМОЙ ЭФИР КАЗИНО! НЕ ЗАПИСЬ! ЗАНОСИМ ПО КРУПНОМУ!	316171764436	229	ru	
28/05/2026 00:40:31	Yozora	who up first time straight up jong'ing it	315666877673	229	en	512708
28/05/2026 00:40:31	Terasite	✅DROPS✅🥳CODE: TERASITE FOR DF & HYTALE!!🥳🪙!BUDGETDAY🪙!coins !code | #deltaforce #burstfest26	318725924190	229	en	1282866981
28/05/2026 00:40:31	djmagicmike01	XXIV, I Mean 808 Wednesdays !! Remixes And Red Cups !! TY 4 The Raid: @clubunity	318778812892	229	en	1669431183
28/05/2026 00:40:31	PHLTF	🟦 PHL 26 // $5000+ PRIZEPOOL // PLAY DAY [7/8] // AMER // CASHOUT	319453986137	229	en	1910103699
28/05/2026 00:40:31	Manndyl	subathON. !yt	318064062965	228	pt	516575
28/05/2026 00:40:31	el_XoX	[DAY 31] LAST DAY OF SUBATHON!! FOR REAL THIS TIME!! ( ͡° ͜ʖ ͡°)♡ [SUBATHON] !incentives	319622651867	228	en	509658
28/05/2026 00:40:31	spitflow	FACEIT SA 3k elo	317994353782	228	pt	32399
28/05/2026 00:40:31	Farmerlucas	NA SCRIMS THEN CN CLIENT // ✅3x3 Completed on CN✅ // ✅3x3 Completed on Global✅ !youtube !HOA	318850142432	228	en	1282866981
28/05/2026 00:40:31	SolaryHS	Rediff du challenge top1 légende	316845293412	228	fr	138585
28/05/2026 00:40:31	ElKiroLS	Problemas del TIEMPO - Apunto de terminar la TIME MACHINE 91%	319518077914	228	es	27471
28/05/2026 00:40:31	Luxury_Girl1454162	Лакшери Гёрл! Заносы недели! Выносим казик и забираем бабосики! Стримонлайн казинострим слоты slots 1win winner	316171652948	227	ru	
28/05/2026 00:40:31	OmidLive	[drops] unlocking iceberg	318724183006	227	en	491931
28/05/2026 00:40:31	Milquetoast_Claire	What's going on in the Prison's Basement?| Apocalypse [Veteran] | Project Zomboid Beginner's Guide	319616313819	227	en	31339
28/05/2026 00:40:31	mira	💚 WHAT IS LOVE 🍀 JUICERS UNITED 🧃 !JUICE 🥝 STAY HYDRATED 🍏 Rerun 🧪	316657593335	227	en	509672
28/05/2026 00:40:31	Sinuuki	LETS PLAY SOME BACKROOMS AND YAPROOMS GAMES 💚	315623217896	226	en	509658
28/05/2026 00:40:31	meysweett	BUENAS NOCHES BABYS || AURICGATE<333 || !auricgate❤️❤️❤️❤️❤️	318067439989	226	es	498566
28/05/2026 00:40:31	1indio	🟢 ALDEIA ON - 🛖🌴 ENERGIAAAAA QUE LA VEM TIBINHA !!! 🌴🛖❗TyronOT❗Linkmage❗Coins❗Instagram  - @1indio	318066673781	226	pt	19619
28/05/2026 00:40:31	BasilWoof	[VINTAGE HELL] - Playin' with my bait and tackle - !notpee	319451566041	226	en	498417
28/05/2026 00:40:31	blanxz	[95/300 for !plus] Bingo VS @nuclearpastatom !buh	319517067354	226	en	512953
28/05/2026 00:40:31	ArnaldoDK	CineDK - 007 MEGA MARATONA! - !Global !Amazon !Pix !ML	318055921525	225	pt	509658
28/05/2026 00:40:31	YerOlDad	Whatta Wednesday	319616242395	225	en	27284
28/05/2026 00:40:31	balod9l	Доброе утро дорогие друзья | !tg	316107862229	224	ru	29595
28/05/2026 00:40:31	lucaspagun	(+18) PXG STEEL II DROP ON  II !CURSE II  !SORTEIO II MECHA INFINITO II !rewardrainbow	318125341684	224	pt	19619
28/05/2026 00:40:31	v1NCHENSO7	🔴PICKEM DIAMANTE ALEATORIO MAÑANA !pirate !sorteo !caja	317280595815	224	es	32399
28/05/2026 00:40:31	VickiValiant	BRUNETTE WIG IS ON!!!! HOT KILLER MAIN 🔪 !NewVid !Discord !YouTube (18+ Community)	319618665691	223	en	491487
28/05/2026 00:40:31	towmater313	"[PVP] Day 18 of ""coughy"" and running Solo Bg's and arena with viewers. Stop by, say hello and run a BG with us!"	319620737499	223	en	18122
28/05/2026 00:40:31	ChelzorTheDestroyer	Wed Yaps and Reacts !sch !socials !con	319515879386	222	en	509658
28/05/2026 00:40:31	Izunalive	BUENAS NOCHES	318127847540	222	es	509658
28/05/2026 00:40:31	Gio	Gio e i suoi amici... nel chill	318854912864	222	it	509658
28/05/2026 00:40:31	Farmerlucas	NA SCRIMS THEN CN CLIENT // ✅3x3 Completed on CN✅ // ✅3x3 Completed on Global✅ !youtube !HOA	318850142432	222	en	1282866981
28/05/2026 00:40:31	Terrecassee	[FR] [PC] [PTB on] On va tester Jason! (j'ai chaud) | !OperaGX | #CreatorContent #ad	316828033762	222	fr	491487
28/05/2026 00:40:31	imPheetus	Solo High Pop - Shootin' Ropes | Gumping | !discord	316660281719	222	en	263490
28/05/2026 00:40:31	alexkadison	WOMAN. SIGMA. JUNGLE GRIND TONIGHT /DIA JG MAIN/!PISS//!SNAP/!GIRTH	319516780506	222	en	21779
28/05/2026 00:40:31	WickZagoryVE	[+18] - ESP/BR - GRIMORIA III - TROLL X AMOR - Reconciliação não apaga o passado, mas constrói um futuro melhor.	318067943541	221	pt	19619
28/05/2026 00:40:31	HydraSZN	The Dragon TROLLS ON OMEGLE | FORTNITE FNCS SUMMIT WAITING ROOM | !discord !community	318855658720	221	en	33214
28/05/2026 00:40:31	NyyBeat	MAIN ACCOUNT: @nyybeats EVIL CHATS AND MAYBE EVIL GAMING  !mods !nyybeat	317235272792	221	en	1264310518
28/05/2026 00:40:31	kritikal	Degen Hours	315665732073	220	en	401587136
28/05/2026 00:40:31	WillTalksMusic	AOTY Winners: Folklore | Legacy Reaction	317909760215	220	en	26936
28/05/2026 00:40:31	SelinSHZ	Was geht!  lasst uns JUST BABBELN ' !dc	317423467237	220	de	509658
28/05/2026 00:40:31	Acai	gettin PFCs for the love of the game	318727816926	219	en	125264560
28/05/2026 00:40:31	gordin9j	FAZENDO ACONTECER MY G ! ! ! Estamos Recrutando Pra FAC, VEM VEM   / CODIGO GORDIN9J !pix !Tiktok !neon !codigo	318125210100	219	pt	32982
28/05/2026 00:40:31	BONDbl	META Farseer Only 4k IO Keys, Come Learn !Guide !farseer	319624266971	219	en	18122
28/05/2026 00:40:31	TheIroncane	I heard this Goku Black fella is kinda cracked for 8th Anniversary...	318728460382	219	en	504921
28/05/2026 00:40:31	Arlender21	¡LA IA SE VOLVIÓ LOCA EN LA LUNA! 🌕🤖 ¿Podremos sobrevivir con DIANA la niña hacker? !socials !discord 🔥	319624936923	219	es	509658
28/05/2026 00:40:31	aleks	🎮Finally, We Finish Resident Evil 4 🎮 !discord !social !garbanzobeans	316660428151	219	en	1468
28/05/2026 00:40:31	Trollzinha	MEGADROPS ON🔥Loja Maio inicada🔥assistiu a live !loja e resgata cupom do sorteio OU PIX !loja🔥!comboseraph🔥GANHE PIX DE R$35 R$100 !loja	318055374197	218	pt	386821
28/05/2026 00:40:31	Flare	Pokemon Ranked Singles	318778045148	218	en	1931693784
28/05/2026 00:40:31	badblando	⚠️HEAVY True Crime, 911 Calls & Bodycams⚠️ TRUE CRIME ON A WEDNESDAY GET USED TO IT BABY	319623155035	218	en	509658
28/05/2026 00:40:31	CallieCalico	♡ CAT GIRL DETECTIVE TIME  ♡ (The Roottrees are Dead)     | !3am | !tip	319511321306	218	en	509658
28/05/2026 00:40:31	filiplackovicmusic	Shire 24/7 | Celtic Music for DnD, Study, Relaxation	317496397542	218	en	26936
28/05/2026 00:40:31	Rescue	24/7 Bahroo | Currently Playing: Brotato	317488475366	217	en	743214338
28/05/2026 00:40:31	StandingWaltz	🔴[FR/ENG] MIEUX que GOLDENEYE? 🕵️‍♂️ Découverte de 007 First Light • Partie 2 🔥 DROPS 🔥 |❗Discord ❗Socials ❗Speedrun	318724798942	217	fr	229772247
28/05/2026 00:40:31	PanicApex	Scrims   !youtube !socials	319619549019	217	en	511224
28/05/2026 00:40:31	rauz1n	[METROPOLE] TATICA, NO FOCO | APA | !INSTA !PIX	317993162102	217	pt	32982
28/05/2026 00:40:31	ChelzorTheDestroyer	Wed Yaps and Reacts !sch !socials !con	319515879386	216	en	509658
28/05/2026 00:40:31	luhkbaccend	#MTE 🏚️|Zy”Luhk Street” Rich|MUD CITY RP| LIFESTYLE RP |#1 SCAMMER💳🚶🏾 |145/365	318779909468	216	en	32982
28/05/2026 00:40:31	MrsBlob	Super cozy Japan decorating~ 💜 🌸(,,♡ᵕ♡,,)🌸 | !socials !gg	318773375964	216	en	1414211237
28/05/2026 00:40:31	Ocram2012	!DROPS | Llegó el ESTIGIA OWOWO | !youtube !discord | #projectWAVE #WutheringWaves	316871084771	215	es	513181
28/05/2026 00:40:31	a9236823	Пузаныч в деле! САМЫЕ ЛУЧШИЕ БОНУСЫ - сслфка в чате	316171763284	214	ru	1496435078
28/05/2026 00:40:31	DruckVerlust	Guten Morgen der frühe Vogel und so | 🚚!Holy 🚚!Elgato🚚!Snocks 🚚!Kissme	315584553937	214	de	509672
28/05/2026 00:40:31	ArnaldoDK	CineDK - 007 MEGA MARATONA! - !Global !Amazon !Pix !ML	318055921525	214	pt	509658
28/05/2026 00:40:31	ElGamerWICHO	⛔Novedades de Gears, Aprendiendo a jugar Poker con Dicarrera | Rankeds de Gears 4 hasta llegar a Diamante 5 antes de E-Day & Desma Denso🔥	319459527769	214	es	459382
28/05/2026 00:40:31	Ki11erSix	THE HUNT 2026 - Night #6 - !hunt	318854720352	214	en	1846512643
28/05/2026 00:40:31	EsquadraoMAV	DROPS ON - Maverick em 007 First Light - PC	318125448692	213	pt	229772247
28/05/2026 00:40:31	AshIV_	THE LAST SIPPER (BADGE EVENT) | One Hour View for Badge - SUB/GIFTED for Golden Badge	318779703516	213	en	2099548241
28/05/2026 00:40:31	林涵	【唱歌台】5/28堅持✊🏻唱給那些還願意留下的人 !!歡迎追隨、自主訂閱是對主播最大的支持🎤層級三++ ~  Vtype轉真人直播🎤， ig追隨：ok19980321 @pei_0417 <--拚勾勾!去幫忙掛台/ @arrmo 最推的繪	315949710961	213	zh	513143
28/05/2026 00:40:31	Treputin_Lord_694973	ЛОРД ТРЕПУТИН! ДЕП 11 лямов! Выносим казик!Теги: Егоркрид Никоглай Данладан казинострим казиноонлайн стримказино заносы.	316107854293	213	ru	
28/05/2026 00:40:31	dawildgrim	The 2k Mario Challenge Continues !rules	318775549660	213	en	1229
28/05/2026 00:40:31	cloudyatnight	streets said they fixed queues? (they lied) // !wallhack !twitter !youtube	317909436119	213	en	511224
28/05/2026 00:40:31	MdmDaiane	subathussy day 17 #IOICreator❗️pix❗️discord❗️youtube❗️zap❗️sorteio	318128297204	212	pt	229772247
28/05/2026 00:40:31	nephewdork	ULTIMATE INGRID DAY	316661049335	212	en	55453844
28/05/2026 00:40:31	swackedlol	<23x r1> (ENG/ESP) NA 2S RM WITH @wealthymanx	318853821024	212	en	18122
28/05/2026 00:40:31	Valeria7K	pre-birthday stream [ENG]	315686752874	212	en	509658
28/05/2026 00:40:31	DeemonRider	PCG✨| !pokestart | !pokeloyalty | !rewards🎁 ⭐New command: !wtpdex ⭐	317279915111	212	en	329951934
28/05/2026 00:40:31	Arandana_	007 PRIMERA LUZ! (PS5 PRO)	317996089462	211	es	229772247
28/05/2026 00:40:31	五股石油王	《Oil King》-  英格麗特Day1 !行程	315623175272	211	zh	55453844
28/05/2026 00:40:31	fanmkreyol84	Live streaming of fanmkreyol84	318855891680	211	en	
28/05/2026 00:40:31	notdebpark	scoping out places to live in Austin, America 🇺🇸 + finishing 007 later | !dono !socials	318723013982	211	en	509672
28/05/2026 00:40:31	RocketStreetLive	🔴[NEW DROPS ON 24/7] RERUN | Paris Major | RLCS 2026 | !drops !watchtime !rs !discord	319612685531	211	es	30921
28/05/2026 00:40:31	henken	🔴 Early stream! · !tobii !rogue !amazon !merch · @henken	318773764572	210	en	71375
28/05/2026 00:40:31	inspire	Best Sentinel POV !fps | @inspire_val on socials	316661107447	210	en	516575
28/05/2026 00:40:31	PapitasVT	Toca ver algo de chill? | !ias !shop	318128000116	210	es	509658
28/05/2026 00:40:31	JoinTheSystemm	Ночной тарков → Olden Era JC PVP !заказ 💽	317425881829	210	ru	1426873999
28/05/2026 00:40:31	nothingb4kaiyo	🧨Backing Out Beef What🧨Key Glock Listening Party🧨We Outside🧨Basketball Later🧨Back Out Blam Out🧨NB4 4L🧨| !social !discord !pobox	317906558167	210	en	509672
28/05/2026 00:40:31	ねすてぃー	新パッチjg研究会	315950952561	210	ja	21779
28/05/2026 00:40:31	VITUS_CASINO_534944	VITUS казино стрим онлайн! зубареффф Evelone эвелон злой артур Егор Крид бустер лорд трепутин прямой эфирхесус меллстрой	316171650516	210	ru	
28/05/2026 00:40:31	Iti63	🔴🎮 Je fabrique un Google Street View du jeu vidéo (360gameverse.com) ! ℹ⌨ ❗waterdrop ❗gog ❗amazon ❗elgato ❗lien$	316849854564	210	fr	509660
28/05/2026 00:40:31	III_Zoo_III	Halo 1-3 Legendary Trilogy Speedruns	319458525529	210	en	417969
28/05/2026 00:40:31	Gremlin	Один герой 007	315623037032	209	ru	1426873999
28/05/2026 00:40:31	NoToxic8	Super Experto NoSkip!	319519223130	209	es	511399
28/05/2026 00:40:31	Nicari	VIBINNNNN 🔥 MANUAL, HIGHLY SKILLED DIFFICULTY, NO REWINDS 🔥!pc !ghost !size	318848602336	209	en	1991115310
28/05/2026 00:40:31	franzleonofficial	FRANZ LEON PARTIES WITH MODELS IN SF‼️	317910084055	209	en	509672
28/05/2026 00:40:31	ジケさん	IRL JAPAN🗾🚚TRUCKER chauffeur de camiontor🚛	315950154737	209	ja	509672
28/05/2026 00:40:31	苒苒です	260528 拚紫勾勾感謝機玩  我要進城 ｜!愛苒苒 !vpn｜	315959082738	208	zh	509658
28/05/2026 00:40:31	HuskyPuppies35	vibing and cookin	318728422494	208	en	1743359147
28/05/2026 00:40:31	Cewpins	!WEED Review + Unboxing!🔥 Weed & Dabs🍃420💨!Giveaway [no ads]	318854065248	208	en	509658
28/05/2026 00:40:31	imbadkidjay	THUG WITH ME & BYRD | TURN ME UP🚀	317908491095	208	en	509672
28/05/2026 00:40:31	Tangerin	ASMR Blue Yeti Pro / Расслабляйся под мой стрим !triggers !boosty !tg	319520183642	208	ru	509659
28/05/2026 00:40:31	carabeanz	I LOVE FORZA! ❤️ NEW alerts❤️ !sub !ig !dono !throne	318727375710	208	en	1991115310
28/05/2026 00:40:31	PietSmietTV	Ist es etwa WIRKLICH...?! | Wat is denn dat? | 24/7 PietSmiet Beschallung	317490044390	208	de	17085
28/05/2026 00:40:31	MODELMORG	chit chatttin	317236174296	208	en	509658
28/05/2026 00:40:31	BIGBRATIK88	CS2 | Rust | Grand RP promo - biga	317424018789	208	ru	32399
28/05/2026 00:40:31	SaoriV	GIGA GAMING ⭐ GIVEAWAYS, YAPPING, KEFKA WAITING ROOM ⭐ meow  | @saoriv | !gg !spanish !pp !exitlag	319514339546	207	en	24241
28/05/2026 00:40:31	MARYxLEEEE	wednesday night stream ˘▾˘ ASMR tn!	319623546843	207	en	509658
28/05/2026 00:40:31	CrispyCloe	Kunimitsu main since tekken4 - new update !! •ᴗ•	318777568476	207	en	538054672
28/05/2026 00:40:31	SummoningSalt	Day 1 of Tierlisting EVERY Black Box NES Game	317236075224	207	en	27284
28/05/2026 00:40:31	gemuyo	【 3DIO ASMR】18+ help her clothes~ ♡ (EN/中文/日本語) !asmr !rplay !patreon 虚拟主播	316013913331	207	en	509659
28/05/2026 00:40:31	BIGBONE_QcHs	🔥QC/FR🔥RP DE MOTARD🔥A MOURIRE DE RIRE🔥QCHS ON TOP🔥NEO LIMITE🔥GASPESIE REPRÉSENTE🔥!travailler !sauce !platto	319457845977	207	fr	32982
28/05/2026 00:40:31	1800johan	im tired of being ugly😅 !discord !prime	318853792480	207	en	509658
28/05/2026 00:40:31	FrontalPanda	✅24/7 *NEW* !DROPS ON✅GC3/SSL Grind🔥❤️Sub = NAME ON BOARD❤️❌SUB FOR NO ADS❌!merch !discord	318728147550	207	en	30921
28/05/2026 00:40:31	wrldkailee	PEAK STREAM🔴SWAG🔴AURA🔴RAGE BAITING🔴✅!DISCORD🔴!SOCIALS🔴!SPRING✅ FOLLOW MY SOCIALS	318854682080	206	en	1264310518
28/05/2026 00:40:31	Renanzeraxdd	Live todos os dias	318066015989	206	pt	19619
28/05/2026 00:40:31	thegamerluisaoo	REVISION DE PLANTILLAS🥰RIVALS EN ELITE😏NUEVAS EVOS🧐007 DESPUES😍Un Video Ma Mi Gente 🗣️	318779138652	206	es	624536948
28/05/2026 00:40:31	Surprise011	DROPS - ОБНОВЫ КАЖДЫЕ 3 НЕДЕЛИ! - 2300 ЧАСОВ !Funpay	316106650837	206	ru	464339927
28/05/2026 00:40:31	AlexMasonGaming	WeeWoo Wednesday! w @xmrghoulx | The Academy Roleplay [A] | | !socials | !focusfuel | !specs | !server	318727457374	206	en	32982
28/05/2026 00:40:31	MelOnGuyz	ITS WACKY WEDNESDAY  || 10Gifted for a block || GOODLUCK TO YOU TODAY!!	319513840986	206	en	30921
28/05/2026 00:40:31	onetruemorty11	Viola !giveaway🔥!subathon🔥#1 sorcerer🔥MORTYATHON DAY 30🔥streaming every day 2026🔥DAY 148🔥	319509090266	205	en	2009321156
28/05/2026 00:40:31	phasiot1	OLA BOA NOITE A TODOS KKKKKKKKKKKKKKKKKKKKKKKKKKKKKKKKKKKKKKKKKKKKKKKKKKKKKKKKKKKKKKKKKKKKKKKKKKKKKKKKKKKKKKKKKKKKKKKKKK	319460222553	205	pt	509658
28/05/2026 00:40:31	Alex_Zedra	First time game play	318727407710	205	en	723826053
28/05/2026 00:40:31	ryobo29	すぷらとぅーん	315959292402	205	ja	1158884259
28/05/2026 00:40:31	diemondzx	Wendy Ortiz BRAZIL DAY 4 🇧🇷 yacht day watch party	317909651159	205	en	509672
28/05/2026 00:40:31	RGLgg	Anglerfish vs GlobalClan Ice - RGL Inv 6s S20 W1B	319624163547	204	en	16676
28/05/2026 00:40:31	KILLERSTONE69_TLC	the world of the unknown / !discord / !spicy / !cute / !pp / 18PLUS	316829104866	204	en	515025
28/05/2026 00:40:31	isnedd	🎁SORTEANDO 10 SKINS DE OW X FORT[🎁!sorteo] y [✅!drops] PERSOS CON EL CHAT PLATINO + :3🩸🔪 (TTS + 10 BITS) |🦊| KIRIKO MAIN @isnedd	319518031962	204	es	515025
28/05/2026 00:40:31	AndyFall	🔴_🔴	316135796310	203	ru	19801
28/05/2026 00:40:31	OdinzadaYT	[DROPS ON🟢] SEM RAGE NAS ANALISES(PRATICAMENTE UM MONGE BUDISTA)❗analise ❗pix ❗sombra❗discord	317993148406	203	pt	209738946
28/05/2026 00:40:31	wessalvatorerp	[High] BORA TROPAAA EGITADAAA   !pix !insta !tiktok   !comandos !pix !insta	317996568566	203	pt	32982
28/05/2026 00:59:02	caseoh_	🟨SPOOKY TIME🟨	319518605274	52307	en	796272490
28/05/2026 00:59:02	Jynxzi	[513/730]  🟥 NOT ENDING UNTIL DANTES IS CHALLENGER 🟥	317232704600	44700	en	21779
28/05/2026 00:59:02	TheBurntPeanut	The Name's Nut, Pea-Nut	318777289436	34211	en	229772247
28/05/2026 00:59:02	Tumblurr	🎉MARATONA DI COMPLEANNO 24H🎉[BADGE ESCLUSIVO]	315582189521	27898	it	509658
28/05/2026 00:59:02	PlaqueBoyMax	ANNOUNCEMENT 😊 GOOD NEWS & BAD NEWS 😢 #FIVESTARSUMMER2026💕	319620995291	20596	en	509658
28/05/2026 00:59:02	Lacy	balesh convo's w/ @yonnajay	316658370039	19649	en	509658
28/05/2026 00:59:02	加藤純一うん〇ちゃん	雑談していく	315959184754	19212	ja	509658
28/05/2026 00:59:02	LVNDMARK	[!DROPS] ICEBREAKER STORYLINE DONE| !STARFORGE !MONSTER | LVNDMARK_tv On Socials @starforgesystems	319508742746	18815	en	491931
28/05/2026 00:59:02	wendolynortizz	BRAZIL DAY 4 🇧🇷 yacht day	319458628313	14020	en	509672
28/05/2026 00:59:02	fps_shaka	佐渡攻め 豪雨編	316660572535	13531	ja	509658
28/05/2026 00:59:02	jasontheween	🔴MAXED OUT BALESH STREAM🔴CLICKING LINKS🔴NO CONTENT🔴BAZINGA🔴EPICNESS🔴	317905215319	13374	en	509658
28/05/2026 00:59:02	Dantes	1 WIN -> CHALLENGER	319613703643	10805	en	21779
28/05/2026 00:59:02	summit1g	dayz chillin @summit1g	319511985114	10496	en	65632
28/05/2026 00:59:02	aldo_geo	HOY MEJORAMOS A FALCO	316658323319	9208	es	1422023940
28/05/2026 00:59:02	SanteaTv	LAST FULL DAY IN BRAZIL 🇧🇷❤️🛥️ get in here	318771205340	9085	en	509658
28/05/2026 00:59:02	AgustinUnaplay8	🍟 SOLO UN CHICO RANDOM JUGANDO HASTA QUE LE DE HAMBRE 🍟	319457454809	8089	es	491487
28/05/2026 00:59:02	mago2dgod	【SF6】イングリッド全裸待機	315958986610	6866	ja	55453844
28/05/2026 00:59:02	TinaKitten	GEARING UP ^_^ NEW TWITCH AMBASSADOR BTW ^_^	317235822808	6644	en	1422023940
28/05/2026 00:59:02	dano_mall	🇧🇷🇧🇷 4TH DAY IN BRAZIL 🇧🇷🇧🇷 CLUBBING 💃🪩	317909764311	6517	en	509672
28/05/2026 00:59:02	Kaysan	Cyrus Ali 🪖 UMP Commander 🪖 D10 🪖 Villian Arc	317235951704	6425	en	32982
28/05/2026 00:59:02	zagowt	FESTA DO DO XJ ft BECA +18 !pix !discord	317908247767	6354	pt	509672
28/05/2026 00:59:02	Pestily	[FREE DROPS] PC !GIVEAWAY | ICEBREAKER! PATCH OUT NOW!	315666557289	6068	en	491931
28/05/2026 00:59:02	supertf	hello everybody i hope everyones day is going great and filled with posi vibes and fun ^_^	318726490718	6063	en	2132205352
28/05/2026 00:59:02	RealzBlueWater	🏆🏆BACK TO BACK🏆🏆✨CLICK🐬✨NOW🐬✨💰BIG GIVEAWAYS💰PS5💰💎GIFT CARDS!💎(>❛̀ 👅 ́❛)>	316657835639	5880	en	491487
28/05/2026 00:59:02	tarik	🍟 THE UNCTION 🍟 XITTER @tarik	318773769820	5879	en	516575
28/05/2026 00:59:02	Ludwig	😈BRAND NEW GAME RELEASE😈CS2 PRACTICE WITH TEAM AFTER😈	318853952864	5412	en	32399
28/05/2026 00:59:02	Squeex	TEAM LUDWIG PRACTICE~ YAY~ HAVING FUN~	319509610202	5224	en	32399
28/05/2026 00:59:02	ImperialHal__	RANKED	319615552859	4974	en	511224
28/05/2026 00:59:02	iiTzTimmy	LOWEST TO HIGHEST RANK IN CS2! 30K TODAY LETS GET IT! | FPS GAME !MARATHON !TIMER | 1/7 COMPLETED! | Socials @iiTzTimmy	316658261751	4782	en	32399
28/05/2026 00:59:02	Emiru247	24/7 @EMIRU 🩷 VODS 🧡 VARIETY GAMING 💛 COSPLAY 💚 IRL 🩵 CHILLIN 💜	317236563672	4645	en	460644
28/05/2026 00:59:02	Yugi2x	🌟CULTURAL SWAP MUKBANG W/ @sakurashymko 🌟 !socials !comm !oscs	318726192222	4612	en	509658
28/05/2026 00:59:02	Doublelift	✅4 GAMES FROM CHALLENGER✅PLAYING CHAD CHAMPIONS TODAY (NO MORE SMOLDER SENNA ONLY)✅ATT CUP FINALE: CS2 TOMORROW✅	318723713118	4393	en	21779
28/05/2026 00:59:02	SheefGG	[FREE DROPS] SOLO GUIDE | !STARFORGE	319612710875	4372	en	491931
28/05/2026 00:59:02	sasatikk	まずはイングリッド興味あるね	316013858291	4361	ja	55453844
28/05/2026 00:59:02	Reginald	THEY STOLE MY CAMERA IN JAPAN /DAY 4	317236300120	3936	en	509658
28/05/2026 00:59:02	kyootbot	[DROPS] CARRYING VIEWERS !playwithme ❤️ my back hurts... ❤️ !musicvideo !discord #marvelrivals partner	317235780184	3678	en	1264310518
28/05/2026 00:59:02	VeryBadSCAV	New !drops ON 48 hr stream / promo !codes / !guide to enter icebreaker	318705209694	3577	en	491931
28/05/2026 00:59:02	YonnaJay	🫰 CHILLING WITH @LACY🫰 !discord !snap	318723658974	3504	en	509658
28/05/2026 00:59:02	Tigz	✅[DROPS ON]✅ICEBREAKER GUIDE > !GUIDE |  - !YT	315601741650	3431	en	491931
28/05/2026 00:59:02	Asmongold247	24/7 @zackrawrr / @asmongold | VOTING LIVE | WOD/CLASSIC WOW | ELDEN RING/ SOULS | FF14  | GOOD VIBES | !voting !playlist !streamtime !new	318774933980	3416	en	1584836809
28/05/2026 00:59:02	JLTomy	Pexing entre quarantenaire (0 PVP, juste taper des mobs OUNGA OUNGA) w/ @Fana et @JennyyL	316826798690	3387	fr	18122
28/05/2026 00:59:02	QuarterJade	valo 5 stack to immortal	317234242904	3367	en	516575
28/05/2026 00:59:02	moistcr1tikal	007 First Light tonight	318728787038	3308	en	229772247
28/05/2026 00:59:02	Kenji	HI	316661035767	3135	en	509658
28/05/2026 00:59:02	yurnboi	🇧🇷NIGHT OUT IN BRAZIL🇧🇷 DAY 4🇧🇷 STREAMING EVERYDAY🔵 349/365 🔵ROAD TO 11K🔵 JOIN UP	318846804064	3091	en	509672
28/05/2026 00:59:02	evelynomadera	GRWM FOR CLUB 💄✨🇧🇷 BRAZIL DAY 4 🇧🇷	317909469399	3041	en	509672
28/05/2026 00:59:02	shuto_fgc	調整どこに行った？	315959081714	2921	ja	55453844
28/05/2026 00:59:02	nemo_good	【SF6】美少女戦士🚨	316013693939	2848	ja	55453844
28/05/2026 00:59:02	RoshPP	🎰🚀 18+ !Bonus in chat – Tonight we’re chasing the max win 🚀🎰	316100009813	2826	en	498566
28/05/2026 00:59:02	AlveusSanctuary	Alveus Subathon (Day 4 / 25+) | !alveus !institute !pixel !schedule !video !subathon	317487222758	2759	en	509658
28/05/2026 00:59:02	BeanDip	Birthday Countdown + Front Page! :D	316659253239	2702	en	13389
28/05/2026 00:59:02	Repullze	🍑$3,800 Diaz Biffle x Console Kings Switch🍑*STROBE WARNING*🍑	319621907547	2623	en	512710
28/05/2026 00:59:02	CrystalMolly	CHAVA FRESCA, NATURAL, FIT Y BONITA 💋	319516811610	2522	es	491487
28/05/2026 00:59:02	jungroan	crunch time !mobalytics	316658836855	2486	en	1702520304
28/05/2026 00:59:02	Pikabooirl	!Drops WOW INTO MAYBE SOMETHING? MULTISTREAMING??? !wallet #ad !youtube !vods	316659712631	2475	en	18122
28/05/2026 00:59:02	DimaTaboo	ПРИГЛАШАЕМ В КОМАНДУ RED SQUAD | DIMA TABOO	316171674324	2475	ru	1923236616
28/05/2026 00:59:02	Axel_tv	[DROPS 24/7]☢️Icebreaker Guide making ☢️🌊Chill Vibes. 18K Hours🌊 !bitbot [ ON ]	317480244966	2444	en	491931
28/05/2026 00:59:02	生駒どぐらデビル	どぐげー 最速潜在的宇宙規模美少女配信	316013538547	2431	ja	55453844
28/05/2026 00:59:02	AmyDoggy	Pink Doggy Girl on the Front Page	318852992480	2392	en	499003
28/05/2026 00:59:02	CordsDisabler	DROPS ON✅  OKAK💥 NIGHT CHILL😎🤙  我该怎么办☠️  !commands	317280918119	2385	ru	491931
28/05/2026 00:59:02	Ben_	tourist tours through the tundra - !starforge	317908488151	2361	en	1702520304
28/05/2026 00:59:02	GEEGA	KING OF THE WATER TRIBE 🟪 Vintage Story Hell | back to Death Stranding on the weekend 🟪 !gsupps !powergpu !scum !merch	318722129246	2242	en	498417
28/05/2026 00:59:02	Sypeh	[ALL DROPS] Support games / World Champion / !Rank 1,2,3,4,5 / !newvideo	316107307349	2236	en	1264310518
28/05/2026 00:59:02	OniGiri	Onimart Ebike Maiden Voyage to Saitama! |!merch|!okban|!tts 300bits	316013851507	2232	en	509672
28/05/2026 00:59:02	Warn	[!DROPS] #1 ASHE  🟧  RANKED #peace #love #positivity + POKEPACKS FOR WINS  🟧  LOOTBOX OPENING -> !video	318724645086	2231	en	515025
28/05/2026 00:59:02	Rekkles	🔴 KOREA DAY 23/40 🔴	316658609399	2174	en	21779
28/05/2026 00:59:02	BAXBEAST	🔴DROPS GRATIS🔴ICEBREAKER TODO EL DÍA!🔴!TECH🔴!CODIGOS🔴PRESTIGIO 6✅🔴BITBOT OFF (Solo Timeouts🔴⚡REDES: @BAXBEAST	318122876020	2163	es	491931
28/05/2026 00:59:02	BURGAOfps	+18  💰RINHA COPA E NOLIMITE DA BANCA💲🔴!RINHA 🔴!LINKS	318126752372	2111	pt	29452
28/05/2026 00:59:02	CoolDee__	FREE !DROPS 24/7!!!⚠️FARMING ICEBREAKER⚠️ICEBREAKER⚠️NEW MAP⚠️NEW MAP👀!TANGIA	317266164583	2053	en	491931
28/05/2026 00:59:02	Im_Dontai	007 First Light Is Game Of The Year Worthy - TRYNA BEAT IT TODAY IDC IDC IDC	319451831385	2034	en	229772247
28/05/2026 00:59:02	jennmcallister	escaping the backrooms......	317234523736	2023	en	1075600787
28/05/2026 00:59:02	Grimmi	Backrooms by Kane Pixels and Liminal pics and videos time!	317235032536	2022	en	509658
28/05/2026 00:59:02	pge4	Almost fully packedr	318775597660	2014	en	515025
28/05/2026 00:59:02	eido	DNS Winner #40 !merch	316660971895	1956	en	2132205352
28/05/2026 00:59:02	Staryuuki	⭐ NOCHE DE RETOS EXTREMOS CON CARTAS ⭐ + 🔥 DINÁMICA: ADIVINA EL GOL 🔥 !CARTAS !YOUTUBE !CLIPVIRAL	318778152412	1947	es	509658
28/05/2026 00:59:02	Kurumx	1191 start | team xbox has fallen drowning in soloq !scores	318850255712	1940	en	513143
28/05/2026 00:59:02	Nokan777	💎 CASSINO BANCA REAL - DIA DE FORRA? | !cassino !banca !oxentebet	318067545973	1934	pt	29452
28/05/2026 00:59:02	MajinPhil	OCARINA OF TIME + MAJORAS MASK ARCHIPELAGO NO LOGIC RANDOMIZER WITH @zfg1	319620256987	1932	en	11557
28/05/2026 00:59:02	roflgator	WEDDING NIGHT ITS GOING TO BE ROMANTIC AND BEAUTIFUL	319458845145	1931	en	499003
28/05/2026 00:59:02	DesmondPilak	[DROPS] Icebreaker 24/7 - Prestige 6 Level 73 - | !settings !playlist !sens	316659131511	1927	en	491931
28/05/2026 00:59:02	DatModz	Path of Exile 2 Preparations! New !Patch Notes - Monk Martial Artist Mains Assemble - Build Making + Practice Runs	318775877852	1899	en	1702520304
28/05/2026 00:59:02	小舞	【5】 大混戰時間 聊天室都可以玩 爛泥 A5 @nein1203	315950413041	1875	zh	21779
28/05/2026 00:59:02	カワノ	すと６	319457704921	1868	ja	55453844
28/05/2026 00:59:02	べこぉ	【Drops】今日こそ進めるアイスブレイカー	316013462899	1857	ja	491931
28/05/2026 00:59:02	けんき	釣り配信	316013827571	1820	ja	509658
28/05/2026 00:59:02	sunsetgaiaASMR	LIVE ASMR -  Beans, beans the musical fruit, the more you eat, the more you toot.	318128022772	1810	en	509659
28/05/2026 00:59:02	Mikan	[Capybara VTuber] My 6 Year Streamversary!! ʕ ◉ᴥ◉ʔ	319459971929	1778	en	509663
28/05/2026 00:59:02	RatCousin	HELP ME EAT A BEEF ISLAND?	316661171063	1774	en	509663
28/05/2026 00:59:02	nl_Kripp	React Andy | !IRL - PEAK RIO! https://youtu.be/mTE1Q4DJv2I	319620982875	1765	en	1702520304
28/05/2026 00:59:02	delegarp	VOLTEI PRO PROBLEMA @delegarp  ❗SUB ❗PIX ❗LOTTU	317994294774	1744	pt	32982
28/05/2026 00:59:02	fobm4ster	🔴DROPS🔴STYGIAN RESET??? AHHHHHHHHHHH	317233685720	1732	en	456845141
28/05/2026 00:59:02	BarbarousKing	Face the wrath of my COLON CLEANER - Blades of Fire	318725260510	1717	en	1846723828
28/05/2026 00:59:02	momochoco	アプデ！イングリッド実装	316013617779	1713	ja	55453844
28/05/2026 00:59:02	DiazBiffle	SWITCHAROO WATCHPARTY | !YOUTUBE | @DiazBiffle	319455249113	1695	en	512710
28/05/2026 00:59:02	まざー3	マジで釣りたい佐渡ヶ島	317235473880	1690	ja	509658
28/05/2026 00:59:02	UHN	007 double drops double badge double double	318728152670	1662	en	229772247
28/05/2026 00:59:02	LilAggy	FINISHING JUMP SOULS (probably)	317906685911	1650	en	1945019091
28/05/2026 00:59:02	Arielle	SO MANY THINGS I WANNA DO AND NO TIME TO DO THEM | !sleeve !tts	319513502554	1632	en	498417
28/05/2026 00:59:02	elded	PROBANDO EL FORZA HORIZON 6 EN XBOX GAME PASS!! #XBOX #AD #XBOXGAMEPASS| SOCIALS: @dedreviil	317909664983	1620	es	1991115310
28/05/2026 00:59:02	OhTofu	🟢🟢 OLD MAN !GAUNTLET GAMING 🟢⭕ !heratourney !gamersupps !exitlag !newvid !newshort	319618134235	1602	en	491487
28/05/2026 00:59:02	TheMrSark	Night Shift in The Backrooms.  Every Single Backroom.  Can't Shave Till I'm Out... (Day #13 - Game #61/278)	319458558809	1591	en	778869681
28/05/2026 00:59:02	slimeIRL	great attitude, great player. +rep	316659132919	1587	en	509658
28/05/2026 00:59:02	sakurashymko	🌸CULTURAL FOOD SWAP W/ YUGI  🌸SPECIAL GUEST TODAY 🌸	317906335447	1571	en	509658
28/05/2026 00:59:02	Hungrybox	THE SMASH 64 REMIX CASHBOX FT. WIZZROBE, M2K, CONEY, LOWWW, HBOX, AND MORE!!!	318774889564	1559	en	17516
28/05/2026 00:59:02	kyo1984123	買入美光人生應該怎樣 🔥大談🔥 5/27【KYO】 @kyo1984123 Surfshark    ! VPN !水餃 !延長線	315950611697	1547	zh	509658
28/05/2026 00:59:02	なるお_	佐渡ヶ島釣り 釈迦、けんき、マザー、おぼ	317909478359	1535	ja	509658
28/05/2026 00:59:02	kelo	hmmmm... 90% | ROAD TO 3k SUBS 🍀🍀🧪	316658840695	1534	en	1813168901
28/05/2026 00:59:02	Liam	120 star speedrun (big announcement)	319459672921	1517	en	2692
28/05/2026 00:59:02	kkatamina	cs practice w/ team	316659881335	1514	en	32399
28/05/2026 00:59:02	蝦愛橘子	[✅DROPS☠️最高難度🚨不破關不關台🚨😎今天我就是007🎁Sw2 每月一台 !抽獎🔴看台免費拿MyCard/Steam點數!MY🔴 【🍊蝦愛橘子】 🎁Sw2 每月一台 !抽獎🔴看台免費拿MyCard/Steam點數!MY🔴 【🍊蝦愛橘子】	315949590641	1494	zh	229772247
28/05/2026 00:59:02	gameplayboy2222	chiling	318722324830	1461	en	499973
28/05/2026 00:59:02	DolphinChemist	🦀 dolphin is crab 🦀 chat is crab 🦀 everything is crab 🦀	319514379610	1461	en	488335006
28/05/2026 00:59:02	MelHssn_	j'ai retrouvé confiance en moi hier, la duo de Houssein on top	316869713763	1457	fr	516575
28/05/2026 00:59:02	LowTierGod	EARLY - CHARACTER DROPS - PRELUDES - MORE 007  - REACTS LATER	317908240855	1447	en	55453844
28/05/2026 00:59:02	vymuhafyc	ALYNNE AO VIVO: GIRANDO SLOTS COM EMOÇÃO E JOGO RESPONSÁVEL	316106157781	1430	pt	29452
28/05/2026 00:59:02	GronkhTV	[GTV24/7] ✶ S02E184 - BOSSKAMPF; Blutgrimm ✶ #DOSENWURST - Die 24/7 Dauerbeschallung	317270432103	1430	de	27340
28/05/2026 00:59:02	AsmodaiTV	o7	316171515348	1419	en	138585
28/05/2026 00:59:02	JawiCiwa19	🔥LIVE AGORA🔥 SHOW EXCLUSIVO NA BBS 💋 – BASTIDORES DA LOIRA FOGOSA +18 !bonus	316169897812	1406	pt	498566
28/05/2026 00:59:02	stankRat	[!DROPS] SOLO ICEBREAKER !CODE	317906700631	1402	en	491931
28/05/2026 00:59:02	Aydan	$4,000 ConsoleKings Switcheroo w/ Adrian & Clxp	319458663513	1401	en	512710
28/05/2026 00:59:02	綠茶	【綠茶】5.28 改版練習 Try Try   靠賽走不遠  戰棋音樂台	315959114738	1388	zh	513143
28/05/2026 00:59:02	HisokaT42	$5K SWITCH W…..|!GAS !DOC !TZ|	316658207607	1386	en	512710
28/05/2026 00:59:02	itswill	itswill007 🚨 FORMER HITMAN REACTS 🌍 1000 GAMES 1000 UNDERSTANDINGS ⚠️ #1 GAME UNDERSTANDER [HARD] 🕊️ !newvid !odyssey	316659787767	1385	en	229772247
28/05/2026 00:59:02	robcdee	Tokyo | CLOSED RESTAURANT | !esim !vpn !yt	315686823914	1364	en	509658
28/05/2026 00:59:02	嬌兔	外面好熱 007boy day2	316013890419	1348	zh	229772247
28/05/2026 00:59:02	Zfg1	Ocarina of Time + Majora's Mask Archipelago Randomizer with @majinphil	317234314968	1336	en	11557
28/05/2026 00:59:02	Kaydop	[DROP ACTIF] UE6 UE6 | !Holy | #ad	316870595683	1326	fr	516575
28/05/2026 00:59:02	Matimi0	Let's Go - 007 First Light - !Charm	317234943832	1321	en	229772247
28/05/2026 00:59:02	sheviii2k	PRECISO DO LVL 20 E PARTIU COPA DO MUNDO ❗skins ❗fibras	317992445686	1294	pt	32399
28/05/2026 00:59:02	BlandShip	🔥🍕ESPECIAL EN TWITCH 🔥🍕DROPS ON 🔥🍕| !redes !discord #007FirstLight #IOICreator	319513352282	1287	es	229772247
28/05/2026 00:59:02	agendafreetv	New U.S. Strikes in Iran - LIVE Breaking News Coverage (Plus Other Stories)	318776943196	1284	en	509658
28/05/2026 00:59:02	Samwitch	Sorry im late actually no im not apologizing. Lets play some weird games	317909687255	1279	en	509658
28/05/2026 00:59:02	Elquaria	(VOD) Gumostream  !insta !pmm !more	317279805031	1276	de	509658
28/05/2026 00:59:02	aimkey	😈EMERGING VICTORIOUS😈 - 20K Knocks	317907084759	1273	en	464339927
28/05/2026 00:59:02	Nezba	DROPS 🔴 Difficulty: Purist	317909132759	1265	en	229772247
28/05/2026 00:59:02	Macaw45	The Craziest Double Dragon Games	315622991080	1261	en	27284
28/05/2026 00:59:02	dnmdota	TRAINING FOR FINALS OF BORIS LEAGUE...🎯LEARNING HOW TO BE A BETTER PLAYER🎯	319622230875	1214	en	29595
28/05/2026 00:59:02	ZynyBeme2	🍒🎁PROMO CODES AND FREE SPINS ON THE WEBSITE IN THE CHAT🍒	315214981232	1212	en	498566
28/05/2026 00:59:02	Fairlight_Excalibur	Doing some hardcore unintentional deranking	317907767639	1209	en	21779
28/05/2026 00:59:02	EsfandTV	TBC ARENAS✈️ Traveling to Europe TwitchCon 🔫Finishing 007 First Light After | @EsfandTV all socials	319614709851	1205	en	18122
28/05/2026 00:59:02	LefoPos76	🔥AO VIVO NA BBS🔥 NOITE SENSACIONAL 😈 – BASTIDORES QUENTES +18 !bonus	315214981104	1184	pt	29452
28/05/2026 00:59:02	PlaqueBoyJuice	(TRADING !!) STEAL THE BRAINROT + GIVEAWAY | ROBLOX | LIVE EVENT right now	319431203417	1181	en	23020
28/05/2026 00:59:02	DGthe99	STORY OF THE LOST SOULS | HEADLINER RP OWNER | DUKE TUCKER | LOST SOULS MC | FEAR THE GULT	317235772632	1173	en	32982
28/05/2026 00:59:02	HEYitsm3l	Outlast trials ! lets play!!	318855169376	1170	en	518144
28/05/2026 00:59:02	LegendsofAvantris	[Finale] Witchlight in Space | Once Upon a Starlight Ep. 11 | FREE Dice at NeonRPG.com	318776913244	1165	en	509577
28/05/2026 00:59:02	CursedFiber78	🎁DROPS MID SEASON🎁📖CAPITULO 3: SUPERACION📖🔥SUB PARA NO ANUNCIOS🔥🚀💪 FULL GRIND💪❌NO LLOROS❌ 📲 REDES: @CursedFiber78	319623326299	1164	es	515025
28/05/2026 00:59:02	santipulgaz	POST ZION DESKTOP! !comm !socials !discord !oscs	316660329079	1154	en	509658
28/05/2026 00:59:02	DaddyDimmuTV	!SUBATHON Day 41  !YOUTUBE !focusfuel !UNDERDOG !UNDERDOGHOF	319624916443	1153	en	1832641890
28/05/2026 00:59:02	rodrigobugado	Vamos rookar em ferobra agr  !coins (mais barata mercado )  !tyronot !youtube !verdinha !livepix #Ad #tsbot.io	318123754996	1152	pt	19619
28/05/2026 00:59:02	wakewilder	🔴(a)WAKE W/ WAKEWILDER🔴I'M BACK? HACIENDA UNGUS HAS RETURNED -- WE CATCHING UP, TALKING PLANS AND WATCHING MAFS🎙️ !SOCIALS !PODCAST	319453749465	1145	en	509658
28/05/2026 00:59:02	cawcawTV	🔴 NUCLEAR DRAMA 🔴 🗣 SSS GRADE YAPPER 🗣   🗿 REACT MESSIAH 🗿 ✅ DROPS x420 ENABLED ✅	317907515863	1138	en	
28/05/2026 00:59:02	CRREAM	🎯!DROPS🎯| 007 - I Am  Master Of Stealth | !ADV !Surfshark !Hello	315686445802	1132	en	229772247
28/05/2026 00:59:02	limitlessqt	WINLINE Star Series S3 | 15500 3pos | !winline | !tg | !freebet | СБОРКИ -> https://t.me/limitlessqt	316171661140	1131	ru	29595
28/05/2026 00:59:02	absolut3	Как выиграть мид ✅ AURA ✅ я не гуль ✅  !конкурс !tg !румтур	316171705044	1128	ru	29595
28/05/2026 00:59:02	SrTumbao	FINAL DE TEMPORADA EN MUERTE SUBITA, INTENTANDO SUBIR! hejejeje !redes !discord !terror !lootbar	316852473188	1119	es	491168
28/05/2026 00:59:02	jeanmago	(AO VIVO) soloQ challenger top 20 em busca do top 1 !cassino	318065617781	1117	pt	21779
28/05/2026 00:59:02	문뚜야	LIVE 🎈Do you have any plans? [ kor/eng/中文 ]	317235037272	1113	en	509658
28/05/2026 00:59:02	tonystatovci	GAMBLING W/ THE FREEKATEERS HOP INNNNNNNN	319457862105	1098	en	461492
28/05/2026 00:59:02	sashagrey	🟢 !DROPS SUB=007 BADGE \PURIST/ @SASHAGREY | !PATREON !YTCLIPS	317907298775	1096	en	229772247
28/05/2026 00:59:02	NoGenerals	[DROPS] Icebreaker | !OPERA | !coaching | !exitlag	315582866129	1095	en	491931
28/05/2026 00:59:02	yusuf7n	⛈️CALM BEFORE THE STORM⛈️ KODE SUMMER S00N | new discord - !discord !twitter !com !clipping	318725782622	1090	en	509658
28/05/2026 00:59:02	SofiKimmy	no hweibiemos 🗣️‼️  | ig: @sofikimmy	318127976308	1090	es	21779
28/05/2026 00:59:02	vaderffps	🟢 (+18 ) PUG E MAIS TARDE CASSINO🍀🍀🍀 |  ❗luckyx ❗❗hellcase ❗  CONTATO	318128151668	1090	pt	498566
28/05/2026 00:59:02	TQQ999_	OWランクいくぞ！	316013865203	1090	ja	515025
28/05/2026 00:59:02	brawlpro	PATCH NOTES TODAY relaxing on forza after probably	319458713049	1081	en	1991115310
28/05/2026 00:59:02	帕蘿妮	▌帕蘿妮 按一下即可輸入新標題	315622982632	1076	zh	1277738947
28/05/2026 00:59:02	MaryMaybe	More Chaos Rising packs to open POG - Early stream tomorrow so maybe we rip some chapters on wc3 then get off~ | @marymaybe !factor	318855965408	1075	en	9618
28/05/2026 00:59:02	Jessu	down the rabbit hole 🐇	317909106647	1073	en	1669431183
28/05/2026 00:59:02	Calebhart42	FF 1-10 + MORE 100% MARATHON | FF9 STARTS TOMORROW !ggsupps !lastvideo	319456532441	1071	en	18181
28/05/2026 00:59:02	Safiro01	día #3 jugando valorant sin tiltearme	318776772956	1064	es	516575
28/05/2026 00:59:02	catsen	!DROPS 🤵🏼‍♂️🍸 007 FIRST LIGHT [Hardest Difficulty] James Bond → Hitman Devs | Thanks IOI for the Key!	316660130807	1063	en	229772247
28/05/2026 00:59:02	nyhVT	♡ kisses for the win ♡ !merch !gg code → NYH	318128511988	1061	en	509659
28/05/2026 00:59:02	HeavenlyFather	11 Hours of Marathon.  I did 44 Push Ups in one day in return !GG	318855548768	1056	en	509658
28/05/2026 00:59:02	German_intelligence	NEW⭐DROPS ON⭐-> TIER X GAMING VIBES⚡️-> !OperaGX -> !Tankr -> !Gfuel -> !Exitlag -> !NordVPN -> !yt	319512630362	1053	en	27546
28/05/2026 00:59:02	Putupau	🔥 ENDGAME FULL F2P 🔥HAY QUE RASCAR MIGAJAS!!  !OperaGX !Eneba	316828289890	1036	es	1901865180
28/05/2026 00:59:02	Aurateur	Super Mario Maker 2 -> 007 First Light	319460171097	1034	en	511399
28/05/2026 00:59:02	GamesDoneQuick	Fatal Frame II: Crimson Butterfly Remake speedrun ft. @casualspeedrun - !fromthecrypt !schedule	319514057434	1027	en	489767727
28/05/2026 00:59:02	DrGluon	Lets burn it all down... for fun!	318727243230	1021	en	518762
28/05/2026 00:59:02	TaeBlizzle	Week 2 we hea	319517803226	1021	en	2112738408
28/05/2026 00:59:02	おぼです	佐渡釣りに来たぜ！	315950869233	1018	ja	509658
28/05/2026 00:59:02	Rush	Lee Sin only to challenger (Unless full AD or taken)	315187185006	1010	en	21779
28/05/2026 00:59:02	eggsterr	YORU Goat	317907336663	1009	en	516575
28/05/2026 00:59:02	ClioAite	What the heck is a reechee !merch !Vershion !gamersupps !eu5	315666622953	1006	en	509658
28/05/2026 00:59:02	EeveeLinh	[ESP/ENG/粵語] 早晨! 打街霸 ✨Ingrid Trials and Labbing ✨ @eeveelinh	319618300379	1006	es	55453844
28/05/2026 00:59:02	ziriguidum777	🔥100 rodadas grátis na Vaiganhar🔥	318128637044	1004	pt	29452
28/05/2026 00:59:02	TalkTo_MeGoose	⭐ Drops ⭐ Chill Stream Cheers Good Vibes!!!	318723464542	1004	en	27546
28/05/2026 00:59:02	locking	+18 DOENTE MAS FOCADO! !betspin	318777738844	1004	pt	32982
28/05/2026 00:59:02	DesQiWNL	RANKEDS GC LVL 20	318128676852	1001	pt	32399
28/05/2026 00:59:02	soldierfps71	lobby com os rlk	318126667508	995	pt	32399
28/05/2026 00:59:02	Felps	266 | hã?	318852469984	990	pt	75115
28/05/2026 00:59:02	KyouASMR	🔴 LIVE ASMR! Hachishaku-Mama's Mochi Mouth Noises! (FREE ASMR redeems)	316659885047	985	en	509659
28/05/2026 00:59:02	卡嘎咪	【SF6】Ingrid	315686677866	984	zh	55453844
28/05/2026 00:59:02	ItsJXin	[ES/中文/EN][SPECIAL DROP]💥CHILL STREAM !!! | !discord !tutorial | DIFUNDIR PLS❤	316852355940	983	es	515474
28/05/2026 00:59:02	Nexzou	🎙️🔴 SOLO QUADS REBIRTH | 10 KD |🔥THE BEST ENERGY🔥|	317234380760	980	en	512710
28/05/2026 00:59:02	Fragas	[DROPS] I Will Win No Matter What !event !mousepad | @mythictalent | !starforge	319451762905	979	en	491931
28/05/2026 00:59:02	SouzaSoul	QUARTOLA de STREAK dos STREAMERS vs JASON na PTB e depois STREAK nos SERVIDORES NORMAIS...	318126947956	968	pt	491487
28/05/2026 00:59:02	Thiefs	"🔴Zero Build Fortnite! Positive & Good Vibes Only. Use Code ""Thiefs"" #EpicPartner🔴"	317907748695	964	en	33214
28/05/2026 00:59:02	ShawnCee	im ALIVE! more MUSIC / drake hate / REACTS / Playing 007 FIRST LIGHT !!!	319460550489	959	en	229772247
28/05/2026 00:59:02	狂暴小建	【小建】5/28 限時最後半天。日本十天一百萬小馬幣 小鋼珠/SLOT教學直播 目前Day9 -25張	315950672369	958	zh	509658
28/05/2026 00:59:02	YEBshow	😈WE ARE CHOPPED IN REVERSE😈FLIP IT, REVERSE IT😈 PREMIERE-A-THON DAY 5😈!whatshappening !utc	316660039159	941	en	509658
28/05/2026 00:59:02	SouzaSoul	QUARTOLA de STREAK dos STREAMERS vs JASON na PTB e depois STREAK nos SERVIDORES NORMAIS...	318126947956	956	pt	491487
28/05/2026 00:59:02	tahielraw	Aqui jugamos de todo ~ Jugando con seguidores	317995932790	956	es	1095275650
28/05/2026 00:59:02	Tonton	007 FIRST LIGHT 0 DEATH TOI MÊME TU SAIS || JOUR 2	316871653219	951	fr	509658
28/05/2026 00:59:02	Felps	266 | hã?	318852469984	950	pt	75115
28/05/2026 00:59:02	pivo134	top100 faceit	316136643542	950	ru	32399
28/05/2026 00:59:02	YEBshow	😈WE ARE CHOPPED IN REVERSE😈FLIP IT, REVERSE IT😈 PREMIERE-A-THON DAY 5😈!whatshappening !utc	316660039159	945	en	509658
28/05/2026 00:59:02	狂暴小建	【小建】5/28 限時最後半天。日本十天一百萬小馬幣 小鋼珠/SLOT教學直播 目前Day9 -25張	315950672369	944	zh	509658
28/05/2026 00:59:02	jeanmago	(AO VIVO) soloQ challenger top 20 em busca do top 1 !cassino	318065617781	937	pt	21779
28/05/2026 00:59:02	OverEzEggs	VINTAGE HELL DAY 6 COVERT OPS   [!SOUP !PP !MILKIES !WOOD !MERCH !COVERS]	317907070935	936	en	498417
28/05/2026 00:59:02	PABELLON_4	SE PINCHO LA PIÑATA 2/20 !1x	317995970166	932	es	498566
28/05/2026 00:59:02	sharap	Drops ON | Твич дропсы приуроченные к Ледоколу	316136323542	931	ru	491931
28/05/2026 00:59:02	Luckyzeal	[EXCLUSIVE !DROPS] TOP 2 GLOBAL SPIDEY ONLY (#1 NA SPIDEY) / !discord	317909588055	930	en	1264310518
28/05/2026 00:59:02	vickypalami	ROLEANDO DE GORDOS CON LOS DOWNYS | TENGO LOS TRIGLICERIDOS AL TOPE	319456057689	928	es	27471
28/05/2026 00:59:02	bboladin	+18  pug na noitada ❗️clashgg  ❗️sweatbet.io	318128296564	918	pt	32399
28/05/2026 00:59:02	yuki_nuki	Смотрим	316136558678	913	ru	509658
28/05/2026 00:59:02	Vinment	🚨🚨🚨Америкацион 1.0 !tg !Америкацион !Заброшка !Режимы !карцер !правила	316130009686	911	ru	509658
28/05/2026 00:59:02	vulture_ow	[!DROPS] back home happy face emoticon !discord !newvid !optimization	317233153496	906	en	515025
28/05/2026 00:59:02	Saullo	AS SKINS VALORIZARAM MUITO HOJE + DEPÓSITO na conta de VOCÊS + Sorteio R$2.000 para quem mandar LIVEPIX❗ csgonet❗betboom	318128199412	905	pt	32399
28/05/2026 00:59:02	RebelDustyPinky	🟪DROPS ON🟩 GIVEAWAYS Every 20 Minutes On Warframe! 🟪 !FreeWarframe 🟩 !Giveaway 🟪 (Streaming Everyday This Year! 147/365) 🟩	318777019228	904	en	66170
28/05/2026 00:59:02	vinixiste	🎙️ XT CONVIDA #8 – CONVIDADOS: PHL NOTURNRBOY 🔥!pix !dc !vods	318125879412	899	pt	509658
28/05/2026 00:59:02	Hayashii	QUE TIPO DE BLACK OPS É ESSE? | !SorteiosMaio !Kaspersky !Monster !Pix !Vods	318127051380	893	pt	229772247
28/05/2026 00:59:02	MiruneMochi	💜3DIO ASMR 💜 Deep Tingles + Soft Kisses 💜 !gg !merch !daki !clip !socials	316869488483	891	en	509659
28/05/2026 00:59:02	AmbiR6	Arise	319517895386	888	en	460630
28/05/2026 00:59:02	PattyMeza	Jugando R.E.P.O con CAPRIKONG !reel | !redes !yt2	319624111323	878	es	1294658629
28/05/2026 00:59:02	furkcs	AO VIVO +18 - CSZADA MARCHA !contatos	318068037493	873	pt	32399
28/05/2026 00:59:02	senclerk	🔴PUG DA MANHA - ❗DISCORD	317993977846	865	pt	509658
28/05/2026 00:59:02	eggsterr	YORU Goat	317907336663	860	en	516575
28/05/2026 00:59:02	fr4nk_xd	007 First Light en Xbox Series S/X	319623669339	858	es	509658
28/05/2026 00:59:02	Grimmmz	[!DROPS🟢] Bond...Grimmmz Bond | !youtube |🌞Afternoon Gaming🌞|	317233730008	855	en	229772247
28/05/2026 00:59:02	HyperRatTV	🚢🧊 DROPS 🚢🧊 | !Grid !Merch | !VPN #ad	317903541591	852	en	491931
28/05/2026 00:59:02	AirwingMarine	[Drops] Icebreaker is here! !TiT !Music !merch	317231489496	850	en	491931
28/05/2026 00:59:02	我是一件	"""GZ 1Jiang"" 5/28 韓服1800"	315958538994	848	zh	21779
28/05/2026 00:59:02	velja_lol	🇰🇷 KOREA DAY 27/69 | GM 1726 lp start !korea !coaching !ig !youtube	317907399511	847	en	21779
28/05/2026 00:59:02	chrismelberger	You can only watch this stream if you're chill as hell...	318775484892	845	en	33214
28/05/2026 00:59:02	nezumivy	💙 TERRORCITO DE MUJER💙	319624953435	843	es	1294658629
28/05/2026 00:59:02	snessh	!зеленый !кешбек АБУЗИМ ИМБУ ПАТЧА 7.41C УЛЬТРАПОТ В КАЖДОЙ КАТКЕ!!!	316136551766	832	ru	29595
28/05/2026 00:59:02	sugarhillddotlive	SUGARHILLDDOT CHILLING | DESKTOP STREAM	318728955230	821	en	509658
28/05/2026 00:59:02	K1m6a	🦁 K1M6A.TV 📺 WATCH DAILY STREAM REPLAYS & HIGHLIGHTS ON !YOUTUBE 💰 TYPE !GIVEAWAY	319498927578	818	en	499634
28/05/2026 00:59:02	pKennyS	(+18)LETS GO CS	318128625140	817	pt	29452
28/05/2026 00:59:02	xGodWar	!mint | MINT #2  @xGodWar	318780777308	816	es	498566
28/05/2026 00:59:02	BHarp	💎DROPS💎👑#1 SOLO ARC RAIDER👑 !hats | CODE: BHARP | !donate !socials !discord !drops	319514957402	813	en	464339927
28/05/2026 00:59:02	APlatypuss	🌟$500 !GIVEAWAY FRIDAY! !DROPS🌟🍌	317907463255	812	en	229772247
28/05/2026 00:59:02	TFToddy	Unranked ao Challenger no Server NA - Start D2 + Leitura do Patch Novo	317994348406	811	pt	513143
28/05/2026 00:59:02	parkenharbor	⚔️ELDEN RING BUT A PRO TEACHES ME HOW TO GET GOOD	319513368154	810	en	512953
28/05/2026 00:59:02	Gragolandia1	CHALLENGER JUNGLER GAMEPLAY AVANÇADA 🔥 SUBA DE ELO NA JG COM O !CURSO !bonoxs !elo !sociais !livepix	318726166878	810	pt	21779
28/05/2026 00:59:02	wehoopinx	🫢 im a low testosterone demon 🫢 🏒 Canes in 5 🏒 | !ads !prime	316660413559	809	en	488559
28/05/2026 00:59:02	WhiskeyDing0	⭐TOMODACHI FURRY ISLAND RETURNS OwO - GIFTCARD GIVEAWAY⭐ | !discord [18+]	319456258649	807	en	1099705332
28/05/2026 00:59:02	Terablade	!drops Агент 0 девушек 0 денег 7... !funpay !расписание🎄 !wow🚀Наконец-то любимая игра💗	316136664022	805	ru	229772247
28/05/2026 00:59:02	AxialMatt	Uncapped Subathon Day 12! Star Fox Adventure! | !alerts !subathon !weekend	316657501943	805	en	17424
28/05/2026 00:59:02	jacarepereira	"+18 GTARP [CAPITAL] Mano a Mano  pra mim é esporte"""	318127320436	805	pt	509658
28/05/2026 00:59:02	NekoElla	꒰ 𝐈𝐓'𝐒 𝐌𝐘 𝐁𝐈𝐑𝐓𝐇𝐃𝐀𝐘🎂🌸 ꒱ catgirl turns 23- celebrating my birthday with you ♡ | new petal tts mascot! | !yt !discord !merch🌸💜	315630546515	804	en	509658
28/05/2026 00:59:02	Trickywi	🔆I WILL NOT BE SUSSY! RE9 ON INSANITY MODE  | 🌴 | !discord | !twitter | !gg	319460877401	803	en	1597660489
28/05/2026 00:59:02	FrankitooGonzaa	LuckyX // !DS 8/15	317996550646	802	es	498566
28/05/2026 00:59:02	BurkeBlack	[✅!DROPS + SUB=BADGE✅] Its Damn Good 💀 !Factor 💀 !Madrinas 💀 !BootyBoard 💀 !app 💀 !Discord 💀	318728287710	801	en	229772247
28/05/2026 00:59:02	sallesgoti22	18 🟢 R$ 7.00 FREE, BY COMPLETING THE PLATFORM MISSIONS 🟢 COME TO THE LIVE STREAM! !GIVEAWAY !HOUSE !PLATFORM !CASINO	318127839476	799	en	29452
28/05/2026 00:59:02	りーり	修行編 １	315950383345	797	ja	513143
28/05/2026 00:59:02	savage7th	IMAO LOL LOL/ +18 / gambling !TELEGRAM	317495992806	795	de	29452
28/05/2026 00:59:02	Ev913	【Ev】5/28 誰要玩0.0	315666779753	790	zh	21779
28/05/2026 00:59:02	UVETH	NUEVO CORTE DE CABELLO...  | !sobremi !alertas	318854283104	783	es	509658
28/05/2026 00:59:02	Zooombie4k		317281011815	782	en	
28/05/2026 00:59:02	seucreysonreborn	17k ATUAL CAMPEÃO BRASILEIRO - VAMU RI - 322 Q.I. 1300 TESTOTERONE !site !social !bmbr !flow !pix !scorpion	318126101108	780	pt	29595
28/05/2026 00:59:02	Dynquedo1	🟢SUCATA MODE CBLOW | RUSHANDO ELO ❗pix ❗gamersbrawl ❗headset ✋😜🤚 🟢	318063944565	769	pt	21779
28/05/2026 00:59:02	dolmanpo	BIG WIN OR BIG SADGE?	317495992678	768	en	29452
28/05/2026 00:59:02	JerseyJerry	Chattin/Shootin BUSH	319517781082	766	en	2012789438
28/05/2026 00:59:02	Pixienaut	Danke Twitch 💜 James Bond kann einpacken! 00Pixie ist am Start 😏	317495027942	763	de	229772247
28/05/2026 00:59:02	Nakkida	Tessa Lamb | grounded | NoPixel RP 4.0 WL	316658770039	760	en	32982
28/05/2026 00:59:02	babybay	"STAGE 1 CHAMPION ""THE PEOPLES UNC"" G2 BABYBAY"	316661040887	757	en	516575
28/05/2026 00:59:02	CuteDog_	🐔LOOKING AT THE POE NEWS THEN -> 2 INSANE NEW ROGUELITES JUST CAME OUT🐔 ૮₍ ˃ ⤙ ˂ ₎ა🐔	319622857691	747	en	1702520304
28/05/2026 00:59:02	SpeedkicksATL	Let's see... | Tekken University	317909921367	744	en	538054672
28/05/2026 00:59:02	Cohh	[!24 Modded Community][Block:2/2] Cohh 24/7!	315583964369	743	en	499973
28/05/2026 00:59:02	veronika	asmr university O.o (live)	319625344475	737	en	509659
28/05/2026 00:59:02	mole	45 just got dumped 💔💔💔 and my toenail fell off 💔💔💔	317233851224	729	en	509658
28/05/2026 00:59:02	zherarrr	Ночные битвы в герои 3 для засыпания!	315686081386	724	ru	12839
28/05/2026 00:59:02	El_Persa	MI KALISTA ESTA EN SU PRIME | PREGUNTAME LO QUE QUIERAS, SEGURAMENTE TE INSULTE	317995604214	719	es	21779
28/05/2026 00:59:02	RenRize	TERMINAMOS LA BIBLIOTECA , me duele el cuello XD ♡ !wsp !video	317910354647	719	es	771717624
28/05/2026 00:59:02	gateoo	🔴NTE CN 1.1 LIVE!🔴PULLING FOR LACRIMOSA & PORSCHE 918🔴NEW MAIN STORY & ISLAND MAP & 7.5M HOUSE🔴	316657242487	711	en	1901865180
28/05/2026 00:59:02	MikaMoonlight	✨Mikafest Night 3: Wiggle Wednesday✨!plushie last chance orders open thru 6/3	317235336024	711	en	499003
28/05/2026 00:59:02	CrunchyCrew	Come Eat Lobsta With A Monsta Duo: @hutchmf	319449316185	711	en	490948
28/05/2026 00:59:02	Velion	❗[Drops On!] Finishing Icebreaker! SUBATHON DAY 5 !wheels !delete | !bitbot !tangia !pingpong [ON] | !ghost	318775170780	706	en	491931
28/05/2026 00:59:02	踢虧	【TK】5/28 小開一下等等要出門	316013524467	700	zh	491487
28/05/2026 00:59:02	jacksfilms	JACKBOX NIGHT!!!	316661021943	698	en	493174
28/05/2026 00:59:02	Mirys	♡ asmr ♡ It's bedtime. ❗CustomASMR ❗site	318067146229	698	pt	509659
28/05/2026 00:59:02	AdrianaChechik_	!!DROPS!! 007 FIRST LIGHT	317909065431	697	en	229772247
28/05/2026 00:59:02	TheNicoleT	RERUN TINGLES :) !s for my links	317907231319	694	en	509659
28/05/2026 00:59:02	AshendisTV	⚾ Rockies vs Dodgers, Brooms Out, Shohei On The Mound LETSGO !discord !kofi	318776879580	693	en	1832641890
28/05/2026 00:59:02	ghoul33_	radiant ranked !pix !twitter !mouse	317996071798	691	pt	516575
28/05/2026 00:59:02	Yumi	GTA MINIGAMES JOIN UP?? CODE YUMI	319622561755	687	en	27471
28/05/2026 00:59:02	ぷげら_ぷげら	イングリッドとりこれ会場	319516864858	685	ja	55453844
28/05/2026 00:59:02	むらおかりばー	レディアントランク	316013451635	684	ja	516575
28/05/2026 00:59:02	りきゃっぷ	新パッチ来たみたい！ 朝ランク チャレ1500LP～	315950657777	683	ja	21779
28/05/2026 00:59:02	Esskayuwu	MEGA CHILL ZONE	319621495003	683	en	1264310518
28/05/2026 00:59:02	BorahaeHQ	Cooking with BANGTAN: VEGAS DAY - 3! | !Discord !Socials !Twitter	319458699993	680	en	509658
28/05/2026 00:59:02	Sardaco	SOLO COX | VARD 1/3 RINGS | DOOM | !Odyssey	319451486297	678	en	459931
28/05/2026 00:59:02	quante	BEST URGOT WORLD, no end until challenger take 2 (3w) !bible	318852160096	674	en	21779
28/05/2026 00:59:02	綠寶	【綠寶】5/28 如果明天沒開台那就代表	315950890737	666	zh	509658
28/05/2026 00:59:02	slwalekoP		319515256794	664	en	
28/05/2026 00:59:02	waterlynn	IRL LA - CHILL STREAM WITH CHAT !pc	316661352311	663	en	509658
28/05/2026 00:59:02	ShiftyTV	$4,000 CK SWITCH | !socials !tipsy	318780509148	661	en	512710
28/05/2026 00:59:02	ろぜっくぴん	イングリッド来るぞ	316013690995	660	ja	55453844
28/05/2026 00:59:02	SlaayerQ7	7 UHR Giveaway 🔥 l !insta	317424450661	660	de	509658
28/05/2026 00:59:02	Eros	[FIRST PLAYTHROUGH] the water temple can't be that bad right???	319514571994	660	en	11557
28/05/2026 00:59:02	BoostlerF1	ÚNICA CARRERA | LATIN DRIVER | FECHA 12 | BRASIL GP 🇧🇷 CON HAAS RENDIMIENTO REALISTA	319623894875	659	es	93798731
28/05/2026 00:59:02	冠賢	🔥冠賢🔥 5/28 撿東撿西 徵求有在看台的小畫家	315950775921	658	zh	509658
28/05/2026 00:59:02	蕭政銘	【叉滴娛樂 Eason】5/28 親親幫3 line貼圖上了	315666940649	656	zh	518873
28/05/2026 00:59:02	LFToxy_val	Number 1 acs Fraud. All i did was dream.	319520658138	653	en	516575
28/05/2026 00:59:02	Caprimint	MAÑANA NOS VAMOS A MTY!! 💖🌟 !tier3	319456410841	653	es	1294658629
28/05/2026 00:59:02	ヘンディー	早くエンドコンテンツしてぇな	316013749619	639	ja	1901865180
28/05/2026 00:59:02	PekinWoof	GRANDMASTER MID?!!!! ABOUT 10 WINS FROM CHALLENGER. WE GOING BACK.	319517742938	639	en	21779
28/05/2026 00:59:02	amablitz	COMO VA SU SEMANA? 😝😝	319460518617	637	es	509658
28/05/2026 00:59:02	T10Nat	[DROPS] LAST STREAM IN SYDNEY FOR A WHILE....	315623111272	635	en	509658
28/05/2026 00:59:02	mang0	NEW HAIRCUT NEW ME	319513623514	625	en	330654616
28/05/2026 00:59:02	vadriss	♡ Adriana Garcia ♡ | Prestige RP | !P.O !wishlist !merch	319621596123	625	en	32982
28/05/2026 00:59:02	Welderb	Зацениваем новую версию Гаммы 0.9.5 на одной жизни	317281227111	623	ru	2121806469
28/05/2026 00:59:02	咪咪蛋	【叉滴娛樂 MMD】5/28 今晚阿泰爾龍王啟動 想到就抽1600WC #世界樹計畫 !YT	315950881777	622	zh	21779
28/05/2026 00:59:02	rasty_airsoft	DROPS ON! Донатофон день 1. ЛЕДОКОЛ!!! Масштабный ИВЕНТ в Таркове!	316134984406	622	ru	491931
28/05/2026 00:59:02	sharsok7	[+18] LOBBY COM OS CRIA !CASSINO !CS2	317992780278	619	pt	29452
28/05/2026 00:59:02	tenchevand	HOP HOP HOP GAMBLING 700$ DEPOSIT	317495992550	615	en	29452
28/05/2026 00:59:02	MandyMess	"quero jogar de Jason :(❗pix ❗sub ❗fila | Use o código ""mandymess"" no DBD! #DBDcreator"	318853445472	615	pt	491487
28/05/2026 00:59:02	YungeenAce	OUTSIDE LIVING TO DIE BABY DRENCH	317235615320	614	en	509658
28/05/2026 00:59:02	telefe	EL AFTER CON DIEGO POGGI	318856018016	612	es	509658
28/05/2026 00:59:02	AlphaKep	✅NEW #1 DROPS ON✅🌎#1 WORLD👿PLAYING LIKE VATIRA🏆WATCH PARTY A THON🏆🔥988 SUB STREAK🔥w/ @AlphaKep 🛑SUB FOR NO ADS🛑!Merch	319625060443	609	en	30921
28/05/2026 00:59:02	Naquito_1	LUCKYX QUERIDENS , 40 GANADORES TODOS LOS DIAS EN DISCORD!	318856033760	607	es	498566
28/05/2026 00:59:02	ProtonJon	Super Battle Golf with Friends, Hanging Out After	319457877721	606	en	2128193047
28/05/2026 00:59:02	Arex	DARK SOULS BUT CHAT DOES HALF THE ACTIONS	315950739441	604	en	1122982998
28/05/2026 00:59:02	lolmechs	SoloQ y luego alguna otra cosa  | Extensible día 212 | !metas !precios	318725875422	603	es	21779
28/05/2026 00:59:02	VulpesHD	[BADGE] Cute Emotes - Playing as Henry from KCD - GIGA SHORT STRE - #007FirstLight #EarnTheNumber #IOICreator | !gamersupps | Mute streamer	317496399590	603	en	229772247
28/05/2026 00:59:02	paulbelter	W streamer Paul Belter (24/7 rerun of @Pobelter) (PLEASE DON'T SUBSCRIBE HERE!!)	317230563672	602	en	21779
28/05/2026 00:59:02	KhanAsadi	100K CELEBRATION🥳 | IRL LATER?	317908187607	600	en	
28/05/2026 00:59:02	Kruzadar	✅DROPS✅ 10hr stream | 007 First Light (Day 1) -- 🐉YouTube vids daily: @Kruzadar	319615897179	598	en	229772247
28/05/2026 00:59:02	kartanacs	(+18)🔴 go driking !telegram	318128401140	598	pt	32399
28/05/2026 00:59:02	jorge	boa noite !lista !cinefy !site !tempo	318127247732	597	pt	509658
28/05/2026 00:59:02	betboom_dota_ru	Rerun Day 2 | BLAST Slam VII | Online Group  | Bo1 |	316105527381	596	ru	29595
28/05/2026 00:59:02	freakazoid	🟩PUGS / SCRIMS (15s) - PLAYOFFS NEXT WEEK - GAMBA/UNCHARTED 4🟩	317233170136	595	en	32399
28/05/2026 00:59:02	dede_of	TOP 200 EU PREM solo выживание  БЕЗ НЕГАТИВА 👽	316107728341	594	ru	32399
28/05/2026 00:59:02	Kaiju_Waifu	BIRTHDAY SUBATHON DAY 5 [new model] 🌊💙 | !socials !merch	317233065432	592	en	1099705332
28/05/2026 00:59:02	Saeko	Bunny fox + exercise ball - !sale | !socials | !merch | !gamersupps	316660183671	590	en	499003
28/05/2026 00:59:02	sneakylol	mythic lura	317235191384	590	en	18122
28/05/2026 00:59:02	lasstishen	trying not to kill everyone !discord !iceout	316660142583	590	en	1977278621
28/05/2026 00:59:02	snKarma	🟠75.000$ ARAM MAYHEM TOURNEY PRAC! !T3 🟠	317280184423	587	de	21779
28/05/2026 00:59:02	あくあ_	【スト6】イングリッド最前線攻略所	315958915058	587	ja	55453844
28/05/2026 00:59:02	JaboodyShow	[DROPS]🎯 New 007 Game! 🎯 New Jaboody !HardTarget Video	317907664087	586	en	229772247
28/05/2026 00:59:02	VesperArcade	INGRID Patch Tonight / Labbing, Learning & Chill	317235221336	581	en	55453844
28/05/2026 00:59:02	Sentry	🟫🟫 Deputy Davis ||【 ChaseRP ™ 】🟫🟫	319455987801	579	en	32982
28/05/2026 00:59:02	CineIlloJuan	CINEILLOJUAN 🎬 24 HORAS DE CONTENIDO A LA CARTA ⌛ SINVERGONCERÍO EXTREMO 🔥	316822220130	575	es	499973
28/05/2026 00:59:02	vinicin_lil	VOU CURAR SUA DEPRESSAO !pix	318066108277	573	pt	509658
28/05/2026 00:59:02	enemycharlie	Tearin it up evil style	317909735127	572	en	509658
28/05/2026 00:59:02	LIRIK_247	24/7 @LIRIK | GTARP | ARMA | VODS | YOUTUBE | VIBES & FISHING	317890889047	571	en	499973
28/05/2026 00:59:02	ElChakotay 	Ingrid is finally here!!!!! | 24 Hour Ingrid Stream	319623276763	570	en	55453844
28/05/2026 00:59:02	CesGoD	🔥 CCP DROPS ON 🔥 COLISEUM🔥 CCP OFICIAL🔥  🔥	318126718708	568	es	461221
28/05/2026 00:59:02	GoatClamp	TORNEO CK x BIFFLE SWITCH x $80,000 | Redes: @GoatClamp	319458426841	567	es	512710
28/05/2026 00:59:02	Mudynh0xD	QUARTOU !!! PRA CIMA❗️pixgg ❗️Razer	317989525494	565	pt	32399
28/05/2026 00:59:02	Maxylobes	NEW INDIE HORROR GAMES (speedruns after) || !fire !sgdq !vods	317236512984	565	en	1552585002
28/05/2026 00:59:02	DeathyDL	Lash/Rem Wins only | !academy !wallhack	318773191900	560	en	2132205352
28/05/2026 00:59:02	CaRtOoNz	I'm bout to have DOUBLE Os!!!!!!!!	318779574364	559	en	229772247
28/05/2026 00:59:02	RealKraftyy	DROPS ON. ICEBREAKER BANGING. !starforge	317234395480	555	en	491931
28/05/2026 00:59:02	Conterstine	DINAMICA DE SOARING Y DINAMICA MIA DE GORDOS	319515830490	552	en	27471
28/05/2026 00:59:02	SeeCatPlay	End game FFVII Rebirth💚 !merch !nohelp	318852114272	549	en	1102949822
28/05/2026 00:59:02	MarcDeezyy	( DROPS ! ) #1 DIHDEVIL RANKED GRIND #YOP #DISCORD !YOUTUBE	318853215456	548	en	1264310518
28/05/2026 00:59:02	TheBurntPeanut_247	24/7 @TheBurntPeanut VODS/YT | TARKOV | ARC RAIDERS | SILLY GAMES | BUNGULATORS ONLY CHAT	317221929944	548	en	499973
28/05/2026 00:59:02	LasVegasVP	★ Punt Social Casino Fun ★ #ad #sponsored	317234932056	547	en	498566
28/05/2026 00:59:02	commentbagel	A10 Grinding <3 !yt !mlorp	318853259360	546	en	1435206302
28/05/2026 00:59:02	Ceremor	MELEE FIGHT ME FOR ]100$ (IF YOU HAVE PAYPAL) (IF YOU DONT HAVE PAYPAL GET FRICKED) (BECAUSE YOU CANT WRITE F&$#@*($K ON TWITCH)	319613021531	546	en	65632
28/05/2026 00:59:02	SsQRush	[EN/中文] 聊聊天 打電動  5/28  !YT	315622573416	545	zh	1702520304
28/05/2026 00:59:02	DoubleToasted	THE WEEKLY ROAST AND TOAST -  Roast for 'Alone in the Dark'	319519529818	543	en	509658
28/05/2026 00:59:02	shinchan_oficial	@shinchan_oficial, canal oficial en español	319509869530	543	es	1398657661
28/05/2026 00:59:02	SnakeEyez	GIEF RANKED! DISCOVERING INGRID TOMORROW! FORZA TONIGHT?!	317905315031	542	en	55453844
28/05/2026 00:59:02	starsmitten	back to our scheduled programming	317908409943	542	en	516575
28/05/2026 00:59:02	Rodil	CONTRATEI NOVOS COACHS PARA A SKT TELET0N, TÔ TRYHARD? 🙏 | !pix !preço !live !songpix (vou ativar após os treinos)	318124649844	541	pt	21779
28/05/2026 00:59:02	PorcelainMaid	THE TOMODACHI LIFE STREAM💢| SEND HELP	319512224858	539	en	1099705332
28/05/2026 00:59:02	Mogsy	⬆️SUBATHON DAY 42⬆️ MASTERING THE JASON 🔥$3000 NEW !MATTRESS GIVEAWAY🔥NEW PLAYER FRIENDLY🔥 !baby	317906367191	539	en	491487
28/05/2026 00:59:02	Abgxlina	WATCHING LAN CLIPS	318778770780	539	en	509658
28/05/2026 00:59:02	정서이_	New Dance (f. New Studio) 💕 [Rerun] !Link !Evt	318771406300	539	ko	509658
28/05/2026 00:59:02	ゴリゴリ	【drops】初心者タルコフ7日目アイスブレイカーて何でしょうか。	316011397619	538	ja	491931
28/05/2026 00:59:02	drac	[DROPS] NIGHT SHIFT WITH NATE HILL AND XEDNIM | !youtube !tiktok	318778295644	538	en	464339927
28/05/2026 00:59:02	melibela	[DROPS] 007 REPORTING FOR DUTY: DAY 1 🫡 MAYRATHON DAY 27 !drops !operagx !vod	319619058139	538	en	229772247
28/05/2026 00:59:02	Weak3n	HORUS/BASTET JUNGLING + POE2 LATER THIS WEEK - !SUBGOALS | !HELLOFRESH #ad	318852593504	538	en	2094865572
28/05/2026 00:59:02	ghcoffee	MIITOPIA AKA MUGTOPIA 🏰 ( plus reading more of the 1D FANFIC AFTER?!??!) !discord	319460775513	537	en	1261897788
28/05/2026 00:59:02	muvaellaivy	5 more days until my sub a thon!! !PLUSHIE !discord	318780392284	537	en	23020
28/05/2026 00:59:02	TheHamTV	Drafting Strixhaven	318851129952	536	en	2748
28/05/2026 00:59:02	Cozart_2s1	5Х5 С Фоллоу, Ножи ЗА 1 БАЛЛ  ✅ @m0NESYof w @donk1437/!Нож!elo!донат !роспись !Итоги	316171592276	535	ru	32399
28/05/2026 00:59:02	the_timme	[PEAK] 👔 Timothy Hardman | 📰 Journalist | 🤖 !server !dc	317421274469	533	de	32982
28/05/2026 00:59:02	iaaraS2	👩🏻‍🍳 HOY OJO DE BIFE CON MAC N CHEESE ⟡𓌉◯𓇋₊˚⊹♡	318067420021	533	es	509658
28/05/2026 00:59:02	Peeve	Quest to defeat the Dreglord (and other stuff) | !schedule | !peevetv !patreon !gifted !merch	319456493273	532	en	982348888
28/05/2026 00:59:02	MBTYuGiOh	WEDNESDAY! THE DAY YOU REACTY-ROO! AND GENESYS GULP! - REACTIONS - BREWING NEW GENESYS LISTS - BINDING OF ISAAC - MAYBE SOME MORE CRAP WHO	318777399900	532	en	1119642287
28/05/2026 00:59:02	BrycexD	✅24/7 DROP STREAM✅DAY 881🐝!discord🐝WE WUV WOCKET WEAGUE🐝ON THE REALEST THING THO I TOOK A DUMP SO BIG ITHINK MY FARTS ARE NOW SILENT FORT	319620472539	526	en	30921
28/05/2026 00:59:02	JeanFaymas	KOTOR ... I HARDLY KNOW THIS WHOR- | !shop !site	315622837096	522	en	17179
28/05/2026 00:59:02	Natspresso	[!DROPS] Day 2 | 007 First Light is here! #IOICreator !schedule !games !spoilers	319619870427	522	en	229772247
28/05/2026 00:59:02	firiondhistory	ВЫЖИВАНИЕ В ЗЕМЛЯНКЕ! День 8 W/ @MaksFakov @Saturated_Soul @alko_trener | !тг !донат !вк	315950897905	520	ru	509658
28/05/2026 00:59:02	Aavak	Modular ship design? Say less. // Starminer	315603505618	519	en	502181387
28/05/2026 00:59:02	hitchariide	HARDCORE ALL ADVANCEMENTS | Attempt 2 | Day 16	319621369563	519	en	27471
28/05/2026 00:59:02	beamom	PÔ QUE MÃO, HEIN	317994862582	518	pt	27471
28/05/2026 00:59:02	caveiragameslive	RENANPLAY REACT	318068355445	517	pt	509658
28/05/2026 00:59:02	KarQ	[DROPS ENABLED] SUPPORT maybe tank later if queues are long	318778616924	517	en	515025
28/05/2026 00:59:02	FirstTourGuardsman	[DROPS ENABLED] 24/7 Patch 13 With FTG [VOD] and True Solo+Siege Stuff in Space Marine 2	318770040284	516	en	223869970
28/05/2026 00:59:02	zeeny7	PLAYING IN BETHOG	318068026357	515	en	498566
28/05/2026 00:59:02	jjmes	26 years OLD 😊100K+ NX GIVEAWAY LATER🔥 BOSSES + YAP | !discord	319457714777	515	en	19976
28/05/2026 00:59:02	Crayator	[DROPS - THE BEST DROPS] 007 - All collectables, all trophies, 100% Run! - ALL CHALLENGES!	315666580713	514	en	229772247
28/05/2026 00:59:02	諾諾伊出來	5/28 訂閱告急QQ !vpn !簽到 !發瘋啦 !YT!賣場	316008715635	512	zh	511224
28/05/2026 00:59:02	zFiesty	INGRIDDD	318065672693	511	en	55453844
28/05/2026 00:59:02	AbbyCakes	[EXCLUSIVE DROPS/SUB BADGE] More 007 First Light! | THANK YOU FOR 23K FOLLOWERS! | !giveaway	319512110042	510	en	229772247
28/05/2026 00:59:02	hitchariide	HARDCORE ALL ADVANCEMENTS | Attempt 2 | Day 16	319621369563	508	en	27471
28/05/2026 00:59:02	frttt	🟢AO VIVO!🏆RADIANTE RANKEDS ATE PERDER🏆MAIOR SENSE DO FPS🏆	318128651892	508	pt	516575
28/05/2026 00:59:02	FLlES	🌍 𝐂𝐈𝐕 𝟕 𝐁𝐀𝐃𝐆𝐄 • 𝐏𝐑𝐄𝐌𝐈𝐔𝐌 𝐃𝐑𝐎𝐏𝐒 • 𝟐𝟒/𝟕 🌍 #𝐁𝐚𝐝𝐠𝐞𝐬 !𝐧𝐞𝐰𝐩𝐥𝐚𝐲𝐞𝐫 !𝐚𝐜𝐭𝐢𝐯𝐞 !𝐮𝐩𝐜𝐨𝐦𝐢𝐧𝐠	315603200210	508	en	414822821
28/05/2026 00:59:02	beamom	PÔ QUE MÃO, HEIN	317994862582	505	pt	27471
28/05/2026 00:59:02	Crayator	[DROPS - THE BEST DROPS] 007 - All collectables, all trophies, 100% Run! - ALL CHALLENGES!	315666580713	504	en	229772247
28/05/2026 00:59:02	MoMaN	[DROPS ON✅] New Patch - New Event - New Map ICEBREAKER Tarkov WTF?  ♥ :p ♥ !vero !décor  ♥	316824777314	504	fr	491931
28/05/2026 00:59:02	AiCandii	💜 I WILL MAKE THE TOWN PRETTY | VINTAGE HELL 💜 | !preorder !cheeky !gs #VCHIBAN	315622937960	503	en	498417
28/05/2026 00:59:02	starknivzz	[+18] QUARTA FEIRA COM A MELHOR !TOPZINHO VEM VEM [+18]	317996411254	503	pt	29452
28/05/2026 00:59:02	r2cronus	R2 Online Cronus Обновление башни метеоса 2 этап уже 19 мая!	316163326932	502	ru	502829
28/05/2026 00:59:02	小亮	5/28   韓服衝分 今日目標:750 !r	315667013737	501	zh	21779
28/05/2026 00:59:02	lxizfps	Live on!!	318127521652	500	pt	32399
28/05/2026 00:59:02	Eduardo_Hook 	jojo part 6	318779931996	499	en	
28/05/2026 00:59:02	IFCYipeS	Ingrid waiting room! 10pm EST! Tunes and talks till then!	318854286944	499	en	55453844
28/05/2026 00:59:02	jay3vod	24/7 BEST OF @jay3 MARVEL RIVALS (RERUNS)	318759725404	498	en	1264310518
28/05/2026 00:59:02	Zec4w	🃏 (+18) @zec4w - MUITA RANK - COLAAA❗CSGOskin❗PirateSwap	317996714742	493	pt	32399
28/05/2026 00:59:02	Kamikatze	Subathon 2026 Tag 15 | WIN CHALLENGE	317272067687	492	de	513143
28/05/2026 00:59:02	ALLinPav	Hitting the matrix real quick	315666443497	489	en	488190
28/05/2026 00:59:02	TheBlackHokage	Can yo momma touch her toes?	317234575960	488	en	229772247
28/05/2026 00:59:02	Mawkzy_	[✅NEW DROPS ACTIFS✅] REDIFF - POUR LES DROPS : !drops <3 ( CUT A 13H )	316848209892	486	fr	30921
28/05/2026 00:59:02	soybranflores	Running Maaan?	319516703706	486	es	509658
28/05/2026 00:59:02	kayceeedilla	[NEW DROPS HERE] DEVIL DINO IS HERE!! | CELESTIAL STRAT MAIN | !SOCIALS	318771328348	486	en	1264310518
28/05/2026 00:59:02	Bahiaqz	+18 - [METROPOLE] HAI HAI QZ! - !PIX !FILME ! PAYPAL !STUDIOPC	318065448565	485	pt	509658
28/05/2026 00:59:02	JakeWebber69	IM IN THE BACKROOMS!!!	316661143543	484	en	2066107586
28/05/2026 00:59:02	darkmoonknit	DARKLUA QUARTOU SE BORRANDO DE MEDO MEU DEUS ELE TA TREMENDO TADINHO DELE GUYS !pix !discord !youtube	318777911388	484	pt	1945673289
28/05/2026 00:59:02	貝克	賽揚谷 GOGO	316011031667	484	zh	509658
28/05/2026 00:59:02	Aspecticor	007 HARDEST DIFFICULTY | HITMAN SPEEDRUNNER EARNS THE NUMBER |  !plan !palestine	317905914839	484	en	229772247
28/05/2026 00:59:02	Sprooky	i vintage therefore i story	318725539422	483	en	498417
28/05/2026 00:59:02	bushszn	Pretending to be Typical Gamer!! | High Kill Zero Build Gameplay | !discord	317908173271	479	en	33214
28/05/2026 00:59:02	우정우정우정우정	❤️RE❤️with stockings💕 [ENG/KOR]	315217430640	476	ko	509658
28/05/2026 00:59:02	GURU	100% DROPRATE NEW !DROPS 🔴 DINO 1 TRICK 🔴 YO🔴 TSM GURU 🔴	319519824218	476	en	1264310518
28/05/2026 00:59:02	逼比	【BeBe】528	315666842089	475	zh	21779
28/05/2026 00:59:02	PurgeGamers	Farming away from my team 24/7 (unless they scream on the mic)	319620359643	474	en	29595
28/05/2026 00:59:02	sabrinoca	Set It Off !elo !pix !vod !meta !cardapio !música	318128737524	474	pt	27745
28/05/2026 00:59:02	ReneKreher	Unterwegs nur mit Solar? Auf den Weg in die türkische Hochebene! Ohne Stromaggregat und Ladesäulen? Challenge! Franky unterwegs! Tag 11 🇬🇷	317478336614	473	de	509672
28/05/2026 00:59:02	friend44444	🔹ГОТОВИМСЯ К PLAY-OFF НА 120.000 -  3700 ELO IGL - 24.000 HOURS | ⚡ЗАЛЕТАЙ НА !турнир | !розыгрыш !tg !разбор !задания !тренерство !winline	316107927893	471	ru	32399
28/05/2026 00:59:02	ronnyberger	IN GOUDA! 777KM TRIDEM TOUR - Road To TwitchCon !emp !grover | Merch: !shop	317417227877	471	de	509672
28/05/2026 00:59:02	CeeSlay	🏆HOSTING STACKED TOURNEY'S W/ @Plalism🏆 | USE CODE “CEESLAY” #ad | !topflight | !map | !tweaks | !Twitter @CeeSlay	319457603929	470	en	33214
28/05/2026 00:59:02	chrisudalla	james bong + Oct island tour + gay high + vibes typa night	317235842136	468	en	509538
28/05/2026 00:59:02	jezabzllz	Absolutely Fried!	317911048663	467	en	
28/05/2026 00:59:02	gemuyo	【 3DIO ASMR】18+ help her clothes~ ♡ (EN/中文/日本語) !asmr !rplay !patreon 虚拟主播	316013913331	464	en	509659
28/05/2026 00:59:02	DragonSpit	Time for some Spit Maneuvers	319618013787	462	en	1991115310
28/05/2026 00:59:02	BadgeNotify	🚨 24/7 Twitch Badge Tracker 🚨 | Type !paid To Get The Badge You Want	317415003877	461	en	723826053
28/05/2026 00:59:02	SincerelyAurora	🎀【 GREMLIN vs. FALLOUT 4 】Debutathon Day 19 🎀 | !merch !c4 !toot @sincerelyaurora	319451581529	459	en	498592
28/05/2026 00:59:02	xeiqzin	[+18] ooooooohh féééé !skinbucks !telegram	318067843061	459	pt	32399
28/05/2026 00:59:02	華澤なこ	✅大型Drops「ICE BREAKER🧊🔨」いけるのでは！？	316013272819	459	ja	491931
28/05/2026 00:59:02	RiffTrax	24/7 Stream of RiffTrax - the stars of MST3K!	317231913176	458	en	499973
28/05/2026 00:59:02	AlexGaKill46	LEGEND RANKED | #1 PLAYER | LEGEND RANKED | !yt	318727407198	457	en	1832641890
28/05/2026 00:59:02	caiiiofxx	@caiiiofxx - 12/30 No foco!❗VTR ❗sociais	318127345780	457	pt	509658
28/05/2026 00:59:02	garro8cs	[+18] ✅Bora de pug cola tropa❗Hellcase❗telegram	318067567733	453	pt	32399
28/05/2026 00:59:02	todurooficial	A VOLTA PARA O METROPOLE! 🔥 AO VIVO 🔥 GTA RP	318127527796	453	pt	509658
28/05/2026 00:59:02	bored_and_braindead	im Forting myself	319625450331	452	en	33214
28/05/2026 00:59:02	rafaao	❗️OESTE - Sheriff Jax Hawtorn  ❗️    !pix !oeste !rec	318126222196	451	pt	493959
28/05/2026 00:59:02	Mokonoise	[CC][DROPS] LAST DAY FOR DEM DROPS  !SHDNetwork #UbisoftPartner ☣️ CHILL VIBES ☣️ !links	318851994464	451	en	504463
28/05/2026 00:59:02	MotherlCat	Киновечер анонимных котанов. Лабиринт (1986). !tg	316136251478	451	ru	509658
28/05/2026 00:59:02	Moxsy	BELL MASTER MARTIAL ARTIST LEAGUE START! FINALIZING PLANS// !maxroll !advanced !Xidax	318774134236	451	en	1702520304
28/05/2026 00:59:02	Thio	kirk is back - Kirk Jerkems - NoPixel WL	318777675996	450	en	32982
28/05/2026 00:59:02	LimboSauce	👾5 STAR GIVEAWAY+WELKIN EVERY HOUR; I LOST A BET, BLINDFOLD STYGIAN THEN VIEWER STYGIAN| !review !paidreview #lament !yt	318851128416	450	en	513181
28/05/2026 00:59:02	HamuchiVT	pill bug gaming no more worms, best sion oce !gamersupps !playlist !Throne | <3 | s2 ep17	315666734697	449	en	21779
28/05/2026 00:59:02	wanderdl	RANK 10+ PUSH yippeeee	318778740188	448	en	2132205352
28/05/2026 00:59:02	Ahlaundoh	2 gruuls + RET t5	319456709337	448	en	18122
28/05/2026 00:59:02	Wintergaming	🔴!AOE2 - goal 1200 ELO - practice for casting hera tourney - Day 3	318779855708	448	en	13389
28/05/2026 00:59:02	Vulpixie	wing farmmaxing | !tmg	319452224345	447	en	24241
28/05/2026 00:59:02	pava	GAMEPLAY TRYHARD ATÉ A PRIMEIRA TILTADA !livepix !hellcase	318126244980	447	pt	32399
28/05/2026 00:59:02	henemimi	chromu chromu and hen of mimi: what will they do? @chromuchromu	317905980503	444	en	5547
28/05/2026 00:59:02	Templetaps	ROCKETS ON DECK | !rage !missing !about !rules	317907842135	443	en	263490
28/05/2026 00:59:02	Kourra	[Drops] this stream is goated 🔥 - Furry Free: 0 - K-thon (donothon) day 60! !secrets !codes	316659022967	443	en	491931
28/05/2026 00:59:02	FlashForce	GIVE ME THE CAKE!! | !donate to St. Jude ❤️	319621105115	442	en	371714279
28/05/2026 00:59:02	danehearth	WOW This deck is cool !fractal !HDT	315630878547	441	en	138585
28/05/2026 00:59:02	nyxie	🗯️ [ANNI SUBA DAY 4] THE EEPY.. IT'S TOO STRONG | !merch !wallpaper !youtube !subathon	315623090792	441	en	509658
28/05/2026 00:59:02	Emstrogen	<Exalted with Uber Eats> GRIND TO 70 | !fulltime !ChaseRP	316657761015	441	en	18122
28/05/2026 00:59:02	hamikuro	🦉 THE AMAZING DIGITAL CIRCUS watch party w/ @nihmune YIPPEE | !socials	317235531352	440	en	509658
28/05/2026 00:59:02	pastelero_yuuta	390 LPS BUSCANDO GRAN MAESTRO NA	319453434841	439	es	21779
28/05/2026 00:59:02	AudioEve	LIVE ASMR ~ Come Here Cutie! [heartbeat] ~ !asmr !menu ~ !links ~coffee !youtube	319623381595	439	en	509659
28/05/2026 00:59:02	NinaDaddyisBack	BIRTHDAY DRESS SHOPPING  😍🫠 PEPTIDES? WE GETTIN SKINNNYYYYYYY 👀🥸 HELP DO WE DO IT? BIRTHDAY PLANNING VENUES? HELP 🥳💰💸	318852312032	438	en	509672
28/05/2026 00:59:02	Exnid	Ranked #Falconsarehere	319520612570	436	ar	2012789438
28/05/2026 00:59:02	Sludeina	V6 FB : NEVADA IBARRA : SUR LES TRACES DES CRIMINELS..  - EP.45 !holy	316868198883	436	fr	32982
28/05/2026 00:59:02	HAchubby	Trying to Beat Malenia in Elden Ring! | !socials	319509055194	436	en	512953
28/05/2026 00:59:02	Gotikwai	Reaccionando a DRAGON BALL Z por primera vez :)	319624578139	436	es	509658
28/05/2026 00:59:02	maksde_radio	Maksde Radio 24/7 (все в описании)	316136196822	435	ru	26936
28/05/2026 00:59:02	Ifera9	[asmr] 🩵🩷 can you survive these tingles? !gg !candle	317235374552	433	en	509659
28/05/2026 00:59:02	HeyYouVideoGame	MAZE DAYS with @AshIV_ | !adv !cheeky	317910317143	432	en	2099548241
28/05/2026 00:59:02	light_e7	yes rnl is op !tierlist !stats	315622882792	431	en	510056
28/05/2026 00:59:02	survivalistaoe2de	9 villager start on ranked!!??!?!?	316013226099	429	en	13389
28/05/2026 00:59:02	Qoo_ch	新パッチサポ研究会 とりあえずパッチノートから LOLの質問いつでもどうぞ	315958827122	428	ja	21779
28/05/2026 00:59:02	RazaH	LOBBY PREMIUM DE QUALIDADE !Ignition	317994547190	427	pt	460630
28/05/2026 00:59:02	ThaChrispr	EL MAS BUSCADO DE LA CIUDAD💣 BICHOTE 💣 DIA 3 FUGAO 💣 OPERACION BOMBINI GUSINI 💣 TOP STREAMER DE BAYAMON	319622730971	426	es	32982
28/05/2026 00:59:02	Decipherr	PJ SLIM | TARP PARTNER PLUS | LETS GET CRAZY BABY!!discord !gfuel !CTRL	319516169178	426	en	32982
28/05/2026 00:59:02	ama9vlr_	2 Horas de auricgate	318127970164	425	es	498566
28/05/2026 00:59:02	Wingsofdeath	INFINITE LOSERS QUEUE CHALLENGE! BUILD TANK ❌ FULL DPS ✅ TP TO FAST CLIMBER BOT LANE ❌SPLIT PUSH ALL THE WAY TO THE NEXUS ✅	316660936951	425	en	21779
28/05/2026 00:59:02	MasterMarkVGC	Pokémon Champions VGC: Ranked Laddering	318778390236	423	en	1931693784
28/05/2026 00:59:02	JKucci	🔥The GodFather of Rebirth feeding BRAGIOLE to 4STACKS👑	318778182748	422	en	512710
28/05/2026 00:59:02	westlicia	PHOTON 100B PNL	318777645148	420	en	499634
28/05/2026 00:59:02	Mr_Mammal	SubnautiBuh	319451680217	419	en	511212
28/05/2026 00:59:02	Raylene	ALL !DROPS SCRIMS + Marvel Rivals BINGO #marvelrivals	317232830936	418	en	1264310518
28/05/2026 00:59:02	carolbalds	SUBATHON DIA 15 - em busca do pc gamer !cinefy !social !cr !patrocinio !pix	318065552757	418	pt	509658
28/05/2026 00:59:02	PizzaHS	Tayla Earthstrider/ Coin Roam Free for a Demon / Calculated Plan	318853157344	416	en	138585
28/05/2026 00:59:02	dj___shige	yo	315950999153	415	ja	509658
28/05/2026 00:59:02	qaymichael	• ♡ •  SUBATHON IN 5 DAYS • Scarlet Vixen 🫦 Prestige RP • ♡ •	318725358302	415	en	32982
28/05/2026 00:59:02	Gaules	RERUN: Jogos variados! - !socio - Siga @Gaules nas redes sociais!	318061027061	414	pt	510117
28/05/2026 00:59:02	Mr_Mammal	SubnautiBuh	319451680217	413	en	511212
28/05/2026 00:59:02	Sprooky	i vintage therefore i story	318725539422	411	en	498417
28/05/2026 00:59:02	shrood	24/7 @SHROUD | VODS AND STREAMS | CS:GO | PUBG | VALO | RPGS | REPLAYS	316658973175	410	en	499973
28/05/2026 00:59:02	POPPIN	It is no measure of health to be well when adjusted to a profoundly sick society.	317908851927	410	en	516575
28/05/2026 00:59:02	TheUnexpectables	DnD The Unexpectables - Salmon of Desire	319457072345	410	en	509577
28/05/2026 00:59:02	meilylol	no cam stream :D | japan june 3rd | irl streams yipeeee! | !fafjapan	317908121175	409	en	21779
28/05/2026 00:59:02	krysttl	[✅!DROPS] FIRST TIME PLAYING A JAMES BOND GAME (But I loved the movies) 💛 266/300 !pp !youtube	315686533354	407	en	229772247
28/05/2026 00:59:02	GladdAlwaysOn	🟢 24/7 @gladd | VODS | SURVIVAL | STORY | REPLAYS 🟢	319610044891	404	en	499973
28/05/2026 00:59:02	HeyyVance	DAY 874, NOT SLEEPING TONIGHT | !discord !youtube !tiktok !twitter !newvid	319624408667	404	en	66082
28/05/2026 00:59:02	otplol_	LFL SPRING PLAYOFFS - KCB vs SLY - UPPER FINAL - BO5	319451013081	404	fr	21779
28/05/2026 00:59:02	ArminTF	DROPS 🏆 I WILL NOT COMPLAIN 🏆 I WILL NOT FLAME 🏆 I WILL NOT BLAME 🏆STEALTH IS MY GAME 🏆    - !kumi !discord !youtube	319514543194	403	en	386821
28/05/2026 00:59:02	messalatrem	[+18] ONLINE !CSGOSKINS !PIRATESWAP CS2 GC/PREMIER VEM DA UMA BRINCADA !csgoskins !pirateswap	318066788213	403	pt	32399
28/05/2026 00:59:02	RADIAACTIVE	Women Fear Me, Fish Want Me, and I Still Get Extended Warranty Calls -> Raft Later🌊 | GSUPPS: TISM | !discord !stoneforged	317909150039	402	en	509658
28/05/2026 00:59:02	JKucci	🔥The GodFather of Rebirth feeding BRAGIOLE to 4STACKS👑	318778182748	402	en	512710
28/05/2026 00:59:02	aksually	I am Back..... Some Awesome Funny Moments and then Checking in On Paralives.	316171570644	402	en	1235192017
28/05/2026 00:59:02	WhatifJulia	indie horror eve | Backrooms inspired game ʕ•ᴥ•ʔ 🍉 !goal	317236833880	400	en	1291788485
28/05/2026 00:59:02	minky	PEARLS COMING SOON? GANG TO COME? SISTERLESS? 🫢 !wishlist 💟 !links	319514372826	400	en	32982
28/05/2026 00:59:02	lolsaori	SCRIM: MIBL x PIT | TIME: MIBL | #CBLOW | !time | !pix	318725891550	400	pt	21779
28/05/2026 00:59:02	Gaules	RERUN: Jogos variados! - !socio - Siga @Gaules nas redes sociais!	318061027061	400	pt	510117
28/05/2026 00:59:02	Dilera	Casa Nova  boraaa ❗skins ❗csgo ❗patoloco ❗loja ❗sub ❗livepix ❗tourette	318128390388	399	pt	32399
28/05/2026 00:59:02	HappyHappyGal_VOD	Official HappyHappyGal VOD Channel ❤️	318726629470	397	en	33214
28/05/2026 00:59:02	LaSheepy	FlashBack WL | Mary Jolyne, agir ou dormir?  Ep 43	316869045859	395	fr	32982
28/05/2026 00:59:02	SideArms4Reason	Who up ruining their scape? !sams !FocusFuel	319518583386	395	en	459931
28/05/2026 00:59:02	FerretSoftware	Ferret Time! 💜 @PirateSoftware 💛  !Wiki !Music !Diet !Rescue !Socials	317222265304	394	en	272263131
28/05/2026 00:59:02	chrisudalla	james bong + Oct island tour + gay high + vibes typa night	317235842136	393	en	509538
28/05/2026 00:59:02	PatoPapao	Live 137 | zerar esse pokelike hoje | !pix !cronograma	318124894452	393	pt	743214338
28/05/2026 00:59:02	REDinFamy	ARP [ON] BACKLOG CRAWLER LETSS PROGRESS !Wishlist |  #GEEKGAMETYTE #AlienwarePartner	318724902110	393	en	36799602
28/05/2026 00:59:02	Haxxing	396 AP. Practicing pvp and farming up silver for next update's new gear.	315959201906	390	en	386821
28/05/2026 00:59:02	Squerk	[CANDICE SPLIT] PLATINUM KAIZO SQUERKATHON DAY 46 | !madrinas !intotheam !squerkathon !newvid	317907249367	390	en	1982936547
28/05/2026 00:59:02	Elegas027	fim da escola 6x1???	318128353396	387	pt	
28/05/2026 00:59:02	Lamic999	unwashing myself, getting dirty even !youtube !socials	319455188057	386	en	511224
28/05/2026 00:59:02	meiya	🦊 FIELD TRIP TIME!! harvesting bandits for gold! | 🔔!bb 💙!merch 🔔!socials 💙!cheeky 🔔!supps	316660505463	386	en	458912
28/05/2026 00:59:02	MintCastella	screw it oomfie lets go diving	317909237847	386	en	509658
28/05/2026 00:59:02	Nemurf	[DROPS 24/7✅] NUEVOS DROPS Y RANKEDS / !redes #EpicPartner	319507960026	386	es	30921
28/05/2026 00:59:02	Buni	💜MY BDAY TOMORROW AAA (Training a Puppy Also)💜 HOPPERTHON DAY 147🥕  !socials !subathon	317233704152	386	en	509658
28/05/2026 00:59:02	HotBeatsTV	🔴 Electronic Music Experience • Clubs, Events, Festivals & Studio Sessions 🎧🎶 Ad-free for subscribers 🚫	317263893735	386	en	1669431183
28/05/2026 00:59:02	jakenbakeLIVE	premier player* 🔴 full team practice omg?! 🔴 grinding cs for att tourny 🔴 !YouTube !PC	317235053912	385	en	32399
28/05/2026 00:59:02	MiaMakesMusic	🎹 Soothing Late night Piano Music 🌃	318723800158	383	en	26936
28/05/2026 00:59:02	MyelinGames	Massive DRAMA in bound!	315622917096	382	en	407314011
28/05/2026 00:59:02	TehJamJar	"Ronnie - ""Shut up & Drive"" - ChaseRP"	316829021538	382	en	32982
28/05/2026 00:59:02	toad	🐸I AM TOAD🐸ONLINE ADVICE SHOW!!!🐸$3/300TTS🐸202-935-0688🐸FREE HELP ONLINE!!!!	319623065051	381	en	509658
28/05/2026 00:59:02	HumanDilemma	public freakouts, bodycam dashcam moments 😂🔥	316852188644	381	en	509658
28/05/2026 00:59:02	carabeanz	I LOVE FORZA! ❤️ NEW alerts❤️ !sub !ig !dono !throne	318727375710	379	en	1991115310
28/05/2026 00:59:02	PoliceChaseNetwork	🚨 🚨 🚨classic pursuits and breaking news	317906431575	379	en	509658
28/05/2026 00:59:02	JunoTheMartian	(DROPS) Junowatch pt. 144 (whar Martian?)	317233915480	377	en	515025
28/05/2026 00:59:02	dandannyboy	END OF PHASE SPECIAL?????????????????????????????????????????????????????????? 😈😈😈😈😈😈😈😈😈😈😈	317908845655	377	en	27471
28/05/2026 00:59:02	SaveFile17	🏆 ARENA 🏆 #1 Leaderboard a Long Time Ago, in a Meta Far, Far Away	316660272631	376	en	138585
28/05/2026 00:59:02	6elle	✨this stream has been blessed with zero technical issues ✨	319623455835	376	en	505015
28/05/2026 00:59:02	阿土	阿土Atu 5/28 三國謀定天下 新服6/6徵求戰友!	315622932968	376	zh	509658
28/05/2026 00:59:02	kei_b_bnbbn	イングリッド最速攻略＋調整確認	315958943346	376	ja	55453844
28/05/2026 00:59:02	Angelz	X9 | KILLER WINSTREAKING	318776398428	376	en	491487
28/05/2026 00:59:02	Prozy	THE ALPHA AND OMEGA⚡️KILLY IN D10⚡️POLICE COMMISSIONER⚡️INFINITE CHANCES	318849069664	374	en	32982
28/05/2026 00:59:02	sunshineg0d	faceit w/ @madlife516 | !tg !force !case !sign !женадонка	316171199572	374	ru	32399
28/05/2026 00:59:02	whithblade	✅DROPS✨ZVZ AL FALLO✨	319624071643	373	es	417528
28/05/2026 00:59:02	Vswed	Bingo Brawlers Season 6 Training Arc! vs @pepeJack_ ~We are SO back~ !bingoinfo !pobox	317233421784	372	en	512953
28/05/2026 00:59:02	Onsta	✨[ONSTATHON DAY 50] Spencer's teaching us how to draw holstered eggs & minions!!✨	315959096434	369	en	509660
28/05/2026 00:59:02	むかい	今日も設定いっぱい変えてFPSチェックから	316013422963	368	ja	511224
28/05/2026 00:59:02	silvaggggg	RESENHA COM O CHAT 💬 | !pix !dc !insta !tiktok	317994903030	367	pt	509658
28/05/2026 00:59:02	39daph	absolute batman then 007 at 12	317911097431	365	en	509660
28/05/2026 00:59:02	DubDot	🟩CLIP FARMING🟩	319457926105	364	other	272952894
28/05/2026 00:59:02	cartifan22_	[DROPS] i cant wait to play overwatch🥰🥰🥰🥰🥰	318728092510	363	en	515025
28/05/2026 00:59:02	jokaa45	ON EST LA COMME TOUS LES JOURS !! avec @meyabouh SPONSO !Operagx !insta !tiktok	316871558627	361	fr	509658
28/05/2026 00:59:02	Taylien	🌎REVERSE COWGORL GAME W/ @yebshow 🌎1-800-YAP🌎GAMES LATER🌎	318778951900	361	en	509658
28/05/2026 00:59:02	AidanBeans	🟢#1 REBIRTH POV🟢 DAY 583 SUB STREAK! !tts !CLIP !socials	318856056032	360	en	512710
28/05/2026 00:59:02	Anas	Day 380 | سحب على العاب  | عشوائيات	315690229483	359	ar	509658
28/05/2026 00:59:02	Zwave	On reprend le bon rythme de la nuit l'équipage !!  !holy !eneba !gamepass	316850690660	358	fr	18122
28/05/2026 00:59:02	souuza	02 DA RUSSIA - RR, EP1: O COMEÇO DEPENDENDO DO FIM !pix !sociais !exitlag	318127828724	358	pt	509658
28/05/2026 00:59:02	Fleshy	【VINTAGE HELL】making pies with devious intent✨ ♡ !cheeky !GG !Rift !nexus	318855030496	357	en	498417
28/05/2026 00:59:02	foxzfoxzfoxz	rlcraft dregora day 2.5 พร้อมล่ามังกร	315685719530	356	th	27471
28/05/2026 00:59:02	therealbigwinnn	💫MR.BACK OUT BEEF WHAT 💫 4 MAN WITH RALPH AG AND KAI 💫DMV TMRW 👀…💫LAUGHS💫JOIN HERE NOW 💫	319516914778	354	en	509658
28/05/2026 00:59:02	BikeMan	My Name Is Pop.  Doctor Pop.	319616575067	354	en	229772247
28/05/2026 00:59:02	Saintone	D-2 POE2 0.5, chillin' and gaming then maps prac later.	317232565208	354	en	1702520304
28/05/2026 00:59:02	hailyXalyse	STUDIO SESSION ☀️🎙️ + THIRD WHEEL 🤦🏻‍♀️  ALYSExZAY? 👀	317907056343	353	en	509672
28/05/2026 00:59:02	AeriytheNeko	Cozy Fishing Stream - Instant Death Ocean	318853436000	353	en	499003
28/05/2026 00:59:02	Calamarei	【NOBLE !DROPS】👑 LEARNING THE ALBION WAY...my way | 5/29 LAST PREM GIVEAWAY  DRAW !kraken | !albion !1shot !discord	319616051803	353	en	417528
28/05/2026 00:59:02	Geraldin1824	Vamo a jugar y despues BTS... Let´s Play and then BTS...	317993785974	352	es	509658
28/05/2026 00:59:02	pealeaf	i sing 4 U AGAIN :)	317235831512	351	en	26936
28/05/2026 00:59:02	BatAtVideoGames	My drunk friend gifted this to me at 3 AM	317495696998	350	en	766085071
28/05/2026 00:59:02	Keeoh	LAST DAY OF 1% AGENTS LETS WIN (PLEASE) 🔰 1 Sub = 1 Backflip 🔰 follow @keeoh	316659440759	349	en	516575
28/05/2026 00:59:02	xNZ6x	🎮 MIST - ALBION + RECLUTAMIENTO ABIERTO	318777804124	347	es	417528
28/05/2026 00:59:02	itsnotmyreality	DAY 4 NOVAS CONTRATAÇÕES, NOVOS ATLETAS DO ANO!! RECRUTANDO CP 5/5 ~ 7/7 - WEEKLY REWARDS #AW+XM	318067729653	347	pt	515349
28/05/2026 00:59:02	aandyh	LIVONIA 🚁 | S27.11	315666486121	346	en	65632
28/05/2026 00:59:02	Johnpal	HEY! LISTEN!  Yap and react -> LOA Stuff and things 🧀 Serca !Ratlympics Signups -  DRAFT THIS WEEKEND!   HAPPY RESET!	317233560664	345	en	490100
28/05/2026 00:59:02	THump	GOYIM IN-GAME LEADER. WARZONE COMMS. 100% EFFORT. PASSION. FREEDOM. LIBERATION. ETERNUS 67	319454045273	345	en	2132205352
28/05/2026 00:59:02	TSM_TheOddOne	Trying out Forza Horizon 6 #sponsored  then  war3 customs with chat at 10pm pst	319616732379	344	en	1991115310
28/05/2026 00:59:02	indiyababy	"IM BACK BAE | LAYLA ""LALA"" REYES 🦈 IN LIFESTYLE GTA RP!!! ♡ | !sub !prime !socials !of"	319459347289	343	en	32982
28/05/2026 00:59:02	transforms	🚨SUB/GIFT = BADGE | LEGO BATMAN (COMS)| Affiliate Grind | !SUB |!DROPS |	317904029911	341	en	1813168901
28/05/2026 00:59:02	agilities	(DROPS) RANKED DAY 24	317908871127	341	en	515025
28/05/2026 00:59:02	Amir19k	IM BACK BBY 🔥	319620582875	341	es	624536948
28/05/2026 00:59:02	durpee82	[DROPS] Playing some heroes on overwatch! / !koreatrip	318776269020	341	en	515025
28/05/2026 00:59:02	Caedrel247	🔴24/7 @Caedrel VODS/YT - LEAGUE - COSTREAMS - REACT - VARIETY🔴	315600692946	340	en	499973
28/05/2026 00:59:02	Cinemarxism	500 ICE DETAINEES ON HUNGER STRIKE ✊ FD ADDRESSES THE LOSER WHITE LEFT ✊  POPE ON AI ✊  GAMING LATER SURELY ✊  LAST STREAM BEFORE OMAHA ✊	318777194460	340	en	509658
28/05/2026 00:59:02	chosen_ow	[!DROPS] Champ2 Support 🌸 Long Stream 🌸 6v6 Fun Haver 🌸 Going for new endorsement peak (never been lvl5)	317907578071	339	en	515025
28/05/2026 00:59:02	mikecakezlive	MINECRAFT	319617872347	339	en	461492
28/05/2026 00:59:02	Enable	DETECTIVE RICHARD LONG	316659370103	338	en	32982
28/05/2026 00:59:02	jmdeck	REACT DOS CRIAS	317993336182	334	pt	509658
28/05/2026 00:59:02	ToastRackTV	[!DROPS] PVE SOLO ICEBAKER	315622804200	333	en	491931
28/05/2026 00:59:02	PaigeTheWitch	[!Drops + Badge] Bond... Paige Bond 🔥 Finishing The Game? Forza Later !passes	318780079836	332	en	229772247
28/05/2026 00:59:02	NoWay24u	[24/7 VOD Kanal] Jungle oder Nutzlock TAG DER ENTSCHEIDUNG 13.04.2026	316871650915	332	de	21779
28/05/2026 00:59:02	socksish	🟡OUS OUS OUS (hi)🟡!discord !yt🟡#DBDCreator	319456255449	332	en	491487
28/05/2026 00:59:02	Montbarque	⭐ BDAY PARTY  ⭐ WAGGING MOONPUPPY ⭐ Celebrating Becoming Unc Enough to Be a Lich |  [!dc | !socials]	318850038752	331	en	509658
28/05/2026 00:59:02	diemondzx	Wendy Ortiz BRAZIL DAY 4 🇧🇷 yacht day watch party	317909651159	331	en	509672
28/05/2026 00:59:02	blackrabbit342	в полнапряга !playlist	316107867733	331	ru	29595
28/05/2026 00:59:02	StreamerHouse	[24/7 Live] !Drops Enabled ~ The names Bond, Gold Bond - Follow @StreamerHouse	318767315932	330	en	229772247
28/05/2026 00:59:02	Krabick	!АУКОФОН || НОЧЬ 3||  АУКИ ВЕСЬ ДЕНЬ || 7 ДНЕЙ БЕЗ ОСТАНОВКИ || t.me/krabick	317272712935	330	ru	518764
28/05/2026 00:59:02	Momo	Ri'harra | Keizaal RP |【VTuber】!throne !Keizaal !twisted !rogue #mature	319516325338	330	en	1050003477
28/05/2026 00:59:02	ScrubNoob	Challenger 1158 LP Start \ Educational Rengar Jungle	318773320796	329	en	21779
28/05/2026 00:59:02	matta	[ Depois de 6 meses sem jogar. Vitórias: 6, Derrotas: 2 ], não quer ver AD? !verdinha, !react	318125624308	328	pt	509658
28/05/2026 00:59:02	RiddlesMK	Trying Out The New Character	319459691865	328	en	55453844
28/05/2026 00:59:02	koragi_ch	the lord of the elden ring	317907617239	327	en	512953
28/05/2026 00:59:02	hikaru_shiftne	【SF6】A.K.I.なのじゃ→イングリッド研究所	315950977649	327	ja	55453844
28/05/2026 00:59:02	gwhip	back on the night shift???? !tip !discord !socials	316660777719	325	other	509658
28/05/2026 00:59:02	Baddie	[DROPS] TWITCH AMBASSADOR BADDIE | !HardReset | !gamersupps !TCGplayer !cheeky	319619952347	325	en	491931
28/05/2026 00:59:02	midbeast	*NEW PATCH LIVE* 1 WIN -> CHALLENGER	315623279464	324	en	21779
28/05/2026 00:59:02	Rhyzohm	WEDNESDAY NIGHT BRAINROT  !help	318776159068	324	en	509658
28/05/2026 00:59:02	freyumme	JACKPOT JAGD LIVE – Adrenalin, Action & große Gewinne jetzt! 💥💰	317489293158	324	de	498566
28/05/2026 00:59:02	Ventress	WELCOME BACK TO THE KIKI	318728997982	323	en	33214
28/05/2026 00:59:02	kiikjad	🎰 ALL-IN LIVE – Risiko pur! Entweder fetter Gewinn oder kompletter Verlust 💥	317478848742	323	de	498566
28/05/2026 00:59:02	official__pro	O que aconteceu ontem TODA A VERDADE ! CHATPT	316828555490	322	pt	509658
28/05/2026 00:59:02	stunt	cozy support solo q 🌠 big support changes tmrw	317905942871	322	en	21779
28/05/2026 00:59:02	Lightorias	🍍Super Kaizo People's Champ | Day 20 !gemathon 12+ Hours a day	318854559200	321	en	13332
28/05/2026 00:59:02	BayesiaNash	🔞 What are we doing tonight? Vote! | !s for links	318855165920	321	en	509658
28/05/2026 00:59:02	snowcone	⭐️ DROPS ON ⭐️ SILVER ---> DIAMOND  ⭐️ IM BACK ⭐ !COM	317234215512	321	en	515025
28/05/2026 00:59:02	sinatraavod	24/7 SINATRAA GREATEST MOMENTS	319493158746	320	en	516575
28/05/2026 00:59:02	Covent	"[Drops] [Hardest Diff] Please join, I need to feed my dog Ramona 🤘🏻 ""Beach Bond Cosplay"""	317907590871	320	en	229772247
28/05/2026 00:59:02	ToriOriane	🥀SOULSLIKE STREAMER TRIES NIOH (first time) | UNCAPPED SUBATHON DAY 60 |⏰!subathon💸incentives	317907831127	319	en	24872
28/05/2026 00:59:02	otwzpowtw	💎 CASINO LIVE – Jeder Dreh bringt Nervenkitzel & die Chance auf den nächsten Big Win! 🔥🎲	317418790885	319	de	498566
28/05/2026 00:59:02	Boosticuff	🐄<HERDCORE> Duo w/ @kargozgaming 🐄!Race Locked Hardcore🐄!Herdcore !Lights	319620056027	319	en	18122
28/05/2026 00:59:02	Bullet	STREAK HUNT WENZDAYZ - 10K STAGE SERIES LATER - Daily sub goal !prime !sub !bald	318778611676	317	en	2112738408
28/05/2026 00:59:02	bigbadbeaver	CAN WE ESCAPE THIS VIDEO GAME?? - !socials !discord !vods !schedule - BROADCAST 943	318725622238	317	en	31339
28/05/2026 00:59:02	CoopersCharms	WEEKLY CHALLENGE & NO EVIDENCE BINGO/GAMBA | !share !fractal | 18+	317908616663	317	en	518184
28/05/2026 00:59:02	RdcWaitingRoom_	RDC RERUNS!	317900371927	317	en	499973
28/05/2026 00:59:02	gyre	Fantasy Final Fantasy	319517594458	317	en	27284
28/05/2026 00:59:02	mayconlucasrj	IRL ON 🟢 - Rey do After e PapaFigo ❗pix ❗discord	317996296694	316	pt	509672
28/05/2026 00:59:02	aizamyey	🚨🎰 MAX SLOT ACTION – jeder Spin geht steil, sichere dir jetzt krasse Gewinne! 💰🔥	317418861541	316	de	498566
28/05/2026 00:59:02	JoblessGarrett	[DROPS] Worlds Best Secret Agent on DUTY FOR BOOTY	319620292443	316	en	229772247
28/05/2026 00:59:02	Faith	#1 GODDESS ON TWITCH 💸❤️ | !s !throne !x | IG: FAITHTTV_	316658393847	315	en	509658
28/05/2026 00:59:02	conix	🔴TETRIO BREAK🔴BEATING IT TODAY🔴COLD SWEAT 98%, 13-100%🔴DAY 8🔴ROAD TO SLAUGHTERHOUSE🔴	318851617760	315	en	517447
28/05/2026 00:59:02	galego_pururuca	MIL CONTO $$ CAPITAL CITY +18 o Mais malandro da Capital, eu trabalho porque gosto, + meu ramo é negociar! [̲̅$̲̅(̲̅ ͡° ͜ʖ ͡°̲̅)̲̅$̲̅]	318064898165	313	pt	32982
28/05/2026 00:59:02	Italiazeta	Itália forrando $ !SPIN (+18)	318067714165	313	pt	290961240
28/05/2026 00:59:02	hukaslase	🔵 Farm Gaming, TOP#37  🔴	317496405478	313	en	464339927
28/05/2026 00:59:02	stephaniemx_	DETONANDO CLUTCH COMO BAÑOS JUNTO A LAS ESCOPETERAS Y GEARS !paypal	319458299865	311	es	512710
28/05/2026 00:59:02	chocoTaco247	24/7 @chocoTaco PUBG	319621850203	310	en	499973
28/05/2026 00:59:02	skinnedteen	PIXELATED CYBERPUNK VIBE CODED	319511199578	309	en	510649
28/05/2026 00:59:02	HisandHersLive	🎉Military Appreciation Night (Ranked w/ Viewers) 🎉We Host Weekly Community Apex Tourneys Anyone Can Join !Signup  !Schedule🎉	318727200606	309	en	511224
28/05/2026 00:59:02	Lorak	Pintando o planeta terra, mais tarde se der, live de telescópio ou DLC Diablo IV [Dia 139 de maratona]	318062663413	309	pt	515024
28/05/2026 00:59:02	arfarteg	🚨🎰 SYSTEM LIVE – Freispiele aktiv, jetzt Gewinne sofort abholen! 💰🔥	317280118247	308	de	498566
28/05/2026 00:59:02	tupoyyan	🔴 Ikke gå glipp av dette! Rå slots og casinospill 🇳🇴 med store 🔥 gevinster og episk bonusjakt på tryggeste nettcasino 🎰💰	317489456486	308	no	498566
28/05/2026 00:59:02	wasabiicat	🦇🩵 WAGA WEDNESDAY 🩵 MY FIRST LEGO GAME!! 🩵 BATMAN/SUBNAUTICA 2 🩵 DAILIES + REACTS + SLEEPING EARLY EHEHEHE 🩵🦇 !socials	318726130142	308	en	1813168901
28/05/2026 00:59:02	Drewskys	Lv573 PIN 1 ~ BR33 FARMING ~ NEW SEASON REVEAL!	319454010457	307	en	407314011
28/05/2026 00:59:02	zeldasauce	[NA CC]Drops/Giveaways Come Div !youtube !socials	317236104920	307	en	32502
28/05/2026 00:59:02	Grayskull83	Mega Man X	319455886041	306	en	27284
28/05/2026 00:59:02	bubnilkin1337	🔴 ПРОКАЧКА ВАШИХ ИНВЕНТАРЕЙ 🔴 САМЫЕ ДЕШЁВЫЕ СКИНЫ ЗА БАЛЛЫ 🔴 НАКЛЕЙКА ЗА ФОЛЛОУ	316132877142	306	ru	
28/05/2026 00:59:02	RealLifeSpartan	!Plus Push 238/300 Ends 5/31 | Consider Subscribing to Help on Twitch if Possible So they Don't give me a Pay Cut and take away my 70/30 :)	318723470558	306	en	417969
28/05/2026 00:59:02	Almighty9od	поздний игрок, дел нет +delay + без мата✅ // ?+ hours //  !funpay !win !steam !rank	316171020628	305	ru	516575
28/05/2026 00:59:02	Diegosaurs	[DROPS] TOP 20 DPS PLAYER TRIES LUNA ONLY TO CELESTIAL !CHALLENGE !HEROES !SOBER DinoDance	316660866423	305	en	1264310518
28/05/2026 00:59:02	YoDaTV	keys !udkguide !tierlist | !retguide <Method> | !youtube	319625331291	305	en	18122
28/05/2026 00:59:02	shvfty__	IM BACKKK🔴STREAMING EVERYDAY🔴RP SERVER OUT NOW🔴GOD IS GOOD🔴!discord !sub !server !merch	318728410590	304	en	32982
28/05/2026 00:59:02	Knight	$4000 Console King Switch | !ig | !iems | !discord | !socials |	318779081820	303	en	512710
28/05/2026 00:59:02	raysfire	🍌 2ND ATTEMPT AT THE DK64 RANDOMIZER ARCHIPELAGO 🍌 SOLO 2-GAME 🍌 MASTERING THE POWER OF THE KONG 🍌 RANDOM EVERYTHING 🍌 | !bald !drama	319621855067	303	en	13765
28/05/2026 00:59:02	BadgeAlerts	Badge Alerts - Earn Twitch Badges - !RTTC26 !CRASH !BUBSY !AWOO !ALTERRA !007 !LEGOBATMAN !CIV  | Just Vibin !website #badges	318774205788	302	en	499973
28/05/2026 00:59:02	Cristal_Asmr	ASMR✨😴 Relaxing😴 💤Follow=Kiss	318068237045	302	en	509659
28/05/2026 00:59:02	GALIL_Weevil33	NEW[BADGE]EXCLUSIVE Partner[DROPS](1sub/gifted=SHOUTOUT) i make emotes. BACON is delicious! WE help other small streamers BACON IS DELICIOUS	319614168923	301	en	460316
28/05/2026 00:59:02	KittyBeSilly	[ Visual ASMR ] KittyBeComfy	318728294366	301	en	509659
28/05/2026 00:59:02	Sinuuki	LETS PLAY SOME BACKROOMS AND YAPROOMS GAMES 💚	315623217896	300	en	509658
28/05/2026 00:59:02	RYNxRYN	I AM FEESH. | !youtube !merch !gg	317908618199	300	en	723826053
28/05/2026 00:59:02	9QOQ	🐶瘋狗娛樂 9QOQ🐶8點《心動小鎮》跟想龜來場躲貓貓派對！  @sweetcampercs !YT !gearup !YT	315950604529	300	zh	509658
28/05/2026 00:59:02	MattGael	🔴Knife Only Nemesis% speedruns 💀 💀 | WR's 38 de 41 | !valka !wr !knemesis	318065458037	299	es	5126
28/05/2026 00:59:02	cafelovesbr	⭐#1 RANKED PLAYER (1560)⭐ !yt !gfuel !gamesir !controller !discord !playlist !kf !prings	319454759001	298	en	1832641890
28/05/2026 00:59:02	jaycgee	SEASON 13: JAY'S MOONROCKS 🚀 | !links | !PEEPOSTREAM	319454156505	298	en	509658
28/05/2026 00:59:02	heysubr_	"✧ фильм ""Такси» 1998г. 🌸 !tg !donate"	316171714132	298	ru	509658
28/05/2026 00:59:02	TheChad_Wick	Halfway to the weekend, good reason to get wild |The Academy Roleplay PARTNER FOCUSFUEL | !server | !socials | !discord	319461252825	298	en	32982
28/05/2026 00:59:02	Treputin_Lord_694973	ЛОРД ТРЕПУТИН! ДЕП 11 лямов! Выносим казик!Теги: Егоркрид Никоглай Данладан казинострим казиноонлайн стримказино заносы.	316107854293	297	ru	
28/05/2026 00:59:02	Terasite	✅DROPS✅🥳CODE: TERASITE FOR DF & HYTALE!!🥳🪙!BUDGETDAY🪙!coins !code | #deltaforce #burstfest26	318725924190	297	en	1282866981
28/05/2026 00:59:02	hmblzayy	WALKING 3000 MILES TO CALI 🌴| DAY 63 | PHASE 2 of 3| 23 MILES TO MOBERLY ,MO 📍| FAITH WALK🙏🏾 | !support !donate !faithwalk !vtl	317231522648	296	en	509672
28/05/2026 00:59:02	gwizdakk	DUO PREM 3500 ELO w/ @murlokk | SKINY ZA PKT KANALU | !strona !g4 !swapx !yumisu !ig !dc !tt #reklama	316169790804	296	pl	32399
28/05/2026 00:59:02	Bluekandy	BIG RUN | !sgdq !PLUSHIE | The Last Kaizo Ironmon Challenge - 8/9 Games Won	318727054046	295	en	497334
28/05/2026 00:59:02	werster	Pokemon Heart Gold - Manipless Speedruns | FAQ: https://speedpastes.org/PVHrgyXi	315686701418	295	en	23857
28/05/2026 00:59:02	leagueofangels1	✨Noble Drops💥NA Server! 7 days Premium Codes!	317908486871	295	en	417528
28/05/2026 00:59:02	Tangerin	ASMR Blue Yeti Pro / Расслабляйся под мой стрим !triggers !boosty !tg	319520183642	295	ru	509659
28/05/2026 00:59:02	AnotherMatt_	Isaac !GAUNTLET+ || ✨New Plum Collectathon !PLUMME✨ || !rogue !merch !hat	319515601114	294	en	1414860634
28/05/2026 00:59:02	xxxDESPERADOxxx	🔴007 FIRST LIGHT🔴 4 TWITCH DROPS 🎁 Exclusive IOI Partner Drop + Sub Badge 🔥 !DROPS !CHOOSE !CAM !TTS !LINKS	318728292190	294	en	229772247
28/05/2026 00:59:02	oxalate	🏅ULT CHAMP TOP 200 PUSH | ROAD TO PRO🏅🔥🔥🔥🔥!Friend	318777297884	294	en	491168
28/05/2026 00:59:02	aaasunrise	LET'S GO ! 🔥MYSTIC @ STORM🔥Watch 🥳Party🎉 +🔥🔥WNBA Hot🔥Takes!	318775935324	294	en	518203
28/05/2026 00:59:02	Loganolio	THE HORRORS 🔴 THEY PERSIST 🔴 INDIE SCARIES!	319518411610	293	en	342481912
28/05/2026 00:59:02	will_shand	⭐strange and scary games⭐	317908266071	293	en	771717624
28/05/2026 00:59:02	Player5	TotK Glitchless Any% Speedruns!	318777999836	293	en	512998
28/05/2026 00:59:02	KitsuneNoKokoro	18+ ❤️‍🔥 LIVE ❤️‍🔥 SCAMATHON DAY 10 | !merch | alt channel @KitsuneNoTamashii	317909166551	292	en	509659
28/05/2026 00:59:02	feyy	[3DIO VR] Be a Good Puppy and Enjoy Yourself 🐶	317236384344	292	en	509659
28/05/2026 00:59:02	Dyrus	solo queue terror	319624923483	292	en	21779
28/05/2026 00:59:02	Shnumi	Romestead | shnumi.ru • !розыгрыш • !tg • !max • !рейтинг	316107976277	292	ru	373384440
28/05/2026 00:59:02	spicee	HARDEST DIFFICULTY FIRST PLAYTHROUGH || !song !discord	318727396446	290	en	6369
28/05/2026 00:59:02	rekrap1	They cancled my dance class... sooo i'm back	317909188823	289	en	27471
28/05/2026 00:59:02	Duky	😱BIG PLANS COMING☪️EID MUBARAK🐏💵SAVING FOR SSF MAY 30🔥MASSIVE SUMMER PATCH JUNE 17➡️!operagx	319617368795	288	en	19976
28/05/2026 00:59:02	CookSuxAlwaysOn	24/7 CookSux Rerun Channel > main @cooksux	316653010039	288	en	509672
28/05/2026 00:59:02	NOHITJEROME	This method will make you rich (in wow) (also wheel of doom hardcore 60 or carolina reaper)	319453499737	288	en	18122
28/05/2026 00:59:02	Ete_Tv	🎉🎉Guten Morgen 🎉Die 90 grad  Dachgeschoss-Sauna  ist geöffnet 🎉 🎉Rücken kaputt - aber Back wie Rücken🎉Ölerei und Kochstudio🎉!insta	317424794853	287	de	624536948
28/05/2026 00:59:02	SharonQueen	Harley Sharon Quinn ♣😍🥵💛18+🔞👋 !S  !king #Cosplay #Anime Sharon Goddess UwU Massage Latex	317276332647	287	en	509659
28/05/2026 00:59:02	Midnababy	「DAY 8 !MIDNATHON」Gift sub = BADGE ✦DAY 1 007!!! Hardest difficulty✦ @Midnababy 🍰🌙	316658582775	287	en	229772247
28/05/2026 00:59:02	Checoche14	COCINANDO CON @eneninn ll !redes !ds	319624818907	287	es	509667
28/05/2026 00:59:02	Saiah	Golden heist Complete | yoshi vision of the game | MLC Saiah |	319459614809	287	en	2132205352
28/05/2026 00:59:02	Almighty_Tevin	Maybe a few idiots will buy it | D.I.D Days Ignoring D*rziak	318842705504	286	en	870620989
28/05/2026 00:59:02	メルトステラ	負け組ですが今からでも誕生日祝ってもらえますか？	315950606961	286	ja	511224
28/05/2026 00:59:02	supr3meecs	¿🔴ANUNCIO SHINDEN! 21:00hs... I $1100 USD EN !SORTEO I !Keydrop I ShindeN Supr3me I 30 SEG DELAY	318065233397	285	es	32399
28/05/2026 00:59:02	5557038	КАЗИНО СТРИМ ОНЛАЙН! ПРЯМОЙ ЭФИР КАЗИНО! НЕ ЗАПИСЬ! ЗАНОСИМ ПО КРУПНОМУ!	316171813204	285	ru	
28/05/2026 00:59:02	Melizande	WE DON'T NEED PANTS ON WEDNESDAYS | 💢 !gg !vite	317236142296	285	en	509658
28/05/2026 00:59:02	sargetwo	sick irl, but I slept 11 hours, catching up on news since monday	317425758565	284	en	1702520304
28/05/2026 00:59:02	Hunt3r	SAFARI NOW Table Lax.... Super Kaizo IronMon !oneshot	319451821785	284	en	13332
28/05/2026 00:59:02	CAPONESKI2K	THE GREATEST IS LIVE! #1 RANKED 6'8 IN THE GAME LESS GET ITTT !Discord !Jumpshot !Build	319516510426	284	en	2112738408
28/05/2026 00:59:02	eridonxii	Faceit Solo	317425799909	284	en	32399
28/05/2026 00:59:02	authorblues	Skong - !spoilers !backseating (any backseating = 1 week timeout)	318778732252	283	en	511391
28/05/2026 00:59:02	DashDucks	🦆<3 !tokens @dashducks @ourchickenlife @rooville	317902998743	283	en	272263131
28/05/2026 00:59:02	Eden	IT'S MY TWITCH PARTNER ANNIVERSARY! (it's actually tomorrow but it says today) 💎 | 🧸 !plushie | 💫 !discord |  ⏪ !vods  | 📲 !socials 💎	318727884254	283	en	460636
28/05/2026 00:59:02	Flare	Pokemon Ranked Singles	318778045148	282	en	1931693784
28/05/2026 00:59:02	ogfelps	vão invadir nossa favela!! - !pix !dallas #30k	318123270004	282	pt	509658
28/05/2026 00:59:02	jdotb	[!DROPS] mw keys into raid | 21 resil	319451844953	282	en	18122
28/05/2026 00:59:02	Dcosta	🔥DCOSTA DO BOPE🔥 ❗LIVEPIX	317992433910	281	pt	509658
28/05/2026 00:59:02	AndreNinjaPJL	+18 OI OI OI OI OI OI OI O IOI  OI O IO IO IO I 😈 !VODRA !EMMET !LEON	318126057460	280	pt	509658
28/05/2026 00:59:02	pomatomaster	🚀🧬I ESCAPED CON CRUD?? -> Pragmata Later | !discord !Stoneforged	319518811610	279	en	509658
28/05/2026 00:59:02	KaileyMaeASMR	come fall asleep w/ me ♡ cozy asmr tingles ♡ this is @KaileyMae's rerun channel :3	317905699799	279	en	509659
28/05/2026 00:59:02	DeputySmitty	🚨HUMP DAY = FUN DAY!!| The Academy RP (TARP) | 🚨 GOATED Twitch Family 🚨 | !Discord | !Merch	318728180190	278	en	32982
28/05/2026 00:59:02	GoldGlove	⚡The Man with the Golden Glove⚡007 First Light - Day 2⚡!ftk !24/7 !links⚡	317909413079	278	en	229772247
28/05/2026 00:59:02	toaststix	SQUAD GAMES	319442493273	277	en	33214
28/05/2026 00:59:02	mandraka	+18 antes tarde do que nunca  !neon	318067067509	277	pt	509658
28/05/2026 00:59:02	RetroLongplay	Retro Games TAS Marathon 🎮 Tool-Assisted Speedrun & Superplay Videos ⚙️	317487964774	276	en	27284
28/05/2026 00:59:02	theresnoee	PLAYING THE SCARIEST GAME OF 2026!? 🔴 GAME NIGHT LATER W THE BOYS!!🔥	318853802464	275	en	1143686580
28/05/2026 00:59:02	Goratha	MONK LEVELING TESTS - POBING MARTIAL ARTIST (RIP TOTEMS :() !builds !maxroll	319459065689	275	en	1702520304
28/05/2026 00:59:02	hameko	イングリッド調査	316013624435	275	ja	55453844
28/05/2026 00:59:02	iLumpE	GIVEAWAY | MATCHING 10% 1ST TIME DEPOSITS DOLLARS ON SHUFFLE CODE ILUMPE !DISCORD !TWITTER !MATCH BIG WINS AND GIVEAWAYS TAP IN FOLKS	319456909273	274	en	498566
28/05/2026 00:59:02	chillvibez_42	Black ops 7 zombies	318779322844	273	en	512710
28/05/2026 00:59:02	summyahmarie	PLAYING ROBLOX WITH TATI  HURRY !discord !sub !brandig !prime !depop	318728561246	273	en	23020
28/05/2026 00:59:02	HoliSofi	MIERCOLES DE AVENTURAS!!!!!!!! ~W~	317996058486	272	es	509658
28/05/2026 00:59:02	Joechuck7	The Baroness has Lineups Now? !build	316661312759	271	en	2132205352
28/05/2026 00:59:02	TheDarkness	Napolitano pra quem perdeu a história - jaja é nois de volta	318128164596	271	pt	32982
28/05/2026 00:59:02	hotrodd	ZERO BUILD GAMING | Use Code 'Hotrodd' #EpicPartner | !discord !socials	317235725144	271	en	33214
28/05/2026 00:59:02	heatfps1	JOGANDO RANKEDS RADIANTE !pix	318067666165	269	pt	516575
28/05/2026 00:59:02	Garek	Totally gonna play more than vintage today REAL 🐊 CHAT --> Vintage Story --> CORPA --> 007 First Light 🐊 !pp #daredrop	319511373146	269	en	498417
28/05/2026 00:59:02	yosoyricklive	FINAL DE TEMPORADA EN *MUERTE SUBITA!* TOP CLASH ROYALE EN VIVO - YoSoyRick	319624493787	269	es	491168
28/05/2026 00:59:02	NoahLunsi	ON RALENTIT LA FITNA, ON REPREND L'ARC 007 🕶️ [ !music !rs !discord !sub ]	316827664994	268	fr	229772247
28/05/2026 00:59:02	DannyLed	🍞HORA DE APOSTAR TODOOOO @shakotsu_vt @kiannyvv @soyelsuper @kokomia @drpandino @lapiniacolada 🍞	319519673818	268	es	1143686580
28/05/2026 00:59:02	ketchupgamer11	⚡️⚠️ $3,800 Diaz Biffle x Console Kings Switch ⚠️⚡️| Player for @onefamily_PR 🦍 !hacks !meta !sens !allsettings	317910646487	268	es	512710
28/05/2026 00:59:02	くろいけもみみ	【パチスロライブ】来店実践！【くろいけもみみ/Vtuber】#PR	316013499379	268	ja	509658
28/05/2026 00:59:02	yaboyroshi	007 First Light w/ Roshi & Sheera!	318727717854	266	en	229772247
28/05/2026 00:59:02	Marco_Veio	+18 É HOJE FII, O XAO TA QUENTINHU! -  !SPIN (+18) - !OperaGx - !Trovax - !Exitlag - !MarcoVeio	318126434548	266	pt	29452
28/05/2026 00:59:02	youney	Hazel/Derpy Grey | NopixelWL	317276662759	266	en	32982
28/05/2026 00:59:02	內埔薑母鴨	鴨鴨陪伴台｜鴨鴨直播🦆 ｜Duck 🦆 LIVE Camera｜ダック🦆ライブカメラ	315947702513	266	zh	272263131
28/05/2026 00:59:02	knirpz	TRIDEM TOUR ROAD TO TWITCHCON | !knabekola !burnhard !grover !merch #werbung	315581352913	266	de	509672
28/05/2026 00:59:02	howudoinTV	⚔ PARTNER PUSH ⚔ SSC/TK ON SHAMAN ⚔ LOG ON !SOD ⚔ <mfa> COMMUNITY w/ @graycen @mcconnellret ⚔ !discord ⚔	319456249945	265	en	18122
28/05/2026 00:59:02	tuxedoqu		315725936621	265	en	
28/05/2026 00:59:02	ElSrSanto	SEÑOR VS LA VENTA DE MERCH	319624255067	265	es	509658
28/05/2026 00:59:02	Furball_Farm	Furball Farm Cat Sanctuary 24/7 Live!	319506438874	264	en	272263131
28/05/2026 00:59:02	inspire	Best Sentinel POV !fps | @inspire_val on socials	316661107447	264	en	516575
28/05/2026 00:59:02	AxelLarsen	100% speedrun	316136356822	264	en	12482
28/05/2026 00:59:02	Xibbe	a donkey is never late, nor is it early	316170402388	264	en	29595
28/05/2026 00:59:02	CanalBySpeed	FUI QUEBRADO! BORA RECUPERAR O RECORDE, SPEEDRUN RAIDEN MK2	317996018294	264	pt	27284
28/05/2026 00:59:02	DeemonRider	PCG✨| !pokestart | !pokeloyalty | !rewards🎁 ⭐New command: !wtpdex ⭐	317279915111	264	en	329951934
28/05/2026 00:59:02	Muxa___	💀МАСТЕР НА ВСЕ РУКИ ПО ВЫЗОВУ ПОТОМ ГТА 💀 WW !!! ))) PROMO: MUXA🍄 !famq	317494407014	264	ru	509658
28/05/2026 00:59:02	theerickkhan	Wine Wednesday AND B0NG RIPSSS	319624216923	263	en	509658
28/05/2026 00:59:02	Branca	Fazendo RP no DBD ❗cardapio ❗site	318726690014	263	pt	18846
28/05/2026 00:59:02	GroovyTuesdays	Bunnies shouldn't be alone. Give me company?	319622734299	263	en	499003
28/05/2026 00:59:02	ZONEsama	ZONE-Out with Cecilia Littlewing | Featuring @kyaterina	315631170131	263	en	509658
28/05/2026 00:59:02	Zeusy	I need my butt scratched | TBATHON 2 DAY 13 | 1 Sub/500 Bits=10 Mins | !Discord !Newyt !Socials !Incentives	318725551838	263	en	1143686580
28/05/2026 00:59:02	Crozwords	!Roguemon A2 Split (!BADGE) - Try harding	319513757402	263	en	13332
28/05/2026 00:59:02	TiagoNWG	ANOTHA DAY ANOTHA GRIND ⏐ DAY 148 / 365 ⏐ !𝘥𝘪𝘴𝘤𝘰𝘳𝘥 !𝘴𝘰𝘤𝘪𝘢𝘭𝘴	317281448039	262	en	1421097847
28/05/2026 00:59:02	ryobo29	すぷらとぅーん	315959292402	262	ja	1158884259
28/05/2026 00:59:02	sweet_frequency	[18+] !drops ✅!giveaway✅Playing w/chat✅4.5mEXP HD2 ✅Max Difficulty✅[Vtuber] !discord !socials !merch	317279802343	261	en	223869970
28/05/2026 00:59:02	criminalgod_	Torneo  $1,000 EWC SCRIMS	318773206748	261	es	512710
28/05/2026 00:59:02	FRG_KAZIK_5611749	FRG ФРГ Заносы недели бонусы casino казиныч катаем слоты залетайте на эфир	316108000341	260	ru	33214
28/05/2026 00:59:02	puhnoo	[ALL DROPS] FIRST TIME PLAYING SUBNAUTICA 2	317234514392	260	en	723826053
28/05/2026 00:59:02	LLauqSTV	RERUN - A chegada do Agro?	317992582646	260	pt	31339
28/05/2026 00:59:02	RareGangster	🔴(18+) LUIGIS MANSION CROWD CONTROL !CC ALSO RAISING MONEY FOR THE LFA ALL MAY !DONO | !pronouns | !socials | !tts	317908167767	260	en	27284
28/05/2026 00:59:02	AntonioWayne29	VIENDO EL CAP. 8 DE LMD 7 |❗Redes ❗commands ❗Only	319624589147	259	es	509658
28/05/2026 00:59:02	Fakemonster	Le rêve américain de Franklin commence | SnowFall S5 EP02| !eneba !react !patreon	316869877091	259	fr	509658
28/05/2026 00:59:02	1BladeZ	BLEACH EP 1 - 2 - BAIXE OPERAGX E AJUDE A LIVE EM ❗OPERA ||❗PIX ❗GOATGEAR❗OPERA ❗RIFA	318124575732	258	pt	509658
28/05/2026 00:59:02	LilyPita	LIVE | Techno Night	318852677216	258	en	1669431183
28/05/2026 00:59:02	ambearleevtuber	UNLEASH THE BEAR! ASTROBEARS: GET THE GACHA	316660581367	258	en	2109666737
28/05/2026 00:59:02	mikesaboveu	(DROPS)😵‍💫RANK 1 PUSH AFTER LARP (#20 RN!)😵‍💫#1 TORCH x DINO😵‍💫NEW SKIN😵‍💫1 SUB = 1 PULL UP😵‍💫 17 Y/O😵‍💫THANOS😵‍💫!yt	318850959328	257	en	1264310518
28/05/2026 00:59:02	RGLgg	Anglerfish vs GlobalClan Ice - RGL Inv 6s S20 W1B	319624163547	257	en	16676
28/05/2026 00:59:02	Egor_Nast	Обсуждаем геев с Миланой Петровой / !донат !оценка_внешки !правила	315623215976	257	ru	509658
28/05/2026 00:59:02	Unwetterjaeger	🌪️ USA TORNADO ALLEY STORMCHASING! 6 Wochen Sturmjagd & Roadtrips vom 02.05-13.06🌪️!ziel !tornado !discord !merch !kachelmann !simusa	317492474470	257	de	509672
28/05/2026 00:59:02	SHADOWKEK_WG_2616017	АЛКО БОНУСКИ на 9 МЛН ЭВЕЛОН x КОСЫТЧ x ШАДОУКЕК x СКИЛЗ СМЕШНОЙ КАЗИНО СТРИМ #melstroy #меллстрой #литвин #ramzes	316171812436	256	ru	1496435078
28/05/2026 00:59:02	FreeSuave	31 DAYS OF BLESSINGS ARC W/ SUAVE DAY 28	319459418201	256	en	464339927
28/05/2026 00:59:02	DouteuxTv1	Mercronspi 287 - Creuxniqueurs, 2026-05-27 === avec Keto Warrior (Qc/Fr/Eng)	319617112795	255	fr	509658
28/05/2026 00:59:02	dewamoon	YOSHI LMAOAOAOOAOA	317236106456	255	en	2132205352
28/05/2026 00:59:02	el_XoX	[DAY 31] LAST DAY OF SUBATHON!! FOR REAL THIS TIME!! ( ͡° ͜ʖ ͡°)♡ [SUBATHON] !incentives	319622651867	254	en	509658
28/05/2026 00:59:02	xwLUMPY	FULL WINS EN VALO Y DESPUES DETROIT BECOME HUMAN PT (FINAL)	317235789400	254	es	497480
28/05/2026 00:59:02	MissMikkaa247	MissMikkaa 24/7 OFFICIAL ✅ | RE-RUN VODS | ELDEN RING | DARK SOULS | 🗡️🗡️🗡️ | THROWBACKS	317225573336	254	en	499973
28/05/2026 00:59:02	balod9l	Доброе утро дорогие друзья | !tg	316107862229	253	ru	29595
28/05/2026 00:59:02	a9236823	Пузаныч в деле! САМЫЕ ЛУЧШИЕ БОНУСЫ - сслфка в чате	316171812692	253	ru	1496435078
28/05/2026 00:59:02	rglqq	🪞NEW drops 🕋KiwiEars🀄️Trump v Asmongold !drops🍀!join🥭@StarforgeSystems @RGLQQ #Sponsored 🏔️Enquire twitchtalent.business@gmail.com 🥝	316822748002	253	en	168648543
28/05/2026 00:59:02	baccendsbanned	Lil Noonie Frm THF we going onna run this time @baccendsbanned 💫	318856429536	253	en	32982
28/05/2026 00:59:02	blackmikebmb	Best in Madden 26	318856176096	252	en	272952894
28/05/2026 00:59:02	samiyam	samiyam | 2K HUNT ANITA MAX WYNN | 5K LEADERBOARD samiyam.gg | !discord	319519266010	252	en	498566
28/05/2026 00:59:02	Little_Huge	[!DROPS] Master Mission, Brooklyn GE and Exclusive LHG Badge for a Subscription!	319512181978	252	en	504463
28/05/2026 00:59:02	beatriz	anotaram a placa? | CDANJOS | BEATHON DIA 121 | 1 sub +6min, 1real +2min !pix	318063257461	252	pt	32982
28/05/2026 00:59:02	樂優	｜0527｜最近每天都作很混亂的夢 又惡又長的	315948859889	251	zh	511224
28/05/2026 00:59:02	ardentoas19	EXTENSIBLE GOGO! A POR EL TOP 1!	317910729559	251	es	491168
28/05/2026 00:59:02	Tecnosh	TFTzin esmeralda 1 - !ytlives !pichau !pcpichau !superbet !pix	318064491253	250	pt	513143
28/05/2026 00:59:02	star0chris	Teaching @parkenharbor Elden Ring bingo stuff :)	317233433176	250	en	512953
28/05/2026 00:59:02	EvScape	ALL STARS MOCK DRAFT TIER LIST DRAMA DRAMA DRAMA !operagx	315686439402	250	en	459931
28/05/2026 00:59:02	zavi_moss	WENDY ORTIZ BRAZIL DAY 4 !! ⚡️ PARTY TONIGHT 🇧🇷  BIG DAY !!⚡️🇧🇷⚡️ 🌋 BIG VIBES 🌋 REACTIONS 🌋 ROAD TO 18k ⭐️ REACTIONS !! ⭐️	317903173719	250	en	509672
28/05/2026 00:59:02	WickZagoryVE	[+18] - ESP/BR - GRIMORIA III - TROLL X AMOR - Reconciliação não apaga o passado, mas constrói um futuro melhor.	318067943541	249	pt	19619
28/05/2026 00:59:02	LilyPita	LIVE | Techno Night	318852677216	249	en	1669431183
28/05/2026 00:59:02	KirkCast	☄️DROPS☄️SHE A DEVIL ON MY DINO☄️ALMOST 10K ON YT☄️!discord !youtube	319456487641	248	en	1264310518
28/05/2026 00:59:02	mariabagatti	HUMPDAY !socials  rerun	318725825118	248	en	509658
28/05/2026 00:59:02	kyanafit	Zerobuild Fortnite | 375 CROWNS 👑| PS5 Giveaway | !ps5 !discord !gfuel	319624805851	248	en	33214
28/05/2026 00:59:02	EMELEA	SHRED N' BASSSS [DNB] 🔊🔥🎸 | !throne !dono !MMM	316659744119	247	en	1669431183
28/05/2026 00:59:02	v1NCHENSO7	🔴PICKEM DIAMANTE ALEATORIO MAÑANA !pirate !sorteo !caja	317280595815	247	es	32399
28/05/2026 00:59:02	mayconlucasrj	IRL ON 🟢 - Rey do After e PapaFigo ❗pix ❗discord	317996296694	247	pt	509672
28/05/2026 00:59:02	ねすてぃー	新パッチjg研究会	315950952561	247	ja	21779
28/05/2026 00:59:02	jezabzllz	Absolutely Fried!	317911048663	247	en	
28/05/2026 00:59:02	Yozora	who up first time straight up jong'ing it	315666877673	247	en	512708
28/05/2026 00:59:02	LeeshCapeesh	Let's Finish Directive 8020! | !merch	318779068252	247	en	1977278621
28/05/2026 00:59:02	Egor_Krid_5904619	ЕГОРКРИД ЕГОР КРИД vitus vitus_tv медисон евелон zubarefff zubarev зубареффф апасный хованский теги для поиска: ЗУБАРЕВ ЛОРД БУСТЕР ЛУДОЖОП	316108001493	246	ru	
28/05/2026 00:59:02	LLauqSTV	RERUN - A chegada do Agro?	317992582646	246	pt	31339
28/05/2026 00:59:02	MissMikkaa247	MissMikkaa 24/7 OFFICIAL ✅ | RE-RUN VODS | ELDEN RING | DARK SOULS | 🗡️🗡️🗡️ | THROWBACKS	317225573336	246	en	499973
28/05/2026 00:59:02	TwisterDrops	👇 DROPS Activated 🟨 Road to 100% LEGO Batman Legacy of the Dark Knight	318065982965	245	en	1813168901
28/05/2026 00:59:02	AnotherMatt_	Isaac !GAUNTLET+ || ✨New Plum Collectathon !PLUMME✨ || !rogue !merch !hat	319515601114	245	en	1414860634
28/05/2026 00:59:02	HuskyPuppies35	vibing and cookin	318728422494	244	en	1743359147
28/05/2026 00:59:02	star0chris	Teaching @parkenharbor Elden Ring bingo stuff :)	317233433176	244	en	512953
28/05/2026 00:59:02	Mitchflowerpower	OOT Rando no logic scarce items (fewer upgrades)	317907256535	244	en	11557
28/05/2026 00:59:02	Yuggie_TV	Universal Studios 🇨🇳 Beijing, China Day 1 !mediashare	317236085720	244	en	509672
28/05/2026 00:59:02	MOONBTCH	I'M BACK! ☾ NEW MODEL, EMOTES AND REDEEMS plus TOMODACHI LIFE UPDATES ☽ !PP !credits !merch !socials	319457392857	243	en	1099705332
28/05/2026 00:59:02	iiizwerg	FIRST TIME PLAYING !D2 !HelloFresh	318851243616	243	en	229772247
28/05/2026 00:59:02	TexPlaysss	🔴LIVE | THE BEST STREAM EVER | BO6 | #texplays	319456517593	243	en	1672324422
28/05/2026 00:59:02	樂優	｜0527｜最近每天都作很混亂的夢 又惡又長的	315948859889	243	zh	511224
28/05/2026 00:59:02	Niyeko	❄️ Niyeko Chillin' with Chat ❄️ !merch !newvid !discord !socials !schedule	317908033751	242	en	509658
28/05/2026 00:59:02	pwclassic126	150.000р 23.05 14:00 Старт марафона ТОЛЬКО новичков и 60.000 лк!	316124760662	242	ru	20050
28/05/2026 00:59:02	HydraSZN	The Dragon TROLLS ON OMEGLE | FORTNITE FNCS SUMMIT WAITING ROOM | !discord !community	318855658720	242	en	33214
28/05/2026 00:59:02	gokslol	NA SOLOQ LOW CORTISOL	317235673432	241	pt	21779
28/05/2026 00:59:02	europeancircuit	European Circuit | Season 42 | New Tones vs Luxe Gaming 0 : 0	317496324710	241	en	21779
28/05/2026 00:59:02	Arkane	QUARTA DE DUOS ALEATÓRIOS 🔥 LOJA DA LIVE !loja 🔥 CODE: ARKANE #EpicPartner 🔥 !logitech !noping !youtube	317995372022	241	pt	33214
28/05/2026 00:59:02	Skilli	Quelques games , review de patch INTO QUIZZ A 6H30	316828829410	241	fr	21779
28/05/2026 00:59:02	Diegoo7x	🔞TIMBA EN !FRESHBET🔞SIEMPRE RAW🔞 !maxwin !wanted !hoy !22k	317996787190	240	es	498566
28/05/2026 00:59:02	alexkadison	WOMAN. SIGMA. JUNGLE GRIND TONIGHT /DIA JG MAIN/!PISS//!SNAP/!GIRTH	319516780506	240	en	21779
28/05/2026 00:59:02	Gremlin	Один герой 007	315623037032	239	ru	1426873999
28/05/2026 00:59:02	Garek	Totally gonna play more than vintage today REAL 🐊 CHAT --> Vintage Story --> CORPA --> 007 First Light 🐊 !pp #daredrop	319511373146	239	en	498417
28/05/2026 00:59:02	G0ularte	ULTIMA LIVE DA SEMANA ~ REACTS, CASOS, TERROR ETC	318126467572	239	pt	509658
28/05/2026 00:59:02	OmidLive	[drops] unlocking iceberg	318724183006	239	en	491931
28/05/2026 00:59:02	X33N	STS2 w/ RIKI AND RAFON	319619317467	239	en	1435206302
28/05/2026 00:59:02	emagoplay	🟢Feliz Miércoles🟢Compartiendo codigos para tvbox🟢!puntos !tabla !speak !telegram !tiktok	319518206426	238	es	509658
28/05/2026 00:59:02	YerOlDad	Whatta Wednesday	319616242395	236	en	27284
28/05/2026 00:59:02	MilanAxi	新パッチ研究 あさろる  まったりやる lolの質問大歓迎	315958858866	235	ja	21779
28/05/2026 00:59:02	chilevisioncl	🔴 FIEBRE DE BAILE 2 💃 REACT CON CLAUDIO MICHAUX ✨ CAPÍTULO 46	318067380597	235	es	
28/05/2026 00:59:02	towmater313	"[PVP] Day 18 of ""coughy"" and running Solo Bg's and arena with viewers. Stop by, say hello and run a BG with us!"	319620737499	235	en	18122
28/05/2026 00:59:02	badbishlilyy	lets play some gamesss	317910572247	234	en	
28/05/2026 00:59:02	五股石油王	《Oil King》-  英格麗特Day1 !行程	315623175272	234	zh	55453844
28/05/2026 00:59:02	SolaryHS	Rediff du challenge top1 légende	316845293412	234	fr	138585
28/05/2026 00:59:02	Benjamin_Bucks	🟢LIVE DAILY STREAMER🟢YAPPING🟢007 FIRST LIGHT🟢GOOD VIBES🟢GAMING & REACTS🟢AR IN D10🟢!socials !discord !kick !ig🟢	316660308727	233	en	32982
28/05/2026 00:59:02	durpee82	[DROPS] Playing some heroes on overwatch! / !koreatrip	318776269020	233	en	515025
28/05/2026 00:59:02	sidokans	🟢BANCA REAL TWINBET (650 EURO) +18 !twin	318128545780	233	pt	29452
28/05/2026 00:59:02	nikozfps	NOCHE MOLESTA 🙂 | !ytvideo !sorteo !keydrop !redes !telegram	317994903798	233	es	32399
28/05/2026 00:59:02	PAYDROwlts	🚀I MADE IT TO 84 DAYS I BROKE THE STREAK 6 DAYS AWAY FROM 90🚀TIO CABALLO COKE PLUG D10 V10🚀MAKE D10 GREAT AGAIN🚀	319459463129	233	en	32982
28/05/2026 00:59:02	Durrvish	I AM BACK FROM SEATTLE | | !therapy 18+ !discord !8ball !lurk !throne !sub	319623101659	232	en	509658
28/05/2026 00:59:02	mikesaboveu	(DROPS)😵‍💫RANK 1 PUSH AFTER LARP (#20 RN!)😵‍💫#1 TORCH x DINO😵‍💫NEW SKIN😵‍💫1 SUB = 1 PULL UP😵‍💫 17 Y/O😵‍💫THANOS😵‍💫!yt	318850959328	231	en	1264310518
28/05/2026 00:59:02	WSH_TV	Sayer mon Konoha à craquer	316850944228	231	fr	1763263
28/05/2026 00:59:02	AlexMasonGaming	WeeWoo Wednesday! w @xmrghoulx | The Academy Roleplay [A] | | !socials | !focusfuel | !specs | !server	318727457374	231	en	32982
28/05/2026 00:59:02	sagatoficial	SAGAT TA ON - ❗️PIX - ❗️DC - +18	318128668788	230	pt	509672
28/05/2026 00:59:02	laser_cs2	SHOW DE 1:30 HORAS, SALUDEN SI ENTRAN. TEST BLACKBARS.| !redes | !store !skinclub	317996188022	230	es	32399
28/05/2026 00:59:02	2052354	ПРЯМОЙ ЭФИР КАЗИНО! КАЗИНО СТРИМ ОНЛАЙН!  НЕ ЗАПИСЬ! ЗАНОСЫ ПО КРУПНОМУ! БОНУСЫ СМОТРИ В ЧАТЕ!	316108004437	230	ru	
28/05/2026 00:59:02	kritikal	Degen Hours	315665732073	229	en	401587136
28/05/2026 00:59:02	JonTheBoat	New Ranger Vid Pinned HR DUOS	319453847641	229	en	2009321156
28/05/2026 00:59:02	Baiano	🟢 Reacts & Gameplays | IDL NIGHTS 🟢🌴 !cupom !sadia !status !grupo !kbmidl	318128121844	229	pt	21779
28/05/2026 00:59:02	PapiSosa	Noticas importantes mañana ... hoy rankeds en NA	319458443353	229	es	21779
28/05/2026 00:59:02	EnNopp112	Majora's Mask 100% Speedrun	316135995734	228	en	12482
28/05/2026 00:59:02	JoeJoystick	Soy Bond, Joe Bond 007 con todo	317910133591	228	es	229772247
28/05/2026 00:59:02	elalquimista_1989	🔴DROPS NOBLES X2🔴DIRECTO NOCTURNO!!!SORTEO CAÑA AVA 8.2 Y MAS🔴NUEVO HO🔴EL GREMIO CRECE🔴!OPERA GX🔥!SORTEO🔴	318063899509	228	es	417528
28/05/2026 00:59:02	CallieCalico	♡ CAT GIRL DETECTIVE TIME  ♡ (The Roottrees are Dead)     | !3am | !tip	319511321306	228	en	509658
28/05/2026 00:59:02	aleks	🎮Finally, We Finish Resident Evil 4 🎮 !discord !social !garbanzobeans	316660428151	228	en	1468
28/05/2026 00:59:02	mira	💚 WHAT IS LOVE 🍀 JUICERS UNITED 🧃 !JUICE 🥝 STAY HYDRATED 🍏 Rerun 🧪	316657593335	228	en	509672
28/05/2026 00:59:02	luvstruck	swag is back	317235723608	227	en	509658
28/05/2026 00:59:02	PGL	HIGHLIGHTS RERUN: CS Asia Championships 2026	317273597415	227	en	32399
28/05/2026 00:59:02	VERHULST	🚨RANKED and PRO LEAGUE scrims🚨	319615971291	226	en	511224
28/05/2026 00:59:02	ShizzyDE	2 Tage bis Release | Marathon | Tag 250 | !yt !timer !nyfter | Shizzy	317413693029	226	de	1469308723
28/05/2026 00:59:02	zDark	🏆TORNEO SWITCHARUUUU / JOINED @leviatangg	319518171738	226	es	512710
28/05/2026 00:59:02	Manndyl	subathON. !yt	318064062965	225	pt	516575
28/05/2026 00:59:02	1indio	🟢 ALDEIA ON - 🛖🌴 ENERGIAAAAA QUE LA VEM TIBINHA !!! 🌴🛖❗TyronOT❗Linkmage❗Coins❗Instagram  - @1indio	318066673781	225	pt	19619
28/05/2026 00:59:02	Karhus	2200 LP CHALLENGER KARTHUS JUNGLE / BOT !clear | !youtube | !skintutorial | !discord |	319520237018	225	en	21779
28/05/2026 00:59:02	Terrecassee	[FR] [PC] [PTB on] On va tester Jason! (j'ai chaud) | !OperaGX | #CreatorContent #ad	316828033762	225	fr	491487
28/05/2026 00:59:02	House	ZERO to HERO ICEBREAKER Run | !yt	317906966871	225	en	491931
28/05/2026 00:59:02	Ocram2012	!DROPS | Llegó el ESTIGIA OWOWO | !youtube !discord | #projectWAVE #WutheringWaves	316871084771	224	es	513181
28/05/2026 00:59:02	KuruoGG	STREAMER CON EL MÁXIMO RANGO DE FACCIONES JUEGA ALBION ONLINE CON SEGUIDORES. ARRANCAMOS!	318725054174	224	es	417528
28/05/2026 00:59:02	imPheetus	Solo High Pop - Shootin' Ropes | Gumping | !discord	316660281719	224	en	263490
28/05/2026 00:59:02	filiplackovicmusic	Shire 24/7 | Celtic Music for DnD, Study, Relaxation	317496397542	224	en	26936
28/05/2026 00:59:02	cloudyatnight	streets said they fixed queues? (they lied) // !wallhack !twitter !youtube	317909436119	223	en	511224
28/05/2026 00:59:02	Rescue	24/7 Bahroo | Currently Playing: Brotato	317488475366	222	en	743214338
28/05/2026 00:59:02	nothingb4kaiyo	🧨Backing Out Beef What🧨Key Glock Listening Party🧨We Outside🧨Basketball Later🧨Back Out Blam Out🧨NB4 4L🧨| !social !discord !pobox	317906558167	222	en	509672
28/05/2026 00:59:02	mrxsmurf	✅ЧЕЛЛЕНДЖ 5000>10500 ЗА 2 МЕСЯЦА ( ТЕКУЩИЙ 6400) !ЮТУБ✅ РОЗЫГРЫШ !TG !ДОНАТ !ЮТУБ	316170650324	222	ru	493057
28/05/2026 00:59:02	dawildgrim	The 2k Mario Challenge Continues !rules	318775549660	222	en	1229
28/05/2026 00:59:02	HotDog29gg	[HotDog29]Ingird等候區	315959047410	222	zh	55453844
28/05/2026 00:59:02	ElGamerWICHO	⛔Novedades de Gears, Aprendiendo a jugar Poker con Dicarrera | Rankeds de Gears 4 hasta llegar a Diamante 5 antes de E-Day & Desma Denso🔥	319459527769	222	es	459382
28/05/2026 00:59:02	StandingWaltz	🔴[FR/ENG] MIEUX que GOLDENEYE? 🕵️‍♂️ Découverte de 007 First Light • Partie 2 🔥 DROPS 🔥 |❗Discord ❗Socials ❗Speedrun	318724798942	221	fr	229772247
28/05/2026 00:59:02	RoyaleWithCheeseTV	⭐️DROPS ON⭐️ GRAVITY ABYSS IS UPPPPP!!!⭐️ NEW DEVIANTS & NEW SHINY MODS!!!  !Topup !Broccoli !Glasses !Rogue !PP	317425361637	221	en	1441208453
28/05/2026 00:59:02	MrsBlob	Super cozy Japan decorating~ 💜 🌸(,,♡ᵕ♡,,)🌸 | !socials !gg	318773375964	221	en	1414211237
28/05/2026 00:59:02	Queen_Pwnzalot	👑The Queen's Armada Space Shenanigans! Let's have some fun!👑Join in!👑!armada	319454175705	221	en	71375
28/05/2026 00:59:02	偶是均仔	05/28 沒有神話2 就不...	315666252137	220	zh	516575
28/05/2026 00:59:02	DrIronChef	Warp Drive 5 ArcFall - STFC 'Ohana Let's Go!!!	319624768859	220	en	510530
28/05/2026 00:59:02	UnsanityLIVE	THE HOLE HUNGERS	319460277081	220	en	814316764
28/05/2026 00:59:02	RocketStreetLive	🔴[NEW DROPS ON 24/7] RERUN | Paris Major | RLCS 2026 | !drops !watchtime !rs !discord	319612685531	220	es	30921
28/05/2026 00:59:02	Arlender21	¡LA IA SE VOLVIÓ LOCA EN LA LUNA! 🌕🤖 ¿Podremos sobrevivir con DIANA la niña hacker? !socials !discord 🔥	319624936923	220	es	509658
28/05/2026 00:59:02	Alex_Zedra	First time game play	318727407710	219	en	723826053
28/05/2026 00:59:02	alicefauna	🌿[LIVE 3DIO] my first time trying 3DIO..~ asmr ❤︎ [16+] [EN/ES] !discord !8ball !patreon !hug	319459700825	219	en	509659
28/05/2026 00:59:02	badblando	⚠️HEAVY True Crime, 911 Calls & Bodycams⚠️ TRUE CRIME ON A WEDNESDAY GET USED TO IT BABY	319623155035	219	en	509658
28/05/2026 00:59:02	naumanzoh	SF6 絶対的宇宙規模美少女全裸待機中年	316013578099	219	ja	55453844
28/05/2026 00:59:02	PanicApex	Scrims   !youtube !socials	319619549019	218	en	511224
28/05/2026 00:59:02	Trollzinha	MEGADROPS ON🔥Loja Maio inicada🔥assistiu a live !loja e resgata cupom do sorteio OU PIX !loja🔥!comboseraph🔥GANHE PIX DE R$35 R$100 !loja	318055374197	217	pt	386821
28/05/2026 00:59:02	Dylqnnnn	theyre calling me draftout dylan	316658728567	217	en	27471
28/05/2026 00:59:02	PapitasVT	Toca ver algo de chill? | !ias !shop	318128000116	217	es	509658
28/05/2026 00:59:02	Anniie_tv	Jugando con WASD hasta Challenger | SoloQ NA | OTP Akali !cam !redes	318778259164	217	es	21779
28/05/2026 00:59:02	LucMission	[Candice's Gym] Platinum Kaizo Hardcore Nuzlocke	318774019548	217	en	1982936547
28/05/2026 00:59:02	antonychenn	RE7 DLC	317236724696	217	en	492934
28/05/2026 00:59:02	Sensuyy	Dotas ate a MADRUGA! !pix !livepix	318124921076	216	pt	29595
28/05/2026 00:59:02	NoToxic8	Super Experto NoSkip!	319519223130	216	es	511399
28/05/2026 00:59:02	essieups	Melhor Corredora?#PUNE🎀 ♡ !contact !exitlag	318128059124	215	pt	19619
28/05/2026 00:59:02	jitnoward	[DROPS] RANK 1 WORLD 2X MRC CHAMPION MOST TARGET BANNED PLAYER OAT LARPS IN RANKED !NEWVID !TTS !IGNITE !SOCIALS !YWL !CLIP	318855949408	214	en	1264310518
28/05/2026 00:59:02	ElKevo_	SoloQ y FLEX con la Banda | Extensible día 212 | !metas !precios	319621108315	214	es	21779
28/05/2026 00:59:02	aircool	MAKING MONEY | !snap !yt	316658666359	214	en	33214
28/05/2026 00:59:02	EllieNoire	🏎️💨  Be my passenger pwincess? 🥺 👉 👈 UNCAPPED PARTNERTHON - DAY 53 💖	319452431833	214	en	1991115310
28/05/2026 00:59:02	SoBadStrange	🐀!Arena Prep Day | !ArenaGearBounty | !Tournament🐀!Website !Goldguide !Bossguide🐀 Raids: @Glocktane	317905819479	214	en	2009321156
28/05/2026 00:59:02	vkryp	🍰 ABRIENDO REGALOS DE CUMPLEAÑOS !wishlist 🍰	317996394486	214	es	509658
28/05/2026 00:59:02	snoobae85	🛠️ Final League Start Prep & Answering Questions !speedrun !regex !guide !mobalytics	315959357042	213	en	1702520304
28/05/2026 00:59:02	chriswong8201	Chris Wong | Day1 Ingrid!	315950906225	213	zh	55453844
28/05/2026 00:59:02	vincennt	You must reach for the stars to land on the moon. | 日本語 OK !x	315959358450	211	en	2009321156
28/05/2026 00:59:02	JoinTheSystemm	Ночной тарков → Olden Era JC PVP !заказ 💽	317425881829	211	ru	1426873999
28/05/2026 00:59:02	kkselia	ДОБРОЕ УТРО РАБОТЯГАМ❤️ |!размер !вес !таро !ИИ	316171538004	211	ru	509658
28/05/2026 00:59:02	Destroy	🔴 LIVE - $4000 Biffle X CK Switcharoo Tournament! 😈 Passion Flowing 🎯	318775757660	211	en	512710
28/05/2026 00:59:02	solacesoulasmr	live no ads  asmr trying to redeem myself, one new stream title at a time	319519867226	210	en	509659
28/05/2026 00:59:02	BIGBONE_QcHs	🔥QC/FR🔥RP DE MOTARD🔥A MOURIRE DE RIRE🔥QCHS ON TOP🔥NEO LIMITE🔥GASPESIE REPRÉSENTE🔥!travailler !sauce !platto	319457845977	210	fr	32982
28/05/2026 00:59:02	III_Zoo_III	Halo 1-3 Legendary Trilogy Speedruns	319458525529	210	en	417969
28/05/2026 00:59:02	bluelivetm	A very quiet Minecraft stream	318856373216	209	en	27471
28/05/2026 00:59:02	Rollipollipotamus	Extra Long Extra LIT! | !subgoal	315622883816	209	en	493057
28/05/2026 00:59:02	BasilWoof	[VINTAGE HELL] - Playin' with my bait and tackle - !notpee	319451566041	208	en	498417
28/05/2026 00:59:02	Surprise011	DROPS - ОБНОВЫ КАЖДЫЕ 3 НЕДЕЛИ! - 2300 ЧАСОВ !Funpay	316106650837	208	ru	464339927
28/05/2026 00:59:02	Slick	🏆MUNDIAL DE ALEMANIA🏆MIRANDO IRLS EN EL CUARTO DE PRACTICA🏆!summit !formato	319447196377	208	es	33214
28/05/2026 00:59:02	1800johan	im tired of being ugly😅 !discord !prime	318853792480	208	en	509658
28/05/2026 00:59:02	blanxz	[95/300 for !plus] Bingo VS @nuclearpastatom !buh	319517067354	208	en	512953
28/05/2026 00:59:02	MARYxLEEEE	wednesday night stream ˘▾˘ ASMR tn!	319623546843	207	en	509658
28/05/2026 00:59:02	imbadkidjay	THUG WITH ME & BYRD | TURN ME UP🚀	317908491095	207	en	509672
28/05/2026 00:59:02	swackedlol	<23x r1> (ENG/ESP) NA 3S RET ROG SHAM WITH @mosquieto and @trackpadtv	318853821024	207	en	18122
28/05/2026 00:59:02	TheMansaa	Cosas locas en !Betbox  | !ds !kick !ig !subs	317996491766	207	es	498566
28/05/2026 00:59:02	djmagicmike01	XXIV, I Mean 808 Wednesdays !! Remixes And Red Cups !! TY 4 The Raid: @clubunity	318778812892	207	en	1669431183
28/05/2026 00:59:02	joshtwoh	ESEX STORYTIME ✅ BPDSLTS & VALORANT ✅LEGO BATMAN ✅ !discord !donate !prime	319619699803	206	en	509658
28/05/2026 00:59:02	NickiTaylor	!insta !discord Gold1 70lp😡	317909954647	206	en	21779
28/05/2026 00:59:02	wessalvatorerp	[High] BORA TROPAAA EGITADAAA   !pix !insta !tiktok   !comandos !pix !insta	317996568566	206	pt	32982
28/05/2026 00:59:02	Ki11erSix	THE HUNT 2026 - Night #6 - !hunt	318854720352	206	en	1846512643
28/05/2026 00:59:02	princejmg	ABUSING MADDEN STREAMERS 🔴 JESUS LOVES YOU🙏🏻❤️	319624732891	206	en	272952894
28/05/2026 00:59:02	NyyBeat	MAIN ACCOUNT: @nyybeats EVIL CHATS AND MAYBE EVIL GAMING  !mods !nyybeat	317235272792	206	en	1264310518
28/05/2026 00:59:02	CrispyCloe	Kunimitsu main since tekken4 - new update !! •ᴗ•	318777568476	205	en	538054672
28/05/2026 00:59:02	AshIV_	THE LAST SIPPER (BADGE EVENT) | One Hour View for Badge - SUB/GIFTED for Golden Badge	318779703516	205	en	2099548241
28/05/2026 00:59:02	theawesomesauce	THE BALANCE Die=DELETE: A BRAND NEW RUN IS BORN!!!	316661150711	205	en	20941
28/05/2026 00:59:02	BONDbl	META Farseer Only 4k IO Keys, Come Learn !Guide !farseer	319624266971	205	en	18122
28/05/2026 00:59:02	MODELMORG	chit chatttin	317236174296	205	en	509658
28/05/2026 00:59:02	Pace22	PvPvE Pyro Enjoyer (other systems too)	318729392734	205	en	71375
28/05/2026 00:59:02	n0pants	Lies of P Finale?	317232633432	204	en	653624336
28/05/2026 00:59:02	phasiot1	OLA BOA NOITE A TODOS KKKKKKKKKKKKKKKKKKKKKKKKKKKKKKKKKKKKKKKKKKKKKKKKKKKKKKKKKKKKKKKKKKKKKKKKKKKKKKKKKKKKKKKKKKKKKKKKKK	319460222553	204	pt	509658
28/05/2026 00:59:02	林涵	【唱歌台】5/28堅持✊🏻唱給那些還願意留下的人 !!歡迎追隨、自主訂閱是對主播最大的支持🎤層級三++ ~  Vtype轉真人直播🎤， ig追隨：ok19980321 @pei_0417 <--拚勾勾!去幫忙掛台/ @arrmo 最推的繪	315949710961	204	zh	513143
28/05/2026 00:59:02	ArnaldoDK	CineDK - 007 MEGA MARATONA! - !Global !Amazon !Pix !ML	318055921525	204	pt	509658
28/05/2026 00:59:02	nelosens	riot games faites attention a ne plus faire de faux pas envers ma personne	316851416036	204	fr	516575
28/05/2026 00:59:02	Daniel_Gallante	Necro x Temp 13 !sorteio !eneba !kaspersky #diablopartner	318124136820	204	pt	515024
28/05/2026 00:59:02	AndyFall	🔴_🔴	316135796310	203	ru	19801
28/05/2026 00:59:02	AbraJrodzz	Duo Battlefield conquest games	318856304608	203	en	168648543
28/05/2026 00:59:02	JoeBuddenTK	IS KUNIMITSU CARRIED? DAY 1	317232989400	202	en	538054672
28/05/2026 00:59:02	Autumn	⚡️drops on - autumn bond reporting for duty ⚡️ !socials @autumn	318726880094	202	en	229772247
28/05/2026 00:59:02	Arandana_	007 PRIMERA LUZ! (PS5 PRO)	317996089462	202	es	229772247
28/05/2026 00:59:02	Rectrixx	AMAZON DELIVERY SIMULATOR // NEW YT !vid	319456048857	202	en	1253209485
28/05/2026 00:59:02	weenqueens	Reporting and Catching Preds TDP 12 Arrests!	319458897497	202	en	509658
28/05/2026 00:59:02	vioLit_TV	Mid-Week Party: Hard Techno, Hardstyle, Rawstyle ⛓️ New Power-Ups 👀 No-Talking Sets in the !Vault 🔒 !Tips for Direct Support 💜	317236308568	202	en	1669431183
28/05/2026 00:59:02	henken	🔴 Early stream! · !tobii !rogue !amazon !merch · @henken	318773764572	201	en	71375
28/05/2026 00:59:02	Xlice	🟢drops🟢finishing 4.2 | starsavior sponsor pushed back | 2 days for poe2🟢!review !u7buy	317910480215	201	en	213930085
28/05/2026 00:59:02	lucaspagun	(+18) PXG STEEL II DROP ON  II !CURSE II  !SORTEIO II MECHA INFINITO II !rewardrainbow	318125341684	201	pt	19619
28/05/2026 00:59:02	iRoseWith	OSRS - Gain and Grind	319443148377	201	en	459931
28/05/2026 00:59:02	PietSmietTV	Ist es etwa WIRKLICH...?! | Wat is denn dat? | 24/7 PietSmiet Beschallung	317490044390	201	de	17085
28/05/2026 00:59:02	BASETRADETV	ENERGY BEACON BEFORE BED	316657590519	200	en	509658
28/05/2026 00:59:02	HisuiCai	✧ LAST 30 CHIBIS 8+ today AGAIN FRFRFR ✧ !lore !redeemed !chibilist	318849956960	200	en	509660
28/05/2026 00:59:02	Mami_H_	🔞Mamita cariñosa VLADISTREAM....Y ESE PERROTE?? 🍑| !REDES !DISCORD	319460090969	200	es	499003
28/05/2026 00:59:02	Acai	gettin PFCs for the love of the game	318727816926	200	en	125264560
28/05/2026 00:59:02	Izunalive	BUENAS NOCHES	318127847540	200	es	509658
28/05/2026 00:59:02	prbath	HOOP? KNICKS IN 4 💙🧡 !sub | #PartnerPush #Vultures	318856628064	200	en	2112738408
28/05/2026 00:59:02	NefesindeHisset	✅Drop ON✅🥷 Offensive Assassin's🥷▬ι═ﺤ GALİA ☑️!itemcim 9 BoneHook WARRİOR ! BAHÇİVANLIK ÖĞRENİYORUZ	317424327269	200	tr	516588
28/05/2026 00:59:02	SaltyBet	🧂 Salty Bet Dream Cast Casino! 💰 Place your bets at www.saltybet.com! 🧂 24/7 MUGEN 🧂	317415988837	200	en	27284
28/05/2026 00:59:02	Angormus	2 Days To Go!!! Act 1s & Making The HCSSF Lonely Shield Wall Warrior Build Guide For 0.5!!!	318850377696	200	en	1702520304
28/05/2026 00:59:02	BIGBRATIK88	CS2 | Rust | Grand RP promo - biga	317424018789	200	ru	32399
28/05/2026 00:59:02	Farmerlucas	NA SCRIMS THEN CN CLIENT // ✅3x3 Completed on CN✅ // ✅3x3 Completed on Global✅ !youtube !HOA	318850142432	199	en	1282866981
28/05/2026 00:59:02	donluckymx	WATCHPARTY SWITCH DIAZBIFFLE Y BREAKS??? 🍀🤑	319517883610	199	es	512710
28/05/2026 00:59:02	ジケさん	IRL JAPAN🗾🚚TRUCKER chauffeur de camiontor🚛	315950154737	199	ja	509672
28/05/2026 00:59:02	wifeLLC	i can't believe i have to say this	318727175262	198	en	509658
28/05/2026 00:59:02	Iti63	🔴🎮 Je fabrique un Google Street View du jeu vidéo (360gameverse.com) ! ℹ⌨ ❗waterdrop ❗gog ❗amazon ❗elgato ❗lien$	316849854564	198	fr	509660
28/05/2026 00:59:02	JCbackfire	007 FIRST LIGHT FOR THE FIRST TIME!! w/ JC! PURIST DIFFICULTY (DAY 2) // @jcbackfire on socials!	316659118839	198	en	229772247
28/05/2026 00:59:02	Hien	Hii hru	318778962780	198	en	21779
28/05/2026 00:59:02	chopparay_	ICONIC RP| !sub !discord	319455232857	198	en	32982
28/05/2026 00:59:02	grubywolfpl	⚠️Hump day was good time to game⚠️ I did my second expedition⚠️New update and new trader lets see what is to it⚠️New Trials⚠️	319461007321	198	en	464339927
28/05/2026 00:59:02	zarbex_TV	28.02.2023 - Bazzi macht Casino 🤣 | 24/7 zarbex Content !next	317479722470	198	de	509658
28/05/2026 00:59:02	Swifty	Fury Warrior PVP !drops !sub	318778089820	198	en	18122
28/05/2026 00:59:02	wrldkailee	PEAK STREAM🔴SWAG🔴AURA🔴RAGE BAITING🔴✅!DISCORD🔴!SOCIALS🔴!SPRING✅ FOLLOW MY SOCIALS	318854682080	197	en	1264310518
28/05/2026 00:59:02	かしわねこ	【Drops ON❤】ICEBREAKER解禁！おはよう！朝の健康タルコフするぞ！！！	316013533811	197	ja	491931
28/05/2026 00:59:02	Tuppeeyy	DAY 5 EVICTIONTHON W/ @starrfrog	319455837913	197	en	516575
28/05/2026 00:59:02	alinitytv247	24/7 VOD RERUNS | Follow me !s @alinity	319434167897	197	en	509672
28/05/2026 00:59:02	itzCBD	ELDEN RING BINGO COMMENTARY MATCHES!!!! (Last stream before TwitchCon) | !newvid !bingo	319459823705	197	en	512953
28/05/2026 00:59:02	betboom_dota_ru2	Rerun Day 2 | BLAST Slam VII | Online Group  | Bo1	316105496789	196	ru	29595
28/05/2026 00:59:02	WhyCue	🍀 2xRaKai 🍀 NYC CookOut With Tota⭐️| Watch Party🍿| Road to 100K🛣️| 147/365 Days Of 2K26📅	318756770012	196	en	509658
